#{"t_start": 1780051740.788468, "env_id": "None"}
r,l,t
-121.17972,61,3.496106
-104.61405,61,3.49624
-79.59319,66,3.546997
-261.40036,70,3.551399
-99.8637,72,3.554665
-97.65133,72,3.55472
-128.1722,82,3.563172
-363.18112,89,3.569354
-367.55646,95,3.575274
-128.00626,102,3.582181
-181.3458,102,3.582232
-128.10626,103,3.583626
-318.62784,105,3.585911
-177.6499,116,3.596137
10.329559,137,3.614031
-99.305626,77,3.619956
-368.96985,74,3.623173
-212.19542,150,3.628833
-363.6134,89,3.628892
-46.010372,70,3.636444
-210.53171,93,3.640821
-302.19,86,3.645302
-138.14038,81,3.65229
-110.38396,74,3.655516
-161.41415,79,3.657957
-325.659,84,3.664056
-120.14001,128,3.666142
-243.65378,87,3.666226
-242.60342,119,3.668555
-111.73125,82,3.674497
-44.482113,59,3.678286
-90.948746,66,3.691175
-97.85277,79,3.691221
-197.72002,80,3.702905
-117.82905,87,3.705655
-93.31588,73,3.720068
-98.02513,92,3.722126
-118.536095,63,3.723383
-65.2818,70,3.727907
-87.74208,68,3.729822
-122.44583,78,3.729847
-154.45288,100,3.736932
-93.23061,81,3.738787
-97.6107,55,3.74014
-197.78635,109,3.743148
-142.04324,80,3.748283
-112.8869,108,3.755521
-138.87738,99,3.768324
-71.58615,63,3.778951
-235.08804,100,3.782453
-108.78079,83,3.782488
-172.2799,70,3.792094
-138.88153,111,3.80317
-355.8059,72,3.804189
-426.08432,86,3.806968
-233.36304,76,3.809383
-319.21255,94,3.81455
-317.26727,93,3.82529
-113.92379,113,3.825335
-230.94966,118,3.844661
-205.34273,140,3.849881
-381.4503,117,3.856617
-77.54818,109,3.857839
-172.12881,81,3.858935
-88.33364,59,3.862037
-272.40576,105,3.868125
-88.82569,66,3.873575
-143.79536,105,3.883018
-194.93979,71,3.886107
-451.62036,103,3.89152
-232.21667,70,3.89647
-344.6341,94,3.897727
-191.26794,125,3.898823
-395.8311,94,3.902089
-14.702423,90,3.913486
-97.22014,80,3.929975
-241.80362,94,3.933455
-147.65817,81,3.934466
-107.5752,61,3.942545
-275.30182,102,3.947985
-40.568466,89,3.950825
-337.48416,105,3.952904
-395.8607,81,3.952931
-279.40298,107,3.963227
-91.68167,82,3.967645
-161.42273,87,3.973637
-234.53851,84,3.987396
-325.49835,106,3.991005
-48.23272,64,3.99213
-348.9307,112,3.999533
-154.25313,134,4.003954
-109.805176,167,4.003981
-195.72823,63,4.008737
-410.2407,93,4.013737
-111.55207,79,4.019428
-126.77394,85,4.028057
-334.94006,110,4.03166
-283.79956,102,4.033542
-226.86253,91,4.033567
-161.18619,91,4.047068
-290.4484,90,4.051636
-186.90279,60,4.051667
-110.010666,62,4.68457
-101.01682,71,4.697141
-137.27948,121,4.697201
-42.517426,98,4.709005
-92.7535,70,4.749657
-303.57227,105,4.756659
-402.93262,111,4.869515
-180.76521,134,4.899425
-162.84877,121,4.902732
-109.98952,82,4.944545
-132.33398,101,4.95183
-138.20401,87,4.982046
-83.25216,65,4.989981
-132.11765,76,5.018696
-474.4836,127,5.036335
-107.10129,119,5.104455
-296.47302,101,5.104517
-102.64463,98,5.104527
-129.61172,140,5.108891
-249.14244,147,5.130746
-144.97365,94,5.130787
-436.51715,113,5.202523
-84.934685,73,5.209838
-122.812126,101,5.232213
-100.908104,61,5.236306
-406.62943,94,5.242905
-76.33716,76,5.302436
-237.65765,90,5.30941
-118.08617,127,5.354966
-324.3923,117,5.373928
-107.232925,74,5.401964
-90.60843,85,5.419674
-60.04652,62,5.442267
-97.172226,93,5.448807
-77.13972,93,5.45235
-71.26264,131,5.470011
-153.87267,97,5.489465
-151.99388,68,5.492673
-276.34326,107,5.496221
-161.32176,61,5.532661
25.696945,99,5.593963
-422.72852,113,5.615262
-42.757973,90,5.634473
-216.99384,122,5.678779
-121.83753,82,5.711507
-191.58006,94,5.721999
-356.04053,104,5.737536
-96.51016,114,5.756811
-157.08725,104,5.763252
-150.45967,72,5.769431
-444.80032,99,5.77852
-42.965164,90,5.78684
-198.54309,96,5.811082
-158.58989,103,5.837702
-218.14755,119,5.846947
-255.68463,117,5.863264
-92.928505,67,5.867117
-208.28336,62,5.939316
-152.61946,105,5.978056
-98.08068,75,6.00775
-177.07349,120,6.014423
-138.67209,98,6.026146
-330.08887,79,6.047887
-115.06859,75,6.05547
-91.918205,80,6.066937
-139.04318,88,6.09426
-108.371086,67,6.1099
-83.58102,76,6.130175
-211.75677,97,6.192597
-167.50696,103,6.233083
-148.27473,118,6.233129
-178.71597,154,6.255835
-147.4078,66,6.255869
-212.80052,140,6.255879
-66.26001,70,6.259397
-67.75035,74,6.265986
-104.1738,60,6.275878
-89.17251,99,6.288846
-232.29929,100,6.331277
-83.35202,71,6.347044
-107.65945,89,6.433627
-195.53311,112,6.444615
-108.64719,102,6.448286
-181.78583,112,6.451881
-78.105995,67,6.4983
-251.34322,78,6.501699
-128.06801,68,6.513155
-36.8022,76,6.520565
-110.430954,100,6.537505
-109.831474,84,6.554969
-113.559525,95,6.586405
-181.0458,104,6.616459
-206.65695,93,6.654258
-305.67957,92,6.666749
-130.81262,110,6.670353
-140.57112,67,6.670377
-225.72168,132,6.691081
-132.09207,59,6.707731
-218.044,79,6.722644
-274.3432,72,6.768949
-174.42355,103,6.788644
-132.83057,88,6.806846
-99.22256,73,6.806898
-54.638603,79,6.866826
-125.639336,122,6.875444
-141.01578,104,6.88342
-267.42993,102,6.899792
-132.32066,86,6.930835
-108.83144,70,6.930883
-89.64749,84,6.975203
-78.15901,71,6.98286
-74.730225,77,6.990597
-153.86531,95,7.034778
-165.62686,106,7.061659
-284.84537,133,7.150033
-83.07629,108,7.17717
-157.28761,66,7.177222
-394.23392,107,7.190649
-128.91602,92,7.218507
-48.96215,99,7.250084
-115.8775,123,7.265879
-269.56653,91,7.265918
-125.74404,79,7.321594
-123.37292,142,7.32462
-347.24246,134,7.349393
-125.815735,113,7.383181
-80.82205,65,7.392259
-213.82465,143,7.409433
-125.5425,108,7.439828
-192.65479,89,7.449939
-109.89729,82,7.465144
-214.80063,141,7.475816
-122.36278,143,7.499007
-389.31042,96,7.505592
-117.24547,93,7.575412
-165.28754,76,7.578775
-262.15454,110,7.592297
-138.13947,102,7.6111
-93.59866,109,7.620731
-66.687805,89,7.630766
-129.93555,55,7.630802
-66.305405,85,7.677382
-140.89297,57,7.695484
-145.24052,67,7.703364
-126.91212,104,7.707097
-399.7925,96,7.724931
-153.25854,89,7.768491
-215.39447,112,7.790393
-88.61422,60,7.831976
-92.85762,76,7.848165
-345.62323,80,7.88458
-95.31749,93,7.892598
-56.512135,93,7.918942
-114.337616,103,7.923241
-101.65497,131,7.937883
-146.1933,146,7.94663
-51.35167,75,7.963125
-140.0548,85,7.987272
-128.76279,107,7.994992
-116.92744,85,7.995039
-91.42416,68,8.025943
-132.99365,83,8.055762
-357.60907,98,8.059478
-119.08688,83,8.140099
-143.19711,136,8.147486
-210.55972,74,8.151335
-105.719574,69,8.171212
-95.62757,69,8.175018
-306.28827,99,8.182256
-62.23504,73,8.250618
-99.949104,107,8.280927
-88.24056,85,8.30043
-137.65771,101,8.304039
-221.4144,87,8.30815
-90.13155,97,8.311511
-69.675186,106,8.330507
-45.51836,77,8.339522
-281.158,97,8.376796
-315.7362,91,8.391492
-179.03564,83,8.461606
-311.58746,99,8.489748
-88.45646,94,8.502864
-245.93185,74,8.506634
-100.31135,101,8.506681
-54.85871,64,8.530274
-129.87585,124,8.584601
-141.3428,80,8.584641
-87.908165,82,8.584651
-119.60646,84,8.595759
-156.00471,77,8.602829
-105.18716,93,8.602861
-45.41589,128,8.630099
-72.65394,70,8.630145
-63.600014,74,8.714593
-100.15528,102,8.721307
-141.13762,118,8.7321
-185.13394,74,8.742373
-112.54399,69,8.764193
-95.6641,86,8.795397
-88.80951,77,8.840301
-86.39025,100,8.843698
-71.47832,103,8.850388
-116.75939,87,8.882145
-121.46401,97,8.902359
-134.73698,89,8.92111
-127.348465,102,8.937724
-419.26425,110,8.947246
-64.51614,72,8.950397
-117.943375,73,8.959361
-59.46767,114,8.974961
-178.84576,119,9.015501
-93.56941,90,9.060194
-199.73825,102,9.075724
-233.04059,77,9.099508
-112.10384,56,9.132989
-105.95276,95,9.148132
37.454727,128,9.148175
-82.367485,80,9.19706
-321.19214,90,9.214934
-374.02414,128,9.21498
11.21402,122,9.244849
-184.80255,86,9.261049
-106.95965,116,9.264294
-80.07344,69,9.286272
-96.27076,119,9.296324
-309.59744,103,9.300021
-437.2512,113,9.31927
-158.8674,59,9.330436
-124.322105,62,9.437721
-109.5934,116,9.478323
-59.47085,65,9.478371
-145.82928,106,9.516656
-62.639423,152,9.53598
-43.13687,65,9.560632
-110.62895,137,9.570813
-147.80649,109,9.577973
-115.833046,106,9.585359
-82.2437,126,9.585401
-110.018234,95,9.59173
-96.900665,87,9.603415
-211.92166,91,9.615429
-100.413246,92,9.639552
-95.08632,68,9.663375
-82.14236,120,9.697132
-87.275604,76,9.722102
-94.6902,135,9.722138
-128.21964,84,9.745259
-87.63947,69,9.781857
-116.626526,63,9.78577
-56.314972,60,9.832127
-144.7299,78,9.842032
-226.58615,86,9.860289
-111.953804,93,9.870034
-68.45602,66,9.874592
-251.63515,120,9.910239
-446.1516,107,9.925033
-80.74316,75,9.940965
-176.60071,69,9.947536
-60.226646,116,9.988196
-130.5391,74,9.98823
-152.17142,148,10.015153
-82.24356,85,10.056489
-95.29637,62,10.072817
-145.98924,149,10.083324
-52.683094,68,10.091423
-111.69921,73,10.097944
-56.231037,62,10.108721
-88.9056,89,10.131416
-76.37533,115,10.158216
-142.92421,136,10.162033
-102.15015,77,10.187564
-65.78812,65,10.198726
-177.92384,68,10.235334
-105.27027,97,10.235384
-103.44141,136,10.268866
-104.626434,92,10.280434
-100.955696,75,10.322879
-60.312428,80,10.356212
-142.60332,82,10.35626
-89.63292,94,10.382139
-114.85002,136,10.390566
-60.126286,107,10.413412
-187.4539,91,10.436214
-78.187965,71,10.440224
-92.24869,84,10.44753
-97.12712,108,10.473298
-213.8409,63,10.503582
-112.59337,103,10.50669
-89.97228,74,10.525422
-115.025696,90,10.541455
-120.29128,96,10.559788
-30.614182,70,10.615721
-90.37233,63,10.619901
-116.653885,92,10.636293
-131.77429,56,10.648743
-121.328026,146,10.671506
-109.22716,104,10.701839
-168.27774,105,10.705714
-71.82536,57,10.705742
-84.2839,91,10.741914
-122.90619,108,10.787735
-169.62756,117,10.816748
-102.08811,59,10.833987
-108.4239,92,10.843036
-143.62994,145,10.87093
-88.710724,97,10.877354
-76.60823,73,10.889017
-96.85958,87,10.90194
-107.61831,125,10.911266
-95.03291,97,10.935876
-31.075974,145,10.970321
-75.07069,85,10.983154
-80.06927,99,10.991621
-82.69706,92,11.003175
-117.470184,69,11.0493
-123.647934,59,11.06278
-62.94562,77,11.062818
-231.72998,102,11.069922
-149.00856,124,11.101803
-122.99922,66,11.108634
-137.73767,100,11.108666
-91.20515,70,11.157713
-77.151085,93,11.180934
-85.2598,115,11.201887
-89.043625,118,11.240057
-116.60778,83,11.256335
-69.41394,62,11.260703
-50.853764,114,11.274115
-27.659317,72,11.295106
-106.05835,101,11.308107
-62.108593,63,11.314899
-106.21697,82,11.335711
-300.62396,120,11.358068
-100.62068,100,11.374998
-241.82451,94,11.411147
-180.41147,133,11.435106
-124.582565,90,11.454173
-100.66854,109,11.468484
10.141426,70,11.507509
-55.554317,104,11.526427
-61.82067,71,11.52974
-100.91811,65,11.529765
-134.70876,107,11.557515
-124.258354,96,11.561413
-59.53256,82,11.581422
-163.531,119,11.658266
-135.83607,99,11.664917
-110.157425,98,11.685131
-136.77866,137,11.715044
-59.851204,66,11.728413
-328.7735,106,11.72846
-89.51629,102,11.750464
-100.62099,94,11.765198
-90.34344,88,11.820832
-87.09436,117,11.824016
-62.407776,79,11.824045
-60.170982,118,11.852515
-105.26001,101,11.859393
-90.30278,68,11.875699
-108.74453,97,11.89473
-99.785675,60,11.904352
-97.961136,121,11.91981
-86.65337,77,11.929085
-70.40706,114,11.92911
-155.99767,79,11.97218
-89.11644,74,11.995648
-205.17935,90,12.030507
-119.50372,103,12.0482
-89.745255,83,12.077137
21.003998,74,12.090023
-107.16727,88,12.098312
-94.5046,66,12.101712
-97.63616,60,12.108026
-343.21933,147,12.136454
-174.44365,94,12.155408
-80.18341,74,12.222103
-63.2565,68,12.225673
-50.60284,59,12.231904
-134.66875,128,12.238858
-156.47124,98,12.251716
-170.37837,102,12.26388
-104.016754,124,12.280032
-49.888405,116,12.283929
-86.83544,66,12.3262
-94.04879,76,12.338956
-49.832165,70,12.342275
-91.29846,72,12.354211
-101.52047,99,12.381409
-49.500587,71,12.390536
-81.19336,101,12.428459
-172.71576,72,12.463475
-171.17212,102,12.470035
-87.53414,63,12.482082
-74.678604,63,12.485277
-116.74895,74,12.488982
-96.98291,68,12.5527
-190.29596,76,12.565232
-85.54001,112,12.589154
-130.7992,83,12.654292
-117.53416,133,12.657939
-130.33463,129,12.661904
-148.70172,61,12.66931
-110.38059,101,12.686231
-299.61945,107,12.692715
-226.46805,97,12.712897
-212.89783,80,12.753659
-239.27888,95,12.784731
-479.43076,111,12.793705
-185.11574,63,12.796681
-108.23891,99,12.815081
-145.57628,103,12.821393
-100.21984,81,12.83444
-128.67795,107,12.900263
-84.34776,82,12.91814
-149.95398,89,12.935611
-84.372116,95,12.951814
-157.15959,87,12.960977
-119.4292,102,13.000051
-233.42703,112,13.014223
-92.76792,75,13.023433
-261.93445,89,13.092589
-107.35303,90,13.107951
-234.62941,108,13.114358
-44.042446,136,13.129616
-40.084606,78,13.139742
-77.54673,116,13.149382
-495.67624,130,13.152858
-123.778915,83,13.19566
-97.13411,127,13.207657
-66.87221,97,13.220534
-96.56114,83,13.257624
-112.8908,105,13.274655
-83.06859,70,13.324855
-107.03865,69,13.346068
-138.752,68,13.360878
-91.65689,87,13.364108
-85.481705,133,13.373097
-128.03299,122,13.405438
-104.78277,71,13.415137
-165.9685,96,13.415169
-67.2905,89,13.419485
-115.76553,82,13.462338
-151.24492,101,13.46914
-110.144394,84,13.483287
-107.94693,70,13.549933
-83.65443,80,13.603881
-49.989086,67,13.623776
-66.05586,112,13.636441
-113.26129,126,13.660783
-124.55964,80,13.673326
-370.20483,105,13.697602
-154.42332,101,13.697634
-155.58234,92,13.711479
-89.22363,99,13.736465
-106.24277,120,13.748614
-189.59955,102,13.788351
-103.63376,81,13.806931
-109.18734,115,13.836484
-160.15259,75,13.839917
-72.98749,76,13.861695
-105.325264,72,13.886057
-46.892242,134,13.906177
-57.316353,68,13.911682
-94.91389,80,13.923865
-99.65865,76,13.972666
-97.92189,98,14.013465
-131.931,84,14.065523
-118.36173,91,14.069059
-80.10694,142,14.076567
-95.19402,125,14.087245
-70.32162,110,14.090516
-137.14926,75,14.093597
-79.82938,65,14.111419
-100.39141,66,14.111446
-210.70053,91,14.122858
-84.572784,68,14.182083
-92.14097,99,14.192782
-75.72621,139,14.271552
-106.282845,59,14.280525
-16.043892,124,14.311526
-83.317276,80,14.329657
-121.20714,77,14.329687
-71.92006,102,14.336035
-169.59988,86,14.3436
-90.39432,79,14.362088
-57.382774,103,14.392699
-116.41002,103,14.414806
-78.159515,80,14.436495
-137.69426,105,14.442996
-57.11334,111,14.544062
-112.03414,138,14.555632
-103.01188,58,14.575348
-89.98261,78,14.575389
-68.70097,87,14.584913
-110.495056,78,14.606731
-185.16913,114,14.627189
-99.19203,99,14.641149
-54.15047,121,14.660398
-103.409096,82,14.674916
-129.40793,107,14.680909
-171.17181,119,14.711747
-104.671074,89,14.723353
-135.73749,73,14.770314
-93.3007,71,14.776893
-191.88998,69,14.790679
-162.20253,120,14.812385
-68.823425,77,14.888437
-91.307526,90,14.895674
-105.61233,106,14.919805
-368.30264,106,14.93017
-101.29427,83,14.934078
-120.58188,77,14.934109
-86.42453,74,14.957969
-286.1905,81,14.99121
-113.517265,116,15.007288
-315.58124,102,15.007331
-84.404724,65,15.011147
-104.18411,76,15.065567
-50.392494,92,15.074372
-82.770065,56,15.095994
-96.5514,82,15.151618
-167.62183,115,15.151666
-69.546555,77,15.169613
-94.754036,77,15.173201
-180.14383,100,15.214806
-91.04508,85,15.221309
-90.395454,103,15.255551
-152.94398,94,15.282441
-119.385025,93,15.29438
-121.544136,101,15.32143
-82.01847,83,15.334488
-89.25603,66,15.358974
-74.43553,100,15.376484
-60.557827,122,15.388803
-77.96796,77,15.392109
-108.10882,100,15.411161
73.04068,1000,15.432046
-150.71439,85,15.438418
-65.62904,80,15.466018
-82.30751,64,15.484133
-73.79391,107,15.559188
-65.378555,126,15.572155
-75.797455,58,15.578381
-35.31481,82,15.582117
-179.59145,73,15.591528
-150.06177,106,15.591558
-104.20124,83,15.598034
-99.76106,74,15.626749
-250.05263,79,15.631373
-303.7526,121,15.682548
-110.04637,61,15.682592
-158.48538,87,15.688736
-112.76772,92,15.731403
-134.06532,93,15.765355
-77.9333,108,15.777422
-114.290794,66,15.810908
-53.20677,73,15.814007
-78.104065,86,15.870715
-83.63965,96,15.893174
-121.84442,103,15.90588
-116.55366,108,15.908945
-62.542545,74,15.920947
-83.09381,65,15.941713
-121.4905,119,15.973904
-128.70604,99,15.998874
-80.74164,119,16.008723
-109.38076,101,16.011934
-72.19704,61,16.063084
-9.95459,137,16.069741
-68.35499,94,16.113278
-60.122494,71,16.119701
-73.90982,115,16.13446
-108.9017,124,16.176441
68.77983,1000,16.186331
-52.219116,89,16.190486
-55.37521,78,16.194892
-78.20249,60,16.204716
-51.662495,73,16.211422
-65.5333,129,16.231463
-153.29355,62,16.269639
-82.39962,84,16.283755
-63.38045,53,16.290451
-105.349174,125,16.310442
-104.12714,125,16.322673
-195.8034,100,16.322705
-67.54129,81,16.326314
-77.5677,60,16.383709
-74.287926,68,16.419164
-134.37611,80,16.440939
-106.15847,110,16.461117
-130.4076,97,16.481961
-79.446365,112,16.488144
-111.93855,57,16.499167
-80.59966,70,16.50275
-115.69642,88,16.505928
-86.326805,105,16.520956
-71.77202,70,16.539913
-124.8307,91,16.557255
-44.790787,86,16.560891
-105.09374,81,16.564307
49.249725,91,16.610267
-4.9375076,132,16.62737
-95.72033,61,16.681506
-110.526306,72,16.734457
-46.49708,77,16.74755
-122.71887,97,16.750665
-105.24019,121,16.768436
-151.5689,76,16.783573
-131.40057,77,16.80417
-83.73246,90,16.80754
-133.18695,98,16.817591
-105.749855,132,16.836439
-116.71909,115,16.84871
-123.79457,91,16.851837
-133.11176,73,16.857849
-118.535706,126,16.860903
-80.66306,81,16.866906
-47.123543,60,16.873827
-81.37876,123,16.946074
-58.71972,61,16.959073
-66.79994,82,16.989235
-122.41539,94,17.040771
-99.321045,65,17.066397
-70.573746,84,17.077077
-140.07408,105,17.084431
-40.82051,78,17.087936
-101.77054,76,17.097005
-119.168335,101,17.128142
-130.65007,90,17.137843
-156.63959,118,17.173302
-96.65286,65,17.184082
-88.80844,113,17.193523
-133.95758,101,17.211354
-148.13007,116,17.246434
-126.662605,123,17.275674
-51.721645,104,17.293381
-104.26885,66,17.299502
-69.22557,73,17.312678
-118.645676,112,17.359637
-120.991196,73,17.379153
-91.02122,91,17.386553
-115.62078,105,17.390764
-80.765144,88,17.419568
-196.17363,109,17.440575
-100.864655,95,17.481072
-130.22105,92,17.481103
-116.63738,61,17.491197
-56.446404,109,17.516864
-145.05907,136,17.538611
-98.621155,114,17.568924
-68.63664,72,17.58949
-119.87558,95,17.592965
-64.99156,67,17.592995
-78.81311,116,17.612042
-25.497185,68,17.633081
-406.12506,104,17.640208
-89.68096,82,17.646691
-150.34622,119,17.65013
-87.287735,62,17.677156
-59.94758,74,17.716765
-75.04232,93,17.735639
-71.17932,79,17.742076
-78.57422,61,17.784781
-103.759346,129,17.799376
-204.93692,68,17.809385
-180.39932,108,17.858439
-77.50905,76,17.877327
-103.49006,94,17.891771
-116.32465,78,17.891812
-75.22168,104,17.908456
-95.04456,117,17.919621
-51.60592,70,17.95438
-43.47277,82,17.954425
-90.65837,93,17.958133
-56.529854,93,17.961999
-41.340134,112,17.985699
-116.720215,85,18.032984
-69.56889,69,18.040167
-53.03171,74,18.064005
-126.77774,68,18.093187
-64.522026,64,18.110833
-183.1694,117,18.127392
-82.89392,66,18.16638
-103.59358,87,18.170004
-182.88518,116,18.173243
-69.22148,80,18.173267
-114.019844,97,18.211347
-91.55986,91,18.214916
-119.685646,70,18.249607
-127.00346,92,18.249646
-107.1657,100,18.272976
-135.13467,91,18.273025
-147.89276,109,18.30537
-95.78901,79,18.339345
-92.22572,108,18.374383
-97.88169,84,18.387374
-152.95366,107,18.396875
-75.48508,83,18.428533
-287.34314,108,18.445833
-90.8826,66,18.456752
-55.650513,105,18.502507
-47.68388,61,18.531157
-50.802147,73,18.53416
-68.86119,124,18.551993
-104.07255,112,18.564115
-63.71479,113,18.564145
-111.25502,103,18.594194
-132.24898,137,18.601286
-95.22432,112,18.601322
-60.32682,82,18.644267
-91.97382,93,18.666109
-95.59244,68,18.669299
-91.06934,83,18.68816
-122.79937,96,18.698258
-103.64849,68,18.743746
-66.88237,152,18.747213
-100.491714,89,18.775988
-114.24237,72,18.790783
-50.66055,113,18.80062
-69.76599,91,18.848485
-93.00488,83,18.852671
-120.20725,85,18.864215
-78.70291,94,18.889449
-58.578236,66,18.900383
-98.80259,114,18.9066
-79.70003,123,18.917487
-45.757984,92,18.929489
-123.81624,62,18.935838
-122.66338,90,18.945265
-90.14247,90,18.948635
-87.02297,71,18.967483
-109.087616,92,18.973534
-109.230774,75,19.024075
-50.821484,65,19.051728
-111.787704,116,19.134103
-86.39807,111,19.142032
-68.84283,84,19.174322
-59.65198,108,19.184468
-45.965702,90,19.184506
-82.51957,98,19.19442
-110.62633,108,19.197969
-117.602486,84,19.232867
-100.73124,94,19.240244
-92.56649,102,19.26108
-133.97243,117,19.264477
-91.13118,110,19.270514
-65.756836,102,19.282161
-7.2279205,102,19.346109
-31.749977,141,19.381558
-97.21754,109,19.398858
-26.756256,87,19.416781
-112.63913,72,19.434447
-95.35089,86,19.473634
-118.45386,108,19.487851
-81.17763,70,19.491581
-110.2645,86,19.516274
-119.662384,104,19.520693
-97.313835,73,19.520721
-92.20181,86,19.541355
-126.636955,115,19.548187
-32.045456,114,19.555297
-371.64078,117,19.64946
-83.120476,80,19.670017
-110.19723,136,19.670054
-101.95464,81,19.687626
-124.10647,80,19.723951
-116.97762,69,19.732479
-116.69628,108,19.73699
-87.591705,89,19.773
-93.68263,85,19.788822
-62.563034,134,19.804858
-90.29801,88,19.81706
-150.29868,112,19.842469
-115.15326,95,19.845611
-83.55863,106,19.854392
-7.9205093,164,19.864424
-88.22189,70,19.86831
-159.28589,132,19.96472
-123.98097,93,19.976926
-103.46522,62,19.980711
-188.12146,101,19.984408
-79.500046,70,19.99144
-117.53296,62,20.00872
-87.7843,112,20.018531
-125.19653,100,20.050603
-107.96031,80,20.05364
-63.7182,63,20.062304
-107.76823,109,20.076896
-126.14614,115,20.086457
-112.186966,82,20.099952
-97.09474,98,20.162395
-103.44496,64,20.168484
-72.368225,62,20.1783
21.762672,110,20.19116
-78.24098,112,20.216749
-94.27845,74,20.243908
-67.356544,75,20.33556
-125.078354,85,20.3445
-78.71573,96,20.353881
-178.52168,119,20.366161
-59.048237,119,20.396707
-76.43908,75,20.400586
-144.91176,132,20.4038
-70.89261,100,20.403845
-70.81919,68,20.407717
-78.664696,81,20.426267
-20.399574,142,20.429852
-135.78174,118,20.438805
-121.763535,85,20.448589
-121.371796,67,20.458587
-18.302643,130,20.467419
-72.239624,88,20.497505
-74.04655,69,20.566293
-43.140144,80,20.593818
-46.208622,87,20.632696
-91.902824,77,20.648923
-58.76765,80,20.652457
-86.33194,71,20.687238
-102.22274,104,20.706029
-97.94322,92,20.706072
-62.71084,95,20.744984
-134.55565,99,20.748918
-56.87776,107,20.748946
-173.755,105,20.764328
-185.65096,114,20.76752
-103.79866,94,20.802204
-76.46918,109,20.802242
-17.621307,105,20.809483
-15.258804,74,20.875016
-53.49626,80,20.910445
-51.937828,106,20.934289
-61.324036,76,20.94634
-65.70568,123,20.961861
-174.19333,72,20.973685
-81.97616,90,20.973716
-63.13586,103,20.979928
-56.612225,81,21.017524
-88.78339,88,21.029243
-54.853214,72,21.035735
-37.517025,104,21.035761
-163.82114,95,21.052308
-98.1325,84,21.067103
-80.80465,75,21.109993
-104.69179,98,21.110029
-90.27256,113,21.124346
-90.762985,62,21.168982
-71.79022,76,21.184993
-106.2209,95,21.209741
-252.19896,94,21.256152
-305.93323,106,21.2665
-79.12334,83,21.294606
-60.188908,116,21.337244
-61.584965,71,21.347406
-50.1662,77,21.351031
-97.42587,97,21.354261
-85.97541,106,21.362432
-60.529175,80,21.362463
-125.28692,99,21.384738
-76.27101,61,21.384803
-40.72114,116,21.410724
-98.177124,123,21.420386
-72.22637,82,21.438527
-219.91333,148,21.461583
-119.02201,98,21.538968
-85.61666,72,21.542837
-66.510574,59,21.586528
-86.64238,70,21.608809
-44.105648,106,21.631751
48.947723,113,21.646272
-86.7351,84,21.653764
-94.67083,87,21.668514
-120.9282,81,21.687633
-96.7987,100,21.696112
-53.704803,80,21.711466
-58.55043,102,21.759262
-74.76645,120,21.759303
-86.98634,122,21.790502
-88.24141,83,21.812309
-101.82973,62,21.826526
-27.304756,154,21.853972
-54.900345,122,21.859977
-42.921497,72,21.876183
-64.91963,104,21.876212
-19.43882,66,21.891945
-55.72298,99,21.905729
-36.943493,95,21.911593
-96.64679,66,21.966144
-116.03301,106,21.975298
-31.272064,90,21.975329
-106.259155,107,21.9992
-104.26915,99,22.018648
-62.212387,74,22.022337
-85.01949,84,22.022373
-70.04879,66,22.032415
-106.069534,68,22.065915
-93.27265,84,22.074824
-90.63382,67,22.084504
-95.62443,93,22.163185
-56.40617,101,22.172862
-77.36664,68,22.176098
-90.58726,65,22.199941
-55.527542,87,22.250659
-96.28883,110,22.250706
-42.8122,74,22.257999
-127.71894,123,22.279307
-112.47717,117,22.279342
-54.511303,63,22.286164
-106.314125,106,22.310646
-232.014,88,22.310681
-74.639046,94,22.320184
-59.92228,78,22.324212
-123.03524,96,22.324238
-73.20211,62,22.380717
-105.18938,100,22.387302
-87.31427,85,22.439618
-97.36418,72,22.487517
-127.23342,71,22.536082
-154.48242,115,22.543362
-102.23787,106,22.543389
-90.71335,94,22.550438
-105.9877,76,22.567895
-78.52159,78,22.572562
-187.92566,88,22.594852
-69.58939,96,22.594908
-33.76944,100,22.602
-124.684525,76,22.62397
-90.82591,129,22.664241
-162.70128,87,22.66428
-29.905998,81,22.699415
-44.09989,62,22.740121
-87.939384,145,22.740161
-84.57248,135,22.751968
-65.24768,69,22.771732
-90.87089,60,22.783997
-130.97281,84,22.813171
-91.23523,93,22.833238
-90.732635,114,22.849167
-75.89255,85,22.867532
-42.44958,100,22.884992
-41.00311,84,22.888279
-41.547367,107,22.9307
-70.82785,87,22.937341
-114.72876,68,22.968061
-42.21257,130,22.981365
-189.4295,114,23.025516
-19.727013,67,23.02557
-108.83713,91,23.03235
-8.449242,65,23.041845
-80.81511,108,23.041874
-92.62554,103,23.069862
-108.99417,99,23.08678
-92.27238,107,23.124914
-91.75303,76,23.127978
-76.030655,90,23.173943
-100.15562,101,23.189032
-301.50708,111,23.201861
-102.00319,77,23.21566
-84.27547,74,23.219554
-69.45164,74,23.25884
-102.874596,76,23.265011
-97.7895,77,23.27409
-46.666958,65,23.288767
-166.58722,114,23.298112
-128.58641,124,23.327011
-66.45044,86,23.343358
-110.68596,98,23.352449
-28.78415,84,23.392287
-76.48069,70,23.431549
-65.17132,99,23.445009
-91.67433,80,23.451462
-78.494225,139,23.487558
-121.411606,73,23.496497
-60.73777,104,23.51005
-69.32917,103,23.547716
-88.53973,67,23.568872
-62.352333,115,23.586981
-74.37323,92,23.596721
-59.919773,60,23.639403
-96.56936,117,23.654634
-156.12819,122,23.660747
-90.88102,119,23.676819
-94.743965,113,23.693878
-126.84333,97,23.710916
-110.310486,88,23.716097
-61.89025,119,23.733113
-92.16489,95,23.751877
-119.25922,79,23.755505
-79.86563,88,23.780339
-91.4455,101,23.849237
-102.28724,94,23.868773
-64.32204,75,23.920878
-75.78574,103,23.920925
-23.07985,71,23.96437
-78.39629,108,23.970424
-144.24515,85,23.973573
-62.487156,72,24.005069
-224.24902,105,24.014315
-104.61773,110,24.017341
-69.247314,74,24.03165
-85.99783,131,24.034839
-55.503674,96,24.041359
-76.043945,103,24.047425
-114.56452,93,24.051768
-86.83335,105,24.105112
-48.87162,89,24.138671
-91.02512,85,24.144893
-105.755165,84,24.230009
-54.887238,96,24.230082
-79.0051,82,24.234028
-44.034454,109,24.271905
-50.432884,77,24.290613
-81.16915,59,24.294382
-82.36343,83,24.312448
-136.64618,95,24.319193
-100.780716,88,24.31922
-218.81366,102,24.328826
-157.94809,101,24.353159
-98.872025,103,24.356289
-63.844986,70,24.362224
-34.919,131,24.386559
-90.45197,128,24.420945
-64.52964,90,24.430146
-89.470406,71,24.456414
-51.299107,75,24.505557
-30.506577,63,24.514178
-102.30826,92,24.517395
-98.65646,73,24.520652
-132.56398,99,24.538567
-118.76297,65,24.563699
-126.07758,84,24.575216
-130.2661,74,24.585074
-128.37373,104,24.615454
-127.09553,105,24.646675
-110.00115,86,24.652709
-100.29235,104,24.652742
-109.416245,85,24.681044
-60.72354,117,24.720101
-41.530716,70,24.736552
-11.798424,100,24.740129
-52.061916,75,24.749814
-71.30467,80,24.75624
-198.54515,115,24.817995
-83.262146,87,24.840653
-59.546814,107,24.858909
-57.458466,95,24.874111
-45.929066,76,24.89655
-55.503742,112,24.896586
-62.623966,108,24.9315
-71.35092,91,24.947165
-33.61695,80,24.993829
-49.71628,75,24.997249
-68.40473,115,25.014263
-86.47055,109,25.033943
-61.359997,98,25.055635
-11.379364,151,25.093609
-47.342995,75,25.096613
-63.070488,113,25.109428
-76.73072,134,25.148534
-71.07764,81,25.151839
-87.360214,82,25.156119
-77.5229,59,25.180868
-64.19505,120,25.199985
-76.59268,116,25.209811
-6.8481445,112,25.233246
-0.5602646,89,25.279841
-54.60314,91,25.327022
-36.26578,122,25.338161
-86.41159,132,25.354719
-93.46963,78,25.367263
-77.00367,66,25.367295
-66.49756,109,25.367305
-48.025776,84,25.370466
-79.40408,99,25.377033
-103.36397,68,25.406033
-20.95488,87,25.438624
-101.43944,107,25.44876
-34.946487,73,25.452345
-139.31332,92,25.458421
-67.7697,67,25.502231
-70.52654,67,25.543289
-82.839325,96,25.547043
-169.91208,66,25.581605
-97.93265,118,25.585323
-88.66974,74,25.603208
-79.90354,82,25.617787
-62.217934,61,25.633445
-91.746124,84,25.636688
-163.56943,96,25.674873
-136.83679,108,25.685631
-124.25985,102,25.705709
-88.65948,84,25.717853
-16.034935,84,25.720989
-57.387543,77,25.748819
-88.841644,95,25.765608
-200.77896,119,25.793248
-61.577255,83,25.891126
-72.69387,87,25.891174
-90.88948,107,25.895003
-40.232525,72,25.953108
-80.88046,99,25.959747
-59.314533,80,25.985952
-39.032806,135,25.98958
-132.10013,111,26.001367
-59.618534,99,26.005751
-151.31387,96,26.005783
-84.096756,129,26.010479
-112.38994,78,26.014597
-63.79305,111,26.084494
-42.44763,152,26.102343
-65.380264,64,26.119947
-53.706875,110,26.145955
-123.1008,90,26.207512
-52.059288,126,26.227214
-81.378685,65,26.238945
-77.00075,71,26.261664
-8.81649,86,26.295882
-108.52457,119,26.308102
-102.095566,91,26.3291
-183.62494,100,26.350948
-84.18556,106,26.354813
-72.94919,123,26.387731
-103.19114,126,26.391148
-88.871346,71,26.441334
-107.547966,135,26.462172
-70.45797,105,26.476821
-87.94251,114,26.47685
-137.88599,113,26.488033
-66.913666,77,26.52421
-35.229744,68,26.527373
-61.206963,94,26.546666
-95.20358,119,26.55059
-94.40345,91,26.657432
-70.48499,134,26.681451
-79.34479,112,26.6998
-75.95489,104,26.699831
-56.430164,98,26.712625
-59.16798,78,26.721445
-31.65139,101,26.724428
-85.97938,65,26.72807
-68.670685,79,26.728096
-33.689552,89,26.736614
-91.94086,68,26.74241
-35.482597,134,26.748729
-190.94284,101,26.799857
-54.624905,90,26.832036
-80.09126,104,26.872302
40.537094,140,26.924154
-80.99907,69,26.932959
-63.451706,65,26.941194
-69.32026,80,26.947262
-62.73638,80,26.947288
-15.07296,70,26.950941
-65.43583,69,26.962011
-87.93092,106,26.986292
-38.061375,84,26.990029
-150.85675,98,27.021244
-99.18228,120,27.106524
-32.970154,136,27.11291
-91.90404,121,27.112953
-44.11774,93,27.166742
-87.572586,69,27.183388
-78.68028,81,27.197734
-90.654,77,27.197774
-90.23859,119,27.211481
-222.65701,131,27.215233
-86.13045,95,27.291573
-49.111286,86,27.291608
-88.735825,120,27.308479
-144.21193,107,27.328705
21.876106,122,27.339534
-77.127556,79,27.354733
-61.578632,129,27.354766
-87.704185,82,27.369949
-116.09828,140,27.400055
-112.03768,99,27.431242
-20.497604,93,27.497127
-126.7271,107,27.512086
-104.38607,115,27.565156
-74.881546,76,27.599993
-78.4887,133,27.610419
-124.765495,126,27.616504
-109.62302,69,27.622579
-96.87569,91,27.622603
-114.238945,85,27.630155
-84.71221,86,27.648665
-169.94623,99,27.660088
0.4970169,144,27.675832
-279.84265,121,27.693119
-86.541985,67,27.740661
-9.071655,136,27.747205
-24.238731,142,27.785487
-100.1608,119,27.82603
-137.15402,99,27.829041
-124.20331,81,27.841588
-95.43601,76,27.876827
-93.01666,81,27.885778
-103.7964,77,27.88584
-274.35287,87,27.889066
-85.46001,85,27.903368
-0.051322937,68,27.909176
-73.471466,79,27.909208
-117.281364,92,27.912497
-53.09567,75,27.918267
-163.61888,116,28.019732
-241.58287,105,28.046556
-67.84943,88,28.076387
-78.162415,93,28.08666
-125.11786,69,28.100442
-82.41504,68,28.108589
-6.893921,86,28.1223
-57.24156,84,28.129749
-55.62708,121,28.136803
-88.25625,106,28.149129
-73.97433,96,28.168312
-90.284134,149,28.192034
-74.78513,112,28.214981
-63.56042,108,28.230408
17.820023,121,28.25985
-68.72828,126,28.285317
-42.841557,69,28.308956
-59.205173,97,28.326026
-59.573307,102,28.373931
-67.52769,85,28.385171
-111.38848,109,28.442336
-105.4532,82,28.442384
-133.049,102,28.445533
-69.05869,73,28.452909
-68.313354,132,28.480145
-89.48906,108,28.490935
-57.01085,124,28.498918
-30.635872,96,28.50328
-22.078735,73,28.519298
-73.61804,74,28.533144
-24.757095,135,28.540858
-66.53473,89,28.544148
-113.851425,138,28.557857
-67.121475,70,28.573638
-71.93271,88,28.613141
-59.95663,78,28.65416
-52.97709,156,28.703516
-55.05743,91,28.725884
-51.815483,115,28.755225
-102.34978,70,28.761567
-22.734604,83,28.766952
-43.6621,106,28.77726
-56.256325,125,28.780094
-62.505924,105,28.78546
-77.49242,101,28.791584
-101.71738,129,28.802296
-52.558342,119,28.82133
-107.347244,104,28.838483
-41.954636,69,28.841736
-80.274345,114,28.849482
-64.49576,128,28.879299
-70.65964,68,28.889718
-71.760506,119,28.932487
-70.10666,73,28.960095
-268.12628,77,28.986345
-63.982597,79,28.998732
-90.19702,95,29.03373
-67.13003,116,29.038017
-93.930336,108,29.046824
-37.12422,78,29.050161
-103.92745,87,29.05613
-57.291443,101,29.064612
-68.62755,115,29.078032
-95.3012,108,29.093419
-60.99476,103,29.124598
-76.62288,65,29.132308
-85.55443,97,29.150342
-70.97864,67,29.166842
-81.89965,121,29.203408
-57.360786,65,29.211372
-301.0348,106,29.216125
-208.97575,146,29.228839
-95.211075,93,29.24595
-79.900826,80,29.253138
-58.34887,77,29.255966
-81.89018,93,29.309755
-84.07342,99,29.309798
-97.78289,67,29.309808
-55.560593,113,29.353857
-107.58545,108,29.36191
-95.7325,79,29.373958
-89.735725,74,29.407606
-67.64711,110,29.419084
-74.82343,68,29.430387
-222.53851,111,29.447392
-280.0019,93,29.466725
-72.48423,84,29.48156
-34.04815,146,29.486631
-53.5995,103,29.506871
-145.40482,84,29.539726
-58.765156,132,29.55797
-121.90767,125,29.593273
-102.63221,112,29.613991
-10.139442,113,29.617186
-55.473396,94,29.620018
-83.3834,80,29.625299
-9.759819,99,29.625323
-55.828743,67,29.628177
-58.348156,95,29.675367
-64.22606,78,29.715103
-53.25371,128,29.720643
-87.13529,98,29.728774
-137.47375,99,29.745066
-85.089966,59,29.772419
-22.014877,69,29.779686
-44.237457,141,29.812676
-286.5099,98,29.823004
-76.206825,126,29.826263
-64.34874,110,29.836727
-94.66464,99,29.885173
-130.48508,97,29.890671
-46.335583,71,29.916974
-49.753162,122,29.952543
-65.967255,72,29.970015
-66.83705,133,29.98624
-74.02989,88,29.986269
-113.86882,68,30.008794
-46.81985,125,30.017925
-62.755135,151,30.037577
-49.186947,115,30.046241
-43.23889,112,30.088236
-69.72172,75,30.093922
-11.512352,99,30.099741
-121.52695,77,30.106218
-38.408855,143,30.111497
-69.06309,113,30.125378
-109.512634,119,30.166651
-82.797134,68,30.178048
-120.57007,69,30.181024
-194.71704,97,30.186451
-81.607025,68,30.199831
-47.184,68,30.227564
-125.93631,99,30.227593
-160.6832,107,30.266823
-71.88956,110,30.318869
-36.561058,110,30.347087
-84.279076,94,30.350054
-76.871635,98,30.37349
-65.2804,79,30.413588
-56.079994,106,30.413624
-119.64179,89,30.421354
-97.253296,123,30.424062
-71.76233,117,30.42963
-102.94162,107,30.457796
-104.09351,104,30.469094
-54.273365,136,30.47218
-91.51115,119,30.500936
-108.7966,102,30.503928
-102.50788,73,30.555529
-102.417175,103,30.55558
-91.07061,121,30.567059
-48.315014,76,30.571145
-121.10056,93,30.59132
-69.457405,69,30.631758
-87.47768,70,30.64301
-54.964764,62,30.648284
-84.06981,83,30.660485
-74.25307,67,30.675261
-77.25435,102,30.724483
-66.94118,66,30.755949
-126.95406,123,30.76836
-135.24963,105,30.773827
-103.429535,78,30.780833
9.001045,150,30.801619
-37.7169,108,30.815654
-30.359375,71,30.838686
-72.938736,93,30.846621
-11.306915,83,30.855155
-60.612453,123,30.912142
-55.71841,144,30.915416
-83.108536,98,30.926324
-49.807846,57,30.929394
-11.214073,134,30.932115
-82.476715,118,30.961878
-132.31033,94,31.034665
-74.74309,74,31.039859
-95.657036,118,31.042732
-39.109352,107,31.046078
-83.2404,121,31.093272
-66.30862,73,31.111012
-50.299957,122,31.14328
-57.640884,127,31.143327
-100.95149,109,31.149188
-81.72912,90,31.172324
-99.92062,102,31.184822
-88.47928,96,31.18485
-44.915184,99,31.190488
-83.34484,132,31.200815
-23.80513,93,31.208544
-62.396473,73,31.233175
-93.443794,81,31.310796
-62.4497,104,31.31084
-68.84262,82,31.330226
-126.96342,110,31.339594
-42.957546,74,31.34287
26.642113,85,31.377453
-58.114376,82,31.406225
-83.21158,138,31.411676
-123.52208,79,31.425057
-99.89114,87,31.428481
-116.00164,105,31.428505
-85.96608,100,31.444498
-98.627754,85,31.464766
-59.444088,103,31.480738
-58.615974,62,31.50083
-194.39908,120,31.511309
-82.4742,67,31.526095
-44.116177,79,31.528999
-90.947945,70,31.531701
-94.07396,66,31.605512
-69.29645,117,31.628509
-110.61688,68,31.649246
-71.99743,102,31.655025
-83.14316,74,31.682467
-70.94818,101,31.68812
-71.86178,99,31.693324
-107.94805,105,31.693349
-138.58777,92,31.693358
-68.77547,102,31.704321
-83.42647,79,31.714743
-70.122665,77,31.73741
-120.96278,98,31.792198
-62.600708,108,31.804123
-154.55597,111,31.828169
-89.35203,79,31.846982
-69.37006,74,31.892068
-37.872726,77,31.905819
-41.54901,111,31.91238
-47.82915,85,31.928956
-99.96774,102,31.931683
-20.410805,109,31.955546
-87.5601,88,31.960425
-30.542526,112,31.99302
-54.853317,120,32.024813
-60.53438,90,32.044403
-87.76148,111,32.047696
-52.4392,91,32.058625
-42.32478,133,32.073146
-56.76273,81,32.073172
-55.050575,79,32.11074
-56.253838,127,32.181291
-57.74119,99,32.181333
-119.080826,94,32.189698
-71.37242,97,32.226161
-54.107742,102,32.24263
-67.46223,131,32.27553
-93.334274,125,32.27862
-83.8016,92,32.281541
-23.506859,105,32.286332
-32.587585,94,32.307881
-42.638,77,32.326935
-33.70192,92,32.329858
-41.398605,115,32.366896
-37.45995,117,32.396493
-76.88583,136,32.433751
-24.575592,99,32.459878
-74.8661,72,32.470766
-33.49447,111,32.484425
-107.75792,83,32.502711
-62.129097,124,32.519556
-59.426617,105,32.528066
-48.858692,83,32.549386
-11.060577,124,32.562399
-50.27364,108,32.57229
-22.55822,97,32.588094
-73.73192,106,32.591111
-32.364555,95,32.650374
-28.584023,136,32.650422
-54.011257,109,32.659033
-60.543724,93,32.681485
-56.556515,67,32.698089
-65.66063,61,32.71106
-83.92766,83,32.749508
-89.732445,106,32.756882
-106.72057,95,32.76034
-56.779892,84,32.796388
-86.570885,77,32.809472
-58.72556,125,32.837567
-40.209816,136,32.844173
-186.33987,104,32.889596
-84.45869,114,32.9016
-40.996254,70,32.910177
-32.492897,90,32.916846
-101.946396,125,33.015553
-53.828632,88,33.022994
-54.20802,122,33.042002
-59.88482,72,33.044875
-27.010834,110,33.077876
-25.493248,148,33.089293
-150.44406,104,33.099754
-22.875206,137,33.113253
-79.58923,80,33.11602
-136.87257,83,33.137984
-101.78553,79,33.141222
-68.47488,129,33.141261
-93.82667,90,33.1654
-55.99278,129,33.181167
-83.24954,133,33.220117
-36.116543,76,33.255313
-118.18367,92,33.279287
-18.793854,114,33.333739
-51.275272,90,33.367482
-76.36745,105,33.370598
-96.745056,97,33.370631
-57.372192,123,33.386451
-70.16378,93,33.397413
-148.49945,95,33.402779
-87.166115,87,33.422638
52.89116,1000,33.430495
-145.12798,109,33.440397
-41.216434,80,33.443543
-68.457695,102,33.449016
-82.081505,71,33.451819
-68.910095,123,33.457899
-84.32959,135,33.466745
-51.30639,71,33.477806
-78.37094,72,33.537989
-13.16227,77,33.601849
-76.871086,93,33.661921
-55.938747,79,33.661968
-137.44029,105,33.661977
-140.3254,109,33.669956
-33.771637,110,33.675639
-74.79572,90,33.681253
-58.240017,94,33.684225
-153.22061,84,33.689974
-173.56927,93,33.706858
-69.0139,103,33.72547
-88.097725,94,33.725508
-51.440662,118,33.725518
-25.394806,110,33.781115
-63.856533,104,33.820635
9.5153885,144,33.848017
-72.18779,73,33.870413
-38.874374,75,33.881133
-95.29975,105,33.88909
-32.904854,85,33.895289
-12.2388,90,33.90922
-70.3687,96,33.925681
-51.052696,90,33.931633
-59.46039,79,33.942568
-23.66816,100,33.963776
-67.64836,105,33.969335
-60.621258,98,33.975885
-37.04388,102,34.005636
-102.12824,110,34.026824
-49.947235,105,34.067676
-89.55121,67,34.072903
-86.11804,97,34.115599
-81.6677,88,34.124071
-50.5795,81,34.132627
-73.97454,103,34.154253
-185.84656,125,34.165802
-64.39899,105,34.186361
-84.84862,90,34.1916
-35.02749,83,34.207033
-92.03232,86,34.209836
-108.1335,111,34.235894
-76.10733,120,34.266289
-65.44237,70,34.26632
-44.710358,110,34.271976
-70.74141,102,34.291487
-27.489342,86,34.368301
-74.546616,92,34.376789
27.96373,110,34.385591
16.220535,134,34.406728
-49.085102,101,34.42067
-3.2077484,90,34.423559
-90.31389,75,34.482364
-4.660568,103,34.497581
-81.33417,107,34.505732
-31.690598,114,34.505758
-85.78406,88,34.51135
-55.400402,132,34.5265
-64.72074,105,34.529585
-12.805656,131,34.560864
-43.901176,69,34.560904
-54.474632,109,34.571754
-38.398438,64,34.582517
-78.725334,60,34.588102
-27.128242,80,34.606605
-59.83217,126,34.643605
-34.804207,110,34.680728
-28.706383,114,34.731185
-49.394093,89,34.741875
-149.3461,88,34.747408
-29.935211,86,34.764256
-67.51639,109,34.780738
-103.49854,107,34.80032
-63.175766,110,34.813293
-25.07605,87,34.819417
-188.47955,97,34.825595
-53.038483,110,34.828766
-50.073692,101,34.83715
-34.631073,102,34.920249
-28.946083,131,34.927945
-22.640862,95,34.938683
-20.561134,138,34.963825
-69.81438,83,34.975671
-94.26104,93,34.989928
-44.39238,76,35.017222
-87.46085,78,35.048894
-49.04566,77,35.05597
-52.494205,109,35.059923
-72.32346,103,35.067949
-80.32927,88,35.089054
-57.160168,92,35.089099
3.1481934,139,35.183364
-55.886158,96,35.206623
-56.009094,100,35.225731
-0.62674713,141,35.244208
-55.686764,60,35.251851
-69.89006,109,35.260443
-88.649635,78,35.26812
-51.39911,103,35.268145
-79.697174,104,35.285532
-66.15932,82,35.296131
-69.4992,102,35.296177
-83.781075,106,35.392769
-124.294205,126,35.418329
-19.33693,115,35.418394
-120.784805,139,35.523012
-16.045647,104,35.546072
-51.70944,87,35.55593
-85.62188,87,35.564669
-61.210396,87,35.580723
-42.892742,129,35.598858
-65.45618,95,35.613019
-73.504425,121,35.647661
-2.7212143,141,35.685121
-215.82603,131,35.685156
-8.619743,127,35.691045
-29.105667,94,35.709054
-42.433044,135,35.737988
-73.64645,114,35.771317
-62.470013,130,35.80317
-56.77353,81,35.819869
-59.260796,97,35.825994
-53.063038,64,35.845688
-59.55774,82,35.859466
-23.845734,99,35.86884
-7.801193,114,35.904842
-21.537369,80,35.940184
-57.205544,85,35.951807
-10.026855,131,35.992773
-104.93269,90,35.992821
-71.839874,88,36.01453
-134.77512,81,36.027904
-73.6313,141,36.057831
-44.793148,122,36.071551
-59.92505,69,36.077758
-45.81302,88,36.099122
-15.949593,67,36.116952
-84.04761,104,36.153846
-111.936966,74,36.190056
-88.56001,122,36.193835
-41.691647,114,36.228875
-108.26608,123,36.235243
-107.157684,86,36.266496
-105.55804,62,36.297208
-93.640594,79,36.310035
-40.786995,116,36.313213
-73.861626,85,36.34624
-50.942787,73,36.350224
-50.792194,65,36.362426
-102.660545,125,36.425864
-78.815704,132,36.435004
-52.582413,144,36.450455
-76.25101,86,36.462408
-19.51493,75,36.465407
-105.84489,128,36.475305
-69.86092,76,36.47534
-37.575386,97,36.496403
-73.675766,68,36.526796
-69.46383,83,36.529813
-85.981255,95,36.591527
-81.363045,83,36.604388
-51.712105,64,36.633287
-32.36271,114,36.66486
-65.17171,80,36.674775
-44.24493,68,36.678547
-35.93257,113,36.718407
-42.59162,82,36.751122
-104.11594,88,36.751156
-174.18948,136,36.776204
-65.444214,98,36.782603
-50.998505,119,36.833214
-57.55493,79,36.870333
-80.30803,66,36.901326
-35.59169,95,36.907645
-40.965824,84,36.913289
-99.16499,119,36.917191
-43.687786,79,36.929325
1.1627884,146,36.935608
-268.42603,148,37.001401
-84.98096,103,37.010765
-57.111546,82,37.02213
-84.942345,92,37.08343
-8.3497925,119,37.100495
-50.436134,66,37.11925
-73.814995,63,37.122616
-188.07397,116,37.126208
-55.88372,78,37.14152
-22.40609,100,37.178199
-105.54669,90,37.191389
-43.128258,87,37.208943
-21.851517,137,37.221634
-80.35877,119,37.286081
-90.51551,142,37.290395
-181.79875,95,37.323359
-5.278839,116,37.383981
-75.676125,78,37.388391
-166.13045,90,37.42215
-69.33704,126,37.435365
-63.483795,93,37.439376
-58.6858,74,37.445574
-38.22688,79,37.448612
-57.5829,113,37.457657
-23.993393,123,37.508444
-75.19492,113,37.519402
-144.0841,73,37.528538
-203.11761,118,37.594004
-70.095215,93,37.620972
-65.566025,77,37.633049
-117.941124,107,37.638856
-82.61904,69,37.66345
-29.647324,136,37.666985
-55.37544,81,37.713934
-15.642944,95,37.72508
36.540947,1000,37.737131
-87.29381,117,37.755711
-134.24066,111,37.786834
-77.61018,114,37.793844
-105.604385,104,37.85211
-96.50702,134,37.866282
-231.12503,120,37.880961
-66.493515,118,37.883997
-58.08539,95,37.890003
-116.30642,85,37.893544
-82.68641,75,37.896796
-67.30522,87,37.906184
-29.410973,70,37.93718
-29.683113,118,37.984669
-67.14984,115,38.016659
-38.038696,75,38.024383
-45.31352,106,38.063069
-30.39009,80,38.098697
-4.4955826,108,38.119851
-77.75156,132,38.119883
-10.958893,123,38.133603
-47.332233,98,38.184696
-45.450687,105,38.213649
-87.987045,109,38.229207
-78.57544,118,38.248053
-62.38677,85,38.248086
-83.41742,78,38.257115
-92.55549,128,38.260465
-73.15602,79,38.266842
-24.983765,119,38.273528
-62.606876,112,38.284198
-135.47072,126,38.288169
13.340866,89,38.335988
-71.77403,78,38.339435
-48.632683,86,38.40236
-79.05705,76,38.45337
-89.22568,118,38.487453
-77.62773,73,38.515759
-55.37307,107,38.51946
-104.64043,88,38.537325
-82.58834,135,38.541287
-69.72968,104,38.575846
-56.47999,76,38.579226
-41.17593,111,38.599628
-0.57863617,116,38.636178
-36.278793,129,38.639571
-42.853,118,38.650718
-134.66858,128,38.665885
-46.68489,83,38.665914
-36.585064,110,38.687957
15.810699,143,38.736817
-81.91904,62,38.773994
-142.43134,102,38.777762
-69.57003,68,38.796963
-91.68716,104,38.848305
-70.3978,101,38.859079
-19.452553,78,38.893357
-26.369522,122,38.903497
-87.49662,89,38.919191
-11.967712,137,38.922871
-22.965584,83,38.946789
-112.31849,95,38.960933
-101.3905,116,38.964445
-30.511696,141,38.986332
-36.616127,115,38.996487
-94.040825,84,39.000304
-120.08484,115,39.024643
-66.72583,66,39.054631
-109.5832,96,39.075357
-39.849308,122,39.153754
-54.65951,79,39.168599
-41.03286,67,39.174819
-48.11848,72,39.186833
-155.1441,107,39.193651
-56.285015,98,39.199956
-59.96997,131,39.206293
-42.159546,89,39.265744
-8.1362,81,39.278267
-91.9386,126,39.296218
-70.002235,80,39.305676
-38.971287,119,39.318494
-4.3176117,73,39.398066
-14.117111,144,39.45717
-24.674294,146,39.461253
-14.223663,176,39.479077
-53.036243,107,39.502533
-64.00423,66,39.515768
-74.40666,136,39.515815
-68.9508,81,39.533381
-70.475464,66,39.541655
-52.52448,113,39.544805
-18.2322,106,39.554348
-91.313156,114,39.562362
-35.201485,114,39.575619
-66.501816,82,39.582491
-71.3355,101,39.612275
-26.008072,142,39.658735
-58.415367,68,39.68459
-92.80929,70,39.694751
-47.22176,94,39.712379
-110.64192,81,39.779981
-67.771935,103,39.815835
-39.451817,101,39.830773
-47.885593,81,39.840071
-113.46915,103,39.869061
-46.55463,106,39.909379
-69.26464,83,39.918965
-135.24612,118,39.918993
-37.377277,126,39.936151
-29.14872,123,39.94494
-77.98447,140,39.962425
-158.69492,131,39.974388
-38.629944,92,39.98086
-17.297195,101,39.999299
-113.21169,127,40.011508
-50.950855,67,40.047685
-34.58487,115,40.072312
-142.62364,107,40.110703
-43.67772,69,40.132246
-70.70474,99,40.137354
-14.313774,78,40.153383
-79.07258,109,40.153417
-70.64754,64,40.199022
-34.82672,107,40.202725
-36.944267,94,40.211684
-50.530537,91,40.218155
-73.06192,72,40.236415
-85.574585,97,40.264336
-39.760357,95,40.278676
-61.523876,122,40.323839
-36.57251,99,40.353159
-42.57638,126,40.364617
-50.234367,94,40.406009
-22.531563,110,40.415915
-77.82367,110,40.4763
-79.63991,85,40.476339
-26.572525,113,40.490178
-84.642555,106,40.530386
-72.439926,87,40.537427
-22.926315,124,40.540508
-15.003014,114,40.561086
-295.69427,144,40.60464
-67.492424,122,40.621403
-20.44793,131,40.632416
-48.451122,95,40.658646
-58.04957,123,40.667526
-16.577652,113,40.727879
-28.540955,80,40.746547
-9.882118,96,40.782051
-32.560776,97,40.785459
-22.403046,121,40.798554
-25.041199,162,40.835006
-139.66539,142,40.85402
-20.65969,104,40.869214
-78.24084,110,40.88428
-47.977516,118,40.903679
-4.914543,83,40.916111
-116.98343,118,40.932655
-50.29006,105,40.950511
-23.94587,93,40.957252
-39.96587,113,40.960752
-46.542526,116,40.994021
-15.230698,93,41.03623
-66.48889,71,41.078314
-46.576405,66,41.078354
-34.760666,94,41.078363
-77.17195,123,41.110762
-47.959984,102,41.11874
-50.714874,107,41.122153
-52.509106,71,41.140663
-90.58462,90,41.24481
-3.5744247,82,41.253874
-47.22935,118,41.257008
-31.045998,139,41.273615
-90.99887,126,41.301737
-45.72696,109,41.30177
-11.75798,119,41.308687
-0.9086304,118,41.326609
-62.69,93,41.37502
-102.32946,103,41.408202
-8.607864,122,41.425858
-69.36735,98,41.438844
-63.71071,113,41.442259
-42.637096,110,41.476617
-100.40499,125,41.515392
-51.38522,80,41.515439
-118.33028,91,41.542256
-93.787285,88,41.546404
-30.837578,101,41.628523
-56.03838,64,41.647366
-48.043022,157,41.647439
-32.012123,101,41.654907
-58.058296,81,41.673664
-40.272476,130,41.705608
-50.116737,124,41.720832
-116.019936,128,41.727225
-82.49347,99,41.771763
-46.87112,104,41.824043
-55.157497,84,41.830919
-48.419083,124,41.842898
-104.48848,70,41.872762
-39.836037,113,41.89402
-38.054874,110,41.909992
-50.696198,84,41.980947
-86.31065,84,42.0013
-82.48346,103,42.013142
-20.430908,70,42.064076
-14.919243,131,42.081279
-115.374954,134,42.09118
-66.77466,115,42.094636
-144.8594,222,42.104973
-54.47607,115,42.138657
-45.022697,88,42.157641
-15.364746,156,42.182179
-39.685238,86,42.20096
3.8515167,115,42.208119
-32.32048,110,42.266141
-62.73874,60,42.305051
-61.26817,98,42.336041
-66.93458,105,42.336079
-38.19024,79,42.376455
-68.35534,110,42.388684
-54.07166,95,42.391972
-66.70951,107,42.463541
-65.60393,96,42.473108
-35.35367,125,42.511612
-50.65955,101,42.522943
-33.821075,109,42.561321
-39.301167,108,42.565069
-211.12595,131,42.59742
-100.25248,86,42.617481
-35.72608,76,42.635767
-49.992233,77,42.64227
-62.0632,121,42.657939
-123.28498,101,42.66428
-69.7511,112,42.668229
-45.43269,66,42.683504
-113.19697,66,42.726681
-110.48154,92,42.756383
-80.233475,118,42.759841
-40.394905,78,42.80584
-84.380005,101,42.828952
-55.201317,69,42.866135
-68.70755,77,42.913024
-42.681023,87,42.941361
-115.811646,122,42.95824
-125.27078,116,42.992466
19.326576,110,42.992518
-148.25117,131,43.022274
-42.82479,106,43.029659
-89.54651,113,43.036222
-54.608234,103,43.067307
-25.582558,81,43.098738
-196.3606,391,43.114239
-71.348465,115,43.132551
-46.72003,74,43.181568
-55.173683,130,43.185298
-74.2391,126,43.219189
-7.8475723,105,43.255123
-174.76788,122,43.262305
-52.022335,70,43.291542
3.1121292,82,43.295458
-26.235298,105,43.299288
-23.439713,96,43.305216
-57.23182,105,43.333556
-94.292305,77,43.347653
-50.18096,81,43.381463
-71.90544,77,43.390471
-5.3566513,115,43.405558
-35.006508,87,43.477121
-97.86294,141,43.505133
-40.053745,98,43.514369
-17.198242,109,43.583369
2.1385193,92,43.607431
-35.17681,112,43.635467
-26.043991,91,43.638776
33.413315,124,43.668323
-55.35473,91,43.689587
-21.352295,89,43.696302
18.067375,118,43.70013
-27.606522,121,43.700172
5.289459,106,43.703449
-38.043076,107,43.734299
14.162178,86,43.792059
-32.814133,90,43.795759
-25.976776,126,43.879063
-28.037361,66,43.879109
-11.427353,99,43.965944
13.135994,135,44.031569
-21.380371,102,44.039777
-41.261906,109,44.063146
-41.53959,109,44.067052
-59.462963,131,44.073689
-32.373978,115,44.080079
-76.736534,119,44.087035
-110.30377,149,44.102339
-32.779114,96,44.119773
9.816849,99,44.127156
-34.583435,72,44.130967
-15.1256485,91,44.194005
-7.205002,171,44.298261
-40.618347,76,44.307382
-49.73728,91,44.373769
-71.85474,80,44.376935
-61.713333,93,44.386073
-18.453796,109,44.393721
-59.515102,133,44.402885
-98.24379,106,44.41474
15.318481,92,44.424908
-32.876945,112,44.428183
-63.933258,101,44.42821
-65.635025,133,44.461329
-95.06336,96,44.495865
-76.65853,73,44.535261
-115.8476,129,44.54329
-98.776726,69,44.600762
-31.079323,72,44.638209
-32.08419,124,44.712615
-58.143513,104,44.726113
-41.71308,108,44.745353
-70.42241,102,44.760438
-45.502117,80,44.763503
-32.384666,106,44.777706
-80.65503,114,44.792656
-67.04521,75,44.792692
-61.47309,102,44.802621
76.40736,1000,44.815372
-128.65709,467,44.835324
-60.157204,125,44.841867
-37.52457,71,44.875002
-83.53373,105,44.885823
-44.965973,161,44.904585
-41.44975,74,44.970734
-39.98548,143,45.063627
-54.41399,100,45.086465
-54.242203,78,45.089746
-44.040432,108,45.096377
-60.552364,121,45.10574
-44.12867,101,45.114438
-42.313984,101,45.114463
-94.776344,117,45.152066
-44.270355,92,45.166455
-91.45235,127,45.170163
-43.693184,106,45.173534
-9.819328,122,45.207284
-99.14184,115,45.249533
-45.42155,151,45.284443
-39.829292,103,45.299329
-17.890884,72,45.318515
-50.159157,92,45.360559
-113.79831,81,45.364282
3.6724014,146,45.369803
-17.793488,95,45.424584
-12.00238,80,45.434679
-52.009792,110,45.470047
-25.738953,120,45.483094
-121.34007,98,45.48711
-71.77684,91,45.499979
-74.88199,73,45.535418
-42.221214,144,45.554191
-56.35044,127,45.576628
-76.36723,66,45.580327
7.183426,139,45.602166
-84.01463,98,45.602202
-78.788895,98,45.637291
-136.26718,120,45.640365
-36.681652,96,45.676858
-46.416363,82,45.698519
-59.98931,74,45.712574
-76.88431,108,45.722327
31.979828,90,45.778409
-14.23452,113,45.787764
-15.674553,92,45.833658
-56.983242,80,45.837619
-38.90276,82,45.896875
-115.85745,125,45.900791
-91.16528,64,45.900838
-103.05375,94,45.905007
-70.530914,101,45.90504
-43.71703,117,45.931796
-47.291885,109,45.951993
-79.9802,100,45.95902
-78.84431,75,45.959049
-90.52437,90,45.962857
-31.169708,160,45.996997
2.5662308,78,46.03838
-56.762943,92,46.075131
-60.637386,117,46.087196
-106.196594,69,46.153167
-70.67871,102,46.159864
-93.00072,100,46.227544
-73.33197,86,46.24165
3.710312,93,46.259794
-28.440422,115,46.278337
-0.9395523,135,46.278381
24.81044,116,46.290354
-45.98348,77,46.296924
-48.43434,71,46.313822
-79.986435,128,46.326282
-22.471664,137,46.356494
-7.627693,134,46.403655
-55.61714,125,46.415914
36.672318,97,46.477557
-16.935722,162,46.499642
-46.49078,63,46.503715
-100.26364,131,46.522901
-27.371002,84,46.53937
-77.536385,95,46.547535
28.808884,93,46.58902
-49.228752,112,46.619765
-27.206017,101,46.626862
-8.697456,107,46.637419
-45.975906,99,46.64414
-115.677925,113,46.703151
-17.967628,117,46.748549
0.75592804,118,46.808095
13.702789,89,46.821096
-13.3003845,97,46.860769
-38.493908,74,46.867704
-24.631874,78,46.889346
-40.965748,104,46.889377
-84.840294,124,46.915524
-51.22332,101,46.922155
-33.081436,89,46.93545
-30.216545,164,46.947568
13.2901535,142,46.969669
-31.317986,109,46.976318
-21.044579,108,47.050683
-4.3165894,108,47.092912
-64.992966,103,47.135372
-67.79032,73,47.163712
-16.625145,96,47.173332
-79.272934,102,47.185477
-55.138107,93,47.185505
-73.239365,117,47.191752
-69.99858,93,47.215044
-34.37941,107,47.232374
2.1804123,97,47.255466
-136.4874,109,47.262201
-54.872387,78,47.298341
-34.560738,110,47.316718
-62.272846,111,47.325394
-37.424656,72,47.416435
-45.306564,85,47.445404
-96.76053,116,47.464794
-39.70822,94,47.464835
-22.943924,118,47.511954
-56.33296,70,47.549139
-72.031494,117,47.592277
-36.337784,115,47.624636
1.0906143,131,47.652236
-31.138031,113,47.662708
-49.300545,127,47.66933
-17.46177,148,47.669358
-11.635918,127,47.725496
-29.379951,93,47.74306
-18.983826,113,47.777981
-79.62456,72,47.781115
-114.60877,113,47.828378
-11.06208,519,47.850583
-59.867928,68,47.882285
-119.44656,102,47.91483
-98.04708,228,47.914863
-40.242134,132,47.934036
-51.594894,87,47.93742
-27.793518,115,48.014134
-19.096054,132,48.041292
-37.89128,140,48.109851
-14.629593,114,48.137867
11.17556,109,48.193049
19.606827,99,48.196231
8.594681,90,48.199968
6.299225,134,48.206463
-10.984444,120,48.206488
-51.982456,158,48.243253
-74.48488,113,48.287805
-64.586426,92,48.305604
-85.08844,87,48.315621
-42.917675,127,48.337167
-45.78557,87,48.380654
-70.17398,72,48.422131
-27.245453,76,48.445291
-17.899628,104,48.47381
11.539627,96,48.519859
-55.716373,98,48.526798
-38.24742,88,48.534989
-76.01848,105,48.542137
-33.050644,82,48.564017
-29.028442,92,48.623204
3.035759,105,48.655293
-41.06376,100,48.670509
-96.741135,94,48.733824
-70.75585,92,48.748386
-83.90317,120,48.783428
6.9565735,86,48.83965
4.45549,99,48.845538
-65.03423,111,48.877431
-86.04323,119,48.91986
2.3150024,152,48.964599
-41.954494,136,48.968399
32.451996,99,48.968429
-64.2869,100,48.987705
-9.188179,133,49.042675
-74.619835,70,49.069115
-9.487167,124,49.139035
-49.44287,128,49.139123
-27.935387,85,49.14585
-51.958847,124,49.175992
4.8314133,83,49.185101
-21.94307,79,49.240884
-63.56535,72,49.278247
-128.24445,138,49.281571
-30.132706,101,49.291102
-63.17872,101,49.295326
-107.0786,75,49.311355
-65.385284,106,49.311381
-32.15744,73,49.378657
-72.05009,93,49.44239
-69.24195,91,49.442446
-115.86163,85,49.461099
-82.757614,93,49.476721
-30.342598,78,49.528672
-53.777664,87,49.559628
-16.489784,80,49.565681
-66.32643,102,49.568954
-62.379402,74,49.615707
-57.888363,112,49.656082
-99.6897,117,49.689359
-87.37838,125,49.696167
95.50342,1000,49.703925
-100.436615,81,49.725691
-52.23143,88,49.729062
-31.070984,76,49.818452
-59.645706,113,49.843081
-80.95872,124,49.843119
-41.352406,79,49.907284
-92.59262,122,49.920663
-113.42155,120,49.947529
-48.448795,70,49.950755
-60.2443,81,49.960469
-39.163776,78,49.973348
-74.12804,120,50.0717
-194.09512,159,50.077636
0.037887573,124,50.09059
-16.77021,88,50.121406
2.6918716,106,50.155022
4.087044,79,50.210029
-67.144424,118,50.216355
-97.198586,89,50.233003
-19.297241,103,50.236054
-22.731522,116,50.313505
-65.87964,112,50.326176
-64.526215,86,50.341253
-55.956806,80,50.341281
-67.14523,84,50.34129
-8.144508,71,50.345162
-11.20929,139,50.360883
-20.38192,98,50.526904
-45.193043,106,50.565811
-45.309452,147,50.617734
-3.425888,131,50.624461
-98.83536,106,50.6503
-3.6523209,97,50.650347
52.688824,1000,50.670944
-3.7573547,105,50.682986
-25.78032,104,50.683022
34.982513,113,50.710997
30.115433,149,50.72079
-0.85626984,114,50.737304
-48.38311,136,50.77692
-33.01191,84,50.854408
-43.0708,101,50.867522
-104.8037,85,50.91632
-68.657364,94,50.938955
84.58392,1000,50.946163
-49.16544,77,50.969613
-37.83432,106,51.026773
-54.146046,103,51.026818
-48.34414,91,51.037701
22.996048,90,51.070802
-43.259815,126,51.077629
-106.019135,110,51.084419
-9.092659,125,51.100358
115.54947,1000,51.1416
-47.48517,150,51.155404
-60.408485,73,51.178062
-45.733654,72,51.204381
-35.920273,108,51.220881
1.4582596,130,51.283877
-11.77668,111,51.283942
-72.93565,114,51.320355
10.00206,97,51.390582
-46.825138,111,51.394428
-20.3322,90,51.399395
-42.610363,109,51.39943
-66.5161,127,51.44648
-26.060074,113,51.44962
-19.211945,100,51.474657
-30.691277,91,51.481977
-29.64692,100,51.488511
-25.157425,108,51.575317
-72.06619,92,51.582564
-110.717316,91,51.620691
-4.3070297,133,51.643672
-22.016212,116,51.661414
-64.171234,94,51.702871
-55.47819,96,51.702916
-92.37459,102,51.724745
-40.521637,74,51.724786
-46.36206,100,51.770149
-89.63887,96,51.783411
-41.99939,121,51.79004
-75.44265,110,51.804177
-74.881386,78,51.830281
-104.14561,110,51.837145
44.628983,104,51.918401
-10.184998,89,51.946397
-51.4953,105,51.95613
-36.79443,109,51.989196
11.166641,84,51.992556
-9.372261,79,52.087415
-71.119385,122,52.09352
-56.86309,103,52.103382
11.34581,124,52.124826
-10.294617,108,52.13158
-15.3591385,106,52.145228
-1.9540558,100,52.151632
23.078026,162,52.222979
38.238358,146,52.258617
-69.4577,98,52.271741
-91.142044,105,52.284636
-43.98346,92,52.287972
-65.80526,102,52.321415
-134.65561,129,52.331586
-49.985107,80,52.346145
-79.12711,74,52.388659
-73.9551,82,52.394939
-0.6831589,98,52.421877
-86.355225,69,52.446347
-3.2261047,113,52.46224
-56.62471,101,52.472532
-102.9946,113,52.491429
-78.142105,74,52.500493
-71.88599,68,52.50708
-31.522392,93,52.575631
-64.37814,74,52.588786
11.103149,76,52.641616
-71.31129,82,52.68595
-9.152054,112,52.685986
-26.287796,108,52.736076
-16.372765,130,52.751921
19.92656,146,52.758793
-81.74899,104,52.779602
-44.317463,91,52.779638
-69.39759,104,52.804368
-79.7604,97,52.817864
-60.583637,116,52.833243
-40.3189,87,52.851895
-22.052185,1000,52.855057
-32.528404,95,52.893118
8.530647,125,52.904545
-33.33206,115,53.025667
-23.17389,110,53.054609
13.274689,101,53.120379
-16.498863,82,53.133884
-50.814934,126,53.158179
26.470688,121,53.164877
-22.371758,96,53.177841
-151.40889,121,53.18758
-27.451797,89,53.203113
-44.352028,144,53.235072
-3.4077835,109,53.260944
-2.671791,116,53.401444
14.308296,87,53.459304
-19.416153,104,53.472553
22.461037,90,53.494316
-36.196327,105,53.49741
-50.615955,119,53.50655
47.84001,161,53.574503
-55.330498,107,53.577681
-29.754822,131,53.608835
-2.4732437,81,53.663207
19.019508,125,53.663256
-41.640224,88,53.780207
21.920273,120,53.859913
-12.830933,115,53.869742
-5.2777176,95,53.883773
-69.57091,94,53.916901
-6.82502,128,53.923085
27.506676,148,53.939415
-44.835487,92,53.960531
-43.250423,119,53.964189
-24.642006,100,53.985435
-207.86234,101,54.103495
-2.445839,85,54.142387
-34.21884,97,54.246852
9.395149,104,54.246902
6.2560043,125,54.281225
39.62007,109,54.306489
-131.46198,123,54.312862
-7.254898,111,54.316317
47.034786,1000,54.331107
-44.163696,147,54.331138
-58.76361,84,54.415748
-66.56485,109,54.460568
7.738411,80,54.512125
-41.573425,76,54.591897
-22.780258,90,54.644244
-37.538757,74,54.674869
-14.149574,104,54.678357
-9.741562,109,54.691783
3.0931091,142,54.794805
-57.331093,154,54.80739
-17.636955,72,54.837129
-67.3698,94,54.837162
16.42685,124,54.888322
-65.11565,79,54.909548
-18.24176,78,54.93471
11.546898,96,55.124408
39.55011,104,55.136577
30.594086,93,55.144743
27.155289,152,55.186343
-1.9855881,106,55.193449
-71.37462,112,55.261037
-49.23654,107,55.268031
-39.767246,99,55.268058
-61.058704,86,55.413566
18.013634,95,55.460452
-8.072548,110,55.515078
-20.424614,107,55.550035
5.6505127,90,55.559627
-2.2939835,119,55.662624
-5.3423233,131,55.700467
-35.275223,101,55.788581
-24.670189,79,55.805452
-285.60968,549,55.808949
-6.22657,120,55.808978
-78.87558,92,55.815502
-54.62026,88,55.946464
-23.597961,121,55.953337
6.04908,81,55.963002
58.966316,1000,55.985214
-83.179794,267,56.067449
-20.347435,79,56.07054
80.63934,1000,56.106681
54.132046,1000,56.120169
-17.526482,96,56.123424
100.53343,1000,56.135159
11.019348,117,56.19554
11.129944,119,56.207716
-15.715202,77,56.219639
40.505844,91,56.25042
-25.534286,111,56.350121
26.743591,101,56.40175
12.924599,142,56.425525
51.441574,102,56.444913
-7.3088226,98,56.444948
-91.033905,97,56.457868
109.50573,1000,56.461141
-43.130585,126,56.484855
-31.476273,114,56.499013
-44.782753,99,56.574272
-54.06618,59,56.593058
-22.483543,116,56.601735
22.098122,128,56.618089
-13.720871,128,56.632392
-24.78154,87,56.639843
-73.73484,71,56.691567
-98.87553,78,56.70249
-31.060593,99,56.753938
-102.56899,80,56.753992
-5.6664658,88,56.792627
31.23703,118,56.83306
17.661896,87,56.887919
-31.797264,133,56.897903
28.549683,88,56.976074
-64.02267,124,56.979898
1.4701538,130,57.016237
-12.559715,131,57.044292
-22.740402,131,57.064199
19.064278,107,57.097986
-41.671745,109,57.142666
-86.65187,138,57.149679
-122.14379,134,57.186746
-27.434692,111,57.193838
-6.008011,96,57.200583
41.97821,97,57.212396
4.2632294,83,57.247857
-39.242832,76,57.266144
-202.97455,198,57.276145
-27.957169,111,57.336005
-15.375328,113,57.417049
5.9047318,83,57.426094
3.857933,77,57.442915
-5.161888,121,57.466332
-3.7916107,113,57.475278
-6.7447815,92,57.568993
112.070366,1000,57.575023
-134.00638,116,57.597241
-64.77136,119,57.600623
-129.26334,136,57.607753
-56.890244,118,57.671815
-31.622452,127,57.712576
16.566055,126,57.770402
-48.310394,106,57.780629
-5.852768,108,57.796981
-3.1655426,105,57.804995
24.89254,109,57.848902
-41.868702,83,57.874994
-122.274994,93,57.882011
-40.46227,96,57.898695
-23.000893,130,57.913786
-19.22197,96,57.924796
-68.11462,65,57.992993
41.918526,1000,58.012877
-30.13749,109,58.041139
-19.545448,129,58.041189
-32.23455,104,58.064297
-61.19487,92,58.110179
-10.698616,73,58.124112
-53.69913,107,58.14156
-46.075256,88,58.141599
-12.847321,95,58.229592
-25.514572,115,58.258635
30.486526,143,58.275843
5.4729004,83,58.289615
-39.661835,116,58.308511
-4.900772,102,58.329657
-3.1579208,133,58.341653
-35.970985,91,58.34168
-315.59485,770,58.349809
-27.024414,69,58.373571
-26.683685,95,58.445918
-14.496109,120,58.466947
11.233101,76,58.487373
-75.59131,117,58.506913
-3.0219193,139,58.506947
-15.082359,69,58.510872
8.1063,89,58.561276
-32.873978,133,58.59053
-1.9327698,108,58.653146
20.309845,105,58.694686
-12.296394,98,58.701156
7.273987,109,58.714654
10.189484,81,58.714686
24.80426,118,58.737597
22.898193,128,58.761435
12.945717,82,58.77855
-15.45433,88,58.802445
2.5954285,104,58.812774
-4.3520126,112,58.860649
22.009193,135,58.954673
60.304382,89,58.997776
-3.5860367,87,59.004838
-6.7316055,111,59.020426
26.089012,131,59.023851
44.479523,87,59.026975
9.738434,82,59.033252
-27.399551,103,59.036939
-13.375397,73,59.054126
53.138794,103,59.05724
6.7387543,110,59.140046
-39.813023,98,59.178074
45.370712,126,59.216302
3.3871994,107,59.32814
6.188492,94,59.379854
52.841705,104,59.404479
-37.652805,106,59.408669
20.69661,107,59.420556
-14.399361,105,59.440778
-9.683029,109,59.457785
-11.24411,141,59.547882
-38.09514,112,59.561308
-32.161774,101,59.565431
-22.556602,67,59.580255
-2.529091,105,59.62449
-16.654495,69,59.636035
-24.398651,69,59.66055
-2.6996536,71,59.68345
-5.1161957,76,59.69022
-59.321835,69,59.804563
-110.82261,230,59.841117
-28.773827,110,59.856749
-182.89807,120,59.874376
5.590477,85,59.888732
-20.10942,92,59.898761
27.224152,80,59.918348
-28.300446,94,59.983071
-32.022255,114,60.017836
-99.663506,69,60.063958
-3.7696304,118,60.084659
-48.0106,72,60.091309
-70.58219,123,60.094821
-34.624123,95,60.113437
-8.514374,62,60.116563
-91.58648,82,60.138434
-66.443756,82,60.162997
54.256165,99,60.340197
-27.809074,91,60.385671
-37.299667,103,60.432269
28.2267,91,60.439746
-21.502632,108,60.446683
-6.8354416,102,60.45281
4.648567,90,60.459103
-5.2464066,122,60.465553
99.17735,1000,60.61804
15.431824,92,60.645118
-14.283386,87,60.753444
-80.27461,236,60.756878
-10.387886,98,60.756926
-64.157814,93,60.760728
-53.539486,97,60.780546
6.5548477,123,60.851336
24.298447,140,60.910465
-22.02739,95,60.934186
-12.389191,93,60.953485
-108.30305,192,61.016017
-28.827156,95,61.071939
-11.721954,109,61.113076
-16.777687,107,61.130504
-40.97712,117,61.140646
4.142662,120,61.14805
-38.47599,82,61.177909
39.669098,83,61.203448
32.988617,99,61.275662
-16.633263,132,61.279304
3.946724,80,61.279332
-180.77515,369,61.326872
45.82431,85,61.418399
-28.260017,109,61.427769
1.8907166,71,61.511886
-41.222958,73,61.518685
1.7810974,122,61.530715
35.192688,123,61.581964
-1.7479095,132,61.582004
15.039436,124,61.612906
7.938614,111,61.641904
4.5874405,103,61.668103
-20.854763,1000,61.689055
-6.536003,102,61.756121
-58.618866,115,61.80592
-73.970245,92,61.821139
6.2622375,110,61.874817
-61.34478,96,61.898921
35.80487,116,61.921191
-38.21559,84,61.925714
58.335003,1000,61.941348
2.7555618,110,61.98408
-5.238762,127,62.011052
-66.59397,113,62.068941
-63.049545,122,62.079005
-23.128387,76,62.082694
-4.821907,87,62.106943
-50.90062,80,62.205196
-20.29396,103,62.247078
52.081345,149,62.25821
29.122803,89,62.27796
16.16919,136,62.369984
15.690208,135,62.370029
120.44445,1000,62.37338
-4.813614,122,62.487898
2.274292,120,62.503332
-1.7632217,130,62.509972
-72.79701,93,62.51401
-49.158188,82,62.519695
-169.70134,432,62.547552
-35.17424,93,62.562055
-16.204132,154,62.579909
-6.807266,114,62.663304
-46.02022,89,62.683094
-12.239624,95,62.70046
50.474564,101,62.858158
-1.1974258,104,62.873914
35.263763,108,62.877526
95.895515,1000,62.904293
51.629456,124,62.908326
4.724968,98,62.914762
-29.152435,112,62.930059
15.659203,116,62.957623
33.602417,91,62.983665
-2.6445618,112,63.039433
-33.349556,105,63.049849
-6.4951706,68,63.08474
-28.063797,71,63.149724
-32.881966,88,63.172057
-44.434418,92,63.187162
-53.04192,80,63.199636
137.32414,1000,63.20708
-74.03691,80,63.230131
-26.800278,74,63.233304
-37.68809,96,63.237058
21.27385,103,63.249379
-2.5583344,92,63.354183
-68.17001,125,63.503277
-34.668777,105,63.520508
-60.714405,88,63.527532
6.845169,104,63.555986
19.337494,117,63.589745
1.0077057,111,63.600012
22.073067,136,63.600051
-43.536655,132,63.698996
22.549995,115,63.753414
6.8640976,93,63.85139
-32.875984,104,63.86446
-34.77363,82,63.877942
-44.783188,83,63.891336
19.808403,107,63.923632
12.067299,122,63.94251
-21.071434,102,64.038323
-27.48008,133,64.051898
6.1811066,84,64.142083
0.06903839,80,64.159528
-42.27902,81,64.218319
11.731499,124,64.273557
22.318344,97,64.401596
-49.295692,88,64.461654
7.158844,100,64.519456
23.609268,146,64.55664
-15.130852,91,64.592415
-39.383766,111,64.605228
-62.2962,69,64.698552
-48.402397,109,64.779261
-27.900124,93,64.838985
-58.311554,100,65.117601
-9.065117,100,65.173945
-17.008476,149,65.201881
21.57809,1000,65.277261
-109.96026,1000,65.400632
-80.23039,111,65.485473
-39.94392,97,65.494868
-30.581238,97,65.600327
15.451584,124,65.617491
-59.878696,74,65.652948
69.58988,1000,65.772885
-37.501415,73,65.859385
-44.890438,112,65.859436
152.20665,1000,65.898871
30.144165,128,65.920789
-14.422966,109,65.958545
1.132721,105,66.125757
-17.512436,97,66.185875
24.288467,81,66.195699
-10.29361,98,66.227927
5.0822983,114,66.241948
-55.58962,83,66.241986
213.04599,495,66.258242
4.152116,1000,66.432575
10.264313,106,66.482228
18.445854,100,66.570547
-13.020005,1000,66.583372
-4.810463,103,66.592485
-14.653343,104,66.595655
-24.61621,103,66.610904
152.52708,1000,66.635535
-36.77804,96,66.754914
24.55149,95,66.801174
-125.81599,84,66.847692
-16.326042,85,66.875263
-22.535133,97,66.904795
-5.45697,101,66.928741
37.23622,101,66.941355
-4.5200424,110,66.994128
-14.193962,81,67.06054
-20.654024,1000,67.128904
-25.582497,89,67.198227
29.665497,105,67.220646
98.78383,1000,67.251877
125.86964,1000,67.299185
-5.7931976,111,67.311543
23.104965,79,67.327788
14.329735,112,67.366366
21.463188,135,67.376042
-38.142937,71,67.530639
25.055138,103,67.558701
-4.486145,115,67.630645
17.210922,91,67.666407
-34.735092,95,67.689328
7.619232,112,67.695777
-220.79941,291,67.714637
1.8031082,78,67.889435
126.10405,1000,67.899148
140.5718,1000,67.946155
-6.0627747,121,67.955962
6.641838,132,67.966242
10.579613,85,67.966273
-22.33068,99,67.990264
-47.145206,85,67.994126
-32.332817,93,68.000525
-29.10984,71,68.1954
18.884842,106,68.231749
13.747993,78,68.244682
-7.851486,96,68.273872
-40.437893,122,68.290023
-0.0068893433,110,68.299767
9.477768,112,68.315182
-28.245949,102,68.326683
-34.278625,116,68.364143
16.778648,112,68.596756
6.135269,102,68.627054
-2.2841263,108,68.661728
-15.946213,103,68.66178
25.552513,103,68.714507
4.094719,143,68.72577
-16.040894,121,68.738745
-47.337524,138,68.742561
-4.79776,96,68.932353
-13.093628,81,68.942276
-49.14853,1000,68.977625
3.7705612,78,68.981664
-14.697922,96,69.048958
17.390625,111,69.114617
-12.40654,80,69.195688
30.474731,96,69.260535
-165.64877,942,69.323382
-19.591614,107,69.331136
42.307983,92,69.358131
118.72993,1000,69.511036
1.7251282,107,69.616575
-80.713394,130,69.629853
12.98333,113,69.707609
-25.449203,112,69.726684
7.6160507,124,69.736435
-24.334343,85,69.787313
-59.352356,88,69.904913
-72.38341,71,69.936085
15.177155,79,69.980917
-40.20624,125,70.035212
-70.250755,89,70.073232
-53.025013,118,70.117352
143.21765,1000,70.150562
14.85965,81,70.167274
8.195213,85,70.257689
120.286125,1000,70.438934
10.335297,114,70.459711
106.78142,1000,70.523243
-22.651009,77,70.540874
153.11833,1000,70.647936
-67.56036,74,70.711875
11.218704,77,70.793715
-96.62969,258,70.827055
22.507767,102,70.830854
5.115448,112,70.940644
-26.446098,104,71.019803
0.2071991,103,71.165081
-133.03676,361,71.295685
-237.44556,643,71.299436
-42.39791,112,71.394325
5.154039,1000,71.583221
10.306419,107,71.664377
39.019165,87,71.693417
54.901184,1000,72.024146
97.666626,1000,72.054704
0.5235672,115,72.074534
17.213905,127,72.08614
143.66199,1000,72.1284
76.882996,1000,72.357921
10.897942,115,72.408039
29.756027,89,72.423054
29.95398,117,72.471256
44.223618,88,72.649675
123.662476,1000,73.523815
146.68732,1000,73.556697
82.0361,1000,73.574142
-138.42564,931,73.853408
26.59439,142,74.035862
128.8772,1000,74.182359
87.83473,1000,74.186113
113.53904,1000,74.280416
133.7157,1000,74.489054
40.44272,102,74.613478
121.53909,1000,74.621043
-16.30506,1000,74.900485
-69.16701,755,74.906668
-111.31267,854,75.248342
117.47339,1000,75.368674
103.846924,1000,75.388733
20.172577,115,75.776594
10.768089,124,75.787634
161.89519,1000,75.795267
119.37423,1000,75.997694
-183.5375,234,76.077529
-26.311287,110,76.211693
-27.64579,79,76.281599
-79.229774,645,76.371066
-12.938156,96,76.401673
2.3354416,106,76.761927
-75.48715,1000,76.914345
137.14178,1000,76.948451
-32.503452,1000,77.247077
3.0236378,1000,77.432699
114.57131,1000,77.587966
11.547211,117,77.837462
10.719208,86,77.881667
-11.745111,1000,77.907324
22.874815,1000,78.032876
28.301737,1000,78.039227
62.656303,1000,78.334244
55.726147,1000,78.341351
48.61496,133,78.779433
46.716427,1000,79.203874
-29.249794,1000,79.214001
-29.490753,80,79.483478
7.0852027,1000,79.5875
-109.32493,1000,79.666719
-28.848846,77,79.739249
-28.94279,1000,79.787141
16.45391,127,80.025948
262.24557,525,80.095987
-32.507328,1000,80.125521
-7.886647,1000,80.275871
16.353764,1000,80.308045
-49.316696,1000,80.611521
-15.83642,1000,81.188914
11.172916,1000,81.23666
105.21069,1000,81.264808
-40.393425,1000,81.388281
-39.55889,1000,81.395988
-194.05273,432,81.468546
22.291733,142,81.667573
210.36136,425,81.734975
23.047493,154,81.981044
90.08944,1000,82.15312
27.460972,1000,82.58024
262.34033,347,82.580289
-6.8092384,1000,83.047313
18.252634,1000,83.115479
12.429532,1000,83.165485
13.261269,1000,83.479527
76.20573,1000,83.505298
11.698303,121,83.585425
-25.34281,1000,83.662858
18.233128,1000,84.002164
264.41785,308,84.095697
44.93908,1000,84.650681
21.365013,1000,84.679507
24.80694,1000,84.806829
-102.96321,120,85.083277
7.3585978,1000,85.083323
58.12356,1000,85.148152
-15.001567,1000,85.409955
35.40111,1000,85.563616
5.807889,1000,86.001812
-22.12779,1000,86.001869
49.375122,253,86.293529
125.60562,1000,86.572025
23.278982,1000,86.942837
86.92879,1000,86.972785
-5.8187537,1000,87.059154
-13.020983,1000,87.132849
-0.1844046,1000,87.491269
138.0761,1000,87.587947
-15.118381,1000,88.126627
-8.533952,1000,88.282659
241.04134,930,88.323398
68.69985,1000,88.574751
-63.250343,1000,88.64108
-30.042414,1000,89.077934
-19.665272,1000,89.527699
0.8323982,1000,89.527751
15.104901,1000,89.81449
18.177399,115,89.93289
30.782337,1000,90.089084
10.139264,1000,90.434491
40.559067,1000,90.462565
29.709803,1000,90.543726
38.18658,1000,90.620889
-27.562368,1000,90.98553
-22.705408,1000,91.085131
8.59357,1000,91.636058
18.312618,1000,91.796147
-3.5033016,1000,91.842551
-23.380207,1000,92.077954
18.685995,1000,92.142093
274.11963,183,92.452491
-32.459652,1000,92.544843
20.367672,1000,92.973346
31.321487,1000,93.248924
-39.358322,1000,93.385112
7.379801,1000,93.536699
-7.2141495,1000,93.879289
2.7274811,1000,93.906309
-43.49799,1000,93.988375
-30.305626,1000,94.062732
-13.57538,1000,94.403877
55.818558,169,94.480759
1.8113397,1000,94.501526
-26.353144,1000,95.043526
-25.87384,1000,95.198514
-21.143196,1000,95.481318
1.543654,1000,95.554546
-21.781504,1000,95.890885
-27.786985,1000,95.987822
192.33443,638,96.085432
-22.95236,1000,96.426857
-27.627703,1000,96.700808
111.63075,1000,96.815903
-24.099047,1000,96.981001
-34.050232,1000,97.448131
-34.84777,1000,97.523622
-17.766253,1000,97.89047
-45.42918,1000,97.968499
-1.934872,1000,97.988325
88.83821,909,98.378134
13.841833,1000,98.530015
-65.394585,1000,98.975205
0.9038996,1000,99.044684
-65.479965,683,99.08714
239.32477,500,99.273404
-45.456425,1000,99.370742
-98.8081,1000,99.464983
-20.085325,1000,99.560352
-6.640138,1000,99.922494
134.82135,845,99.941408
-29.13035,1000,100.355705
-148.3974,858,100.512378
189.38928,763,101.153678
-3.6730516,1000,101.504747
18.8117,1000,101.580398
30.58504,1000,101.601506
129.9284,742,101.825158
147.55829,659,101.918792
-32.48106,1000,102.178451
-46.689697,1000,102.693249
-29.692215,1000,102.765018
203.59259,677,102.925704
-59.878788,1000,103.030887
-23.555271,1000,103.151127
-10.27081,1000,103.36676
-34.5863,1000,103.807091
-11.176817,1000,103.828739
-27.13396,1000,104.519647
24.212217,1000,105.261236
150.43135,820,105.375612
92.59042,886,105.540918
-27.353706,1000,105.643969
9.477781,1000,105.731323
150.20657,440,105.751996
-49.23516,1000,105.756419
118.156975,934,106.149922
-42.257374,323,106.603994
49.49603,1000,106.97313
90.924774,1000,107.053566
-68.87508,1000,107.212761
4.123674,1000,107.311836
18.64957,1000,107.429439
8.955428,1000,107.663059
-6.1202602,1000,108.070649
134.02475,712,108.492692
-32.715588,1000,108.69782
120.86363,696,109.041316
116.06272,829,109.220186
140.96155,882,109.41423
192.0156,906,109.422333
162.60144,680,109.430511
89.491325,998,109.525573
-64.41136,1000,109.905433
106.02413,759,110.347017
125.1956,891,110.733466
-26.910168,1000,111.11534
200.51889,487,111.443501
-30.52444,1000,111.478501
161.8876,981,111.51838
-12.293574,1000,111.830135
292.1905,362,111.880004
112.993164,917,111.895657
-16.761377,1000,112.654592
-25.306648,1000,112.853822
176.86728,846,112.920959
203.80496,370,112.988591
-27.908497,1000,113.186574
-58.739643,1000,113.343776
-68.45032,1000,113.563362
-2.5167537,1000,113.673668
170.1771,576,113.895813
2.1019068,1000,114.067861
140.1987,825,114.535181
116.14695,735,114.860832
-9.618257,1000,114.898751
182.90392,459,115.121345
-13.502446,1000,115.602987
305.09198,633,116.016003
241.64911,559,116.020018
-72.53502,1000,116.036751
-10.893738,1000,116.053002
253.39601,479,116.616879
284.91315,343,116.616927
197.21593,395,116.621443
240.61996,603,116.673273
246.89706,413,116.678882
247.0515,285,116.882681
-45.5062,1000,116.926947
43.426025,98,117.118109
266.71277,239,117.122905
-15.914293,1000,117.145158
-39.693714,1000,117.223538
-51.845516,1000,117.302545
252.52945,231,117.67316
249.55167,192,117.817348
275.18768,249,117.822664
232.11623,205,117.832454
250.99782,390,117.851619
-99.02012,1000,117.959556
267.39813,179,118.061312
253.72945,435,118.07338
254.32138,320,118.097597
-34.259872,1000,118.283153
252.32271,289,118.586419
277.87402,150,118.586495
268.65356,328,118.586509
260.20337,221,118.76835
220.50288,372,118.773316
183.45193,650,118.936851
261.65283,296,118.96211
55.46286,114,119.43938
242.84985,375,119.87232
239.35478,487,119.921586
235.60062,314,119.921633
288.3179,271,119.921643
262.2826,372,120.163341
251.43889,550,120.171051
251.26706,374,120.177218
269.94287,389,120.441438
-47.915287,613,120.451512
245.54413,356,120.471908
238.0672,768,120.499246
120.7974,1000,120.970977
256.72577,304,121.215817
115.414375,769,121.314443
245.37141,197,121.314488
278.21436,328,121.314498
286.2503,269,121.314505
239.86292,424,121.716843
272.66086,236,121.965717
278.70935,196,122.135524
256.88593,413,122.165864
243.8968,481,122.205147
-38.960735,1000,122.298411
-7.7915754,1000,122.322424
201.32115,602,122.415511
256.00476,296,122.457451
42.789948,149,122.955397
226.0799,602,122.990301
246.70071,397,123.013628
262.65253,159,123.021517
288.62228,247,123.034171
264.0344,444,123.2075
275.09015,242,123.215569
210.15732,352,123.225112
229.89674,656,123.242332
271.83057,257,123.246632
221.37984,761,123.399147
37.826492,114,123.42323
-40.0399,1000,123.691661
-20.059921,167,123.70797
266.2273,326,124.407864
200.32748,458,124.417026
225.40475,283,124.422388
262.67426,469,124.422423
247.10718,293,124.494424
251.99568,303,124.534666
253.5008,312,124.549387
241.482,368,124.553639
187.28223,556,124.601644
244.57979,325,124.601687
249.9071,775,124.627288
269.74518,355,124.963662
241.01358,367,125.295048
226.5391,461,125.392945
308.54428,239,125.469737
304.576,217,125.479072
253.12434,259,125.542153
269.71597,257,125.542192
269.97305,262,125.727238
243.02484,320,125.877389
170.54866,315,125.914119
282.28815,281,126.155321
276.6162,208,126.18217
265.10907,200,126.565266
26.383331,112,126.625936
236.22096,277,126.642981
210.79701,697,126.673604
237.24582,500,126.678242
5.6679153,101,127.109975
258.67426,375,127.124584
266.67355,309,127.187678
245.41162,434,127.232833
-29.913424,1000,127.290676
254.79031,278,127.368074
23.96415,120,127.648615
266.27127,298,127.958931
264.5053,177,128.122133
219.28369,227,128.199416
254.27734,391,128.29129
-44.99144,1000,128.687213
26.654129,152,128.750566
134.34511,1000,128.850683
111.91088,1000,128.877009
228.38962,365,129.17204
268.891,655,129.430026
209.64752,360,129.476936
139.82022,1000,129.706131
51.07373,1000,129.781374
294.01562,262,129.99777
257.52618,191,130.002565
279.7173,307,130.002605
305.91632,276,130.034868
226.93753,433,130.135516
152.9724,1000,130.157581
23.872406,117,130.211336
209.99236,739,130.321735
252.71599,370,130.331354
12.599426,103,130.43715
-25.493355,122,130.647747
115.622696,1000,130.821491
40.924988,139,130.920888
8.843201,140,131.025861
-35.049522,317,131.331753
55.594,1000,131.35145
22.462479,122,131.42793
-49.76146,1000,131.526392
-50.032406,148,131.655403
242.1341,546,131.743565
268.56964,412,131.743613
248.7059,377,131.748061
227.16913,464,131.748095
253.45723,263,131.760224
230.76378,223,131.760251
54.931,94,132.039958
35.070206,125,132.262322
24.781334,127,132.266196
104.56673,1000,132.417844
25.47551,113,132.514239
292.3269,311,132.637489
47.524933,93,132.656319
244.63924,236,132.735948
144.27942,771,132.736002
44.023605,94,132.819333
208.3529,693,132.95676
274.69263,299,133.016196
260.6643,377,133.020351
37.11537,89,133.035439
-15.381096,123,133.039623
280.52325,361,133.04401
204.05672,677,133.063449
55.493973,99,133.149878
217.23663,717,133.340522
180.79568,486,133.403079
66.213974,90,133.417256
0.8820267,135,133.519606
22.416672,124,133.53605
36.353363,127,133.578977
15.07785,125,133.676929
22.90786,102,133.859228
47.064026,88,133.906486
203.55917,280,133.929721
37.93393,135,133.993241
25.95546,108,134.017704
61.77205,90,134.08338
-30.362335,101,134.351596
40.95726,98,134.360285
-11.767639,96,134.41294
12.958694,103,134.461867
44.02443,92,134.477561
248.06134,223,134.55674
229.87894,395,134.742287
25.439232,102,134.793143
24.39508,114,135.044486
56.855087,134,135.053478
179.31622,537,135.130069
41.226074,102,135.17999
237.77112,220,135.287071
266.87994,551,135.394357
244.22519,475,135.39922
-39.987255,130,135.605897
40.64113,115,135.616825
19.039253,102,135.81062
62.30734,1000,135.976918
-10.8336115,1000,135.991466
224.93423,188,136.339071
33.817688,99,136.351379
250.1295,336,136.386762
37.120667,116,136.421996
140.43971,1000,136.447015
203.38205,542,136.599899
209.57027,403,136.760211
81.18661,1000,136.782013
281.03683,595,136.852197
-54.418736,139,136.911528
38.48764,129,137.086599
105.8677,1000,137.149471
233.80145,303,137.502425
268.66467,186,137.507355
287.54834,443,137.507382
-208.13371,194,137.516158
260.09436,688,137.523636
247.76852,587,137.588664
256.6998,160,137.752881
135.33578,1000,137.942144
256.87653,249,138.207971
285.60516,314,138.208031
240.58025,457,138.304922
207.79782,489,138.325982
201.45953,231,138.513101
10.68914,157,138.624016
210.57922,263,138.733953
290.20258,295,138.79159
174.25055,580,138.808836
245.67097,300,138.824935
18.23394,104,139.061313
32.52925,121,139.296498
28.607635,115,139.305741
258.32837,426,139.344788
11.989082,151,139.36271
120.35419,1000,139.451316
228.53854,652,139.572419
121.04329,1000,139.66147
37.337402,98,139.758646
245.69922,343,139.783964
282.35223,371,139.794685
17.567146,110,139.837329
216.04323,200,140.20563
251.10071,645,140.326328
36.206436,124,140.368823
218.21945,633,140.536076
-181.43867,262,140.792497
-16.134521,293,140.796744
-36.40672,226,140.817952
256.7862,336,140.826907
-172.40292,599,140.949378
276.73602,231,141.227674
-0.2546997,127,141.336004
39.463806,125,141.35694
29.80542,241,141.385712
1.9142456,152,141.436753
278.7071,450,141.815499
6.697357,108,141.823915
53.14279,117,141.832677
250.0365,195,142.023141
35.935303,106,142.266738
38.18335,130,142.359061
-1.5412064,132,142.35911
109.249374,1000,142.521223
-59.029476,1000,142.814285
235.93594,938,142.84892
259.34827,340,142.853773
249.03716,705,142.853802
-6.2285385,139,143.115668
-59.042988,1000,143.36138
53.229874,149,143.444729
179.81885,706,143.512032
34.48204,107,143.563399
-33.739357,556,143.659711
284.9291,221,143.780645
253.2802,222,143.780693
112.00059,1000,143.975066
34.19995,116,144.002961
45.312134,129,144.213348
247.2261,206,144.32435
64.54654,107,144.439599
116.28424,1000,144.618255
169.50882,876,144.631006
204.0111,621,144.652573
121.80182,1000,145.04729
252.99478,194,145.05178
269.35016,185,145.422786
262.39462,387,145.447217
217.14624,725,145.460843
269.2534,254,145.529124
247.60486,516,145.572787
223.84238,756,145.589417
251.88457,421,145.589461
210.77014,662,145.683258
223.13857,205,145.919783
151.50645,886,146.044751
236.41582,628,146.251266
33.488342,256,146.686204
225.8912,195,146.75526
250.84856,484,147.098832
258.63342,245,147.304515
240.80153,297,147.321518
172.55699,658,147.451371
9.0239105,103,147.881643
214.71555,586,147.912595
160.17389,561,147.917549
193.62535,587,147.941085
206.20563,534,147.947588
191.9245,558,147.947616
184.00052,623,148.112766
240.70793,920,148.258251
104.83942,1000,148.280974
-37.104927,105,148.368574
63.16353,101,148.380542
287.19543,271,148.451778
-17.9963,121,148.629618
267.4598,190,148.765551
257.3938,477,148.788164
263.93176,214,148.835118
96.53234,1000,148.932186
24.476646,136,149.044715
30.80069,87,149.224358
39.76529,120,149.29683
213.845,465,149.323579
265.81403,239,149.323627
260.23334,320,149.336777
321.05096,334,149.33681
246.22026,619,149.346188
233.95149,272,149.575606
-8.984093,76,149.661097
7.9635315,323,149.670814
22.39141,97,149.719923
241.04977,193,149.783235
244.96732,346,149.874226
97.355606,1000,149.882534
227.0055,294,150.055566
46.167755,97,150.114822
16.547012,111,150.119706
-59.370426,142,150.237959
-163.71172,269,150.476264
47.535706,120,150.553569
47.973633,85,150.596251
274.73468,352,150.806659
220.80872,451,151.109571
240.8122,379,151.145484
215.27127,952,151.158089
-156.41858,254,151.169668
28.847122,135,151.374013
-19.020416,565,151.427273
60.187042,98,151.577539
279.85474,254,151.670274
255.63986,233,152.117374
214.16537,909,152.494043
-156.96188,346,152.616551
237.93109,518,152.733725
285.5509,160,152.779661
289.4052,421,152.952455
227.94159,313,152.983607
266.3753,880,153.036348
39.294083,101,153.036395
-7.8197174,163,153.176775
27.494446,119,153.239021
185.98943,808,153.275592
286.8321,416,153.336841
254.84074,874,153.451206
69.42534,97,153.451258
166.65573,857,153.473163
125.38387,1000,153.537668
286.0945,726,153.537719
18.829117,146,153.657516
8.155876,554,153.782493
243.38818,200,153.813859
4.6831512,92,153.878854
251.15071,164,153.887235
51.70363,124,154.085971
41.144775,98,154.224734
22.045181,1000,154.374657
276.78043,219,154.645732
297.48065,268,154.645777
244.64468,296,154.650074
281.50568,188,154.657989
277.3766,177,154.680592
232.50117,327,154.685601
234.53563,950,155.444767
270.65784,327,155.495301
259.211,204,155.503599
240.6718,205,155.503633
238.17949,234,155.660348
289.2191,251,155.70403
226.18332,577,155.756552
199.90157,635,156.171536
226.74252,168,156.202497
262.1516,374,156.207549
243.23558,545,156.207597
248.99869,223,156.380685
295.40863,476,156.390228
306.1367,216,156.39804
288.18915,515,156.412786
46.344162,128,156.709843
180.36916,298,156.744004
288.88342,179,156.958041
-2.969969,1000,157.040286
-53.393787,182,157.137954
23.441658,97,157.153838
-22.535324,1000,157.262422
266.67044,284,157.41188
192.98729,906,157.411924
-170.84865,304,157.670521
247.7988,230,157.928865
248.25026,212,157.938382
254.67313,188,157.938426
268.88312,224,158.334761
166.69289,668,158.470147
217.17416,673,158.539861
208.1243,661,158.545206
-71.20416,151,158.578613
92.84174,1000,158.881009
25.837135,110,159.01331
6.0072327,111,159.013357
-3.0302124,120,159.0893
-28.086563,687,159.108806
248.94133,659,159.204522
301.60318,299,159.211043
237.21068,299,159.218588
251.63702,592,159.231711
251.22098,715,159.426616
292.9896,205,159.957684
272.89368,178,159.962591
255.05788,255,159.96795
264.09644,232,159.995885
186.22583,563,160.056562
257.9213,242,160.215061
0.988884,363,160.621188
240.99469,292,160.636901
256.2694,216,160.942729
226.4371,511,161.148074
263.37823,469,161.179984
253.30843,286,161.180021
291.9179,295,161.18003
247.68817,233,161.184107
259.7085,294,161.184134
115.0461,1000,161.359416
96.06866,1000,161.44981
142.48743,1000,161.60346
279.43103,257,161.712992
236.62578,486,161.984484
157.5514,891,162.08692
217.8741,893,162.218399
298.3045,254,162.246938
264.96252,394,162.271459
186.74219,773,162.429582
221.64958,319,162.484741
245.92554,202,162.556219
281.1698,343,162.615778
277.44672,299,162.615836
257.9367,343,162.615853
35.522583,112,162.916255
284.67456,243,163.546623
264.69928,214,163.555022
267.07056,298,163.563591
272.50522,559,163.563619
246.95938,304,163.563629
296.72287,558,163.563636
239.91762,616,163.5676
34.05356,346,164.056835
24.889816,130,164.111862
17.43177,359,164.166717
267.4776,377,164.24509
235.54456,506,164.25989
263.91986,475,164.259939
232.82983,588,164.490603
274.74042,251,164.600694
32.03978,130,164.782629
199.49413,500,165.037631
209.18971,352,165.042403
90.14989,1000,165.712075
124.81179,1000,165.86838
251.93416,387,165.904371
240.14006,338,165.941483
239.65521,559,165.94554
285.81403,471,166.164545
304.99246,494,166.209088
225.53242,629,166.221865
271.3785,513,166.230938
261.93567,384,166.239619
53.44452,126,166.433127
28.645554,171,166.437011
271.982,489,166.85263
41.655457,115,166.900753
278.5926,500,167.152825
280.46167,234,167.175981
256.07977,250,167.203979
251.26663,513,167.204019
266.56628,865,167.208897
268.71487,239,167.212726
15.638321,311,167.231928
53.07979,98,167.314172
97.775856,1000,167.79817
4.240059,162,167.939456
297.88412,220,168.155748
21.942291,100,168.221147
172.70262,1000,168.493641
225.2349,636,168.552637
263.52338,630,168.596182
247.6506,514,168.610713
53.283936,100,168.643647
15.130684,108,169.057502
223.988,474,169.212599
270.45874,529,169.469205
277.0214,215,169.474171
260.8316,232,169.483019
298.21133,532,169.4881
235.59657,546,169.492119
223.899,767,169.492143
260.95355,769,169.492152
277.56763,509,169.496237
34.65901,111,169.534413
240.51717,210,169.546111
228.33311,654,169.656543
195.2279,412,169.706698
32.74675,112,170.033976
52.412354,134,170.057404
30.710144,95,170.063703
29.039627,110,170.171144
-138.86615,378,170.233155
23.510872,128,170.725806
258.1715,300,170.779815
244.47626,304,170.783983
251.45126,331,170.965148
262.6515,420,171.021943
240.68245,232,171.032246
56.287155,84,171.137913
247.25874,220,171.18477
60.74614,104,171.229497
27.283974,99,171.382599
240.4848,175,171.465109
76.02838,107,171.469018
250.34785,461,171.469041
249.20952,462,171.47492
119.558136,1000,171.499017
28.094467,104,171.570922
277.32965,549,171.834033
277.69635,422,171.847637
25.173904,146,172.083158
202.36511,514,172.24689
280.08972,176,172.326752
227.78711,665,172.335721
264.42853,213,172.374717
264.53552,288,172.400977
253.64876,324,172.401017
132.90144,1000,172.428903
4.312187,142,172.467061
241.58003,248,172.557922
34.02388,121,172.893924
34.13864,129,172.955897
54.19124,170,173.188329
250.64484,241,173.355336
46.567535,124,173.490604
292.7348,389,173.516321
266.96988,259,173.516376
305.2658,275,173.516397
267.53687,255,173.524839
281.51465,335,173.524868
273.87875,945,173.541185
242.98859,291,173.803616
262.3391,547,173.812535
222.17586,358,174.434608
277.1803,227,174.487182
269.61365,307,174.511586
267.43466,270,174.671765
256.63293,569,174.681009
249.9577,206,174.681041
269.17566,274,174.681051
272.21118,272,174.681058
265.5395,276,174.689521
3.9716034,98,175.076181
236.39337,183,175.252264
53.26976,158,175.321639
261.09506,494,175.428406
254.26335,244,175.428454
252.21465,452,175.428464
263.18445,183,175.433233
134.01907,997,175.444523
279.11725,190,175.456944
258.551,250,175.513091
150.8011,1000,175.612865
74.9516,133,175.634758
-0.39922333,82,175.674241
110.08853,1000,175.708099
311.64996,459,175.737072
55.938828,107,175.882655
37.5831,111,175.898498
35.06009,125,175.962566
302.58432,171,176.14298
15.556908,104,176.324407
262.638,219,176.357443
283.35834,190,176.497677
291.13556,260,176.818511
253.89134,347,177.060587
239.38554,585,177.102991
289.74396,358,177.375103
287.42743,245,177.384156
253.86118,466,177.40709
264.55,426,177.411351
138.9606,940,177.423673
288.06204,344,177.579401
41.198334,103,177.811378
0.7511368,100,177.992311
240.68669,373,178.040641
273.03558,670,178.046095
272.52216,675,178.474592
235.91766,753,178.65831
141.53946,1000,178.847067
-16.278984,115,179.330253
290.1814,472,179.403273
245.20377,486,179.416423
237.66722,340,179.434201
243.49883,224,179.434237
252.85152,328,179.434247
263.04694,624,179.434255
247.69736,830,179.438912
248.00021,487,179.451192
270.2826,561,179.455892
268.73718,386,179.683634
266.39984,320,180.029447
235.98439,235,180.416327
153.95932,1000,180.550338
248.45096,682,180.715402
240.09024,253,180.7824
293.63824,323,180.817783
290.71973,349,180.849347
257.0869,322,180.858031
258.40027,322,180.862191
246.61607,406,181.177253
249.58691,297,181.279805
107.84015,1000,181.285359
238.57976,437,181.293174
-184.88556,205,181.580487
143.94455,1000,181.584615
238.47914,581,181.804766
231.90045,586,181.825385
263.31836,599,181.873475
244.10884,288,181.925026
236.56648,487,182.256476
245.02736,381,182.679185
262.35132,286,182.905403
258.0895,488,183.138515
240.97935,667,183.162399
249.82007,603,183.173091
265.25757,238,183.284002
269.9961,498,183.546023
179.5972,731,183.599633
223.59686,416,183.604481
246.69398,641,183.675674
299.4571,529,183.67572
175.58377,729,183.679757
279.674,452,183.694282
223.3505,727,183.701501
229.3675,478,183.735387
-7.9505157,110,184.088045
12.482529,128,184.133773
235.26413,392,184.248406
241.61234,183,184.260251
256.27454,285,184.264136
276.6528,284,184.26783
250.8631,347,184.271396
253.47942,387,184.638907
271.17,323,184.862322
156.07396,1000,185.111983
287.5394,231,185.123158
49.63855,108,185.268724
267.60483,526,185.619139
264.55157,405,185.644222
260.61667,373,185.665035
249.6668,571,185.665087
263.84656,532,185.665099
253.20464,372,185.665106
274.26883,524,185.673655
50.323364,141,186.168586
228.90956,793,186.236187
246.30884,346,186.368972
256.6209,754,186.369031
274.0998,571,186.369041
305.924,210,186.369048
254.69667,344,186.369055
267.39258,475,186.372881
311.7658,198,186.372913
265.73822,305,186.372922
13.277931,105,186.610518
38.66501,113,186.77009
258.0327,697,186.81557
298.53882,334,186.835595
281.9118,180,187.004591
273.2383,189,187.043087
271.3284,190,187.04313
58.74231,99,187.39503
251.02765,208,187.585369
260.8371,271,187.58543
246.76904,338,187.585442
307.1522,535,187.58958
292.53174,339,187.589619
238.69907,228,187.593819
262.55573,342,187.598194
265.60156,398,187.598233
245.52545,342,187.598244
261.38895,964,187.602251
268.66235,246,187.90641
303.30997,160,188.17949
255.11288,175,188.245399
286.9184,263,188.372654
288.85577,212,188.379781
271.58792,278,188.60993
282.25653,280,188.61984
226.93967,504,188.657134
264.55396,292,188.665007
271.18637,213,188.694382
234.60643,563,189.102627
232.61371,955,189.121242
267.90283,264,189.143576
294.19482,424,189.143622
139.90944,1000,189.282171
285.89532,231,189.444378
272.30426,230,189.488083
288.46454,272,189.596796
256.90863,563,189.648903
280.8499,279,189.656191
238.21501,567,189.659702
293.90662,198,190.008494
302.80472,240,190.015867
291.73676,364,190.015905
247.60483,490,190.030574
53.130554,165,190.283388
274.56696,318,190.311238
284.65698,248,190.416702
278.3014,284,190.659858
305.63782,271,190.664992
276.13074,328,190.66503
308.36908,174,190.922582
256.35675,219,191.107853
244.47835,543,191.113319
287.0155,960,191.113374
253.59552,294,191.113388
262.72504,373,191.383306
287.30798,199,191.383359
38.55919,95,191.458201
286.86633,395,191.465474
220.27557,667,191.547235
267.00616,347,191.671891
249.07007,283,191.682708
249.02998,913,191.705778
270.57904,292,191.719813
243.63722,468,191.719846
261.67426,223,191.920006
115.135635,1000,192.050652
27.884628,100,192.114751
215.7728,255,192.35465
265.55957,269,192.485523
266.68677,291,192.48557
255.85516,202,192.48558
261.7719,209,192.489458
258.42065,254,192.510586
201.29172,310,192.621854
258.17795,213,192.884653
271.00458,328,192.936962
262.08112,496,192.937016
253.3116,342,192.940927
258.547,551,192.944426
-23.209274,89,193.254517
142.71898,1000,193.325557
82.92107,151,193.41715
232.32031,320,193.481717
285.77228,304,193.556162
287.0105,304,193.556221
301.08356,421,193.571489
261.136,324,193.767195
288.82086,364,193.771163
287.8029,233,193.775081
288.1093,235,193.775108
268.51453,358,193.775119
270.9038,367,193.78714
260.0624,208,194.071998
284.2951,230,194.075699
257.19507,184,194.075729
181.54767,322,194.083847
-21.721397,109,194.1745
11.178192,117,194.525598
108.53317,1000,194.757608
244.43925,785,194.782988
269.05365,196,194.899521
277.00372,224,194.899574
253.7932,390,194.903733
269.14294,224,194.903774
263.745,310,194.903788
268.29602,318,194.934487
289.1659,375,194.93454
272.60867,379,194.93455
270.44952,318,194.934558
249.39125,381,194.944112
252.62996,246,194.985296
290.8448,229,195.342448
243.87627,229,195.730155
294.93652,285,195.967237
252.52934,283,195.967287
276.20282,273,195.971433
293.65753,335,195.971461
250.08453,295,195.97147
262.27142,296,195.971502
303.78342,328,195.971524
283.45947,286,195.971533
253.5901,296,195.975473
264.11453,290,195.9858
244.46913,191,196.040923
-1.5305252,97,196.316777
280.85242,452,196.578583
263.31705,793,196.671787
250.87733,194,196.691665
271.46887,223,196.796368
246.37466,223,196.796423
240.77824,227,196.814779
282.84384,844,196.849138
277.89233,218,196.849177
312.86023,235,196.852784
249.67865,240,196.856481
277.0721,241,196.856516
274.0148,329,197.842844
283.73206,299,197.915433
264.1476,541,197.926652
293.72156,306,197.937914
278.3013,306,197.937946
243.73508,448,197.937956
289.10144,322,197.94185
278.41888,351,197.941876
270.01282,323,197.945839
234.36256,617,197.965473
29.448334,122,198.358357
62.89839,133,198.423271
146.83746,1000,198.522015
271.1183,172,198.591773
43.203644,115,198.787278
250.31393,242,198.832452
244.83292,571,198.881373
275.68237,362,199.287841
274.40112,235,199.30164
197.55453,377,199.335531
304.68793,425,199.415901
267.7928,402,199.415951
263.09424,783,199.437138
255.3813,250,199.45399
298.02716,714,199.454018
281.60883,714,199.454028
283.29422,185,199.475158
132.8203,1000,199.621001
186.345,473,199.685218
44.66725,102,199.820535
265.8275,272,199.874654
266.89465,348,199.874698
18.826744,120,199.907153
263.4253,201,200.176648
271.32507,288,200.37327
272.8081,268,200.377309
280.00934,262,200.377354
288.36487,258,200.381717
263.13336,300,200.381753
263.49536,212,200.381768
284.30438,351,200.54582
287.96677,189,200.551306
241.04329,243,200.555599
49.22017,101,200.738788
220.59778,775,200.767363
256.99622,183,201.051236
288.9903,612,201.06237
260.2913,319,201.066749
60.515823,88,201.06679
270.89233,246,201.075771
251.61833,346,201.080139
270.78912,192,201.08433
259.09882,460,201.08436
254.43552,193,201.0883
39.888855,154,201.135586
289.36774,262,201.349081
286.6411,223,201.376561
285.23438,164,201.380258
24.10923,114,201.500861
30.143112,114,201.550883
27.95176,126,201.554929
263.9928,477,201.618041
194.91606,311,201.702288
268.43793,369,201.741494
249.62367,178,201.741536
290.5364,183,201.744711
28.031235,107,201.89448
11.877739,103,201.930528
11.913605,104,202.00922
21.711212,107,202.116978
280.10846,201,202.141215
269.55832,212,202.15081
211.47522,289,202.159253
45.560303,159,202.159281
237.17415,287,202.15929
274.10297,287,202.167476
234.5423,303,202.212171
223.92284,233,202.273772
52.407364,96,202.40564
49.54428,88,202.508804
47.652542,94,202.508853
66.591675,151,202.516733
-46.770985,90,202.540637
-25.140823,104,202.644923
220.61945,193,202.729572
24.878944,133,203.055537
59.670517,133,203.06405
287.2776,572,203.316684
237.187,280,203.323713
63.794006,142,203.656832
230.44772,373,203.711634
283.75922,488,203.74861
294.22894,323,203.756056
316.62875,266,203.756088
317.14377,490,203.756097
284.73303,356,203.756104
296.39215,292,203.760973
66.02602,93,204.052279
39.218353,96,204.168391
57.22206,101,204.193713
225.58185,350,204.211455
292.99857,189,204.552788
289.59335,199,204.552841
225.0835,190,204.556707
-8.92157,178,204.796273
7.4318695,87,204.916466
260.00012,197,205.022822
264.0434,466,205.022869
239.81491,211,205.041677
244.05717,419,205.079147
251.7891,475,205.304024
250.89125,380,205.344534
258.6784,300,205.436123
220.01886,946,205.677922
274.3614,310,205.858251
220.38809,198,205.858302
284.84174,253,205.858311
279.47388,196,205.871148
50.11119,135,205.923398
219.17517,357,206.041545
-7.1480255,77,206.168949
277.61792,273,206.223974
270.47284,194,206.248348
231.84552,321,206.256982
17.003967,105,206.292114
35.84044,107,206.314219
6.5992785,1000,206.33791
142.58066,1000,206.346457
150.25383,1000,206.701977
14.890022,126,206.797832
296.31754,181,206.814153
267.12213,255,207.227668
286.88907,273,207.469718
270.32153,322,207.559356
266.9004,396,207.564054
54.49211,85,207.83838
42.043365,87,207.930438
107.99664,1000,207.935337
286.15717,547,207.953274
214.82574,310,208.075243
302.77057,339,208.102455
191.44966,319,208.126054
273.82898,516,208.396001
232.63727,522,208.462483
285.6898,763,208.493196
268.98218,144,208.531623
249.09811,660,208.60171
224.44495,214,208.718946
251.1417,242,208.923398
280.5665,200,208.923447
270.79404,195,208.92748
250.33972,241,208.940505
266.02002,156,209.165935
129.6447,1000,209.177654
185.62358,787,209.559471
259.53833,172,209.630628
269.82587,201,209.748993
309.995,372,209.984564
18.02871,109,210.089656
269.25806,658,210.287949
260.0686,436,210.288
235.18552,992,210.438996
260.56262,367,210.439043
255.37473,214,210.634463
226.95969,625,210.964776
262.17563,254,211.038484
232.37878,965,211.215412
298.33237,296,211.648493
260.8036,333,211.648545
278.7679,297,211.653482
274.2461,716,211.658257
270.5122,335,211.658283
257.7833,184,211.785029
273.4234,204,212.048131
271.67725,269,212.065472
116.75694,1000,212.177257
262.65015,168,212.356935
291.6248,218,212.553223
235.11188,250,212.681476
166.8552,1000,212.708119
57.96318,93,212.731315
270.44916,263,212.739432
264.5823,272,212.771736
284.41083,654,212.771767
255.33662,933,212.776958
255.4445,780,212.776993
251.34824,173,212.781807
248.91594,553,212.906753
253.31822,909,212.919729
269.45782,180,212.927169
158.94542,1000,213.262595
289.35913,369,213.29042
288.0044,147,213.29463
264.30798,151,213.335777
265.00433,248,213.774733
260.948,256,213.814563
283.8794,269,213.826717
245.09276,284,213.826756
252.79826,317,213.831815
267.84467,228,213.835867
231.99057,196,214.084105
268.05896,205,214.092263
263.41327,331,214.103222
232.11166,529,214.192532
251.59932,319,214.200579
304.02945,225,214.20061
245.47269,355,214.200619
33.26851,113,214.269669
14.763168,134,214.35324
19.72416,84,214.54417
279.1479,213,214.636537
256.604,203,214.63658
259.8608,203,214.65744
248.27496,207,214.669079
258.78815,545,215.098377
235.35881,450,215.154676
31.29329,135,215.180163
264.53735,285,215.358524
292.95538,201,215.358572
274.14594,267,215.358582
258.66754,316,215.362868
250.46404,311,215.362899
295.43634,304,215.59455
296.04184,235,215.604769
307.59723,240,215.60482
258.08295,233,215.609613
255.67642,726,215.720402
277.785,374,215.725327
266.55347,152,215.730321
269.28732,466,215.992872
25.953842,106,216.047431
320.3709,259,216.229804
297.71344,255,216.234863
271.3189,211,216.239183
268.2068,210,216.239207
267.53217,221,216.285286
32.114014,82,216.345901
288.763,267,216.751508
-19.824791,119,216.766535
244.10248,173,217.057305
244.67332,228,217.237436
20.351204,112,217.244694
255.35248,761,217.404594
90.86653,153,217.434016
261.93277,298,217.540701
285.0713,421,217.540747
306.31076,275,217.545157
277.21127,423,217.545185
251.72493,449,217.545194
251.05618,424,217.545201
251.6634,512,217.554747
286.89206,347,217.562331
295.2647,459,217.580022
60.368683,89,217.620451
238.64552,566,217.780386
-31.4197,88,217.909658
48.72937,91,217.935376
38.054733,122,218.064729
38.7975,143,218.161395
240.93161,302,218.847076
240.08557,326,218.931475
277.0395,315,218.960211
280.25705,374,219.027708
302.6192,350,219.042463
244.97359,470,219.066957
277.412,351,219.079936
228.372,708,219.286988
274.70248,383,219.421418
280.4748,481,219.454748
249.867,360,219.454787
285.65985,518,219.454797
268.99225,461,219.516754
278.3408,190,219.845955
225.94632,208,219.846008
268.86185,419,219.850844
241.02248,208,219.915519
243.80086,462,219.91557
301.80972,230,219.915581
227.72803,275,220.219893
278.33978,277,220.240019
44.02278,96,220.248028
241.9644,191,220.25288
303.7785,196,220.273201
294.74142,236,220.273228
57.039337,118,220.33757
52.782852,135,220.477126
266.67224,174,220.575204
278.57672,163,220.590947
82.52461,83,220.604338
229.00699,307,220.803136
276.61572,330,220.807642
246.60661,208,221.467376
264.22937,287,221.47564
238.45482,370,221.480221
238.54663,268,221.484297
240.98735,483,221.501753
204.91782,332,222.209238
140.60023,1000,222.37941
205.56192,223,222.389154
273.59036,381,222.407017
286.7677,279,222.633664
226.7418,293,222.704825
266.25226,572,223.010515
107.583984,1000,223.072316
269.17035,398,223.165391
281.38837,411,223.198768
297.7469,235,223.198811
263.29935,702,223.202889
179.86807,708,223.207167
292.99213,195,223.216556
306.2909,244,223.421324
276.10126,242,223.437932
253.49017,173,223.978677
269.5902,177,223.97873
277.55963,210,223.987971
279.13492,312,223.988012
281.83038,227,224.152879
266.77026,286,224.447087
282.06946,335,224.452184
180.2399,982,224.45221
253.85924,297,224.491757
96.453514,1000,224.534419
268.02316,314,224.566294
236.95294,262,224.576537
91.68241,1000,224.733512
137.22885,1000,224.861798
233.7068,229,224.949655
317.57306,208,225.358092
298.08582,287,225.363079
267.9135,192,225.367621
268.56073,153,225.367662
288.12857,278,225.695443
258.4911,217,225.774953
262.76974,243,225.972206
278.1859,332,225.97225
244.58762,205,226.224684
283.36008,218,226.86513
281.57678,690,226.865181
307.04553,360,226.865191
309.34326,218,226.865197
259.66962,362,226.865204
293.90942,364,226.878858
147.62924,1000,226.929596
248.55602,653,227.172341
138.39067,1000,227.627341
242.0436,215,227.767517
281.58392,216,227.771909
258.672,216,227.77194
249.47568,905,227.776831
249.19217,482,227.776859
245.57938,217,227.776869
271.3686,373,227.780852
288.73947,800,227.796159
133.79483,1000,228.188312
1.2737427,342,228.328421
212.49362,353,228.361742
258.16376,399,228.62611
126.75279,1000,228.648487
47.570465,101,229.069017
259.64014,320,229.127255
269.4173,353,229.132099
275.75555,320,229.136681
269.35394,323,229.145348
240.38727,324,229.154223
276.82074,467,229.15848
270.3733,326,229.162402
271.01074,190,229.162426
285.7055,329,229.167206
301.35587,327,229.167236
29.712112,88,229.517293
277.78314,459,229.747189
162.08752,1000,229.907247
259.29376,208,230.047933
264.93872,207,230.047987
263.11176,337,230.052842
276.5733,408,230.058063
302.74353,212,230.058089
234.5705,284,230.361135
258.60776,303,230.459856
242.46202,321,230.507837
252.01645,372,230.663086
232.96475,297,230.788783
257.2752,495,231.275931
260.66583,326,231.453539
271.68158,543,231.453597
227.86237,331,231.469728
248.1992,332,231.474258
241.03528,238,231.48129
250.77895,367,231.485182
274.04608,229,231.494031
278.50015,453,232.000925
103.919495,168,232.205201
252.98065,206,232.346556
283.77765,209,232.371761
122.53365,1000,232.466481
237.44164,618,232.714193
236.07588,302,232.75809
258.30875,578,232.83937
273.4321,445,233.180036
252.60062,588,233.180089
270.6499,413,233.250708
254.49301,612,233.401501
270.47427,156,233.406024
208.22662,996,233.419962
263.33966,861,233.428466
274.4082,309,233.771205
248.73962,251,233.771274
255.91916,374,233.924707
250.89001,558,234.561811
284.09045,268,234.565957
261.4493,311,234.570757
286.9051,274,234.570794
256.60364,190,234.570803
264.90356,447,235.315078
278.28998,692,235.315131
251.54665,331,235.343055
275.75955,517,235.381068
279.07074,529,235.67411
151.58472,1000,235.737499
125.289116,1000,235.742047
279.40475,283,235.777058
280.13303,286,235.781306
278.1673,698,235.79407
124.39129,1000,236.244652
262.91406,456,236.497591
262.87976,506,236.711132
112.37922,1000,237.428409
263.474,448,237.640543
270.48425,447,237.640592
251.80476,439,237.646547
252.77083,550,237.646573
203.57755,554,237.695662
271.82642,615,237.915293
261.8474,392,237.915341
152.40135,1000,238.008544
238.91998,323,238.081406
288.96368,542,238.085359
256.37378,571,238.085383
276.95667,769,238.618332
173.66905,1000,238.799786
265.35123,438,239.270777
269.50198,322,239.270827
267.5088,387,239.270838
271.3219,387,239.270844
238.25005,388,239.270851
269.28003,377,239.275597
241.74925,826,239.275631
246.53462,398,239.314956
267.6291,333,239.321126
226.15938,755,239.700918
248.66,448,240.6935
261.09772,340,240.697697
270.39777,343,240.708775
282.27072,344,240.763031
215.84877,635,240.7631
272.33307,359,240.778857
284.66052,281,240.881032
283.7052,399,240.952159
258.0464,556,240.970279
268.26538,408,240.986104
267.33032,139,241.279386
278.70547,204,241.665237
263.06348,210,241.673933
271.97736,210,241.86099
245.95918,625,241.968898
273.37814,337,242.145433
273.2619,269,242.145487
270.52652,295,242.151205
214.53246,688,242.194435
103.06734,1000,242.250616
130.9617,1000,242.323923
137.1631,1000,242.327668
226.50414,159,242.338315
35.396988,123,242.493482
44.89856,96,242.602861
249.72614,204,243.024397
252.7058,180,243.02445
266.04532,271,243.02446
283.82806,317,243.028458
292.0398,206,243.032149
264.5129,483,243.048156
289.01154,170,243.057034
269.52606,635,243.439722
23.05616,103,243.488035
163.77199,1000,243.53705
263.52264,326,243.743772
234.65776,349,243.854583
274.10266,288,243.862102
263.6548,191,243.867392
246.16512,190,243.86742
306.4165,185,243.872402
280.75232,316,243.87243
258.45114,396,243.872439
246.30092,599,243.884912
272.60684,200,243.900907
268.96918,178,244.264825
274.47302,226,244.529133
270.5455,177,244.630284
244.76883,181,244.646315
259.42444,389,244.712151
258.12067,422,244.852133
59.562775,137,244.860655
241.45358,242,244.897428
238.7947,235,244.904828
118.30629,1000,245.069919
295.98877,345,245.337571
267.93127,374,245.342464
256.75653,353,245.374766
21.911575,140,245.49343
53.32663,147,245.515173
254.09421,211,245.533643
256.42395,430,245.680266
273.28033,428,245.698031
255.25262,274,245.863478
252.17967,566,245.863527
266.67947,241,245.863537
285.38504,471,245.868603
28.654907,139,246.094931
271.8226,383,246.158925
258.735,260,246.18165
267.5519,486,246.688781
270.02118,299,246.980442
277.21344,256,246.980491
286.98035,266,247.020579
265.07254,247,247.213967
280.03192,407,247.260272
271.42206,324,247.260308
274.6183,364,247.264487
256.1974,275,247.269036
275.42627,451,247.26906
282.07254,565,247.269069
299.49023,444,247.273374
290.58752,327,247.279229
272.98758,452,247.279253
262.3205,409,247.287341
26.743645,91,247.638836
30.791,96,247.661024
273.16144,225,247.916164
290.63574,323,248.003523
306.0138,259,248.00357
244.25168,260,248.0072
270.56662,190,248.007229
303.20782,446,248.013015
263.5553,210,248.033655
290.70087,200,248.037794
-29.210037,98,248.289265
46.514603,84,248.332273
28.276123,113,248.434162
62.814865,127,248.488559
278.10483,150,248.580637
280.73428,339,248.584436
54.499756,143,248.584474
261.79797,252,248.611602
43.126724,81,248.73501
54.479004,126,248.758783
296.21863,202,248.799012
271.97247,398,248.799054
269.71606,414,248.857222
18.467674,92,249.07097
28.531525,114,249.271823
281.93927,554,249.373163
255.01762,251,249.409616
246.49324,478,249.413823
258.6178,237,249.467314
309.62476,199,249.476439
302.9554,249,249.479458
270.09503,315,249.482547
280.01306,192,249.485802
308.43042,250,249.485826
287.645,251,249.489321
53.95146,95,249.674572
31.879868,110,249.747392
35.386505,111,250.012507
258.23346,301,250.048969
252.61601,187,250.049016
247.41214,184,250.049026
283.25635,586,250.049033
304.15518,186,250.049039
255.73569,247,250.052422
267.02875,779,250.052462
269.6941,192,250.052472
296.10196,209,250.052479
281.57175,777,250.052485
251.78603,191,250.05889
283.1058,216,250.143006
60.356857,94,250.293889
288.46564,208,250.377085
279.1854,301,250.402368
12.133675,117,250.406511
16.520035,129,250.458097
46.352676,130,250.463023
50.262344,136,250.48344
22.638214,106,250.483481
270.09656,151,250.529588
39.830154,98,250.75825
63.49167,89,250.778106
259.3703,153,250.830106
27.079102,99,250.83401
44.04242,89,251.059263
48.01332,90,251.082689
33.911484,100,251.172928
266.2116,240,251.220704
279.35687,350,251.224608
279.49744,213,251.224652
316.1411,270,251.350928
56.811356,116,251.462936
30.967453,99,251.512244
252.79178,440,251.532476
256.92517,148,251.59995
283.76562,307,251.603782
297.835,458,251.603817
284.5246,329,251.603827
271.41547,297,251.855236
257.12598,184,251.858707
18.400696,101,251.862086
61.81006,87,251.902165
259.03705,924,251.906733
240.2725,546,251.913944
303.67407,271,252.164746
279.28934,211,252.196198
287.5348,190,252.196248
302.83453,243,252.196262
267.2151,282,252.201263
255.54901,173,252.204875
222.57443,709,252.477502
271.38962,280,252.585488
284.9912,287,252.612698
261.8532,201,252.6205
-8.93618,124,252.655278
268.2319,237,252.715069
253.15694,798,252.809406
296.98712,347,253.163714
255.3857,266,253.163767
270.5146,275,253.163778
262.15326,188,253.168015
260.375,365,253.172095
30.50122,124,253.262194
289.16193,306,253.31828
243.76091,390,253.318328
248.12294,313,253.339002
262.67914,204,253.339038
287.35785,196,253.339048
197.81339,421,253.382024
268.04932,265,253.67176
284.74506,285,253.685052
260.58655,184,253.818435
263.83887,191,253.848828
295.0321,348,253.866439
239.95338,200,253.876624
278.97357,186,253.993635
313.33423,193,253.997368
277.71942,234,253.997398
251.6851,244,254.041044
29.781067,109,254.234663
261.94592,199,254.372821
10.49707,121,254.422748
273.44397,221,254.659311
259.59027,225,254.663165
214.20264,402,254.686643
222.01234,296,255.066646
294.3647,491,255.095457
259.77026,467,255.374312
274.20984,366,255.374381
230.58229,555,255.383206
231.74149,332,255.587092
291.53674,627,255.594407
259.90778,644,255.632443
146.81645,1000,255.803458
219.29834,159,255.937975
258.6479,509,256.087312
240.50696,451,256.318077
235.69313,518,256.318126
176.27924,446,256.325578
194.60127,646,256.347889
229.6225,270,256.362625
218.39856,463,256.772824
251.3565,322,256.797145
253.56944,335,256.79723
261.34506,273,256.797254
289.4027,524,256.981554
245.22339,189,257.035262
246.94583,185,257.035302
54.396606,97,257.401961
-138.55618,160,257.405972
186.82478,1000,257.466538
259.28558,192,257.522981
273.88495,354,257.623396
253.0353,417,257.627471
276.60083,272,257.990432
274.81982,228,258.238364
246.27386,978,258.260633
233.66537,399,258.260674
253.86804,285,258.701416
248.53723,361,258.975973
132.73657,1000,259.056913
256.7135,254,259.208355
243.67471,657,259.243013
269.5425,790,259.243058
280.16815,497,259.243068
262.9623,264,259.243075
288.451,466,259.246842
265.5312,273,259.254187
140.76033,1000,259.282298
293.9942,398,259.486597
98.804955,1000,259.655237
31.614304,194,259.925
95.1043,1000,260.00796
54.406586,123,260.085041
277.82385,394,260.122444
278.72424,241,260.122491
251.4803,242,260.126137
252.91852,243,260.133204
254.17961,310,260.363405
39.755905,133,260.552141
47.439865,152,260.656261
118.07285,1000,260.698892
271.58563,210,260.743548
282.26538,177,260.747469
214.04932,534,260.884352
51.45433,89,261.011286
277.13586,508,261.060692
265.70947,324,261.06074
156.21063,1000,261.102701
60.102478,120,261.170167
296.9488,192,261.417932
-8.5894165,95,261.436674
223.82849,191,261.696918
240.70322,230,261.707977
231.04152,746,261.729069
282.69055,206,261.915696
295.06967,239,261.922784
6.461174,142,262.2382
241.35973,638,262.40746
227.39145,880,262.411692
63.18918,145,262.445373
225.3892,358,262.723472
171.6515,1000,262.874727
93.38896,1000,263.054575
226.285,552,263.054627
252.36339,208,263.174639
105.71232,1000,263.732965
297.63373,224,263.910142
305.31738,602,263.924694
266.36127,451,263.924777
223.91328,673,263.931033
76.21369,1000,264.023586
285.96347,319,264.094571
282.10828,239,264.094615
252.62788,472,264.186833
103.23389,1000,264.216409
287.82074,682,264.240227
80.68403,1000,264.31827
253.53775,229,264.599252
244.44537,231,264.766894
264.6318,210,265.06229
276.3198,274,265.062337
284.3007,249,265.06598
241.36996,298,265.079801
257.47266,327,265.100321
280.83316,392,265.314888
235.24876,630,265.365296
50.40172,97,265.401778
110.887146,1000,265.560519
289.12225,387,265.579475
279.81946,215,265.819997
278.16116,349,265.823793
290.65582,212,265.827941
266.84085,302,265.827969
268.44678,458,265.856123
252.723,937,265.860344
270.22998,861,265.860369
234.34726,500,265.860379
245.15181,260,266.259181
287.81744,237,266.262706
245.56433,248,266.266566
200.6724,651,266.270108
247.96724,193,266.283766
43.8611,121,266.310174
41.90976,131,266.347675
268.8319,186,266.513666
275.40887,226,266.677538
236.25386,449,266.736637
255.59549,459,266.736678
253.5027,261,266.830302
252.7718,325,267.039371
285.59088,207,267.046605
293.9234,229,267.118901
256.82654,225,267.196271
264.6407,245,267.211796
257.46997,252,267.220239
257.7916,240,267.22029
259.19263,372,267.230796
290.3652,256,267.23085
275.226,413,267.42023
30.542343,90,267.562232
48.326096,103,267.609854
67.61594,158,267.64267
300.63818,245,268.30253
278.34433,427,268.31598
287.76117,488,268.327848
291.4058,760,268.379985
267.25024,225,268.475128
285.17084,341,268.483211
269.39465,343,268.490548
262.75452,356,268.518776
286.41077,495,268.51882
257.09564,353,268.518835
277.31262,423,268.613271
299.97504,323,268.751982
297.18073,311,268.755856
237.57253,545,268.762988
302.724,475,268.878675
33.653625,107,268.903284
236.41412,568,268.93784
34.608444,141,269.000518
281.84695,211,269.10218
48.754578,116,269.163175
49.826004,109,269.488203
296.40015,306,269.609
282.97827,242,269.612821
255.90974,240,269.61286
252.14543,281,269.612874
293.6726,192,269.616719
258.84122,201,269.616749
265.7367,359,269.616772
40.258575,129,269.621264
304.76123,345,269.621323
281.91537,310,269.625294
286.45752,321,269.629322
289.2917,324,269.633178
31.387543,77,269.883808
4.6010437,78,269.897531
39.279877,122,269.91296
11.231506,99,269.963689
1.1123428,108,269.997926
277.28113,329,270.156289
37.6158,84,270.206614
279.48083,391,270.25841
282.26633,186,270.265629
36.82361,110,270.272633
250.36348,188,270.279996
262.7743,193,270.290557
64.41356,221,270.389823
256.27045,234,270.455167
25.64869,106,270.53197
279.1709,183,270.55076
268.9538,273,270.579566
258.6893,172,270.57961
291.01367,162,270.579621
293.50244,269,270.579629
56.787354,131,270.943997
291.46823,198,270.994178
287.93256,191,270.994228
287.45413,198,271.002228
247.19102,205,271.014239
272.08685,245,271.104851
282.818,204,271.316613
263.4937,213,271.323637
281.69434,206,271.323669
254.81793,218,271.367728
265.04395,229,271.3678
253.38103,272,271.378881
282.5667,304,271.383026
231.1941,507,271.436102
250.90015,174,271.56089
3.6308365,77,271.836017
287.60535,140,271.881641
158.66924,1000,271.9048
237.37343,310,272.100752
268.4284,311,272.122129
252.58875,317,272.126181
282.21436,196,272.136757
231.36133,466,272.272076
243.56859,352,272.272135
284.41364,249,272.276628
287.30942,249,272.276658
273.56647,261,272.276667
255.88216,262,272.281184
283.60132,325,272.281221
284.03235,246,272.281232
309.13434,341,272.549889
2.102951,100,272.623958
249.65083,204,272.867846
301.14246,171,272.884645
25.950844,120,272.986604
298.72937,257,273.071836
285.21643,224,273.079037
277.15912,242,273.141158
276.32944,299,273.185012
262.00476,294,273.188635
270.5481,261,273.212603
285.9616,432,273.394133
29.44371,101,273.432434
290.2185,332,273.461984
278.1955,213,273.633694
284.70938,177,273.692017
235.33298,296,274.027929
300.13885,233,274.031829
-40.44527,111,274.082601
306.17407,311,274.524955
278.7666,384,274.536531
260.4345,325,274.536582
252.53218,257,274.54069
292.2641,640,274.540722
241.29265,542,274.544252
255.77396,476,274.547888
276.15085,234,274.907829
286.72427,300,275.096987
284.50974,228,275.355409
108.586,1000,275.463993
101.274086,1000,275.485695
295.71155,289,275.591176
261.81732,292,275.606075
273.52774,297,275.615862
281.4079,466,275.693098
249.42596,334,275.742912
153.26996,1000,275.842137
236.47478,267,275.876561
242.11568,373,275.880408
258.11462,217,275.880434
253.80473,444,276.132831
68.15866,111,276.232751
31.047165,100,276.232811
305.21484,222,276.400818
254.77919,826,276.400903
286.24133,199,276.400928
263.9588,261,276.409144
100.888145,1000,276.714853
163.68987,1000,276.755905
254.01073,283,276.907425
262.4145,368,276.918173
261.28198,163,277.009615
249.11389,452,277.088562
266.26648,266,277.102702
280.70715,195,277.118681
250.43176,381,277.118713
271.84354,344,277.12243
299.8252,233,277.251866
283.84204,495,277.394312
279.04263,220,277.510175
288.83936,353,277.523006
282.51813,355,277.69401
286.68555,165,277.697951
276.3739,191,277.697988
262.1512,218,277.701772
280.86505,163,277.705781
280.49915,269,277.881007
263.5413,453,277.88484
64.62279,90,278.025559
237.34169,763,278.101451
291.2301,283,278.108579
276.68964,277,278.115657
290.66815,241,278.122889
285.66876,278,278.122916
283.34344,167,278.288853
274.3794,214,278.457612
289.99316,220,278.477736
280.003,293,278.549291
298.98703,313,278.629746
272.4589,215,278.633513
312.67993,155,278.658779
287.5977,156,278.669314
277.74805,176,278.740137
261.73325,181,278.743908
286.22696,329,278.866509
273.19092,282,278.870049
291.64954,249,278.897331
234.07663,437,278.936681
276.81128,196,278.976635
252.41911,255,278.994273
35.53714,149,279.155647
12.368835,90,279.249819
325.23108,169,279.465626
275.60104,164,279.476077
296.69922,260,279.550368
272.8003,225,279.673881
284.04797,336,279.673943
261.74548,285,279.673953
290.11337,196,279.680849
290.1676,263,279.680879
262.8141,264,279.680889
288.89777,344,279.680896
259.97614,284,279.680902
274.90005,158,279.728606
287.89392,215,279.766882
288.1342,344,279.77385
48.768646,88,279.804237
264.14844,214,280.021235
37.901825,120,280.184783
302.2476,223,280.263387
237.9183,172,280.283739
246.09271,173,280.287655
152.41762,1000,280.315608
250.4545,198,280.368021
268.33813,200,280.375234
270.76196,235,280.3825
278.68585,233,280.501365
283.52795,223,280.558161
253.49924,258,280.711607
281.622,305,280.759834
283.65912,311,280.781821
258.44534,300,280.788872
35.84189,147,280.838721
307.58597,361,280.949155
301.6151,190,280.964239
248.1259,196,280.982788
1.2594604,84,281.010989
250.78409,243,281.235371
286.5078,190,281.235435
255.04893,279,281.255579
274.8074,429,281.536353
289.3261,237,281.82318
260.5213,293,281.827776
263.2287,168,281.831846
265.29733,245,281.836143
245.31532,232,281.836172
274.56213,303,281.836181
264.18597,163,281.836189
272.79517,297,281.836196
289.70312,376,281.840288
240.64407,224,282.629609
251.43658,227,282.636866
277.79636,269,282.786938
297.35675,271,282.794548
247.71793,347,283.056082
277.865,429,283.060018
249.2533,347,283.060056
278.68835,357,283.089049
269.27185,765,283.089107
260.7439,524,283.08915
284.5841,605,283.093431
286.4156,372,283.148324
253.94234,791,283.18671
264.40247,176,283.247504
277.82996,146,283.606461
131.84795,1000,283.732043
256.95935,552,283.777542
285.39362,328,283.948029
263.07413,244,283.956009
292.32977,261,283.985473
278.89642,241,284.009765
252.6129,894,284.014218
300.95737,268,284.018234
274.2359,312,284.213799
270.27835,267,284.217672
288.18906,373,284.43802
266.481,460,284.446505
281.7696,460,284.719734
243.26785,259,284.72355
263.17053,425,284.723579
288.04272,209,284.723588
279.85165,273,284.727322
257.28516,206,284.742297
283.9599,217,284.74618
259.6623,587,284.746217
244.39354,200,285.15153
263.84814,261,285.151582
268.17743,263,285.155417
50.241425,94,285.480114
287.02774,228,285.546391
253.95224,229,285.546437
241.06975,311,285.546447
280.52753,431,285.554353
295.95374,236,285.554395
301.25427,291,285.750641
302.50558,309,285.812052
261.74722,516,285.860092
258.9051,550,285.978119
223.59378,234,285.978166
238.3015,399,286.127146
232.46254,395,286.140074
297.85742,402,286.144122
271.61826,212,286.316761
248.85622,395,286.956533
283.46857,404,286.993942
281.79437,331,286.993979
273.76358,407,286.998037
273.54025,299,287.046765
267.3488,257,287.056933
163.56223,1000,287.180798
245.1996,311,287.249127
253.52393,318,287.259453
281.3673,269,287.262532
275.40173,361,287.262559
286.99005,503,287.268276
231.09894,431,287.39589
131.50627,746,287.78424
284.69556,248,287.823338
240.24112,264,287.971849
255.44482,210,287.99971
277.26825,299,288.049008
288.51074,188,288.056886
264.25925,302,288.056918
237.46716,228,288.067797
284.6391,289,288.075036
257.5016,237,288.104128
266.61044,721,288.104163
273.85376,263,288.108138
278.11755,281,288.244542
262.33807,190,288.705974
141.85788,838,288.751467
261.76233,263,288.75151
270.6666,185,288.75152
294.4394,188,288.751527
255.82196,209,288.874462
276.3246,282,289.076992
254.41702,524,289.139831
267.8892,615,289.193323
252.99065,323,289.246293
300.09613,141,289.250182
261.06677,316,289.253985
22.92669,100,289.431029
253.08144,395,289.482593
265.79944,249,289.585287
288.453,412,289.588958
250.79243,204,289.592931
282.23105,238,289.592958
254.30478,238,289.592968
286.39163,238,289.592975
268.9626,459,289.628298
279.89288,501,289.628338
283.03357,214,289.947428
273.73505,188,290.254993
273.63556,235,290.258517
238.47943,348,290.472788
274.01917,259,290.497975
281.4828,354,290.498016
237.8501,247,290.498027
257.1324,290,290.505102
225.17981,261,290.511866
271.34555,392,290.523442
279.79572,237,290.785111
270.86243,341,290.793271
-6.812996,115,290.884569
33.247253,364,290.917496
311.86154,216,291.023386
290.4004,216,291.027495
236.98785,213,291.255993
262.23175,213,291.256046
281.0251,211,291.256056
276.15887,276,291.786342
121.94602,1000,291.825903
293.13397,332,291.983958
247.72745,409,291.984004
301.0246,309,291.998864
209.86066,770,291.99891
238.14864,410,291.99892
281.01727,204,291.998927
274.39108,270,292.00277
231.3367,253,292.170522
41.160492,142,292.495796
245.58447,365,292.580807
305.8402,176,292.632874
261.33197,239,292.6857
205.10547,521,292.795928
289.3003,279,292.795979
177.14317,1000,293.18162
171.84805,1000,293.181671
261.9524,354,293.281893
246.04097,306,293.285853
165.81656,629,293.300872
288.04044,147,293.331914
249.91583,407,293.47332
230.26256,505,293.81326
239.76247,918,293.813305
225.79883,345,293.833292
191.49672,449,294.121441
271.471,242,294.170815
279.50797,234,294.174789
247.83926,381,294.174819
280.5689,196,294.179051
29.375153,105,294.210494
257.12982,267,294.246746
292.55023,322,294.343274
258.79697,294,294.347222
277.99335,655,294.368573
53.545395,107,294.517351
223.31467,382,294.567894
269.53412,246,294.703801
248.99614,353,295.082511
240.99191,244,295.086369
264.86823,207,295.086394
251.26572,877,295.170027
239.49869,283,295.194423
250.80975,369,295.511026
230.56924,382,295.626541
292.07095,400,295.626587
292.2774,348,295.626597
267.12045,295,295.626605
301.2068,402,295.626611
219.14716,829,295.63361
265.49872,351,295.772041
233.19627,196,295.870927
14.22467,76,296.035661
274.0007,272,296.058179
304.22028,389,296.09074
288.43524,284,296.098377
286.65295,290,296.123049
285.29352,304,296.276747
108.834816,1000,296.284025
267.5064,319,296.63633
263.13376,644,296.647135
283.83432,298,296.674254
248.74698,324,297.018409
312.26056,396,297.022425
289.60767,397,297.026513
292.46613,273,297.026537
280.54443,395,297.026547
258.96387,398,297.031317
259.79874,399,297.035261
239.74336,263,297.209929
302.26233,228,297.46886
288.59653,328,297.473564
282.01233,382,297.478335
294.8565,390,297.500698
278.99646,464,297.723624
41.084396,98,297.833425
272.73303,184,297.899133
248.81157,238,297.906707
283.02612,241,297.914155
272.0474,244,297.931883
283.55365,246,297.935923
189.49567,567,298.16436
268.40247,218,298.255183
306.81772,341,298.25977
270.81024,340,298.264596
245.12207,215,298.268654
266.76306,232,298.726573
282.73416,254,298.7303
284.75165,231,298.730325
275.58505,287,298.734114
290.78665,236,298.734139
287.75177,354,298.734149
246.81387,228,298.738052
302.23944,248,298.813347
243.3769,616,298.863725
241.7391,509,298.872535
241.02562,265,299.197323
254.01433,264,299.201436
263.0694,265,299.201468
268.55606,267,299.201477
293.74454,186,299.387812
279.4663,350,299.400029
280.70782,243,299.580412
294.91757,276,299.705375
263.16483,239,299.70542
275.6587,276,299.70543
284.72595,278,299.712611
277.0974,263,299.741689
227.80896,861,299.762753
279.6549,276,299.859739
262.02606,247,300.088388
281.64264,249,300.092246
272.17273,248,300.092278
265.41324,249,300.096096
274.35638,286,300.410157
275.93234,286,300.422714
270.75098,478,300.422758
240.56438,232,300.54588
47.958313,87,300.735988
254.19077,323,300.742907
232.35344,334,300.954666
284.37137,377,301.056329
263.50534,280,301.084991
270.77267,384,301.216933
291.16565,422,301.221205
272.88928,320,301.221231
277.53955,425,301.225161
278.61316,416,301.22519
232.87924,383,301.441849
263.00626,283,301.538899
266.0648,227,301.542732
258.50616,319,301.542756
265.36435,316,301.542766
258.47122,296,301.789159
256.89062,256,301.865186
292.40063,233,301.888324
280.46014,185,301.888362
287.2339,887,301.888372
263.69403,187,301.895839
276.68195,190,301.902904
259.76654,206,301.961424
259.1182,212,302.219355
291.34726,280,302.234188
285.4629,321,302.241513
305.85107,236,302.403016
280.9895,237,302.406776
265.3051,171,302.411603
280.68094,171,302.510836
251.7153,180,302.543692
262.61694,274,302.543746
289.26685,275,302.543787
283.29553,181,302.548087
236.07854,188,302.551997
275.35516,181,302.555935
258.32178,182,302.566145
294.66565,264,302.931794
301.23026,280,303.289388
284.68695,190,303.289429
300.03394,205,303.289444
282.9641,194,303.289451
274.3581,233,303.294277
274.95532,194,303.294316
258.06644,200,303.305992
244.77005,288,303.313324
261.06006,949,303.541123
263.32697,388,303.840414
283.3296,387,303.84046
266.46393,247,303.84047
263.12158,213,304.049736
283.47784,213,304.053597
284.23126,214,304.053629
234.6072,533,304.169419
297.9963,257,304.22336
266.9079,264,304.237982
274.79285,500,304.392133
296.98383,509,304.429471
293.4154,309,304.433537
286.39056,250,304.449202
296.5738,319,304.449246
284.33502,165,304.449257
245.87816,319,304.449266
300.67346,182,304.515979
251.42203,164,304.675063
244.13858,170,304.694139
282.4171,201,304.994598
291.82324,252,304.994648
313.92407,313,304.998582
258.47372,314,305.380078
264.528,261,305.384405
281.45306,257,305.384436
292.14655,241,305.38805
273.69464,258,305.388078
280.02954,200,305.392163
229.6447,331,305.392187
288.68604,276,305.399993
317.08923,198,305.403922
270.71875,269,305.411506
13.381645,136,305.484076
309.231,204,305.717432
281.6699,223,306.178981
256.4949,997,306.179029
203.49324,484,306.186143
276.31622,234,306.217645
290.64783,209,306.221567
271.12164,238,306.228553
278.07892,268,306.350435
274.08295,351,306.641073
286.609,350,306.647133
265.89966,356,306.657753
287.40787,326,306.886018
237.85931,273,307.195667
239.96118,289,307.256752
225.20361,541,307.308113
290.03046,363,307.467292
245.2142,336,307.81183
241.82733,489,307.942458
-3.449088,1000,308.007334
281.94556,625,308.397351
245.71791,532,308.512106
264.08325,359,308.518582
154.90535,1000,308.532667
265.71042,222,308.816061
267.24878,288,308.859764
28.364609,1000,308.975571
41.90276,1000,308.987703
265.35944,678,309.076226
247.46394,389,309.358163
163.83536,947,309.565446
275.02466,585,309.569341
138.50598,901,309.573454
206.9541,665,309.573478
282.30084,323,309.577313
167.50159,633,309.577337
267.75052,291,309.577346
197.61272,755,309.577353
272.85825,305,309.63565
241.8818,360,310.102306
265.1576,322,310.106178
295.614,293,310.10621
286.46716,351,310.10622
293.60278,319,310.106227
285.3145,438,310.113509
314.3792,218,310.123711
245.48865,199,310.267773
236.21596,201,310.278636
255.33987,209,310.299145
251.58224,281,310.554193
313.49817,289,310.588232
249.83762,289,310.588279
293.69708,289,310.588289
45.780945,91,310.595359
242.58766,286,310.633186
260.457,302,310.633224
279.18298,225,310.896995
238.67906,249,311.000614
284.83698,260,311.035469
290.77005,261,311.055717
283.77032,269,311.226479
246.91455,191,311.274756
301.61856,270,311.520105
287.14667,130,311.682304
275.12582,308,311.692959
266.73953,223,311.693004
283.94604,449,311.696803
264.20215,311,311.69683
216.8404,451,311.700534
297.44757,302,311.711315
252.49545,302,311.71134
241.53568,197,311.746057
280.1474,217,311.765761
274.15515,201,311.984147
19.048088,112,312.089312
246.03632,323,312.167224
272.99274,250,312.598101
248.57469,267,312.641324
225.8098,247,312.641359
247.00746,271,312.645913
263.1543,319,312.876263
290.15588,332,312.876322
300.47217,221,312.876337
294.22375,329,312.876347
273.43353,384,312.880062
292.8172,192,313.295203
254.46703,365,313.295263
242.21622,206,313.392151
94.62769,1000,313.666199
-148.33167,557,313.686762
-59.214855,261,313.819846
-71.64523,270,313.851047
53.543278,1000,313.861683
268.34784,274,313.865548
216.33188,608,313.865575
261.51825,273,313.865584
33.753624,1000,314.155015
309.3941,252,314.186043
233.91942,470,314.551986
238.15475,300,314.923676
247.92584,300,314.927838
228.63525,300,314.92787
267.15088,313,314.927879
265.67456,356,314.927886
269.14084,435,314.927892
221.61401,774,314.931641
245.62003,354,314.943548
237.80905,505,315.083233
200.36624,349,315.086954
213.58466,380,315.21012
274.38654,300,315.217071
238.1859,292,315.220664
261.5913,250,315.451912
202.10448,861,315.715107
233.8275,860,315.715162
262.67145,224,315.733176
285.00787,213,315.972097
279.7155,251,315.983762
280.10474,350,316.168914
298.60925,294,316.265129
290.08157,382,316.284156
281.20465,198,316.677999
304.95837,452,316.686012
301.4646,278,316.693294
294.247,232,316.787493
239.47925,381,316.795703
267.2577,526,316.806517
255.63336,415,317.181154
262.576,274,317.23612
255.77142,340,317.488558
242.21425,498,317.492635
259.87537,233,317.506347
225.3117,380,317.516958
308.08612,251,317.688532
289.77176,247,317.69381
277.984,255,317.716704
256.77145,701,317.721569
242.95004,794,317.774686
260.38956,321,317.879237
35.69452,135,318.28852
308.0345,288,318.374818
267.13275,210,318.378683
108.02522,1000,318.612774
98.83682,1000,318.61683
152.10643,1000,318.61686
246.20804,370,318.636551
260.52484,418,319.224265
259.83084,657,319.262078
262.2825,398,319.343156
239.41608,380,319.343204
253.26883,357,319.343214
268.1364,479,319.457278
223.50307,336,320.0185
251.91774,559,320.01855
268.32043,402,320.046479
271.43024,338,320.051189
223.64423,405,320.056216
280.97083,346,320.064074
280.7935,182,320.102733
262.35797,284,320.515525
210.8357,739,320.528085
258.86432,309,320.541017
271.23062,207,320.890244
276.38745,272,321.162772
284.2057,425,321.208729
253.17258,291,321.715821
295.0822,405,321.715872
297.02982,202,321.72313
52.55199,1000,321.849731
193.43942,875,321.887179
293.09482,450,321.903032
239.38687,647,322.003013
263.27234,466,322.007557
258.41357,491,322.028142
271.7461,491,322.028177
278.71234,365,322.03629
231.4678,369,322.040617
167.47876,723,322.207729
252.92221,259,322.234922
259.7614,877,322.244891
296.43146,295,322.943684
241.20335,294,322.948319
265.08148,297,322.953005
280.3678,424,322.973389
296.7264,222,322.978264
252.65181,261,322.982679
258.13055,261,322.998054
252.24016,275,323.002478
259.213,243,323.06295
271.2107,266,323.121721
260.90125,261,323.126513
265.93872,262,323.131522
277.42188,268,323.135554
259.83948,217,323.140244
272.64703,424,323.97989
295.73563,220,323.979956
280.90228,273,324.276679
252.02193,322,324.284605
289.49594,310,324.289505
257.11395,280,324.294102
245.89828,326,324.309515
310.37488,325,324.335678
277.96252,328,324.35178
239.46971,296,324.380867
257.80942,334,324.411984
266.33167,519,324.424814
226.5299,347,324.447099
240.31984,249,325.032903
294.4542,162,325.10026
294.19043,222,325.226564
259.83405,221,325.226615
234.55005,227,325.255532
233.95949,514,325.29057
259.07553,233,325.29536
255.30849,312,325.29539
259.25183,250,325.421709
230.00584,607,325.49302
243.43213,281,325.603314
248.10017,179,325.762244
288.9015,344,325.762293
283.3403,277,326.222122
276.8376,242,326.234808
203.81319,767,326.302704
218.12628,273,326.33157
254.15552,274,326.335759
233.39125,324,326.606038
278.7496,208,326.606088
277.34845,275,326.6061
305.36877,293,326.61122
251.39088,148,326.965034
264.2525,242,327.235442
284.52383,409,327.292569
265.00116,470,327.7113
263.5119,363,327.751529
282.15997,347,327.785758
247.93942,438,328.121186
259.59146,370,328.149436
251.8723,937,328.28282
220.14554,412,328.326498
257.0969,264,328.326534
52.884052,1000,328.429757
156.10997,1000,328.498604
303.1513,293,328.514236
202.1439,779,328.514264
212.63889,456,328.518833
245.71619,375,328.518858
264.6624,208,328.617213
58.42241,99,328.935266
270.48285,202,329.013198
295.28458,291,329.013238
243.02063,219,329.211062
278.1156,259,329.224609
160.27245,1000,329.439664
248.30199,222,329.447815
286.67755,287,329.63618
283.07855,172,329.655399
283.29797,317,329.663976
281.45337,279,329.673112
297.25247,279,329.685418
27.609543,146,329.824496
306.39008,342,329.947265
302.9572,326,329.982449
281.88818,235,329.987188
293.96887,235,329.987215
260.42624,545,329.987225
287.3626,430,330.130764
262.8684,175,330.1624
275.99265,183,330.446713
245.66269,207,330.4985
257.2782,379,330.784036
177.01884,1000,330.793819
271.90314,196,330.797455
252.61171,255,331.049624
283.27814,337,331.066781
274.01227,336,331.070986
263.5959,225,331.071021
252.20209,154,331.088426
242.82474,353,331.124538
258.43195,286,331.140556
247.539,367,331.361562
275.1292,364,331.509932
295.3342,331,331.549289
255.87941,253,331.557712
46.972168,119,331.564902
265.1275,186,331.564927
264.41663,186,331.577444
279.615,532,331.664082
272.26923,214,331.992473
275.11932,265,332.184142
301.42627,243,332.18419
272.8636,256,332.1842
282.15173,312,332.45434
278.9294,221,332.495267
269.52817,195,332.503571
272.477,219,332.503603
248.72148,219,332.503613
273.3045,216,332.50362
251.63214,404,332.508409
268.7648,235,332.513403
262.3562,223,332.51343
256.37332,280,332.553046
221.69579,389,332.721795
242.5008,263,333.08666
255.21294,264,333.283224
251.21458,189,333.344411
272.67413,208,333.372642
255.00856,206,333.372699
255.32144,208,333.372711
219.67104,805,333.37272
247.60178,221,333.377454
300.4322,220,333.432856
276.3559,219,333.432914
270.1942,302,333.455226
292.0935,376,333.766343
291.14508,255,333.800387
303.2833,310,333.804358
254.75058,308,333.804383
252.1325,210,334.164933
275.42163,198,334.202133
286.8167,229,334.329112
287.81354,218,334.333862
288.16876,438,334.341976
272.12,252,334.396219
296.02643,229,334.400329
300.5935,247,334.405087
261.37122,248,334.414022
267.146,251,334.423101
267.2702,287,334.615954
266.35638,328,335.154933
273.51013,208,335.198606
278.07687,225,335.552562
218.5462,473,335.734182
272.76834,326,335.787615
278.45575,350,335.79614
271.28552,670,335.891658
282.71906,566,336.155824
265.3127,445,336.259478
235.8534,492,336.259539
269.65146,590,336.259572
251.95712,263,336.259592
255.85199,252,336.259603
222.49535,458,336.259613
235.04051,443,336.259622
245.36992,444,336.259631
269.89886,441,336.259641
241.0811,502,336.265115
242.45348,178,336.312279
259.3335,180,336.539932
264.91672,250,336.771056
251.993,177,336.999206
263.53964,297,337.035432
274.66934,221,337.183806
263.4864,222,337.183854
251.50581,249,337.196028
240.46176,214,337.200784
260.51752,226,337.200812
276.40576,226,337.200821
274.8109,226,337.200829
265.90634,227,337.208303
256.95154,315,337.208348
291.99042,229,337.216907
282.60315,303,337.527164
260.4652,217,337.679618
274.74854,318,337.870716
265.41925,164,337.875925
249.85834,259,338.311721
285.2699,267,338.339087
275.19574,288,338.428421
285.19302,288,338.42847
269.45312,292,338.42848
271.47784,211,338.428487
227.883,285,338.428493
269.66534,558,338.607064
281.27826,190,338.676489
224.0601,350,338.680654
296.40088,299,338.945774
258.4068,479,339.047577
234.51799,448,339.086116
268.22015,288,339.090208
281.19006,498,339.094152
289.55646,211,339.317818
271.75055,167,339.317869
229.61046,507,339.361973
263.6311,250,339.376047
264.58246,223,339.381707
268.08362,244,339.38174
277.12543,224,339.38626
272.83612,197,339.533457
239.46484,235,339.692628
247.10797,304,339.725801
274.83624,193,339.931004
252.17738,209,340.289658
283.362,333,340.788636
253.16467,427,340.788702
268.46106,329,340.788718
266.7801,331,340.793252
258.40405,393,340.793291
305.27795,344,340.797862
232.0816,425,341.135002
297.64417,679,341.311703
301.69812,249,341.316471
272.50888,521,341.316498
284.61786,331,341.33268
308.61298,536,341.345172
268.79532,386,341.356606
260.96887,431,341.356632
275.9828,493,341.462181
260.29047,443,341.563718
246.51588,187,341.575428
26.494446,112,341.828461
277.70404,255,341.858386
276.5241,255,341.858436
246.22267,173,341.858446
289.12305,256,341.858453
42.82643,101,341.987597
291.18506,209,342.188194
315.3603,202,342.18824
287.76178,337,342.192621
-0.13903809,84,342.205038
305.29468,247,342.510932
312.43823,281,342.54315
257.99387,179,342.621043
281.78726,462,342.733719
267.48663,214,342.73818
269.17902,183,342.768622
246.61177,366,342.87666
285.83868,241,342.876707
292.09595,164,342.893802
290.0315,137,343.116017
299.62903,300,343.11993
251.9642,229,343.158267
286.9707,259,343.284164
293.55502,256,343.288878
278.13248,202,343.360705
264.76038,228,343.686315
236.63097,503,343.694921
222.19104,581,343.759667
266.15106,207,343.763791
269.95166,246,343.768486
293.87512,284,343.8077
239.2893,181,343.88284
250.96802,240,343.882885
260.4582,667,344.116771
290.9664,364,344.295143
224.69,394,344.539897
267.6551,156,344.548674
276.39713,284,344.561539
286.36398,209,344.575822
272.83337,181,344.580196
283.14142,194,344.59301
292.9161,349,344.601724
296.7223,341,344.612183
42.264587,107,344.761571
300.50394,259,344.871148
260.11996,182,344.906723
283.86578,382,344.911473
61.089905,97,344.995502
289.5751,304,345.056437
58.626038,126,345.08501
247.78105,366,345.255143
291.19876,322,345.259013
285.5396,185,345.351385
268.84216,188,345.351435
262.56708,175,345.351445
263.31635,188,345.398399
289.01657,187,345.554624
18.686508,99,345.673555
230.84995,274,345.735048
49.94345,103,345.778319
276.28223,187,345.77836
296.23737,288,345.812119
273.99957,237,345.901763
282.29272,202,345.901808
255.55719,243,346.089845
296.71466,183,346.105693
269.971,183,346.150076
238.98009,359,346.356311
29.282913,114,346.361629
270.67545,201,346.370669
266.18896,284,346.422403
280.07208,263,346.431175
269.43903,186,346.494424
241.14755,202,346.498974
260.0589,206,346.623873
254.08272,178,346.628187
247.61371,208,346.63195
-4.5442963,126,346.893549
275.72623,237,347.079144
247.328,233,347.079202
253.00465,174,347.105044
288.49423,156,347.155211
253.75502,196,347.184779
299.77158,344,347.236767
261.66315,189,347.410767
171.5898,1000,347.491393
23.526375,98,347.51267
51.09961,118,347.570915
279.00793,276,347.782076
250.0321,309,347.786375
271.0861,277,347.790804
273.74707,217,347.790838
224.67952,693,347.795686
258.8108,326,347.795721
274.59137,176,347.807305
33.86621,88,348.149051
305.3352,219,348.381343
243.67119,209,348.634823
299.24844,302,348.64782
297.35846,212,348.651912
61.389328,94,349.038828
315.46622,223,349.062897
297.35458,379,349.062939
274.88864,169,349.360202
253.6043,488,349.571356
273.21777,289,349.575541
261.83667,479,349.746779
261.5196,167,349.751772
271.41925,474,349.751797
298.28345,479,349.751807
273.1354,477,349.751814
264.3182,632,349.755869
221.94954,874,349.755893
239.72664,225,350.004345
271.31506,672,350.017387
302.59332,234,350.021592
17.09729,93,350.150848
282.26044,372,350.190931
262.8744,148,350.198958
261.55743,160,350.419228
281.8824,161,350.423801
116.075424,1000,350.56243
69.52272,129,350.716956
271.82233,202,350.833924
229.67737,311,350.851444
249.26611,342,351.163655
264.02902,288,351.175141
313.34952,253,351.175178
312.76794,348,351.182254
276.0901,294,351.218876
283.7123,195,351.218917
205.1788,460,351.251805
226.81793,370,351.278965
150.92142,1000,351.304898
-26.746925,147,351.451077
281.15292,316,351.486163
298.60596,228,351.668454
251.00089,188,351.96118
264.609,295,352.073604
301.83176,209,352.086482
283.651,574,352.126072
299.76434,212,352.130727
258.3006,237,352.199407
242.46477,246,352.199454
274.82794,215,352.366285
285.8514,445,352.392476
297.45972,270,352.392521
270.35544,233,352.405287
290.76508,300,352.417009
280.99295,488,352.42525
253.98509,201,352.783814
40.176376,157,352.84688
276.38403,296,352.87861
316.1656,238,353.106941
221.7538,446,353.140105
309.10278,260,353.152739
288.70273,193,353.219536
313.13077,284,353.23967
307.88947,257,353.255749
296.08157,257,353.465851
302.68283,205,353.63552
279.07184,370,353.6578
18.277695,120,353.657861
287.24066,634,353.790555
263.50958,224,353.813538
286.35468,169,353.817218
298.33902,360,353.864143
279.11328,213,354.150679
302.0097,463,354.314471
243.91702,465,354.322389
282.91064,355,354.322434
274.9745,205,354.322448
270.4748,460,354.326976
287.17212,285,354.33139
266.54016,264,354.342598
297.57867,281,354.398129
275.1187,204,354.506755
276.73508,174,354.540532
55.075974,85,354.672245
276.79315,213,354.69224
22.164505,100,354.743256
286.03955,290,354.861616
273.15012,268,354.909302
255.16986,252,354.91372
278.08636,187,354.929456
245.8677,210,355.196455
285.72055,214,355.245458
268.0973,220,355.25024
301.86472,182,355.310195
258.64227,235,355.314944
259.03336,218,355.314971
50.038864,110,355.336487
251.55986,193,355.49649
243.99754,187,355.540211
284.57538,245,355.540258
283.62543,288,355.540268
275.21423,202,355.553197
22.622261,95,355.646459
249.93408,201,355.781748
251.27357,269,356.049926
260.19177,187,356.098769
268.40866,194,356.156017
264.3169,225,356.431551
29.319489,94,356.431609
268.81635,223,356.471717
233.61908,223,356.471765
258.08337,293,356.471775
270.45905,357,356.797011
295.84702,304,356.802077
277.90164,271,357.205832
276.1054,484,357.205888
254.43465,410,357.252178
279.94125,388,357.257686
266.31274,191,357.25771
280.2353,200,357.25772
277.17438,194,357.270452
252.93863,274,357.278368
246.73006,227,357.405477
281.8228,285,357.610654
36.056595,100,357.696676
73.61057,1000,357.806545
276.89667,258,357.873219
295.5467,618,357.881212
245.34608,162,357.925749
241.30779,175,357.989619
240.58484,535,358.004989
265.71185,204,358.125763
278.7394,315,358.125826
267.2743,219,358.143096
276.01996,236,358.609914
291.81683,274,358.878897
246.97366,212,358.910848
298.22266,190,358.93992
279.4184,220,358.956931
300.98398,244,358.990644
246.82726,204,359.017702
43.655045,94,359.029957
0.5118066,1000,359.122914
230.30493,311,359.461409
285.14447,192,359.737302
290.31628,244,359.985134
256.2681,233,359.985194
282.0298,248,360.088917
257.71368,331,360.29078
160.50063,781,360.604977
277.82846,383,360.605027
281.4649,266,360.605037
244.27872,203,360.609218
204.97388,651,360.6131
282.45465,484,361.193968
181.22134,922,361.20778
256.19513,262,361.207831
160.48569,889,361.207855
268.61057,288,361.212673
293.66333,289,361.21752
198.12572,562,361.4066
249.25157,195,361.415551
260.3486,196,361.422971
279.38696,829,361.423003
271.9485,194,361.423013
0.25122783,1000,361.470796
294.4203,238,361.59933
36.297516,109,361.656822
252.10478,354,361.779622
13.295723,181,361.966616
-26.367455,1000,362.139924
264.3638,236,362.189769
284.89203,176,362.2062
252.22855,274,362.348874
277.95044,420,362.353282
258.07806,324,362.561633
247.39537,186,362.567147
279.9048,274,362.567199
255.47346,230,362.567211
267.3592,282,362.611386
261.65198,324,362.789414
315.2285,195,362.801553
266.62598,208,363.097745
273.73526,340,363.103135
268.1493,224,363.103182
284.0172,214,363.107713
244.92226,175,363.107743
261.1584,198,363.42465
315.23145,250,363.436974
259.6325,204,363.45145
249.20915,487,363.491795
250.01987,498,363.528368
275.99,261,363.69541
294.7683,234,363.804664
240.0468,187,363.897287
254.86168,262,363.911514
260.33405,313,363.911562
264.13098,189,363.917383
283.67828,207,363.984625
277.82288,311,364.428357
233.59677,426,364.428401
256.68552,270,364.848132
248.39787,316,364.848176
276.67844,309,364.852113
276.21973,333,364.852145
258.3394,247,364.865005
302.1003,298,365.174823
311.17603,296,365.18053
258.59564,295,365.180559
242.85861,488,365.196671
268.26422,435,365.308142
259.30188,204,365.308189
125.12205,1000,365.446667
258.44293,175,365.586553
251.63985,172,365.586605
315.88568,272,365.590682
58.056854,92,365.689261
270.05994,232,365.817259
295.7353,160,365.865304
-6.0995865,103,366.011203
47.033264,119,366.075727
296.1752,286,366.364457
266.57205,696,366.377939
269.982,585,366.38224
247.66623,601,366.524442
272.19403,243,366.696811
281.22656,365,366.696861
290.5837,214,366.708984
246.4611,198,366.899247
285.12424,214,366.899295
245.65018,250,366.899306
277.6419,316,366.899313
269.68692,415,366.904074
247.06879,412,367.17546
273.86676,484,367.339532
258.93372,230,367.359429
217.08891,598,367.364046
259.3014,238,367.379042
255.37349,157,367.383622
43.9888,122,367.434352
272.03223,302,367.661496
267.4334,227,367.666528
260.28638,229,367.678712
259.6506,181,367.687343
279.64932,183,367.691768
310.67883,220,367.840861
285.7527,221,367.845417
281.07623,315,367.857426
255.26454,163,367.857457
25.446465,102,367.857467
33.514084,131,367.923854
69.49664,143,367.936394
285.58447,177,368.103487
48.47838,89,368.237646
278.5992,258,368.447045
254.46252,281,368.578336
268.162,222,368.787399
272.84048,220,368.795788
307.43695,269,368.80875
270.75687,265,368.80878
283.81305,226,368.808789
276.7035,209,368.817069
280.6037,226,368.821903
293.38095,278,368.87385
274.81433,282,368.877988
153.02226,1000,369.065736
265.34747,332,369.070287
245.43228,241,369.132534
53.751022,155,369.231109
10.584084,102,369.245748
283.47772,258,369.351194
269.27167,231,369.781416
246.84875,231,369.810592
285.5658,450,369.865713
285.58856,329,370.213494
260.83728,415,370.218513
262.72113,316,370.222484
275.01764,270,370.222511
271.95923,269,370.22252
250.32193,335,370.227436
282.8805,318,370.227461
254.76758,332,370.227471
257.1759,330,370.232298
272.13983,221,370.285645
271.87112,315,370.584138
297.91583,196,370.603751
257.65292,352,370.629078
19.125458,124,370.732694
262.73834,259,370.88881
253.17653,233,371.18512
251.33678,235,371.190061
301.00214,235,371.198268
282.77228,223,371.20234
296.40686,238,371.20729
219.76422,472,371.21594
276.07892,240,371.226716
259.6302,156,371.226741
280.92706,360,371.718586
280.30774,371,371.75809
283.90802,212,371.766019
248.23903,283,371.770697
284.81537,460,371.774903
269.1881,295,371.952667
264.3003,178,371.96397
323.2369,195,372.014672
294.24512,289,372.395915
58.304703,145,372.58511
291.97028,353,372.673312
248.43161,345,372.673354
310.8244,348,372.67774
259.1715,215,372.677805
241.98143,494,372.691057
308.15887,298,373.036318
312.01233,270,373.093805
211.06065,282,373.209062
39.71463,130,373.220438
252.85884,192,373.375606
260.5866,170,373.375655
253.29164,412,373.44294
291.97208,201,373.504658
302.62488,266,373.504699
271.12036,291,373.892805
242.8137,648,373.918877
24.675262,97,373.918918
244.01242,884,373.918929
293.502,184,373.975538
264.94275,206,374.230957
272.2779,298,374.265017
316.72345,317,374.40442
284.34955,231,374.404474
232.89597,634,374.421322
276.5633,178,374.70395
277.98392,323,374.715384
253.06659,234,374.851594
-4.5515976,149,374.881354
247.24188,237,374.894038
20.472336,115,374.899343
258.7586,405,374.899388
273.82672,240,374.907494
256.6548,243,374.920379
264.13437,345,374.942712
299.3316,547,374.963146
292.98135,142,374.996564
250.49132,188,375.017883
126.7697,1000,375.372571
53.68878,142,375.487732
260.34357,202,375.731782
263.43698,173,375.731832
256.77698,244,375.731842
279.5805,248,375.736249
283.9844,209,375.766109
278.56583,217,375.785987
274.15546,199,375.786037
250.48947,335,375.794343
144.93146,1000,375.926474
269.97153,274,376.002531
264.6105,192,376.174857
49.8275,98,376.212655
36.934784,118,376.494614
278.70667,375,376.506534
265.54395,376,376.563655
266.3954,403,376.601985
278.12927,194,376.602023
260.58893,406,376.602032
300.49585,225,376.720924
247.11678,252,376.796932
253.90349,265,376.851514
264.6258,299,376.998655
279.237,360,377.007224
281.07397,302,377.018912
289.35144,294,377.034877
284.58362,206,377.049349
304.47394,225,377.455691
259.8438,174,377.575881
253.9037,393,377.579961
295.2188,267,377.6173
267.49857,265,377.717942
305.98334,204,377.859797
305.07257,266,378.14573
293.35052,269,378.145781
260.59592,474,378.200282
308.99252,380,378.200338
284.43665,381,378.204805
282.79837,287,378.204841
293.47748,290,378.208869
279.9042,151,378.213032
282.31415,195,378.4035
288.60406,181,378.618859
258.3103,225,378.65453
232.95032,468,378.674859
266.2951,256,378.686154
240.47144,509,378.699627
279.23068,475,378.780862
274.87042,318,378.7809
287.18958,159,378.812916
265.86365,196,378.960127
288.04938,246,379.220682
292.17984,250,379.225662
290.2732,249,379.225686
280.4948,203,379.231774
316.73587,250,379.231799
274.39954,251,379.231809
249.18668,256,379.261701
288.88406,206,379.464559
299.81,244,379.699329
310.5313,216,379.699389
263.09473,225,379.704102
285.42535,160,379.891456
313.86246,295,379.895915
308.12396,339,380.045792
285.59973,221,380.13864
263.2082,244,380.237425
271.6765,208,380.573816
266.7783,483,380.674824
282.69717,340,380.679871
281.00372,459,380.683702
271.44403,293,380.687753
275.25055,195,380.864926
277.71024,396,380.873467
257.43787,463,380.883104
261.00037,400,380.886903
256.43628,286,380.891338
298.82074,314,381.203638
270.9882,477,381.211745
303.49478,239,381.667635
285.87067,433,381.698882
262.8908,247,381.711785
287.3953,248,381.711832
309.10464,198,381.711846
257.41528,376,381.711856
263.23627,274,381.711865
287.15228,483,381.711874
280.9358,251,381.716547
16.31308,100,382.139588
302.17688,302,382.158429
233.82085,307,382.162912
263.9049,310,382.167492
252.9477,166,382.404844
251.46045,186,382.473835
256.77576,199,382.498215
278.47275,242,382.725922
245.56189,242,382.725968
308.53415,364,382.731378
285.20212,595,382.731413
255.5016,362,382.731422
269.46146,245,382.739754
272.84607,445,382.743792
262.3197,246,382.74382
267.35275,250,382.759737
30.243439,104,383.161767
39.884537,94,383.564599
279.68857,212,383.621988
273.47955,209,383.626415
299.3131,272,383.626445
249.01846,210,383.634192
231.25478,356,383.639145
304.40796,240,383.756453
257.0537,385,383.779403
287.79315,240,383.779442
271.93158,384,383.779451
296.95306,383,383.779458
305.85672,247,383.779465
299.9889,326,383.788632
275.16425,304,383.793224
285.95953,253,383.802716
74.980255,142,384.215646
267.4359,201,384.604091
290.09476,201,384.604149
264.7919,251,384.609295
271.4121,244,384.639576
282.7832,216,384.675378
287.1081,222,384.691394
284.00574,228,384.695467
296.89426,243,384.791496
241.00497,279,384.791551
303.57697,248,384.800425
288.7091,283,384.800454
254.41948,496,384.80474
278.65167,318,385.126693
272.3858,270,385.344431
255.71092,424,385.40363
284.50626,264,385.789307
266.54138,487,385.789357
304.41583,266,385.794432
299.65955,245,385.806353
266.73163,277,385.822095
299.14062,214,386.223727
270.71777,344,386.223781
261.2204,292,386.324475
306.34402,431,386.392793
289.5912,385,386.397187
290.9984,384,386.39723
269.0992,425,386.401507
257.38788,157,386.446762
276.4162,205,386.644141
289.67828,459,386.70697
276.12894,219,386.707018
301.84955,354,386.853469
267.61,543,386.853513
246.65984,559,386.922028
262.3098,203,387.160344
260.3434,331,387.192886
257.19574,205,387.252058
255.43343,216,387.292465
255.12627,218,387.299856
279.31677,207,387.299895
267.2373,261,387.299909
284.23492,263,387.310999
306.0556,205,387.550016
278.7068,427,387.573984
316.3061,189,387.636734
272.9639,229,387.650577
276.34064,317,387.701055
291.18738,176,387.972434
258.55856,199,387.980701
286.3927,277,387.996017
286.24847,332,388.008492
274.50714,179,388.033009
310.4933,327,388.635661
286.85614,348,388.72052
246.63701,346,388.720568
275.86298,476,388.890472
264.75067,291,388.902626
261.06842,216,388.902676
320.11932,223,388.902685
290.49942,328,388.902693
260.27185,324,388.911712
288.41107,239,388.959789
295.45428,254,389.043854
285.5429,471,389.135734
266.36383,413,389.331339
284.60275,500,389.348065
268.7116,319,389.348114
289.21906,193,389.444519
285.00592,193,389.530513
235.6345,210,389.765008
259.1626,216,389.799151
276.1941,242,389.895359
283.36157,242,389.895406
244.65086,283,389.895417
270.07434,248,389.920373
268.19446,215,389.928508
292.0999,233,390.306983
36.419083,133,390.444422
274.32913,259,390.504499
253.18793,399,390.528661
276.2738,700,390.528698
233.88074,290,390.528708
286.0028,179,390.535219
289.1996,386,390.546769
276.2864,292,390.551831
294.9096,344,390.551862
276.4656,249,390.551875
284.48892,195,390.699297
19.573364,102,390.942796
265.10535,265,390.978772
254.4559,261,390.995546
64.978424,132,391.037318
292.9264,193,391.091776
241.35176,287,391.091834
294.12595,186,391.312927
240.47548,201,391.370993
275.6622,213,391.406488
267.3897,210,391.406534
89.14542,152,391.618949
247.7406,292,391.720308
274.43304,200,391.863974
290.44098,518,391.887861
279.16284,327,391.88791
72.04219,119,392.09737
288.39178,263,392.162241
273.16928,413,392.207844
274.30414,314,392.220491
249.57481,503,392.485415
285.55652,358,392.544581
270.42938,291,392.544626
265.8973,283,392.544636
241.23116,387,392.548573
287.0884,213,392.738517
295.66238,214,392.743013
305.7717,333,392.746862
273.3161,320,393.006833
267.31827,225,393.111157
28.356888,104,393.163382
261.42917,250,393.232754
259.1784,625,393.232802
267.8883,280,393.232812
286.09943,173,393.248893
290.99252,344,393.24894
258.165,273,393.268724
298.24933,192,393.32419
287.79877,157,393.385181
313.54382,239,393.728179
17.521378,97,393.790977
236.63269,327,393.82913
215.94934,623,393.850807
234.6713,189,393.906028
310.89514,188,394.022367
50.693542,86,394.089694
290.70966,192,394.13446
313.011,245,394.190311
277.27582,225,394.193923
270.9749,283,394.419048
291.02158,274,394.419098
281.33066,461,394.454116
291.92944,176,394.530295
283.73492,229,394.806082
275.8114,237,394.817809
299.8431,160,394.853231
284.0135,187,394.869457
270.4859,207,394.883111
285.57666,279,395.066228
271.4148,218,395.318017
248.97081,213,395.333139
306.74835,207,395.388779
264.11566,258,395.486945
306.1032,153,395.486995
241.97606,572,395.615288
297.89606,195,395.628379
281.2069,184,395.633185
279.49475,200,395.638083
257.8315,248,395.893022
272.8876,203,395.893074
294.4393,165,396.062282
61.645355,139,396.18473
300.08923,186,396.248522
314.44354,231,396.269596
12.655533,110,396.354062
290.0492,236,396.592214
280.0603,236,396.596998
292.7666,271,396.597039
279.1944,307,396.597048
250.90834,235,396.597056
133.03366,1000,396.678757
243.33578,163,396.913759
258.505,661,396.913804
253.13892,248,396.918063
251.45204,208,396.918086
143.09517,1000,397.156509
289.9519,238,397.172157
289.24854,218,397.176685
270.93744,169,397.304332
303.49323,236,397.336525
147.11385,1000,397.403673
47.637665,205,397.458246
270.5716,208,397.471191
303.0112,209,397.471234
279.22345,195,397.498603
239.41298,229,397.553338
318.89673,176,397.658296
266.50195,190,397.710853
253.42351,233,397.879025
263.53207,232,397.879074
259.8122,180,397.907776
280.33514,186,397.916467
47.297207,1000,398.277665
282.4176,204,398.306523
264.4841,206,398.329133
293.27252,237,398.329176
274.10327,282,398.351693
219.22061,283,398.645291
273.49225,243,398.676336
270.8645,187,398.676378
297.60455,183,398.688994
252.71872,247,398.912985
235.16827,350,399.165794
218.08482,426,399.165848
257.78027,449,399.165861
238.05069,342,399.726416
278.58014,270,399.77357
280.3932,271,399.778078
258.03046,278,399.778121
271.77997,449,399.778136
286.65753,212,399.782675
260.52414,351,399.782703
41.720932,89,400.153351
181.06635,672,400.322263
255.13322,286,400.333956
284.25653,490,400.334004
289.35272,286,400.334014
248.63806,502,400.338623
277.98727,406,400.346457
175.42212,694,400.356699
291.6829,213,400.665367
273.07782,366,400.67005
220.6579,582,400.69923
299.26376,222,400.703977
264.6704,236,400.755326
37.968475,119,400.83608
236.88142,290,400.983714
258.94788,289,400.983777
264.27295,152,400.999602
293.79364,243,401.169942
280.08185,351,401.198166
256.85553,200,401.19821
276.3125,222,401.281544
283.94116,277,401.502377
287.96405,279,401.526776
296.10962,205,401.550636
237.79889,334,401.764783
281.24005,263,401.797262
277.28635,267,401.848192
275.4113,266,401.848257
283.91415,260,401.966477
250.56982,314,402.135514
252.15855,262,402.140313
263.6391,284,402.24932
280.30286,287,402.498677
269.27545,290,402.513914
279.40607,309,402.571782
272.3397,354,402.593878
260.31958,231,402.948151
303.85315,256,403.00815
290.18884,327,403.051998
285.28198,259,403.081955
300.89587,252,403.438728
301.6151,253,403.698249
311.33344,402,403.859193
265.67322,392,403.979469
315.16162,302,403.984526
273.50513,524,403.989824
311.97723,393,403.989861
279.96652,227,404.002593
274.1963,211,404.028549
266.59027,552,404.063972
292.19376,604,404.06401
284.35754,315,404.06402
273.01993,214,404.06856
274.19586,493,404.068588
224.34894,234,404.089689
293.6481,161,404.168217
290.7866,186,404.756373
262.31894,215,404.760918
306.86,193,404.822916
281.5548,270,404.843429
274.0816,186,404.85216
258.32574,334,405.375634
268.32492,316,405.375686
280.08615,317,405.375696
278.23914,319,405.383516
260.8883,350,405.454145
266.72702,380,405.557274
280.35095,407,405.66201
19.790619,96,405.764265
258.34634,418,405.790114
281.83167,352,406.291041
293.52554,534,406.365223
290.79785,267,406.476504
289.88043,263,406.526817
293.40744,282,406.526854
274.57477,187,406.558586
268.69165,447,406.598773
246.10112,424,406.598816
304.2551,254,406.598825
318.76947,299,406.598832
275.8156,203,406.598838
308.37848,446,406.598844
301.33694,431,406.59885
285.21686,647,406.724413
187.9758,1000,406.797087
279.6696,314,406.949078
274.5161,221,407.193874
271.637,164,407.193923
286.31293,205,407.197978
274.32526,156,407.230552
270.7512,171,407.253963
281.58286,235,407.436059
259.4161,211,407.459817
292.31183,181,407.466844
275.6927,227,407.528306
249.92459,179,407.528354
279.02136,228,407.532978
278.77808,291,407.778524
258.11523,205,407.778583
295.74515,203,408.050545
252.01973,198,408.050593
293.90082,361,408.059584
278.76694,414,408.205484
285.95532,200,408.23744
280.86304,408,408.249628
254.60146,260,408.249657
259.54245,261,408.249667
276.51398,181,408.253878
277.3012,182,408.253904
304.84802,263,408.258375
289.62244,215,408.327838
-10.157158,83,408.387974
287.72476,286,408.609371
283.48456,206,408.609435
260.45108,178,408.771588
253.58998,193,408.824757
268.20612,234,409.186301
283.25067,235,409.186356
294.02905,234,409.186366
302.75204,285,409.390129
289.64804,198,409.397882
266.36792,296,409.421794
282.8985,317,409.475228
307.61273,323,409.62534
275.2624,201,409.63721
266.33417,335,409.734563
7.5578156,99,409.803411
301.14124,529,409.912167
267.7542,194,409.987178
278.9364,221,410.103029
265.95496,325,410.103088
273.58163,369,410.113243
275.46487,247,410.207398
288.16553,502,410.288189
278.78113,533,410.422159
267.66934,250,410.42221
292.38342,168,410.432603
15.252022,93,410.479473
286.0974,264,410.511744
284.26294,238,410.787628
269.97372,314,410.93401
286.78076,355,411.09035
276.50818,240,411.095283
275.23257,302,411.157739
279.95352,285,411.157783
282.56134,213,411.161659
272.44513,269,411.201887
250.27414,272,411.318544
266.11096,217,411.318594
276.80264,218,411.369127
41.52777,100,411.494549
147.62523,1000,411.578034
279.82147,201,411.605963
265.12186,167,411.610882
285.39896,292,411.615715
300.74994,294,411.623507
274.7223,275,411.635387
233.22232,530,411.651752
266.86102,157,411.794688
278.39816,183,411.902849
285.66974,178,411.929934
253.80777,205,412.155737
277.30096,245,412.160473
264.6682,199,412.183414
269.87842,212,412.18344
30.456543,99,412.200106
274.48376,174,412.323567
278.3365,197,412.384842
281.1655,285,412.657167
260.38687,259,412.661887
262.01385,203,412.725863
294.01978,274,412.725905
297.1647,266,412.734688
244.82538,180,412.915033
283.313,194,412.947128
249.90883,252,412.952107
278.1745,204,413.014259
263.90863,214,413.025569
262.50708,199,413.202086
239.09995,272,413.44463
263.92084,186,413.495981
257.06464,458,413.512109
288.91727,190,413.520429
275.5196,195,413.534256
247.42123,146,413.558207
262.69727,174,413.668473
247.0937,252,413.696163
257.58862,396,413.825518
275.35687,259,414.090155
251.01265,777,414.282342
280.52692,406,414.345769
278.8249,220,414.357516
287.8982,184,414.444904
297.23096,239,414.518518
266.84952,342,414.973554
271.02643,495,414.989788
249.61714,349,414.989836
287.181,812,414.989846
278.71307,427,414.993792
259.7465,470,414.998764
283.0173,221,415.031734
298.04205,322,415.063932
275.6598,171,415.08087
305.97693,200,415.210088
254.18433,192,415.255656
300.523,410,415.548851
290.5008,308,415.573235
36.5961,145,415.59136
275.70325,207,415.834419
286.8349,244,415.998398
276.17773,244,416.002807
243.74693,246,416.006911
290.74268,226,416.006935
272.00668,230,416.006944
268.69455,601,416.006951
284.15332,358,416.006957
258.5864,586,416.006963
277.76514,246,416.015964
272.68195,230,416.200977
292.9025,242,416.20536
282.64636,204,416.419114
281.2628,184,416.765179
230.96054,341,416.949543
276.3235,257,417.073601
298.4724,261,417.082752
270.6126,262,417.082797
276.10468,306,417.089519
270.28632,236,417.175979
247.73148,236,417.378413
294.13226,336,417.382562
294.76666,363,417.494787
266.1822,518,417.711718
39.402954,89,417.739226
262.5131,230,418.000524
247.44211,248,418.078741
263.85287,177,418.096067
293.6751,266,418.151133
33.5177,332,418.293733
265.49515,312,418.437617
272.751,597,418.442593
279.6841,629,418.580713
297.46857,205,418.580761
267.37976,367,418.585348
284.64886,267,418.585388
264.12256,446,418.585402
246.42192,588,418.605936
276.76508,162,418.823033
293.73465,281,418.859145
282.03964,190,418.881373
29.473312,115,419.05032
142.8176,1000,419.128549
298.278,165,419.281873
283.4738,228,419.383688
292.46286,220,419.486885
255.97867,296,419.52881
236.6068,349,419.528857
291.13412,217,419.72292
293.45343,276,419.72297
271.28748,148,419.744945
292.89093,318,419.757526
251.6433,453,419.868295
299.2495,346,420.012777
254.41354,979,420.017316
259.33292,377,420.137299
54.30243,143,420.305885
61.22467,76,420.441359
38.492355,117,420.482322
294.69,391,420.486553
289.49863,201,420.540006
295.41376,258,420.54005
283.09628,315,420.573538
297.5642,278,420.664093
273.42786,225,420.664149
269.1524,223,420.67023
38.845917,95,420.702072
265.48053,413,420.762296
68.500595,111,420.959616
279.93903,388,420.994615
245.35217,365,421.036451
272.80853,246,421.036491
279.12146,147,421.196949
263.59424,200,421.386424
252.54291,211,421.55103
272.6331,405,421.55109
280.961,211,421.555342
252.65297,212,421.555368
289.51276,255,421.559312
300.32092,212,421.588981
50.615463,158,421.691354
284.41406,228,421.903353
294.91788,275,421.903399
290.0458,736,421.912072
275.76868,287,422.181463
245.83098,265,422.290086
258.93542,222,422.467196
261.74738,223,422.476715
285.43195,465,422.48182
277.25385,226,422.491991
256.6391,256,422.617151
286.8378,182,422.677357
12.736374,108,422.755641
294.19568,154,422.832698
290.56824,434,422.844974
266.44458,225,422.84502
268.708,350,422.845036
270.32944,285,422.88462
271.94095,314,422.903486
296.077,266,423.026761
281.02722,351,423.035578
23.58078,95,423.252421
274.41443,189,423.282799
275.29596,191,423.282832
34.122757,97,423.317886
293.01602,206,423.376271
243.82376,268,423.770351
248.5874,277,423.861435
286.00134,296,424.019461
291.13116,280,424.041835
303.45477,257,424.125498
250.60919,386,424.129648
270.14038,301,424.166448
274.30298,195,424.201057
262.17517,280,424.213931
302.105,218,424.213959
259.17484,321,424.213969
250.23141,212,424.218864
281.927,227,424.218887
290.46286,325,424.218896
268.8874,195,424.586495
295.38647,175,424.59475
293.1966,308,424.594786
192.81944,1000,424.657325
29.883957,115,424.695518
-5.13459,128,424.753437
14.627083,167,424.918921
47.119614,124,425.111268
271.1087,257,425.283644
253.90211,278,425.336563
277.48932,288,425.336605
299.49854,308,425.336615
278.7102,266,425.336622
290.10355,288,425.341707
280.52527,268,425.341751
277.7019,315,425.341768
266.83536,267,425.34178
269.6834,203,425.508986
18.674614,99,425.742917
265.0603,286,425.783636
272.3292,262,425.787567
276.43518,251,425.797496
253.33626,292,425.801957
292.82532,212,425.801982
273.73767,204,426.163525
275.60474,203,426.163579
301.50552,209,426.186225
303.51978,235,426.294637
263.63135,196,426.299536
303.1139,237,426.303668
260.34033,238,426.303695
278.06448,251,426.303705
278.71152,239,426.307857
290.3291,318,426.41124
297.79984,163,426.444544
278.42322,197,426.597247
266.45233,214,426.609035
13.125404,109,426.740199
46.71292,85,426.758362
21.537994,114,426.766742
290.28052,151,426.911985
265.83337,315,427.076873
287.29654,319,427.083151
265.6745,318,427.088064
287.10413,226,427.088093
282.02942,227,427.09231
254.22354,195,427.100051
279.12958,196,427.10529
267.08197,211,427.167028
270.7641,181,427.178598
247.26889,161,427.263403
296.0506,185,427.676306
1.9563904,106,427.709407
267.97733,162,427.771087
300.30188,244,427.775101
305.5639,168,427.775132
262.93933,246,427.775142
266.75653,169,427.787302
254.81714,253,427.787331
295.9969,294,427.807309
281.9665,184,427.865509
51.464066,171,427.87846
302.22485,193,427.882771
262.16345,194,427.895779
276.89813,416,427.900673
275.92676,196,427.900699
-11.867233,80,428.031105
44.44969,81,428.096654
14.585808,81,428.131634
-5.2723083,84,428.231335
-23.658707,97,428.27562
30.10707,104,428.317885
25.570206,111,428.328504
72.35443,163,428.441648
266.22153,186,428.534043
260.58115,219,428.572062
292.1801,338,428.572098
296.1742,195,428.572108
309.04922,193,428.575886
285.41187,178,428.593125
272.34207,205,428.750074
272.3117,235,428.762444
294.37665,199,428.966668
267.49133,196,429.151672
278.08374,201,429.16322
65.16678,137,429.171131
272.5431,217,429.182835
296.29614,233,429.213265
7.1270676,169,429.28308
258.32013,219,429.446943
268.07556,175,429.478899
250.7127,333,429.478949
251.45935,178,429.47896
266.6477,218,429.478968
257.84253,218,429.485685
272.3684,253,429.494883
19.551064,86,429.502815
261.27347,251,429.619349
55.020493,121,429.663122
35.29706,113,429.915435
22.684875,104,429.931924
44.378464,127,430.009897
43.55844,144,430.075961
307.46826,222,430.097708
11.969727,114,430.130237
290.0944,232,430.163135
276.05994,241,430.163174
272.73276,290,430.163184
264.01804,215,430.167865
298.9037,223,430.398191
278.74176,229,430.420592
273.1266,255,430.527423
50.158783,100,430.567535
254.51341,139,430.571918
291.9652,263,430.57195
290.32925,233,430.57196
312.3331,174,430.782513
270.36832,219,430.822139
294.35916,226,430.836908
294.44977,251,431.109993
277.48798,151,431.175174
51.85811,103,431.195279
261.99203,194,431.206298
300.20862,208,431.241952
262.82904,275,431.241988
285.1898,273,431.275086
278.2351,277,431.287805
294.2384,177,431.292458
292.93646,280,431.300193
306.8096,259,431.637818
272.552,270,431.637881
281.7627,194,431.637892
60.526123,90,431.669943
32.7088,103,431.720069
-15.134445,130,431.789531
13.353699,135,431.864369
273.62015,153,431.886345
45.873093,75,432.032638
47.239853,88,432.036659
29.016052,77,432.109744
277.60187,312,432.114748
253.45415,232,432.147118
174.99173,1000,432.159608
273.9002,237,432.187513
254.66481,258,432.187557
259.1214,185,432.399209
277.65082,209,432.500718
285.25424,303,432.535412
278.6673,203,432.718877
287.38995,180,432.771925
245.2587,229,432.803585
245.55986,386,432.803636
286.22565,176,432.828165
287.17767,170,432.840002
297.32288,170,432.854299
255.08926,204,432.867198
268.9754,176,432.907463
292.73767,196,432.915517
305.66656,573,432.928338
293.74652,231,433.139954
301.261,200,433.231056
276.3686,216,433.401285
293.83447,183,433.487567
286.29352,166,433.625474
276.82895,200,433.664799
257.5913,198,433.680964
256.38965,235,433.817832
295.84875,311,433.817894
285.62128,217,433.81791
268.4826,244,433.817923
286.60678,244,433.817933
263.35812,531,433.832297
285.98956,233,433.837522
288.78726,174,433.863375
273.45038,229,433.863419
32.972733,357,434.270739
1.1373138,104,434.279169
292.12558,211,434.283944
23.67173,110,434.29224
23.859657,113,434.321505
273.17056,264,434.336992
272.99072,167,434.372074
290.88983,255,434.550844
267.6574,191,434.623504
273.64825,192,434.627823
262.98325,192,434.627848
269.75024,240,434.627857
259.73407,226,434.627865
292.08765,193,434.631824
-7.6688995,97,435.010554
287.18427,292,435.072014
277.4729,297,435.092664
304.47937,203,435.117419
54.015594,125,435.132616
278.29498,214,435.151273
248.71822,217,435.155881
264.70856,202,435.16077
291.1851,216,435.166013
238.01587,223,435.227113
287.59335,225,435.285529
275.09286,205,435.461165
253.46156,237,435.516409
265.2834,219,435.520693
262.15576,219,435.524522
285.011,225,435.544462
291.13184,199,435.880771
277.19598,221,435.913151
263.1231,207,435.972177
280.94604,187,436.041666
302.67108,228,436.041714
255.39685,220,436.04572
285.2323,218,436.04575
283.82562,220,436.050373
289.5893,215,436.425177
258.67987,238,436.439512
292.2722,248,436.538787
276.97507,356,436.702944
269.00937,286,436.709898
278.89813,181,436.746765
258.38278,181,436.819723
284.46625,185,436.834105
292.7761,265,437.171343
285.48273,538,437.324612
267.49725,227,437.384131
265.5911,224,437.384179
276.56976,447,437.38419
315.58984,319,437.38837
286.85013,361,437.396842
246.71587,172,437.426103
281.1184,219,437.617389
270.11478,243,437.830924
280.0015,265,437.835888
283.67627,313,437.841398
276.01624,462,437.841447
263.0288,650,437.841462
41.337738,109,437.869113
67.06651,136,437.882257
-13.487122,123,437.896972
20.234634,108,438.274833
43.092133,110,438.290053
240.23743,236,438.345531
260.9361,380,438.380749
280.39746,273,438.496802
288.08856,217,438.496866
278.08563,218,438.744137
46.696686,110,438.752733
285.7233,222,438.760853
271.1548,209,438.765547
277.58322,386,438.765576
28.838104,118,438.843579
292.61987,263,438.959643
269.86624,273,438.967994
284.31213,702,438.972206
288.3027,386,438.98016
270.10223,388,438.98399
18.302017,98,439.163575
-4.5272064,119,439.254607
48.317276,93,439.365689
276.2157,247,439.410445
264.20734,197,439.559927
294.73846,433,439.669899
273.38574,173,439.680541
286.6375,298,439.747305
241.84467,186,439.747349
284.76108,211,439.895736
236.6314,273,439.916297
257.46384,250,439.921658
278.94702,222,439.921691
268.5765,270,439.927382
52.795822,154,440.082062
39.15918,82,440.16705
278.00888,389,440.200729
267.43228,260,440.322689
229.53577,312,440.601839
261.58612,176,440.664994
292.43777,323,441.158215
285.01477,434,441.557198
276.2223,227,441.561911
267.58298,359,441.566345
276.8353,486,441.65922
265.7152,163,442.235652
-33.369827,1000,442.492772
299.87317,239,442.54696
309.53552,452,442.551613
300.09338,627,442.551656
307.18042,339,442.55604
258.36176,742,442.556066
38.251343,102,442.964955
-8.248932,107,442.975726
269.21948,688,442.987799
267.60376,447,443.405178
275.55658,778,443.405234
266.55545,207,443.405248
261.15115,209,443.410175
277.11084,842,443.410223
252.73433,886,443.410232
264.37662,838,443.414879
286.601,839,443.414913
289.10492,546,443.895437
227.9389,343,443.895489
271.65204,220,443.895499
274.62592,229,443.919354
279.52707,491,444.2309
47.332626,87,444.247021
43.25499,87,444.247064
292.45493,215,444.278308
240.29346,215,444.278341
290.96027,322,444.283048
269.80692,217,444.283076
289.8452,218,444.291806
272.08868,219,444.291832
264.81354,974,444.329416
31.030457,120,444.383601
59.551865,102,444.654841
278.34576,313,444.680564
284.46692,311,444.680619
24.39943,148,444.935788
46.861237,166,444.971373
302.80304,208,445.110411
76.84328,113,445.125563
274.80093,184,445.145898
287.8571,243,445.287411
277.12506,253,445.347427
272.38376,256,445.354828
258.79578,257,445.354873
285.94073,265,445.354882
257.4604,255,445.360616
13.0299835,100,445.365059
70.892456,107,445.431418
56.32216,87,445.657721
65.68889,114,445.817122
253.30774,276,446.247072
306.72305,565,446.247126
18.738426,123,446.315977
283.97394,242,446.344394
279.88092,241,446.344429
237.43013,304,446.396175
269.719,217,446.532209
256.8185,471,446.616951
274.65735,313,446.625888
295.7705,318,446.645991
132.91139,1000,446.650221
262.33392,338,446.79353
51.778107,109,447.085483
273.47757,493,447.352982
157.21625,1000,447.498614
71.58981,116,447.559597
279.47137,294,447.593518
254.7245,311,447.609957
298.56042,323,447.629809
254.23726,249,447.634845
291.12613,263,447.704104
299.7802,358,447.708526
260.1869,358,447.708571
268.55078,258,447.708587
289.2392,335,447.712917
37.889175,84,447.849214
14.953125,72,447.886742
264.45972,784,447.895362
294.49402,318,448.0881
3.8908768,136,448.254663
298.74332,138,448.45473
270.39398,261,448.686024
255.65172,192,448.690364
288.79047,526,448.690391
281.73846,277,448.768931
257.45215,284,448.803171
277.09796,352,448.808086
275.00452,285,448.884717
272.74878,190,448.884777
261.1491,286,448.884791
289.02814,287,448.884801
262.99103,286,448.88481
17.525421,116,448.936699
262.60974,271,448.970519
45.033737,78,449.124915
139.44017,1000,449.224012
17.333984,101,449.297435
35.638184,115,449.351921
286.36066,185,449.44679
295.5266,290,449.455148
290.10034,171,449.471321
261.17435,239,449.656908
280.43115,219,449.688
36.06813,119,449.768532
280.49805,238,449.846991
264.37485,289,449.86006
295.6525,230,449.869088
254.4863,186,449.883468
270.21173,249,449.896318
244.41121,254,449.91601
284.76523,194,450.018378
18.47013,178,450.07955
72.6281,110,450.150142
265.11316,185,450.218028
274.61505,196,450.284275
286.44464,152,450.412612
266.15613,280,450.59929
278.97375,226,450.599351
250.1152,403,450.623027
-137.33173,112,450.737692
288.72015,237,450.850768
260.04282,809,450.886933
285.88953,252,450.925389
298.3152,290,451.044236
282.3698,280,451.048519
275.30328,257,451.07167
290.669,295,451.076119
10.216942,233,451.103507
259.93054,153,451.215657
-104.99684,93,451.259659
6.947113,115,451.312902
278.94318,366,451.416203
39.794205,86,451.424776
282.4417,298,451.428702
273.64655,251,451.610323
27.800362,107,451.647389
73.52435,151,451.656664
24.293266,99,451.71346
309.56305,247,451.923143
262.73865,276,452.201753
290.11176,440,452.20642
246.55284,270,452.211288
309.27905,361,452.211331
249.44415,286,452.215107
281.21548,218,452.319058
313.6537,165,452.331212
272.38562,264,452.346604
305.99908,228,452.366558
38.09163,100,452.61146
284.83707,292,452.851257
311.57642,303,452.851318
268.3623,227,452.851333
278.51166,279,452.855694
248.14108,413,453.100058
284.3023,206,453.164626
243.04074,190,453.380807
263.6838,202,453.678628
282.1276,205,453.693497
230.77084,331,453.693527
279.7319,363,453.693537
263.72583,367,453.698349
278.8189,365,453.698375
269.84723,452,454.046397
23.109901,96,454.085562
128.43416,1000,454.166579
283.75012,332,454.211356
287.39508,349,454.293237
240.48099,925,454.411784
9.133842,128,454.593393
273.2975,303,454.649717
290.33063,233,454.658429
292.28833,230,454.65846
261.88232,231,454.665617
300.06485,245,454.720471
259.87717,400,454.829436
289.05725,275,454.845543
252.74889,602,454.85021
275.1734,251,455.215647
261.89758,213,455.288624
293.75214,259,455.29438
287.10114,157,455.298722
287.03537,243,455.303291
303.72354,291,455.303324
303.31815,242,455.69837
281.16583,262,455.711126
272.4792,264,455.727654
268.5008,223,455.73262
272.73547,223,455.751418
284.19354,224,455.751449
270.9012,837,455.755535
289.76416,295,455.864799
289.92572,311,455.864847
266.6855,205,456.133858
38.6649,109,456.188425
40.826355,121,456.260253
268.36383,188,456.517787
283.69366,195,456.517842
269.57703,301,456.544615
261.55038,190,456.550907
56.20662,127,456.729381
269.7306,414,457.013627
272.503,275,457.013678
305.37714,212,457.013688
163.06348,1000,457.230906
258.8966,183,457.266365
255.24655,385,457.34834
295.15637,212,457.422921
274.3548,220,457.427795
259.4538,219,457.626322
259.21536,469,457.661099
285.011,158,457.666131
281.43942,594,457.67042
298.64343,160,457.674189
48.74083,78,457.674214
253.43488,576,457.683304
278.57675,578,457.683342
270.29242,343,457.683357
283.80447,437,457.683369
258.0437,206,457.857491
313.92902,323,457.869641
35.188934,111,457.877292
280.6856,216,458.157594
265.37134,180,458.15765
-9.404137,102,458.285875
269.84625,206,458.455749
26.26789,111,458.60129
258.8655,220,458.766568
277.48877,274,458.774195
301.81305,276,458.774224
282.3285,291,458.865226
296.2921,308,458.936278
285.98322,162,458.950519
283.93375,301,459.097607
261.3131,362,459.177055
250.84372,245,459.177104
42.167206,117,459.287301
-9.462395,95,459.35949
47.105682,82,459.516561
298.5625,286,459.652233
267.49463,479,459.657069
275.74686,251,459.657094
265.85767,593,459.680438
253.63945,502,459.735216
268.61884,253,459.846337
276.89655,267,460.051165
39.30684,116,460.127957
18.990303,99,460.141777
264.38605,611,460.190118
278.91565,617,460.213384
281.44934,270,460.213416
256.02057,175,460.229841
296.0479,351,460.233897
286.66888,232,460.233921
304.27435,215,460.238118
262.79822,165,460.354109
36.69783,74,460.537601
52.123764,110,460.673813
17.61885,75,460.833183
72.15471,158,460.848971
283.31122,200,461.000871
274.05176,341,461.048679
272.30096,203,461.062969
262.03497,173,461.06302
268.83472,300,461.067819
259.1426,235,461.088914
300.23547,211,461.101484
259.53137,240,461.122157
278.18497,359,461.129114
294.29266,243,461.216296
277.86963,283,461.216343
48.553467,118,461.332073
65.30208,94,461.398241
13.680702,112,461.531488
44.99475,114,461.543358
250.95197,219,461.764138
44.69214,137,461.779004
251.06859,182,461.811244
289.31152,172,461.83993
278.7232,677,461.961471
273.32043,211,461.96561
289.09802,313,461.974053
290.52994,224,462.032738
281.8661,220,462.04047
290.97098,163,462.200568
290.75195,231,462.349157
304.26767,236,462.509878
273.68384,205,462.603563
289.39682,157,462.603617
247.71483,339,462.603627
284.39096,155,462.603634
297.4045,203,462.608504
271.95294,197,462.640776
304.72263,186,462.721897
262.59076,177,462.759019
280.8143,176,462.923064
296.5819,218,462.933431
155.88759,1000,462.994445
44.632446,118,463.095906
43.82869,118,463.095957
53.757645,96,463.119474
283.77307,500,463.127714
67.03215,129,463.139776
66.25362,135,463.321526
261.9017,200,463.347996
262.48578,178,463.352238
272.2506,241,463.352268
48.785675,103,463.360239
288.6501,246,463.628369
58.362778,124,463.640508
44.090668,145,463.694051
71.31525,97,463.754094
54.603348,121,463.836547
293.92603,209,463.857978
298.8452,225,463.862053
308.02045,193,463.933397
248.52736,178,464.071991
276.90643,185,464.072053
275.11243,239,464.076002
42.944168,128,464.151209
290.02765,206,464.186733
28.352356,108,464.27286
259.5318,216,464.517261
33.912445,99,464.551365
269.89783,680,464.595546
253.9404,184,464.604105
68.5965,131,464.609175
299.94904,191,464.637268
8.908272,145,464.781716
309.09998,211,464.934744
272.57294,293,464.948138
318.66937,457,464.992216
268.8255,321,465.005117
52.23831,110,465.063547
269.39124,909,465.067655
287.2364,193,465.06771
46.74704,153,465.224585
250.21416,180,465.294123
42.724655,97,465.390392
294.51035,221,465.552568
59.558167,133,465.557479
292.4611,278,465.665538
59.052628,121,465.803462
316.92905,208,465.936384
285.8885,455,465.952178
283.69495,245,465.956664
266.38913,214,465.961736
267.17798,284,465.961766
260.43146,215,465.961775
263.01776,327,465.96542
269.92825,495,465.977072
41.024597,122,466.064458
235.57411,320,466.276622
265.18356,254,466.285566
284.8144,194,466.361867
272.39502,233,466.361914
258.29822,169,466.6543
265.84003,163,466.73555
296.0974,194,466.76733
274.18015,191,466.767385
270.00397,195,466.767401
277.10495,197,466.767414
258.66608,195,466.767425
252.4212,264,466.767435
169.53226,1000,466.771796
249.95358,204,466.779861
266.50354,234,466.92368
244.06606,155,466.929004
263.89453,184,467.038155
287.50696,191,467.149444
288.79922,192,467.153606
20.271965,93,467.158036
33.819138,126,467.27678
268.98764,172,467.443127
268.77838,183,467.514622
282.75916,184,467.52004
256.53442,214,467.643263
259.3289,213,467.643312
278.98187,454,467.673237
254.0825,241,467.766472
295.357,203,467.770915
294.65765,177,467.774694
299.41534,206,468.014985
286.6947,210,468.03906
276.44147,255,468.226435
257.34174,169,468.235977
290.45227,195,468.263415
269.46524,197,468.466566
294.86026,239,468.643132
295.46136,247,468.790414
269.8501,247,468.798759
65.91037,113,468.938232
261.0421,417,469.017159
268.3316,334,469.06415
290.34583,218,469.130701
305.6994,394,469.155002
251.2497,227,469.19551
286.95483,291,469.213619
47.187454,150,469.26216
269.54694,256,469.277784
271.31152,328,469.383354
265.10986,210,469.657329
245.81223,176,469.657372
294.5171,726,469.657382
53.77411,124,469.662275
290.85556,158,469.662312
299.9491,156,469.893761
258.83734,262,470.198234
263.8839,234,470.342584
257.76245,313,470.34668
268.8004,282,470.350853
259.00623,384,470.362586
278.20355,199,470.473644
275.61078,210,470.512461
267.87097,219,470.555512
285.34055,238,470.627131
258.2606,252,470.687301
272.84644,345,470.687351
258.50885,207,470.749291
155.95805,1000,470.884919
56.626602,124,470.979908
157.32994,1000,471.037831
49.662872,124,471.062279
234.97174,867,471.329743
262.91895,246,471.353593
281.63995,274,471.462099
276.4828,318,471.499914
289.4789,325,471.663365
309.33453,255,471.668098
297.36237,321,471.668129
275.4586,241,471.668139
256.48962,284,471.672321
12.253059,126,471.864523
296.18497,227,471.967902
284.84906,324,472.014119
251.15276,156,472.102803
268.49194,282,472.135294
293.53455,162,472.162705
256.9693,277,472.197888
248.08781,420,472.478847
278.32224,250,472.715973
278.4583,266,472.780405
286.65155,167,472.805398
250.19374,327,473.028898
263.61322,326,473.028949
288.3004,520,473.028959
264.37137,244,473.028966
252.53703,253,473.190853
282.41315,243,473.212355
261.2171,372,473.212386
309.58463,455,473.212396
271.1652,325,473.316503
176.94618,1000,473.320677
278.86935,352,473.328906
34.47493,114,473.499266
272.5603,273,473.604632
236.43047,233,473.675234
262.02536,211,473.675283
287.7276,365,473.682568
260.3537,196,473.849036
292.30386,206,474.044841
290.3086,184,474.082596
237.74666,284,474.202219
251.95657,284,474.202267
258.9509,245,474.225947
284.80063,177,474.234901
266.0955,218,474.234927
257.9743,255,474.266243
295.70352,291,474.415307
284.85834,185,474.443294
268.2859,186,474.456695
290.0019,192,474.474757
288.09766,155,474.486758
255.3415,416,474.505213
55.11473,74,474.788028
304.19226,414,475.03424
279.90967,214,475.119109
269.8776,274,475.181595
241.796,235,475.181658
279.08038,164,475.181674
244.69432,230,475.192727
261.48312,177,475.192781
267.9218,195,475.226881
257.19385,255,475.327059
254.96262,206,475.327107
281.56628,284,475.409091
286.15186,244,475.456596
295.54468,303,475.469823
272.3672,384,475.689873
279.51193,214,475.696826
291.2613,214,476.084634
270.32855,214,476.084685
275.44824,216,476.084694
285.54535,218,476.092741
262.0008,188,476.11723
282.90436,231,476.196504
294.11203,247,476.361538
291.15027,233,476.382243
295.6665,301,476.382288
290.24542,323,476.390419
291.5995,174,476.411173
273.9046,321,476.516117
58.308655,83,476.722196
245.85399,149,476.814179
313.15186,272,476.814224
251.93413,376,477.0152
272.54047,229,477.026723
258.88556,224,477.035552
241.98761,232,477.040207
234.93124,381,477.044432
289.67725,233,477.044458
286.5741,166,477.066753
278.7879,196,477.159602
293.5475,271,477.201737
284.36234,246,477.376237
277.7083,184,477.462519
291.18613,261,477.466413
263.59506,250,477.529074
257.85944,175,477.717085
176.69328,1000,477.728925
276.4981,267,478.108068
35.73253,106,478.136542
305.1809,335,478.149111
291.78058,278,478.149173
268.23645,198,478.169351
267.73584,302,478.242062
246.49414,276,478.262086
276.4439,363,478.262133
241.24265,309,478.262142
269.63602,200,478.266799
243.92638,165,478.386557
312.73138,225,478.434027
270.76453,368,478.680933
304.46814,309,478.705374
306.4709,416,478.713782
278.8766,414,478.732641
299.45758,175,478.863003
263.06955,188,478.878349
254.28624,191,478.956287
278.4049,214,479.030698
275.99442,212,479.134731
287.06653,212,479.134792
296.22974,220,479.149207
272.02148,218,479.161223
235.85898,299,479.369353
278.157,226,479.369401
252.48688,237,479.369411
278.6341,199,479.509447
277.30383,301,479.509497
292.91772,278,479.861895
253.13731,184,479.898943
280.9274,232,479.987917
307.4341,274,480.000413
297.51733,164,480.046076
270.42236,214,480.046129
264.4344,283,480.051281
274.6605,264,480.24105
294.83527,259,480.437066
281.9755,315,480.437115
279.49896,231,480.461083
294.86862,372,480.492172
299.2339,195,480.665544
290.59692,309,480.793754
258.4659,185,480.82468
286.00458,200,480.829608
303.8154,207,481.111454
57.36943,87,481.186913
267.3061,274,481.195394
304.06335,310,481.195437
269.6268,287,481.253165
308.58136,196,481.267512
297.94043,185,481.276818
271.583,203,481.297953
322.99432,269,481.589272
256.62448,198,481.618869
277.18872,254,481.728854
297.7353,218,481.728901
266.31268,591,481.821013
278.90637,183,481.864414
291.1712,149,481.889421
299.45642,224,482.185418
298.40503,231,482.240243
231.06787,257,482.240294
259.0734,164,482.300755
297.2287,271,482.317365
303.20813,275,482.334635
293.70966,262,482.338362
292.57147,591,482.461402
255.8048,215,482.645402
259.73462,260,482.69449
279.67944,192,482.714551
271.95148,198,482.718703
-66.80072,1000,482.90301
115.822334,1000,482.920217
299.537,323,483.197043
278.6891,210,483.218558
304.037,280,483.380811
288.42108,257,483.393047
301.05023,219,483.397592
305.20703,250,483.397621
269.5158,271,483.403414
259.16516,271,483.403488
275.90298,167,483.409571
297.46286,254,483.426814
269.83905,401,483.431636
284.11133,139,483.504035
264.6681,206,483.581087
296.28052,230,483.615185
275.83142,243,483.71519
280.79297,152,484.055246
279.3128,220,484.108818
272.35034,172,484.118626
294.1979,296,484.131294
291.77188,231,484.17423
300.17978,199,484.244462
293.2448,235,484.389815
293.81226,197,484.400223
275.5701,189,484.400263
285.431,242,484.412944
280.9815,247,484.417691
244.78943,244,484.426887
282.8266,311,484.718373
292.46793,245,484.747927
29.571472,160,484.797634
307.1296,330,484.88728
287.26892,212,485.035237
253.71034,171,485.149001
268.68414,182,485.164296
287.85553,267,485.192189
285.01834,253,485.1969
290.09274,222,485.196935
293.67682,178,485.461713
253.80426,254,485.489077
289.21295,314,485.508901
281.57556,204,485.658122
266.9625,230,485.717799
286.57462,171,485.887236
274.96613,184,485.921417
286.36575,639,486.07597
277.39905,217,486.092621
300.3986,196,486.304561
270.32812,457,486.328735
283.1957,273,486.328774
284.3568,460,486.328785
279.3556,406,486.567189
276.21558,221,486.61509
288.04254,534,486.626669
266.97614,283,486.626707
265.75812,347,486.626722
286.24734,276,486.644109
242.84036,179,486.647707
300.6576,392,486.656252
58.88774,130,486.859719
286.4245,137,487.209029
259.77243,166,487.299174
309.34955,254,487.330464
261.656,310,487.336451
281.16794,250,487.340604
283.57635,175,487.35669
273.2674,196,487.364713
282.5342,187,487.401473
264.44757,278,487.458782
288.01297,232,487.576018
264.69287,232,487.576065
259.29083,415,487.576075
270.6518,472,487.584019
280.63684,365,487.584051
301.10468,202,487.680769
33.612274,101,487.986358
295.3023,382,488.188615
254.47475,214,488.237261
240.99222,194,488.270284
274.21112,219,488.281466
288.84467,225,488.517597
277.1325,225,488.517648
258.54358,201,488.517658
271.1634,316,488.522171
297.69452,285,488.522206
294.6147,281,488.572669
277.4838,240,488.572712
261.7127,301,488.583803
36.052597,97,488.630106
70.28265,104,488.693951
296.52692,300,488.817589
65.8873,88,488.930285
247.47623,245,489.009941
266.76648,199,489.010004
241.9972,412,489.010018
39.993774,137,489.15829
59.65007,157,489.176034
291.9898,166,489.218016
260.6142,155,489.221933
292.3092,214,489.518791
281.8539,199,489.51884
288.66446,185,489.582939
247.4587,257,489.582979
287.73376,317,489.587784
267.81577,259,489.587808
283.71735,259,489.587818
301.02142,540,489.59593
306.88177,176,489.73288
264.14325,192,489.795689
276.41833,235,489.895145
319.26544,222,489.918167
277.9967,189,489.922598
250.26201,176,489.930572
56.992584,136,490.152245
293.85474,154,490.156574
262.0133,176,490.335499
294.74036,296,490.424574
283.05365,200,490.449422
265.65717,274,490.743307
284.002,147,490.783224
248.09102,214,490.848211
280.54825,401,490.896731
293.50165,233,490.896768
268.25134,327,490.896778
251.01196,309,490.901281
260.35553,311,490.901309
316.1972,276,490.905307
271.70563,230,490.911823
265.5131,232,490.916892
285.34357,223,491.108974
306.93634,185,491.109028
289.15454,188,491.224087
268.31024,297,491.638096
261.21277,177,491.638159
279.08167,178,491.638174
280.89935,220,491.69102
306.62796,451,491.691095
303.68695,207,491.752355
259.49084,233,491.809036
247.80566,216,491.989225
257.11578,277,492.036071
301.56348,276,492.040595
265.30444,279,492.045175
92.20088,118,492.124235
301.49066,238,492.192906
281.0824,324,492.224554
55.36006,144,492.228512
60.50418,151,492.303602
279.1523,391,492.344671
306.1808,355,492.352847
287.20853,204,492.480411
253.45132,214,492.693293
292.9651,243,492.760772
281.0558,290,492.888372
295.1596,235,492.962225
281.79242,227,492.9782
262.96902,227,492.982663
262.0477,175,493.033317
267.8419,185,493.11552
275.37427,223,493.115565
279.33154,214,493.115575
254.02171,216,493.120305
274.34082,263,493.120336
315.86993,231,493.311785
68.7318,157,493.332566
310.70618,212,493.353967
248.37979,152,493.381257
277.75647,158,493.537914
69.98767,153,493.662509
32.2984,136,493.674115
289.76715,179,493.715455
261.43024,219,493.857191
252.20815,183,493.864823
282.34503,182,493.864856
272.1093,423,493.864865
287.9806,167,494.038517
292.61493,230,494.058982
246.83762,177,494.059034
284.97467,213,494.1848
292.72382,262,494.192158
259.8386,302,494.212929
298.78452,208,494.230876
49.11853,136,494.230909
294.2453,204,494.369779
32.62561,90,494.578619
81.895355,140,494.629517
259.602,204,494.692899
39.68489,113,494.692953
266.8627,212,494.735448
271.19543,262,494.73549
269.16074,213,494.739794
312.48578,251,494.7438
248.63898,176,494.782762
280.79248,201,494.861642
287.15594,280,495.012048
286.47052,215,495.066172
275.34772,226,495.120356
151.45415,1000,495.210485
280.4474,212,495.237853
259.95166,155,495.265367
266.3644,173,495.440826
288.83734,186,495.453393
246.96771,153,495.484162
283.695,205,495.568298
280.21967,243,495.573144
260.81836,204,495.573176
259.80548,242,495.685348
259.7981,183,495.818578
271.77368,254,495.822993
266.04456,201,495.840481
64.88072,106,495.89933
263.26785,287,495.922683
61.726074,126,495.967894
51.39589,112,496.041958
281.51215,224,496.128918
250.19736,217,496.128972
255.06802,248,496.137445
49.120148,124,496.193787
297.7079,236,496.23217
62.248276,115,496.286761
58.915756,141,496.48823
43.623383,119,496.681388
264.3092,299,496.714343
57.511032,115,496.757853
60.596054,133,496.776516
263.59296,262,496.899877
292.6897,201,496.959985
292.62045,256,497.018923
271.97925,215,497.018968
276.53296,238,497.02332
262.19763,220,497.047761
311.39383,365,497.080157
296.15692,364,497.080201
268.83228,301,497.08022
34.033096,142,497.086055
267.43964,698,497.103418
65.67395,96,497.164116
68.68501,137,497.284676
52.689972,136,497.458723
62.096542,96,497.470097
61.220978,122,497.512187
67.00952,111,497.528086
27.259254,116,497.560639
37.90155,109,497.610301
294.87363,271,497.805794
266.50464,205,497.805844
286.79666,186,497.813432
273.65082,478,497.86217
295.0325,206,497.870579
25.190964,116,497.95489
54.638077,120,498.015863
42.06523,137,498.104245
73.19096,162,498.131061
303.29736,224,498.209355
285.7057,293,498.225362
304.63013,275,498.233312
305.7272,281,498.238214
37.08571,117,498.293394
255.08733,372,498.319748
55.54982,133,498.350786
41.47612,123,498.373829
19.824547,98,498.414883
60.601364,142,498.445045
-7.1392136,95,498.489047
50.725998,143,498.541306
20.354538,103,498.553065
270.2516,188,498.576758
292.91632,268,498.665189
279.16138,256,498.66524
21.51892,116,498.68436
42.40567,94,498.735682
69.6924,102,498.789339
64.6974,92,498.86248
68.36357,104,498.866528
263.53302,172,498.934075
66.56323,111,498.992555
34.648865,109,499.020344
35.700073,107,499.120559
38.836136,112,499.120607
270.68832,225,499.144876
58.43454,99,499.204185
316.76175,240,499.281129
36.83667,104,499.298074
45.44229,156,499.307292
37.98755,128,499.399513
14.317902,113,499.408831
30.858002,104,499.547985
47.568558,121,499.617756
305.76556,324,499.645248
253.95963,223,499.649242
58.442413,129,499.725534
264.55023,176,499.742562
44.11409,118,499.757871
68.745834,122,499.888314
25.583832,136,499.954602
23.902237,167,499.977208
268.48822,360,500.021949
275.3501,253,500.026314
281.85947,394,500.026356
284.35596,180,500.026371
40.55414,122,500.107072
-26.000084,128,500.16521
4.5782394,101,500.169843
17.47287,167,500.229981
49.031265,137,500.289712
282.0884,304,500.390785
17.242302,122,500.395219
24.598297,98,500.435054
26.630005,110,500.487593
30.474838,126,500.507665
46.668015,115,500.592216
48.87004,138,500.596886
64.7778,114,500.701966
20.232986,132,500.717957
53.1024,127,500.808054
290.28784,209,500.816547
260.45877,195,500.828504
297.88428,273,500.859293
29.150864,121,500.889076
55.52841,92,500.968312
44.35887,97,500.983981
46.288773,137,500.992639
22.805916,155,501.031684
256.92743,211,501.036318
59.597565,105,501.131783
43.679413,120,501.204709
33.94937,109,501.274105
29.148376,112,501.27415
20.841682,114,501.274159
60.07881,117,501.371347
55.820312,126,501.383268
241.92195,247,501.497737
43.982315,114,501.506711
43.322845,95,501.522278
57.55522,128,501.563631
28.22696,139,501.572962
33.719315,88,501.642349
26.641327,159,501.64242
31.274734,170,501.672804
44.125015,102,501.703068
268.10657,292,501.707338
26.153648,126,501.732386
45.558533,130,501.815302
50.255356,82,501.836173
32.223877,116,501.848325
21.350037,116,501.979797
22.424362,110,502.015965
83.46652,98,502.103934
67.76079,92,502.103984
25.019104,116,502.115866
246.18102,603,502.124484
34.60576,118,502.12452
50.39653,141,502.136192
43.160645,112,502.156073
14.49514,155,502.156112
20.108803,127,502.193514
1.0078583,88,502.198701
15.649521,93,502.231194
250.0877,995,502.315464
274.37634,227,502.315508
44.279907,82,502.355179
-0.4163742,155,502.451011
46.654617,88,502.478436
70.17691,98,502.506424
46.08748,94,502.510635
-1.2018814,132,502.522354
45.031998,119,502.607991
48.43251,119,502.672778
12.676933,133,502.695799
17.614326,97,502.703742
-10.459366,126,502.737801
4.009529,154,502.760982
26.225792,151,502.803421
38.15988,80,502.823496
40.16078,99,502.845233
34.531235,134,502.854304
272.66403,211,502.967095
0.7418213,116,502.982175
49.721817,158,502.997994
16.941116,128,503.041001
13.240997,147,503.076114
21.148079,116,503.084244
49.215393,106,503.132221
19.375114,113,503.171255
65.811005,90,503.179189
58.045975,102,503.183221
37.778732,82,503.187914
41.200592,126,503.192198
276.58636,259,503.216034
42.15239,122,503.239156
49.239914,124,503.334971
12.166641,91,503.366381
25.960358,106,503.394726
37.511337,146,503.451033
17.857803,94,503.463793
25.128426,91,503.500386
31.43576,107,503.509592
43.475723,132,503.517516
53.13025,89,503.537693
47.448853,128,503.566633
52.14229,99,503.575884
19.120316,104,503.616614
14.539558,113,503.650385
52.80052,123,503.724611
19.17247,134,503.739045
15.813858,105,503.836129
31.828278,114,503.844398
20.95005,96,503.868432
33.708054,88,503.883641
65.01015,82,503.912497
59.519592,96,503.974818
21.431946,112,503.987641
61.70424,101,504.037861
27.2891,141,504.042524
-10.9097595,95,504.118886
20.458214,116,504.135456
271.6499,224,504.165788
25.261314,83,504.178376
270.4272,214,504.222024
29.784363,120,504.230489
54.703094,101,504.281929
22.543076,88,504.339342
22.904251,123,504.351291
5.995514,113,504.375861
23.586365,127,504.406913
42.082993,90,504.415567
19.724655,135,504.549396
44.811005,123,504.549444
18.275528,108,504.568278
23.193527,105,504.57295
15.762337,94,504.572977
42.06778,86,504.5868
19.779572,101,504.591679
253.44179,277,504.662769
40.064774,100,504.704761
19.092224,92,504.738853
39.33313,96,504.805164
9.158424,142,504.821182
12.733749,127,504.868075
36.471786,118,504.868118
-0.47122955,68,504.868127
50.94731,80,504.895615
39.259445,122,504.918324
15.80542,99,504.956552
14.065994,92,504.961532
14.180237,99,504.978577
34.008926,104,504.998198
275.16357,354,505.009491
27.52848,115,505.022036
17.708946,103,505.080592
22.421265,97,505.101169
43.172592,111,505.189218
61.351456,81,505.199241
29.615631,86,505.219323
15.318718,95,505.254695
44.024918,91,505.2666
28.916473,125,505.317283
48.287827,81,505.353475
33.257202,135,505.37287
51.79036,98,505.378528
37.21582,109,505.403239
30.759644,119,505.4076
-31.882454,98,505.412228
25.853424,121,505.455405
51.139618,86,505.54651
55.366516,143,505.577903
48.89447,124,505.582108
24.525726,121,505.591487
44.088913,87,505.60886
29.161072,104,505.642617
-0.12654877,102,505.680624
41.287445,144,505.77105
23.224625,102,505.817932
12.02813,103,505.828358
-7.033905,133,505.857997
37.97336,119,505.858042
32.56389,121,505.870351
29.333557,131,505.886529
21.786507,124,505.909269
32.175858,123,505.959816
5.724571,101,505.96341
47.118866,85,505.991496
47.81978,98,505.996681
32.269684,116,506.062472
39.463913,95,506.0742
42.575317,130,506.112774
40.801514,127,506.129092
25.509476,91,506.22982
29.67746,99,506.234663
19.97528,87,506.339966
35.732666,128,506.340015
11.580574,118,506.34903
10.960136,101,506.367801
22.295692,94,506.37188
20.038597,121,506.376729
16.77488,150,506.38484
31.85405,134,506.401214
39.84996,124,506.409402
26.080917,104,506.480823
23.414566,93,506.488804
12.370987,138,506.517965
28.366669,125,506.576586
19.265617,113,506.584567
12.776497,89,506.589422
18.758965,87,506.721895
39.93834,87,506.731861
28.266953,131,506.761785
45.84886,112,506.794954
30.130508,108,506.82196
17.914062,90,506.842152
37.435837,91,506.854221
49.118927,111,506.858348
35.548935,139,506.904041
44.315216,99,506.916396
0.07967377,161,506.998507
27.040474,107,507.006002
59.944122,157,507.006043
49.49138,122,507.074211
49.4908,81,507.085891
35.76831,94,507.098657
26.184578,127,507.098688
264.23206,182,507.135378
37.37288,113,507.18129
33.25377,83,507.184798
38.586166,90,507.217295
29.470001,108,507.22802
59.413666,104,507.261168
41.120865,93,507.278003
34.43602,121,507.308797
24.469711,112,507.367116
23.24466,90,507.371939
4.901329,106,507.428451
45.63806,85,507.433241
29.400253,100,507.482525
32.14807,101,507.543307
22.40017,111,507.54719
12.105499,96,507.572204
3.2174683,128,507.621819
1.3311386,100,507.638551
46.201675,121,507.727854
39.60025,92,507.76317
18.612785,96,507.781117
31.461288,124,507.809768
30.079773,146,507.809812
39.420547,117,507.814988
28.046661,139,507.85901
23.786728,115,507.946005
33.917435,126,507.992374
33.205,116,508.006486
30.805328,96,508.022416
-0.4377823,114,508.078241
37.89731,92,508.165697
26.88292,91,508.212859
47.33818,149,508.237244
25.383331,92,508.24146
34.339188,106,508.262556
45.329224,140,508.276106
38.07141,141,508.296067
29.482925,106,508.309204
51.462936,119,508.42281
59.023163,94,508.440013
45.04091,108,508.461778
31.787811,141,508.481602
6.5588074,98,508.492172
35.369705,107,508.518898
9.580971,96,508.537621
18.26593,92,508.600179
270.2392,365,508.632387
48.00081,87,508.656241
37.011078,109,508.766933
40.6315,118,508.77761
30.91156,110,508.808367
25.022614,114,508.813122
35.045364,107,508.82634
61.679703,86,508.839523
23.646103,112,508.844551
50.61812,104,508.943368
29.19902,110,508.988474
50.076614,101,509.002296
48.378937,112,509.015324
57.749496,87,509.020399
57.34848,86,509.06317
52.678528,124,509.11939
40.135193,133,509.259836
49.198105,101,509.283644
13.37809,97,509.293255
264.45697,179,509.334832
36.983246,110,509.346424
37.53775,111,509.366007
41.907944,83,509.382226
47.83316,133,509.413866
17.626854,137,509.424148
68.123535,129,509.429405
62.191162,98,509.484378
24.016304,102,509.522001
19.80275,122,509.542523
46.891846,108,509.555383
51.3414,107,509.601582
32.342728,110,509.67531
30.469727,83,509.716184
60.19928,84,509.732451
38.161438,97,509.762185
35.532257,88,509.8243
47.054413,97,509.85698
15.179588,86,509.863162
-9.4448395,105,509.890325
57.702744,82,509.910009
43.410492,102,509.961054
43.190933,119,510.011544
38.84839,115,510.12358
44.030518,138,510.160719
47.109314,107,510.166016
43.049103,131,510.246831
37.768112,102,510.268016
36.412888,100,510.306655
49.57257,110,510.33486
64.45206,98,510.401202
61.07747,104,510.401257
49.81038,82,510.470317
36.56746,116,510.541317
19.486992,117,510.562726
18.188072,126,510.569371
-10.590179,70,510.659632
30.678772,94,510.700595
17.510933,103,510.711607
17.567139,100,510.739093
21.41159,83,510.8087
23.394836,102,510.847046
27.478714,101,510.950282
47.540924,91,510.959874
38.41472,128,511.012896
53.09352,113,511.012949
271.43167,256,511.066598
15.98777,102,511.099015
39.265945,111,511.120184
257.7834,295,511.120232
41.64122,99,511.196171
61.682465,136,511.25882
42.94594,115,511.313208
17.673492,97,511.329083
271.114,281,511.456559
26.650024,106,511.482899
20.355614,96,511.494475
24.400879,139,511.505435
33.22902,108,511.552315
25.872948,105,511.589415
42.094223,107,511.634779
30.97638,106,511.651193
62.474014,140,511.661818
52.00978,94,511.734687
263.13297,217,511.748042
36.98845,92,511.770219
38.194946,134,511.784878
11.786346,102,511.83735
26.15831,135,511.873963
262.18634,257,511.998874
39.13031,112,512.042724
43.800232,117,512.059165
50.80246,88,512.068214
49.70862,132,512.10225
40.931747,125,512.111399
13.754791,103,512.156252
73.76013,129,512.174134
47.54236,123,512.239799
31.848343,98,512.239853
51.880386,94,512.317301
49.28253,132,512.373985
52.232285,125,512.378455
42.049805,117,512.387792
14.514252,139,512.392768
44.360657,86,512.43582
58.187393,98,512.446551
7.4066086,96,512.56423
22.70887,113,512.59448
38.77333,116,512.62052
29.711975,110,512.62992
16.391327,99,512.635491
28.652878,103,512.750382
274.30692,241,512.76636
33.40132,107,512.772714
28.626892,139,512.860575
46.751724,95,512.871752
25.459167,102,512.89411
46.180954,102,512.903115
32.20018,95,512.94489
41.432205,137,513.007753
43.453445,134,513.08431
34.948303,91,513.097236
26.74253,95,513.131159
27.476547,140,513.16728
32.331635,124,513.243026
21.183357,105,513.308815
24.577904,105,513.313711
25.870186,113,513.335881
36.033463,140,513.35489
50.305435,92,513.370816
28.428497,96,513.370857
59.07672,113,513.456121
29.94748,123,513.546021
39.40184,91,513.638544
29.241135,108,513.656065
27.987953,121,513.70772
9.156662,117,513.734427
41.06613,90,513.782051
5.5918884,164,513.791427
33.792877,97,513.811281
46.754013,93,513.837506
32.43091,98,513.84275
43.136093,109,513.934772
47.835297,113,513.958711
59.770584,95,514.036442
27.408554,143,514.181396
-0.05315399,75,514.210349
40.65303,120,514.235436
22.24607,109,514.249432
24.595055,92,514.263923
236.10187,262,514.33562
24.583946,101,514.335662
23.518456,129,514.368919
38.03311,152,514.405855
26.151749,131,514.435581
271.44727,239,514.440025
48.459488,119,514.520697
270.9563,391,514.536809
278.735,185,514.66894
69.966934,96,514.694648
57.431732,106,514.699253
36.566116,116,514.712723
31.239197,109,514.842623
53.643494,132,514.85161
12.675217,115,514.871569
63.25766,133,514.886969
34.730286,97,514.88702
30.194855,108,514.938931
314.06055,217,514.964714
65.08229,105,515.015752
9.286476,111,515.065972
11.258972,124,515.252043
54.373276,120,515.262695
59.535995,99,515.321864
30.007233,101,515.369337
38.65802,103,515.426994
34.180267,130,515.499971
-7.7632294,115,515.519836
18.346848,106,515.530281
290.02286,259,515.643046
285.88293,269,515.661446
282.66064,197,515.661496
276.03333,345,515.683356
277.24026,187,515.764214
33.86606,85,515.805306
253.19267,198,515.868482
40.656693,126,515.911045
26.69323,112,516.108615
68.52907,108,516.21877
41.10646,128,516.32286
20.181374,119,516.377384
278.15323,261,516.382696
283.7845,220,516.382729
252.20935,334,516.382739
302.35864,207,516.387902
265.84543,197,516.445673
256.43573,187,516.487044
31.967285,127,516.525769
46.64247,111,516.69309
278.24615,197,516.710766
70.94844,87,516.790905
283.75293,206,516.886147
26.838974,95,516.891322
53.119095,77,516.93704
43.076477,106,516.946213
50.68965,131,517.068506
39.778748,133,517.073828
56.3947,123,517.0915
42.09935,122,517.133835
282.6501,275,517.340418
271.62866,333,517.371085
19.911797,104,517.473889
12.337837,80,517.48437
48.626144,129,517.549844
34.808517,90,517.556068
53.08235,135,517.632012
27.665466,108,517.687931
160.73187,444,517.799678
43.736618,117,517.965409
49.63861,95,518.018782
38.27133,124,518.10164
26.326515,129,518.194641
257.5826,203,518.360701
66.662125,137,518.366129
253.17673,423,518.385942
31.865799,81,518.524495
303.85107,418,518.535791
261.48157,288,518.535832
292.77557,210,518.543891
273.98117,361,518.55476
278.26202,347,518.554798
244.92882,328,518.554812
260.67346,185,518.568967
277.05316,367,518.574772
265.78482,169,518.660039
56.964417,132,518.870674
41.444305,109,518.944866
56.101837,87,518.963652
48.848434,126,519.008702
28.589417,97,519.049428
26.72145,100,519.054593
30.047867,101,519.0593
69.55121,113,519.105815
291.50146,229,519.186782
59.700684,123,519.186838
264.21466,250,519.230094
47.498184,112,519.442395
286.81705,183,519.47843
26.599625,107,519.488536
48.06006,117,519.642347
44.53488,115,519.686294
42.091614,96,519.716179
9.590561,109,519.736413
292.92993,271,519.736455
308.78848,238,519.741971
253.63408,240,519.748656
303.99384,217,519.748696
277.0609,151,519.774808
273.7035,166,519.804414
60.36049,128,519.832125
46.391495,79,519.837966
279.5838,167,519.898259
12.763924,86,520.075515
32.261917,86,520.14668
313.72827,218,520.157851
70.58688,85,520.20156
273.3028,162,520.30565
23.901436,112,520.316951
267.59128,167,520.32247
7.926201,118,520.406988
260.7877,153,520.530074
273.90833,163,520.57424
19.739952,104,520.612926
58.419983,139,520.61297
264.99237,196,520.745201
287.3025,215,520.787065
300.44525,186,520.787127
49.941833,102,520.828036
31.144684,74,520.99004
67.42108,91,521.040786
255.25711,259,521.066317
87.28218,147,521.085287
252.5047,193,521.145832
274.4981,182,521.330247
305.6908,206,521.360799
54.91974,79,521.527498
289.7934,213,521.594261
273.82617,350,521.604583
249.30023,178,521.631382
73.486435,146,521.708823
-16.769363,112,521.900651
38.18701,102,522.092073
283.2348,172,522.151641
306.86734,223,522.151697
267.13397,408,522.186165
64.84053,121,522.208792
275.4987,282,522.430368
240.62207,288,522.435147
244.59752,342,522.458509
315.7928,377,522.46342
261.8133,334,522.463458
286.2112,458,522.473593
297.9486,197,522.478499
66.95207,96,522.649501
306.8506,392,522.692131
266.2564,209,522.70903
283.6908,175,522.747146
31.292145,85,522.86868
264.2683,175,522.995282
259.02554,211,523.214962
292.29718,235,523.215007
260.7378,173,523.30663
256.83487,364,523.354848
302.32532,197,523.392016
33.218353,81,523.40217
284.80975,198,523.664587
274.1792,261,523.730866
254.94214,177,523.730908
256.91464,221,523.730918
33.995117,106,523.752505
282.36673,209,523.768658
261.15027,285,523.814821
268.9948,278,523.825044
-14.8832855,89,523.837299
288.27032,363,523.92636
74.314316,138,523.99332
50.234756,131,523.997813
32.462753,88,524.23343
67.502975,124,524.24759
38.081253,85,524.383215
61.93196,132,524.38326
288.59387,213,524.402224
282.50427,362,524.44481
297.1643,174,524.536978
241.65097,157,524.553891
71.25192,141,524.622992
288.4803,202,524.733775
257.89328,323,524.742658
259.92438,221,524.742688
283.05173,482,524.742699
41.81984,127,524.808104
-25.497833,73,524.938868
64.18829,101,524.976735
4.939316,93,525.149515
49.755096,135,525.154296
26.589638,122,525.357276
36.654617,93,525.406024
287.594,233,525.439404
29.712234,124,525.511378
256.8323,254,525.520718
25.07647,93,525.865956
241.3231,259,525.918074
239.8784,346,525.999763
306.07135,187,525.999823
293.6266,499,525.999835
254.65053,392,525.999844
256.61975,461,526.007036
285.01343,497,526.01157
46.475937,144,526.186705
21.852814,94,526.355749
47.75853,102,526.489325
33.50418,121,526.574956
26.08165,125,526.606236
286.2648,289,526.704894
259.9712,510,526.709743
-56.802887,77,526.94813
289.72034,408,527.032781
261.5365,500,527.032827
289.6127,222,527.032837
245.42459,500,527.032845
301.56946,357,527.049442
272.6782,257,527.05421
-27.5747,108,527.064435
266.46448,194,527.079216
287.59128,236,527.097682
291.92416,237,527.101766
-3.675354,93,527.124074
13.146507,86,527.436357
14.096275,95,527.500327
18.892838,100,527.532065
24.654007,114,527.658974
37.252472,116,527.696396
267.19806,316,527.84468
-14.859184,83,527.844723
282.57538,160,527.849625
240.22418,504,527.866441
266.07513,167,527.866472
285.8861,239,528.149519
251.23488,239,528.149565
295.86942,226,528.154005
32.60573,115,528.172033
263.56992,329,528.229588
284.9674,259,528.23821
59.964737,97,528.270911
38.943344,94,528.280057
263.77393,172,528.293511
304.86267,193,528.423741
302.95465,452,528.597082
31.602524,80,528.663862
60.617905,85,528.676495
274.8213,390,528.768511
31.293625,87,528.826534
68.093216,130,528.843948
252.13026,250,528.984604
278.30048,283,528.984657
304.5365,246,528.989133
258.1526,257,529.021028
256.9713,193,529.045141
288.51288,175,529.045191
8.015503,88,529.063629
278.94116,200,529.076843
10.640724,114,529.200353
23.972366,99,529.443515
262.3762,290,529.489702
296.27942,197,529.489748
9.069115,112,529.494474
229.069,162,529.508648
16.456741,104,529.548996
0.9921341,117,529.554267
-17.718163,129,529.776423
267.1381,360,529.823572
275.46014,220,529.82847
246.21417,174,529.833643
284.33466,187,529.833685
267.16467,170,529.8337
-16.24965,80,529.856442
-5.738899,99,529.891895
-11.094292,84,529.939331
22.563568,95,529.944945
41.80873,112,530.071994
-84.12684,56,530.104449
283.05154,254,530.229928
2.3042526,94,530.239306
18.759903,89,530.272066
10.0444565,72,530.298915
11.6360855,106,530.369057
1.2438583,102,530.452593
47.646133,117,530.470156
13.705513,84,530.489262
62.276535,133,530.489307
57.201263,133,530.489322
53.938004,115,530.671606
58.29782,81,530.671654
295.47064,271,530.781626
33.62448,114,530.786159
-1.7065506,117,530.853881
7.9811554,86,530.88725
301.20422,239,530.973887
-19.165657,110,530.984817
46.779587,131,531.076135
10.386024,102,531.158875
60.77733,111,531.312655
-2.7326126,76,531.350342
14.412613,99,531.474485
269.74835,275,531.552213
290.89154,223,531.557285
249.58327,474,531.786457
230.9238,300,531.839815
273.1836,277,531.839869
264.88507,627,531.839882
285.1848,191,531.839892
293.5551,201,531.850675
283.0387,169,531.912389
-9.090286,105,531.993686
255.89507,799,532.088057
226.19847,279,532.138052
309.2374,203,532.138098
242.32434,305,532.138109
-6.150322,84,532.169124
-14.66935,93,532.256979
-29.691338,81,532.270326
0.7704468,98,532.279668
-0.12184906,111,532.349818
17.166069,105,532.481184
-79.98267,106,532.623893
-64.00724,114,532.695167
14.938705,109,532.781839
261.44675,322,532.835382
4.327057,316,532.84042
-157.76608,223,532.862394
258.0672,279,532.868033
-3.8618011,73,532.970668
52.267258,123,533.052968
-22.568794,72,533.234785
-102.06783,95,533.326147
328.51233,203,533.33519
75.35211,105,533.36715
-52.213356,65,533.385168
238.95161,277,533.465638
217.62115,288,533.465683
247.18166,346,533.485114
31.105453,123,533.485166
262.9322,251,533.491803
237.06761,436,533.66348
-42.425346,79,533.728911
-86.87615,126,533.9497
46.12323,109,534.002957
257.98224,393,534.041621
38.753616,115,534.057557
-89.8595,105,534.204241
265.44724,198,534.487494
12.704422,121,534.55915
31.809464,119,534.648843
6.239044,96,534.662646
265.2461,379,534.854161
-4.9123306,93,534.931221
251.01091,550,534.959422
247.98354,487,535.118568
242.95557,333,535.123383
15.973145,95,535.44293
265.13367,456,535.51245
280.25314,358,535.518416
257.062,407,535.518453
191.3179,546,535.518465
282.07596,431,535.523821
311.6662,296,535.523871
-67.49827,110,535.688582
50.974716,123,535.760443
52.127853,104,535.98321
235.16461,268,536.027408
33.350327,100,536.037331
273.50293,528,536.042441
267.70425,233,536.052152
277.27832,220,536.060764
12.136414,109,536.085448
44.139847,113,536.094345
286.1183,163,536.359966
256.0113,357,536.365964
-50.574337,65,536.384459
286.00415,172,536.404516
274.95917,182,536.455251
46.312332,85,536.471653
37.82245,123,536.665672
-22.695244,126,536.699791
223.18777,536,536.715384
87.08925,125,536.721088
38.286957,127,536.742524
270.03094,217,536.787709
249.366,422,536.792362
300.25272,211,537.050257
241.4271,260,537.07261
272.58255,209,537.083651
55.0345,105,537.223531
38.79564,107,537.244728
45.71666,130,537.431576
281.74878,156,537.436895
269.82214,214,537.448011
297.53995,217,537.44805
292.33655,153,537.480237
281.47928,210,537.500462
265.56927,145,537.505889
287.57336,229,537.615207
223.73676,304,537.890818
242.85725,313,537.979456
29.38501,119,538.065463
303.2517,195,538.071677
14.568977,79,538.477683
288.85626,253,538.547004
229.89206,366,538.602424
291.07758,223,538.602481
258.21863,331,538.76371
258.11588,341,538.789105
303.45154,263,538.862813
266.47668,267,538.862872
269.4079,320,538.86868
248.26556,255,538.940013
286.8603,291,538.949358
239.31923,277,538.949401
283.44568,290,538.949414
295.1806,203,538.955643
297.1502,172,538.971618
-7.6735535,105,539.023588
257.5224,269,539.344399
-1.8160172,130,539.555215
296.2862,203,539.603667
284.23828,220,539.6941
-8.261047,75,539.918109
272.802,256,540.028425
317.95917,265,540.20261
270.32822,325,540.400957
298.93494,296,540.401001
285.68475,229,540.411106
262.03644,329,540.418754
269.93298,329,540.418811
312.37094,311,540.425193
232.15181,391,540.425236
227.83086,316,540.430133
284.57135,315,540.430165
238.1368,359,540.473961
263.4556,327,540.484952
18.540985,92,540.833372
294.99997,269,540.849771
288.21338,223,541.045932
261.1754,186,541.050539
265.21625,298,541.060063
241.95093,301,541.290835
270.47598,194,541.312586
277.98007,210,541.42935
280.13934,242,541.530326
261.44513,242,541.530365
227.27298,296,541.756009
255.72656,294,541.756063
255.83249,293,541.756076
273.50882,227,542.093346
278.5424,287,542.134241
270.78137,256,542.219777
259.04443,300,542.219831
294.93683,380,542.219842
285.15894,394,542.224945
302.21844,395,542.234331
268.9181,262,542.2452
221.12245,305,542.740791
264.4065,231,542.873233
225.48636,289,542.913765
253.74329,315,543.046097
278.87427,206,543.106759
235.37325,399,543.221395
304.93277,247,543.47115
225.41391,426,543.482075
264.82233,255,543.488478
262.80194,256,543.494126
250.71059,257,543.504861
57.615143,118,543.625399
44.865295,112,543.660243
254.78494,310,543.761336
288.93445,190,543.825521
281.60532,364,543.957556
251.7521,447,543.957602
290.4882,207,543.957613
241.29155,345,543.962941
288.46823,245,543.962984
301.87524,245,544.749847
305.86166,310,545.116666
291.71362,316,545.441632
267.54367,485,546.010897
277.99667,413,546.111707
237.60524,412,546.111752
233.37547,413,546.111763
239.2594,502,546.11177
214.35922,505,546.111777
255.78342,418,546.133123
291.53046,489,546.20719
268.49463,462,546.221053
252.03342,500,546.226096
295.36755,329,546.441483
242.02287,478,546.441535
288.86932,263,546.45742
134.36726,1000,546.823641
289.13342,203,547.16769
270.26544,238,547.321174
296.57288,261,547.330792
272.65182,240,547.330849
292.37805,244,547.349152
298.60495,225,547.35434
248.63428,405,547.487622
234.39368,213,547.527731
255.71353,248,547.696964
304.5498,314,547.697027
283.4085,245,547.697042
297.21036,292,547.707806
264.30844,316,547.707856
296.5323,321,547.860438
286.96313,222,547.947633
270.99554,176,548.050773
285.40924,178,548.244739
281.39578,182,548.244783
325.75958,188,548.27324
149.0684,1000,548.333788
246.32715,283,548.906255
241.70764,275,548.906299
250.35457,309,548.906309
74.268265,170,548.906317
247.62914,316,548.906324
267.7672,243,548.921966
247.04666,262,549.03036
290.74927,193,549.221991
258.69824,319,549.326357
247.54782,293,549.336781
248.74237,278,549.351108
270.80313,326,549.351166
46.183563,90,549.797074
277.82092,208,550.003059
249.70795,339,550.012921
237.93306,265,550.390036
289.10184,325,550.882838
262.9164,304,550.88889
256.72272,174,550.888931
240.27318,633,550.92109
243.69882,308,550.927344
247.3914,308,550.927392
272.55914,396,550.938432
260.5467,196,550.999199
229.78482,538,551.093288
276.18,427,551.104599
255.25534,427,551.104641
256.14246,428,551.110553
285.67325,560,551.110586
288.41196,429,551.115508
275.643,331,551.467437
40.621796,141,551.789028
300.25882,301,551.894835
273.2857,185,551.905039
290.75903,206,551.949026
304.00824,175,551.965328
232.55376,219,551.982631
261.2584,183,552.003624
304.1223,218,552.011814
263.14987,277,552.287608
250.64404,275,552.292343
304.66324,243,552.292376
273.49512,285,552.292391
254.99014,286,552.302478
275.35815,253,552.347718
283.90704,264,552.387166
282.943,248,552.690226
263.33844,190,552.733407
34.73387,88,552.742523
251.88495,215,552.977094
273.6419,200,552.982953
282.10834,208,552.993064
272.59198,211,553.05694
275.28305,220,553.113715
261.8208,162,553.122947
49.026474,125,553.373224
292.32025,295,553.395628
288.8634,234,553.488317
312.05078,216,553.488361
287.73932,302,553.488372
283.49792,235,553.48838
290.53632,232,553.488387
280.65378,195,553.684756
289.7105,206,553.791285
316.57642,284,553.797957
272.32184,225,554.277127
267.2998,245,554.369247
292.50482,185,554.437618
265.78262,208,554.442891
267.57074,287,554.447691
307.07794,287,554.452813
274.56677,206,554.45285
267.00854,288,554.465789
248.37273,303,554.623986
300.59003,268,554.860594
265.0844,302,555.033237
304.34003,352,555.281884
291.3852,291,555.281949
241.31836,353,555.288602
250.12393,200,555.288641
264.48535,294,555.294883
262.21445,244,555.686303
270.95435,189,555.830796
257.1308,273,555.863364
279.65216,289,555.929896
235.37245,291,555.929947
275.25607,290,555.929961
278.82556,472,556.119165
285.166,329,556.143288
236.36995,218,556.158577
256.4875,315,556.23235
271.07245,195,556.296815
268.88058,205,556.365341
80.71057,161,556.529848
281.4257,266,556.680197
67.55565,116,556.746048
263.27383,197,556.873322
261.28455,206,557.03819
292.63052,335,557.055879
296.70422,343,557.107994
252.91917,532,557.14997
233.39514,199,557.186266
304.15543,236,557.19762
290.58313,251,557.281408
289.8775,181,557.281461
284.37164,208,557.281471
311.26318,266,557.292452
288.81268,292,557.850238
229.05827,208,557.855969
265.2478,276,557.901741
296.4753,220,558.002738
280.80984,186,558.200505
283.9463,188,558.254353
294.69525,314,558.270952
255.82254,235,558.423882
293.96387,220,558.42393
288.45398,248,558.423944
250.93628,277,558.423956
269.90747,201,558.423966
251.38562,267,558.538156
293.8001,236,558.58884
301.74158,244,558.637204
240.88318,280,558.822533
246.34143,232,559.13294
266.5149,243,559.149007
282.62292,175,559.178793
293.49335,261,559.235244
279.4892,184,559.240143
305.68018,269,559.40653
276.69336,233,559.411589
80.209366,176,559.491561
295.22195,217,559.725312
298.8868,262,559.7435
263.22128,288,559.868305
267.3824,288,559.868356
253.00278,288,559.868371
258.5438,288,559.868381
290.7825,244,560.041987
315.55444,300,560.053316
265.40833,185,560.058954
298.6665,180,560.064779
291.34213,193,560.197635
279.51697,224,560.251379
290.482,239,560.44
253.30345,205,560.450891
276.95956,202,560.521559
251.36258,178,560.654643
63.68535,132,561.120347
255.24979,207,561.129951
285.80518,216,561.180919
272.68732,222,561.191118
273.28326,235,561.389316
274.03522,297,561.389361
291.7461,302,561.415508
279.55643,302,561.41556
305.5893,328,561.41557
257.56903,195,561.415578
244.9602,230,561.415584
229.57501,302,561.41559
298.8969,268,561.421547
251.66801,182,561.433621
295.85065,402,561.433666
290.35477,237,561.807919
246.40404,188,562.027357
277.71887,204,562.164087
292.2185,158,562.186876
279.23477,179,562.253929
271.28043,178,562.27378
64.52144,95,562.490281
277.50168,224,562.490329
267.2456,224,562.490339
319.2717,225,562.494873
268.32565,229,562.51191
283.73425,310,562.892516
275.0651,314,562.952766
271.51483,317,562.952832
323.18564,317,562.95817
296.7043,401,563.063567
75.39781,127,563.141661
43.866608,137,563.165869
247.01042,231,563.310491
263.45132,216,563.320481
282.00958,307,563.320527
287.08478,439,563.320541
261.60907,244,563.472309
313.5827,258,563.770096
296.8578,191,563.902399
259.15442,191,563.902443
77.21176,147,564.04119
281.0999,207,564.109309
267.73712,243,564.114639
280.5013,326,564.124911
296.47726,196,564.136664
288.3401,330,564.15181
278.43945,239,564.161831
286.19336,174,564.202167
260.41263,157,564.291548
270.42493,418,564.291621
265.20044,261,564.535852
268.99396,236,564.556919
286.92902,237,564.561505
296.34146,190,564.889737
295.17102,216,565.0052
241.81694,285,565.217168
235.78246,217,565.244052
294.88586,199,565.274893
243.94133,215,565.280133
299.12366,236,565.299553
248.3976,236,565.349201
266.10303,255,565.420009
304.29153,257,565.42006
284.2915,194,565.503145
277.6515,246,565.524289
243.10678,292,565.534275
293.8071,280,565.540212
305.13245,241,566.101756
250.58003,168,566.11206
266.35876,197,566.340911
267.43066,167,566.382596
303.69934,185,566.403815
295.83948,378,566.467811
254.99254,382,566.467869
274.38763,197,566.467879
282.0963,226,566.467887
295.76892,227,566.479926
285.75623,225,566.541186
303.445,232,566.77101
279.72366,237,566.799645
245.33206,299,566.810686
288.0661,144,566.904911
265.42438,405,567.126642
52.995163,127,567.146492
264.04694,202,567.187421
266.1562,144,567.216565
270.23938,323,567.216605
293.63223,170,567.265116
274.05927,156,567.27562
283.82623,233,567.645176
293.75183,258,567.712616
260.88107,253,567.748703
246.56607,205,567.811597
280.7437,238,567.969744
280.42563,229,568.261326
281.8918,203,568.266054
246.74292,318,568.340282
272.23035,251,568.349572
302.99777,250,568.490615
255.40839,428,568.49067
257.57245,260,568.490687
322.17993,266,568.490698
282.62457,361,568.657705
265.99683,192,568.685283
304.0704,302,568.690655
240.44562,184,568.715607
275.4878,308,569.15847
53.6344,108,569.189579
259.30655,147,569.20299
54.22075,146,569.395227
69.84587,160,569.462417
252.41891,237,569.628131
249.13246,273,569.661122
21.632881,107,569.701559
272.46323,238,569.860352
263.44458,287,569.870361
289.32263,288,569.875811
254.7094,337,569.889015
262.9606,410,569.955247
288.6148,167,569.955298
273.56268,167,570.009764
259.33414,482,570.059821
63.276,146,570.362507
253.02823,451,570.488992
269.42487,451,570.577872
287.52982,224,570.588138
254.89133,183,570.633015
254.08803,223,570.807225
269.43427,175,570.807273
273.3183,278,570.807284
264.39783,211,571.071432
231.93944,201,571.129115
283.83984,242,571.141475
277.78607,223,571.141528
313.71954,214,571.14764
254.36098,288,571.409058
164.16077,1000,571.584222
274.84692,235,571.628135
286.6805,330,571.628188
260.4478,214,571.639252
276.37927,191,571.666878
275.6223,208,571.698581
232.3115,187,571.831138
255.19131,228,571.831195
268.5454,269,572.267478
261.92096,274,572.296666
295.69305,216,572.303661
300.40582,263,572.833381
284.55957,222,572.880466
276.99402,237,572.880515
264.85907,227,572.88053
262.22925,229,572.880541
237.02432,320,572.886328
258.27283,322,572.892532
299.43646,203,572.930823
17.73169,86,573.315673
285.3904,321,573.522332
261.4215,235,573.527446
267.87604,234,573.527491
254.62523,353,573.575698
255.37979,249,573.575753
321.82532,367,573.581504
247.22325,470,573.581544
248.75607,458,573.58156
278.63617,154,573.674035
305.83264,215,573.968456
278.84702,215,573.968507
262.19223,224,573.968522
317.3568,236,574.119488
296.15173,245,574.119547
67.502686,145,574.270375
292.41992,160,574.400892
285.88333,230,574.492424
270.17627,180,574.492465
292.45447,180,574.492475
259.60986,182,574.507742
275.05286,193,574.507779
47.073486,110,574.532775
255.78839,330,574.555099
295.53357,174,574.555135
265.9947,210,574.590041
267.9992,151,574.73213
60.940475,113,575.089781
23.603256,118,575.089841
275.3144,203,575.136037
262.72745,175,575.13608
272.65076,169,575.395342
277.90366,285,575.400461
280.24994,181,575.406836
258.62836,272,575.488316
281.72913,220,575.493286
267.60693,234,575.656449
255.4215,237,575.674137
271.30682,231,575.717035
283.4165,429,575.750812
271.21777,232,575.76831
288.6267,176,575.996549
82.556885,117,576.008077
251.93903,335,576.184741
307.25482,210,576.216852
259.54425,189,576.375019
298.03955,334,576.42217
276.27673,253,576.429216
267.62463,160,576.474539
297.11188,213,576.568912
272.76562,225,576.633428
272.95068,213,576.837468
62.578964,151,576.944422
262.35233,253,576.966779
304.83624,196,576.982704
62.818634,107,577.022448
57.901352,120,577.037562
253.0948,212,577.077017
299.5797,199,577.227686
308.60797,235,577.567501
271.09204,432,577.601003
282.01913,233,577.607354
55.945755,105,577.607392
20.443428,94,577.696923
-12.738571,150,577.744788
249.7504,223,577.777555
285.30438,211,577.917812
274.36298,264,577.917865
257.7414,197,577.95091
255.24538,193,577.950969
54.44844,117,578.160529
282.19427,225,578.166254
47.265137,148,578.3502
270.50092,323,578.67892
293.3572,211,578.678964
32.550858,104,578.688742
276.09552,186,578.893181
286.82172,230,578.913283
277.649,260,578.927356
274.01236,242,578.927422
275.2458,205,578.954271
292.27374,254,579.232755
259.76935,192,579.33341
276.25757,309,579.353187
313.66205,244,579.413567
295.45862,154,579.474803
270.90002,877,579.568669
292.50247,250,580.002404
272.16998,232,580.190488
303.78668,257,580.298793
277.00714,196,580.298849
303.4202,258,580.304125
273.79553,266,580.336047
254.10358,293,580.461579
247.05458,204,580.461634
266.2654,485,580.461651
253.89493,176,580.519175
300.07495,349,580.529449
268.4181,209,580.547729
273.81143,228,580.705467
270.1599,966,580.713934
175.62921,1000,580.91677
264.463,141,580.941384
29.83319,126,580.962104
51.67572,129,580.984761
16.491325,105,581.010158
51.574768,149,581.102554
263.03674,328,581.107401
277.24146,208,581.127339
42.308945,142,581.2735
64.08299,140,581.273548
42.512466,158,581.297601
70.01607,151,581.347386
276.77362,196,581.371418
54.800903,100,581.534571
65.55022,115,581.550167
283.51508,177,581.636172
279.1961,180,581.659605
81.22194,168,581.8241
46.652374,111,581.874078
89.61728,152,581.919251
281.09116,181,582.112234
16.39138,155,582.24204
52.325592,129,582.281442
261.87585,190,582.345933
280.13245,232,582.405015
87.36835,101,582.428284
41.714478,149,582.525035
282.71475,187,582.659778
57.530914,124,582.666461
289.652,239,582.672838
51.48967,133,582.678506
277.39758,321,582.817588
289.15686,285,583.01324
38.409225,151,583.156706
77.28267,90,583.199074
262.7949,198,583.286793
305.3377,165,583.320031
68.80437,95,583.36821
253.8967,188,583.513802
260.4292,212,583.519174
284.58612,178,583.545771
48.801437,156,583.545819
16.75631,100,583.556391
59.84027,84,583.604691
276.43347,225,583.675431
30.050812,106,583.857882
283.08063,224,583.898539
251.29971,529,583.92041
261.32602,237,583.953745
48.086304,117,584.090195
58.97087,135,584.216857
52.02234,127,584.24269
58.903687,101,584.395904
268.73688,509,584.463855
272.00702,164,584.487029
298.87534,245,584.518878
53.589676,135,584.524816
62.528763,131,584.564965
45.138718,99,584.586545
46.356476,82,584.624346
281.3839,224,584.633998
280.49075,219,584.634033
304.03186,285,584.643339
28.146988,118,584.814741
287.0221,257,584.825834
262.99875,827,584.912926
65.57857,94,584.991396
68.114136,112,585.014041
26.305954,107,585.014081
60.81038,95,585.085663
65.30362,105,585.090036
22.740028,101,585.122282
37.675278,127,585.135892
40.529053,109,585.140494
47.338654,124,585.158536
309.17316,377,585.218093
251.72931,181,585.264621
267.70862,276,585.286388
43.37088,100,585.49368
51.635193,114,585.540838
16.581665,91,585.602599
54.292755,114,585.639247
32.297546,87,585.645018
52.59961,139,585.675062
278.66135,221,585.688679
24.970673,88,585.717007
54.03926,125,585.734506
71.75897,133,585.757477
283.19125,213,585.82785
261.72333,199,585.849969
61.348495,98,585.998344
73.12981,90,586.030389
39.24608,104,586.185313
51.142853,98,586.240338
293.41565,231,586.260364
14.794884,138,586.315199
28.404419,128,586.343299
20.33358,106,586.352649
51.555115,138,586.364806
45.654343,110,586.399451
33.366425,146,586.446828
82.29472,92,586.452694
300.6421,247,586.470509
256.60947,173,586.480925
17.173546,130,586.664644
76.15396,83,586.791746
49.724045,119,586.811315
51.018585,134,586.826374
39.026596,103,586.837747
66.307236,114,586.86402
48.899796,125,586.86406
36.881042,90,586.918584
58.565536,117,586.934891
17.336235,132,586.998525
280.10303,312,587.011657
41.060852,149,587.225101
59.54654,99,587.318536
47.388275,82,587.352831
22.838104,109,587.413307
37.67961,111,587.449925
295.76404,226,587.606143
6.0733795,145,587.630025
53.66722,92,587.810754
263.3016,188,587.8167
36.597076,127,587.911475
26.109657,171,587.927746
18.379707,99,587.960845
296.8302,213,587.982568
32.129395,112,588.081262
293.0817,220,588.137424
29.305222,104,588.211425
269.89288,305,588.326636
29.992859,101,588.413948
54.27748,96,588.47455
40.94545,91,588.518574
41.84372,109,588.600963
10.617729,115,588.601017
57.731934,121,588.777386
12.250893,99,588.877228
24.218842,135,588.907464
45.696747,100,589.065834
13.707642,120,589.078168
276.7223,490,589.105766
253.56596,269,589.165045
26.757431,113,589.225628
291.92932,335,589.236243
32.108185,121,589.276071
241.76404,261,589.310348
60.52182,103,589.36161
32.510483,103,589.676051
49.635574,139,589.676105
12.643967,101,589.6952
28.783737,90,589.752148
57.839005,124,589.786716
42.685303,115,589.836035
284.64966,284,589.836082
26.056465,111,589.919313
57.550797,108,589.931226
30.197739,145,590.08172
140.26103,1000,590.110857
5.2639694,131,590.119857
259.18185,963,590.224223
29.676437,113,590.335574
52.045776,87,590.343039
44.996857,103,590.355704
4.503189,123,590.397203
36.94728,108,590.41965
50.198547,125,590.425873
71.09595,106,590.457952
63.50682,95,590.493581
43.346085,87,590.627793
300.3564,309,590.70801
264.98203,389,590.718833
28.535446,84,590.833031
32.318848,113,590.885309
22.73162,132,590.89634
51.14209,116,591.017175
38.077164,115,591.060713
44.77623,103,591.087379
45.914642,83,591.108656
38.513916,115,591.125775
73.71025,126,591.154383
55.887848,141,591.177104
27.13813,133,591.476475
262.06616,274,591.516589
45.2556,147,591.545525
301.2229,253,591.550748
29.92595,132,591.578203
53.476578,91,591.597748
24.960136,126,591.732819
53.176697,152,591.743137
46.243317,122,591.752747
42.463852,113,591.805109
35.53871,152,591.939124
28.297195,91,592.027216
14.833694,97,592.112564
266.20587,306,592.135315
30.692978,125,592.141073
41.906082,119,592.17316
283.35236,195,592.183592
283.03577,240,592.212032
29.668152,133,592.408495
3.980011,125,592.434136
10.076256,137,592.445101
28.86322,109,592.490683
3.961731,92,592.490738
12.275787,155,592.523354
164.4242,1000,592.58576
33.00453,92,592.617205
58.51088,137,592.800794
33.69638,143,592.811111
35.54248,127,592.820575
284.7455,255,592.860615
76.25778,149,592.860658
45.92685,86,592.933352
38.522964,99,592.962459
22.814331,121,593.023536
69.82062,89,593.057105
24.920021,103,593.094322
-44.369987,150,593.149631
63.474808,143,593.155656
293.3023,207,593.209594
11.322746,108,593.366849
22.262085,177,593.379302
253.47406,375,593.418517
27.301506,121,593.423779
42.42073,133,593.550367
41.486313,129,593.734931
259.79218,191,593.81821
33.752686,99,593.897658
258.74872,182,593.903317
71.26849,142,593.911268
56.44287,133,593.917487
270.00555,204,594.065038
36.947693,138,594.166434
264.10623,198,594.206488
81.95293,155,594.258187
78.94614,97,594.413422
16.547638,141,594.491051
60.85376,130,594.511407
277.15497,312,594.51145
270.28326,198,594.606111
33.975555,108,594.616974
42.50862,140,594.639817
263.65466,307,594.71852
256.3061,254,594.724186
39.266327,155,594.728749
264.87436,181,594.853951
55.9429,87,594.862324
292.54855,354,594.892982
59.7175,95,595.005242
93.3244,162,595.04304
12.337547,92,595.115059
35.25946,123,595.12556
25.73835,105,595.159452
46.816727,118,595.214684
37.756012,148,595.269348
289.30054,216,595.274975
35.388977,123,595.351124
42.17383,126,595.377175
264.36215,221,595.405012
15.2517395,107,595.421357
40.321045,103,595.43218
25.398354,134,595.552917
49.35617,108,595.603209
47.792313,98,595.635476
68.186676,157,595.829872
30.74916,113,596.010389
40.481094,114,596.036242
34.528976,119,596.080855
46.248016,161,596.092056
57.176025,148,596.167397
45.91719,148,596.195705
77.73552,119,596.216232
32.509262,107,596.238681
268.63617,199,596.244316
260.33356,183,596.280554
37.102158,135,596.356547
169.47247,1000,596.414878
259.17047,339,596.541368
59.30095,96,596.566856
290.72052,238,596.576932
279.13953,272,596.588614
40.901627,104,596.648064
21.108475,110,596.81004
71.84706,118,596.882033
263.9281,205,596.971454
37.547607,133,597.007054
1.756073,100,597.095523
46.72644,139,597.1232
42.50528,100,597.145638
52.757645,137,597.17364
266.94037,221,597.240374
264.47308,193,597.255957
281.69476,190,597.281192
34.34854,138,597.412341
37.3593,156,597.427926
43.02765,103,597.459444
38.12343,121,597.48722
21.330505,102,597.719183
38.68103,120,597.766515
27.931984,100,597.816564
40.9373,111,597.901629
52.365845,142,597.910943
55.91147,92,597.944628
32.277786,135,597.98503
239.47415,352,598.033676
270.55408,339,598.033728
58.35669,97,598.22686
23.206451,139,598.237574
38.78528,104,598.308699
70.70996,103,598.358684
53.22055,89,598.407412
20.027107,102,598.449965
291.50235,241,598.481835
18.804085,94,598.529247
275.7198,366,598.575332
282.89575,215,598.575387
281.15704,290,598.581061
60.10286,119,598.656816
71.05768,128,598.656873
257.17426,323,598.707348
260.39447,236,598.717524
43.510376,92,598.717559
33.639847,108,598.785679
43.987137,88,598.848783
46.385895,115,598.895332
280.67126,212,598.980763
68.94696,93,599.03257
59.052185,136,599.044399
67.51785,103,599.087392
28.118622,105,599.092661
28.009857,130,599.129558
25.171906,99,599.145449
22.688492,89,599.160574
66.53264,105,599.22744
26.027283,122,599.381413
36.948395,112,599.40547
26.421494,157,599.423704
4.2656555,97,599.460367
47.73694,89,599.465209
50.024063,156,599.480764
-0.39766693,95,599.50744
12.6382675,96,599.560697
291.18756,227,599.6429
297.21332,245,599.65704
46.34207,107,599.662792
31.207596,104,599.662833
29.354584,102,599.720303
63.472595,99,599.887983
9.586761,111,599.924617
34.101166,98,599.942901
44.984406,106,600.0168
20.36734,95,600.016845
51.996796,119,600.042208
45.455338,101,600.147201
249.73013,218,600.180444
243.06383,227,600.186177
60.70633,109,600.18621
58.55684,115,600.195029
38.262436,91,600.367061
282.45074,233,600.551841
254.83626,185,600.551895
284.4397,189,600.655093
56.86934,133,600.687329
258.5362,369,600.72019
58.696793,113,600.725862
44.5401,116,600.77941
293.50638,182,600.794193
284.22433,265,600.794237
66.77408,121,600.802002
244.54912,159,600.824268
294.04108,189,600.875481
37.267395,117,600.980475
38.404785,88,601.012827
286.53384,182,601.105633
281.62778,198,601.207511
50.00151,117,601.259033
47.91957,124,601.32024
73.5435,90,601.329574
251.34517,289,601.498953
80.973495,142,601.507996
276.61017,173,601.592186
44.51683,101,601.833382
267.01154,204,601.838171
320.97314,249,601.838207
271.05908,219,601.910067
265.8609,175,601.910123
272.00586,228,601.939583
302.62097,196,601.980829
265.22998,230,601.991859
255.22182,249,601.991897
263.54218,207,602.158126
259.5678,196,602.310226
40.251785,99,602.328673
252.831,187,602.437747
35.744736,112,602.457448
59.77182,137,602.511256
73.40863,138,602.511307
279.93002,262,602.559702
265.98773,212,602.570298
47.492676,121,602.581549
272.78033,212,602.658612
62.861008,106,602.689457
41.44377,144,602.694437
261.95172,200,602.95097
46.169937,108,603.012048
50.342804,96,603.084179
285.53253,260,603.251344
293.0423,244,603.2514
281.60724,398,603.251417
-69.47981,189,603.314574
287.8958,179,603.392456
264.84003,236,603.522709
272.68152,171,603.583629
268.2633,173,603.590568
286.1104,196,603.596993
266.266,192,603.659684
53.070297,146,604.042686
257.7126,162,604.053565
284.5672,198,604.077851
59.88098,106,604.133488
288.4246,320,604.240475
280.30435,334,604.240533
278.046,251,604.240546
256.19153,166,604.240556
310.16168,335,604.246145
275.0838,244,604.256227
287.05878,206,604.283373
64.98749,152,604.366647
311.71878,226,604.395764
278.20306,228,604.708369
288.92175,218,604.714018
45.1344,93,604.727933
313.04468,218,604.78372
59.520126,125,604.789229
72.49271,110,604.814133
84.30055,126,604.89033
49.49057,125,605.036588
277.6246,227,605.243721
286.15994,192,605.249541
291.61804,237,605.281902
37.30156,129,605.494936
268.36868,241,605.656402
27.774933,112,605.656467
282.13083,161,605.780411
44.416992,117,605.910373
292.7917,345,605.944311
261.0113,215,605.970417
65.10814,113,606.137276
276.99896,189,606.323843
292.43512,396,606.364138
277.195,205,606.379737
285.82556,396,606.385668
287.19397,390,606.385717
283.86392,311,606.401116
280.87067,298,606.408937
68.34465,118,606.427773
263.6787,315,606.446411
263.5414,157,606.529719
261.1752,185,606.672479
242.03471,364,606.681713
42.614014,137,606.699615
74.16858,156,606.957132
58.87062,147,607.104337
69.83653,115,607.269283
274.0368,221,607.565823
307.8636,316,607.594154
276.5475,224,607.594202
269.80402,310,607.594213
274.37326,227,607.594224
295.06567,229,607.594233
268.4344,222,607.607423
282.37204,171,607.612508
276.54865,179,607.622869
272.8037,232,607.626491
287.71198,230,607.665269
34.387833,101,607.831948
18.712715,103,608.138064
277.04675,329,608.158286
275.1546,318,608.217273
70.405716,139,608.333224
280.08752,270,608.408879
315.02094,196,608.648237
262.41046,194,608.648288
316.25882,191,608.6483
277.88525,193,608.648311
300.18756,229,608.792811
282.59625,227,608.808267
284.82782,317,608.814424
255.7117,236,608.856822
70.49284,142,608.973719
264.48914,222,609.021617
275.76898,176,609.112759
297.1408,201,609.240803
278.86456,299,609.246883
259.69122,299,609.284924
281.81638,153,609.486313
296.33765,220,609.543911
268.9298,218,609.6134
260.00433,216,609.842804
279.67957,216,609.84285
245.98833,178,609.852859
271.56,190,609.852896
295.17102,252,610.04821
284.81348,222,610.053728
266.96497,192,610.058586
319.24023,185,610.063063
293.279,224,610.068352
284.11432,195,610.310522
282.9641,220,610.325102
312.17627,224,610.465168
271.4054,161,610.490293
294.05133,220,610.490338
310.26157,208,610.61863
291.25464,166,610.735776
295.6395,224,610.751708
324.6819,175,610.783895
248.00255,161,610.902609
269.931,202,610.930566
314.40002,219,611.040267
56.506393,146,611.279822
292.47903,309,611.643018
295.17313,231,611.66055
305.2788,237,611.669242
302.8659,314,611.66927
282.5857,279,611.738545
277.13226,198,611.738586
300.47174,329,611.738596
235.13,281,611.738603
296.399,332,611.73861
272.69122,209,611.769273
304.50037,220,611.973964
262.75806,261,612.049174
247.28802,219,612.049219
266.73773,249,612.082436
321.96082,303,612.090909
66.71016,116,612.255653
70.3974,161,612.457679
298.09894,180,612.546222
291.8885,208,612.599905
296.812,189,612.623137
279.5718,219,612.62318
275.05487,220,612.661825
273.16754,211,612.694525
67.895615,143,612.699298
309.77487,231,612.70426
317.42413,322,612.730994
293.5523,224,612.756792
266.94916,176,612.780959
58.15155,114,613.193896
279.1234,247,613.231411
56.23828,126,613.365036
79.37956,147,613.387967
271.73694,249,613.414589
245.67555,161,613.453438
306.44623,310,613.481477
280.0758,218,613.481522
283.90802,302,613.481537
288.00247,182,613.481549
313.79608,194,613.536599
305.77383,224,613.59717
287.07846,193,613.597224
252.90475,216,613.751215
254.9833,249,613.776299
289.4377,223,613.807093
271.60297,160,613.995703
287.02484,194,614.117992
32.57077,138,614.145293
261.89008,162,614.170216
254.50276,171,614.283508
49.46634,134,614.432352
307.59473,198,614.499619
318.2802,234,614.499676
246.93907,159,614.531713
268.13266,216,614.536776
272.83392,219,614.552489
260.17944,233,614.552527
264.6978,223,614.685729
259.57605,180,614.68578
316.78192,254,614.716138
301.6652,230,614.721401
269.20392,162,614.783945
65.26628,107,615.064417
263.44266,190,615.076872
273.39932,195,615.076921
288.5381,187,615.086897
75.10768,136,615.345556
290.06512,181,615.380325
82.03099,123,615.384546
251.6391,179,615.399918
283.85443,153,615.426657
273.82202,231,615.630208
298.10248,222,615.630257
303.607,276,615.63027
250.17046,226,615.63028
270.84552,245,615.630288
305.41083,198,615.680305
42.557373,106,615.897809
65.366806,114,615.938514
262.57068,192,616.021966
305.47614,193,616.036651
280.85114,302,616.195279
275.15588,230,616.199924
62.67334,130,616.265807
47.575226,132,616.273934
55.90309,129,616.313167
280.0873,190,616.333466
280.3371,218,616.417464
260.865,177,616.497145
293.54895,325,616.644803
53.483078,90,616.700723
276.71655,189,616.846517
48.42627,140,616.86426
275.4355,259,616.875914
277.7207,259,616.875958
282.2035,204,616.885596
306.4573,303,616.895397
266.57184,187,616.909197
54.168274,143,616.942412
77.08847,142,616.992591
72.81209,90,617.073711
65.036545,144,617.096869
273.55884,230,617.130168
282.50006,202,617.158268
57.50302,167,617.282825
39.312027,85,617.389644
42.40985,116,617.400232
266.9317,175,617.5339
256.49884,257,617.552834
294.9228,141,617.613348
276.65826,167,617.677891
36.62184,123,617.687186
294.33875,190,617.817649
293.3208,197,617.828564
284.28082,158,617.888572
267.27957,208,618.069545
41.25499,103,618.113503
25.725037,88,618.24081
274.97147,289,618.278674
276.03534,294,618.283002
288.08536,164,618.477612
297.71338,225,618.477671
264.5031,223,618.477688
289.65845,189,618.590424
293.3121,362,618.612591
277.01532,301,618.612637
295.34674,229,618.649614
266.83508,214,618.874592
268.85846,256,619.147836
261.9201,221,619.163044
260.90512,177,619.169176
263.8993,188,619.178746
265.69238,212,619.333095
72.13475,162,619.412283
283.07184,192,619.540325
57.13852,153,619.600206
52.21637,101,619.608728
288.4702,332,619.714509
55.118164,135,619.79027
250.02144,273,619.790314
279.24524,158,619.891769
267.69125,304,619.932034
66.47746,88,620.016976
309.4912,312,620.138202
86.558334,160,620.154623
266.95416,218,620.197794
277.35236,606,620.19785
257.2802,186,620.197862
292.81104,379,620.295428
277.6238,358,620.303987
49.766968,81,620.405267
280.8232,197,620.471527
47.272476,149,620.501149
262.78314,185,620.591295
277.52472,208,620.596612
260.49347,166,620.72886
53.2511,139,620.799407
283.3788,197,620.829997
36.79413,109,620.915855
251.9053,740,621.099044
82.56676,147,621.196549
59.33275,141,621.26682
299.7748,217,621.320293
242.21907,215,621.320337
273.1073,239,621.324008
48.03212,139,621.571036
309.0617,253,621.66397
261.08466,204,621.690136
61.913345,153,622.037431
274.38156,327,622.123897
274.11166,279,622.133061
262.67035,423,622.180632
293.47195,184,622.180676
308.56714,214,622.262844
273.0164,230,622.267985
265.82373,259,622.311742
276.98712,225,622.371036
285.11902,550,622.37991
288.1236,206,622.64892
287.12836,531,622.648981
34.938675,109,622.648996
289.22693,396,622.654719
298.3864,214,622.6645
274.60724,237,622.683728
33.883453,107,622.688616
37.192154,139,622.688649
23.070839,103,622.794166
53.18454,103,622.849797
39.0755,144,622.931226
273.1195,208,623.094932
303.5531,619,623.094991
48.512863,119,623.20479
44.551834,122,623.216911
33.332382,117,623.231244
39.882004,124,623.258786
292.2927,198,623.308052
276.61755,249,623.350488
300.36975,252,623.450296
9.386192,114,623.474305
75.67847,138,623.504949
256.87466,185,623.520392
62.352066,89,623.647868
264.1223,187,623.683504
274.9077,217,623.692318
40.884735,113,623.804174
41.66333,147,623.804234
31.233994,110,623.835634
54.53656,135,623.876079
26.488976,102,623.990831
19.305687,134,623.990872
306.04333,296,624.050184
285.00656,179,624.065008
316.9888,291,624.065057
247.7613,204,624.075561
25.383484,131,624.152446
35.022644,112,624.223885
37.684494,113,624.242157
42.16896,90,624.246889
25.534126,87,624.266993
41.53044,140,624.330513
27.308586,156,624.567207
41.354202,122,624.598585
37.06285,113,624.613884
27.345726,97,624.732126
282.48352,262,624.742425
39.038406,127,624.791097
48.50099,112,624.80159
41.968796,160,624.88344
56.1586,132,624.927522
265.00922,171,624.927581
283.02603,186,624.927598
269.37634,213,624.942964
24.053871,137,625.017503
40.227127,87,625.157604
310.68414,227,625.194632
289.33945,208,625.252841
-6.3130264,98,625.268755
57.885834,89,625.353954
35.595352,92,625.368975
305.17938,173,625.463075
26.395348,116,625.498064
48.952133,105,625.536264
279.4942,201,625.574887
284.55524,163,625.606363
23.079933,146,625.662876
5.8817825,100,625.695758
243.80579,462,625.757929
312.14264,206,625.762691
20.892227,111,625.804674
9.823242,135,625.82182
46.8291,95,625.826904
54.248856,105,625.891743
53.417145,100,625.979271
26.80864,86,625.984028
276.92627,240,626.049383
40.641083,123,626.054718
37.800827,111,626.141547
47.102478,141,626.222232
42.04631,116,626.227527
41.40741,94,626.270484
23.012917,92,626.281657
74.97046,76,626.36589
27.524368,123,626.365951
278.2968,354,626.371303
298.39267,226,626.392926
2.9444885,114,626.46284
44.03502,134,626.499045
280.80188,175,626.561503
23.431961,103,626.580106
62.59143,101,626.726537
25.066322,136,626.735871
2.551422,118,626.735919
246.24979,157,626.771295
51.851807,117,626.806681
65.37947,114,626.841666
22.92041,96,626.862161
50.39331,105,626.887136
-1.1966171,89,626.99304
273.7387,256,627.013999
17.653313,132,627.014035
60.7025,117,627.031496
21.939774,114,627.052746
35.118942,100,627.224544
49.94507,107,627.248481
33.947357,93,627.299683
42.896744,101,627.305111
0.52648926,118,627.346926
62.035614,100,627.374776
319.3653,207,627.382156
57.35753,83,627.402758
1.6833191,148,627.461496
4.8752747,99,627.503463
0.26847076,106,627.57965
258.01627,268,627.597842
-34.346497,142,627.72607
38.9666,84,627.73217
11.000595,119,627.830562
34.377396,112,627.871465
17.102783,97,627.877254
17.245773,103,627.877291
19.879585,126,627.893695
52.86093,116,627.979372
-5.854294,101,628.026537
78.25662,111,628.042107
76.10149,88,628.042151
-938.6929,132,628.093633
290.67978,305,628.119958
256.34653,212,628.120007
281.58667,249,628.134107
27.620758,104,628.151117
-26.859962,77,628.307416
-0.750412,83,628.336539
8.60318,121,628.37689
16.015556,135,628.449068
15.144379,106,628.457651
8.246056,94,628.481523
45.109344,125,628.491818
20.023811,89,628.502176
5.5574417,100,628.563736
53.305267,92,628.572083
20.901436,136,628.590585
43.0923,94,628.619878
-21.40628,100,628.638254
45.048553,97,628.650119
3.619278,75,628.674004
27.621063,112,628.697138
-29.995766,132,628.725119
-1.0801544,92,628.790322
-2.4473267,82,628.869292
22.009972,103,628.890657
3.7861862,87,628.916845
22.294487,77,628.967613
46.041153,85,628.994143
47.209717,104,629.012698
53.024063,108,629.105751
40.400726,121,629.1058
-1.9839478,97,629.12062
54.453674,106,629.145095
35.35373,102,629.157236
46.97075,117,629.270962
-51.284546,64,629.311754
-19.740158,119,629.311814
25.46363,85,629.311829
48.700577,117,629.401456
18.88324,139,629.460124
26.957977,109,629.472195
38.43112,91,629.494226
28.080551,108,629.598529
-1238.6182,133,629.638197
37.441772,94,629.683251
27.626335,103,629.738981
40.93715,115,629.763331
-8.473892,85,629.784143
34.250153,123,629.789452
268.312,255,629.789488
-46.580242,94,629.826552
10.849922,95,629.831616
16.32402,70,629.846394
-33.247627,104,629.951764
-10.701759,138,630.009149
17.45427,81,630.019689
-24.122787,118,630.068632
-26.64309,94,630.141013
-0.81666565,78,630.141073
-15.386536,103,630.151445
12.2705765,76,630.194215
-16.255203,89,630.217599
31.3853,148,630.242269
9.121788,102,630.326851
263.51428,237,630.341905
-5.2192307,86,630.371271
54.99048,133,630.386756
2.7972183,84,630.427796
-2.2584991,131,630.427876
28.149673,136,630.448506
-32.73323,92,630.5282
-5.1050034,65,630.571115
3.3730698,73,630.58559
-7.317528,92,630.599965
-13.037956,93,630.615481
30.475342,128,630.640789
60.854218,109,630.683166
21.863777,72,630.688747
-15.952354,73,630.707907
24.771858,111,630.748441
12.5351715,76,630.76806
7.3183136,96,630.905636
266.90088,217,630.915288
-59.381077,60,630.998291
26.958992,116,631.017148
-53.035587,94,631.025984
-81.55349,65,631.059783
39.846024,143,631.075412
-61.636566,83,631.084671
-30.913109,117,631.094482
-27.797668,74,631.120385
36.172638,145,631.134196
-38.05558,107,631.157107
-1.607872,129,631.20886
-17.421432,134,631.245355
-18.64849,138,631.283113
3.7830734,92,631.342567
-17.733696,136,631.342617
-42.943848,65,631.394516
-28.412186,106,631.419339
24.262993,97,631.483608
-2.5618515,76,631.501966
32.346664,96,631.520924
53.301773,86,631.535801
-21.975594,100,631.572408
-1.3560104,114,631.572455
23.96746,128,631.611696
36.16159,126,631.682895
37.6781,115,631.710031
62.949753,90,631.769411
-54.612076,92,631.778324
17.571388,125,631.801223
-18.604393,111,631.807938
-24.411186,128,631.857531
12.335869,73,631.865772
-34.840378,106,631.901304
1.2195053,93,631.926695
-18.404816,93,631.981026
-43.56852,82,632.004642
-24.41079,95,632.029498
5.398033,96,632.034245
-35.83822,91,632.110564
-6.413475,129,632.116121
-2.9665756,76,632.146964
36.086838,154,632.157233
15.608261,82,632.167736
-60.675976,65,632.183014
9.963921,74,632.216165
-33.826385,106,632.21621
-24.910126,67,632.22523
-5.748619,74,632.28043
35.985428,69,632.357752
-8.972168,119,632.378891
-14.620056,105,632.479338
34.76291,146,632.506312
20.80349,109,632.516917
-30.090424,81,632.526419
37.138626,89,632.535308
-5.3509216,77,632.567639
-6.3657303,81,632.593464
21.831596,130,632.633281
5.8433228,109,632.661451
-42.195656,120,632.705963
26.00895,122,632.746771
-26.742851,122,632.779478
26.960571,122,632.849264
-82.45647,69,632.858911
-75.69595,78,632.869112
51.934464,93,632.909553
27.97097,122,632.926073
26.043068,77,632.93547
19.443611,89,632.935511
-42.06587,74,632.950203
-8.677666,181,632.963969
-41.060093,74,632.990481
-1.3578491,81,633.052002
31.381485,160,633.116749
-0.07770538,141,633.187202
-38.752537,92,633.216055
0.028549194,78,633.23478
7.3421326,114,633.256989
-19.257408,95,633.299325
-30.012932,86,633.340039
6.5839005,98,633.389457
-50.279903,105,633.446675
-43.624302,135,633.500276
30.225021,164,633.529588
24.261185,135,633.553181
-40.984734,126,633.563568
-15.616158,79,633.5975
-27.44754,116,633.610816
-22.378212,134,633.627616
-26.457588,82,633.627655
-24.418861,87,633.70732
37.33252,168,633.727242
19.643806,73,633.732185
-34.401573,132,633.746155
15.147751,79,633.81776
-34.79779,135,633.827782
4.22171,103,633.827833
-45.2611,93,633.938152
-39.53392,83,633.952211
10.050507,152,633.974558
13.100212,90,633.974602
20.131783,86,633.996728
11.532837,102,634.007847
-50.05243,66,634.059862
10.598076,73,634.07766
-77.59349,55,634.087189
-40.309082,76,634.087227
-29.020157,109,634.142652
-40.85925,73,634.168068
12.823944,114,634.168119
-39.785255,106,634.216785
-32.67656,131,634.233145
-53.819565,64,634.282001
-29.179947,85,634.347181
1.5436478,75,634.361406
-19.912483,117,634.390485
-23.907066,95,634.411232
-46.815933,111,634.512199
-17.429367,105,634.516645
-33.16838,102,634.584484
-29.494843,88,634.594471
6.4295197,102,634.637699
-35.865417,98,634.645922
-13.404564,86,634.651501
-19.19783,115,634.651562
-38.96137,118,634.657198
-33.932083,98,634.693611
-48.821518,86,634.703766
1.5504684,134,634.712457
20.554062,77,634.734482
-39.4622,76,634.758263
6.70002,72,634.862987
-0.112976074,72,634.868478
-62.606926,62,634.952897
-88.63522,78,634.966827
17.024193,82,634.999192
42.72615,76,635.018455
21.418945,140,635.034625
-13.399574,135,635.077968
-34.211113,80,635.09215
13.445084,104,635.152309
-1.7817001,96,635.175411
55.535187,120,635.24511
4.281517,108,635.274826
1.7154236,117,635.295233
3.0217896,121,635.365881
2.955452,97,635.440387
-35.357132,126,635.49155
-31.257362,89,635.529232
12.02771,116,635.569629
25.585289,124,635.577509
7.5635147,146,635.586788
10.886307,124,635.62371
14.846642,117,635.646526
-79.49449,74,635.651872
-10.350632,135,635.690332
-14.419624,87,635.690377
-12.73719,116,635.738083
33.23877,139,635.823932
5.8020782,82,635.823984
-25.592056,69,635.85582
-85.81057,86,635.897334
11.240723,142,635.929235
31.054459,85,636.052521
50.88449,104,636.063436
21.552765,148,636.068129
10.451805,121,636.148921
-11.638031,120,636.153371
-33.973106,70,636.153406
-9.389923,111,636.168572
-14.730118,117,636.178637
24.974472,105,636.186824
5.8702774,82,636.233763
-34.770348,89,636.238922
-25.934303,118,636.244224
-6.066452,89,636.337049
-4.6566772,144,636.42477
13.070427,118,636.459604
274.0456,403,636.612197
35.7296,80,636.640314
16.243835,96,636.649343
-32.35988,96,636.670702
0.27767944,104,636.676182
8.327911,123,636.676223
-20.789894,127,636.681752
-2.969574,117,636.742129
-37.14583,100,636.758893
-89.69504,69,636.782962
20.03775,121,636.788843
-21.199821,130,636.803137
15.728607,92,636.820402
13.384094,122,636.863117
-30.46988,82,636.881943
6.815483,83,637.077417
-12.588638,96,637.087446
35.040237,88,637.10637
-2.304306,93,637.119649
-22.333977,97,637.119679
-59.926514,78,637.15378
-24.536026,101,637.162829
-14.0898285,77,637.181444
-24.307884,88,637.205818
7.164398,94,637.205858
52.57242,120,637.223746
-10.195099,91,637.233907
-11.819527,115,637.293426
11.555153,119,637.426227
-47.668613,77,637.469252
-43.678917,89,637.497979
-52.4756,80,637.526396
9.071495,141,637.538207
14.154388,82,637.543298
16.719177,107,637.579382
6.823677,90,637.615542
12.874161,87,637.629708
-11.766457,112,637.637218
38.887253,93,637.650668
256.15894,341,637.696617
21.903786,136,637.749629
44.016006,129,637.798139
35.533386,136,637.809052
-0.18344879,85,637.809096
12.757675,128,637.87704
-11.827255,99,637.944942
-1.0326843,106,637.949189
10.932999,94,637.954071
-11.255455,93,638.002802
54.911697,105,638.017187
-24.758217,89,638.022345
27.272408,119,638.074448
13.836708,106,638.126487
33.837784,100,638.14813
-14.896271,119,638.17417
10.943474,98,638.188705
44.91368,87,638.188749
17.526901,87,638.338904
37.73781,86,638.391242
41.496048,132,638.400909
31.332153,119,638.410866
9.581413,88,638.42112
13.173347,108,638.440945
-9.339241,66,638.450285
12.257561,143,638.455111
27.792099,80,638.495584
14.210304,107,638.505121
60.968536,149,638.618752
28.108322,120,638.623585
30.505661,107,638.666155
27.029205,111,638.69528
1.8109207,79,638.700319
29.153595,114,638.709054
15.1796875,112,638.914633
49.56256,119,638.964209
19.12635,113,638.964258
12.414009,122,638.974188
28.723038,85,639.019057
21.252457,118,639.045029
52.46248,131,639.058969
-24.808014,78,639.063542
22.277771,87,639.107763
29.003372,95,639.107818
22.647346,133,639.121598
11.813538,104,639.189427
-1.3393173,126,639.204534
284.02173,192,639.302175
300.3458,374,639.344408
10.516579,99,639.424931
59.809586,93,639.446168
49.425842,104,639.446216
48.685867,87,639.44623
29.815887,127,639.498738
-38.320393,116,639.498786
45.810257,86,639.503857
14.3798065,90,639.537698
20.569939,98,639.560215
24.91523,117,639.595881
4.358757,93,639.625085
34.394714,94,639.644065
-27.694572,86,639.751307
-11.805138,99,639.773292
22.586357,73,639.787391
45.36209,84,639.817049
227.82237,178,639.886067
33.169983,113,640.031971
7.987198,117,640.051893
17.14019,98,640.061321
10.701439,112,640.066733
41.112686,135,640.08144
32.321213,118,640.116796
-13.242897,131,640.122061
35.89157,123,640.198527
65.61638,93,640.216666
8.937675,96,640.261869
255.06476,402,640.3144
20.660599,129,640.367121
28.53334,121,640.447864
38.381683,101,640.513805
33.29344,102,640.547267
49.439255,128,640.652807
40.964188,131,640.672787
67.34131,131,640.724061
53.434677,131,640.731442
62.844193,157,640.760936
43.850418,126,640.849549
59.06903,118,640.869389
27.31202,111,640.892939
263.00732,324,640.958036
292.79663,165,640.971607
51.657883,99,641.016045
47.402985,120,641.016101
48.354004,142,641.181455
23.076538,117,641.198283
302.9177,347,641.263379
296.51953,231,641.293904
275.35388,333,641.298193
52.513733,125,641.303256
55.12346,94,641.328246
35.508347,128,641.358005
41.58441,115,641.509019
281.99307,196,641.592933
269.13406,184,641.592989
34.22235,141,641.675622
63.063705,155,641.684187
58.553787,93,641.727215
29.982468,98,641.754089
43.132355,130,641.802592
274.30383,205,641.826778
282.86493,217,641.865444
47.82924,127,641.924208
44.705475,105,642.00363
297.36694,211,642.003693
27.627945,147,642.048853
54.962097,111,642.110506
67.23956,97,642.129406
49.411194,127,642.286812
55.778625,107,642.344729
277.127,221,642.355175
20.165825,106,642.379411
71.102066,126,642.411897
55.483414,122,642.680274
252.34409,210,642.719029
274.08826,241,642.719081
245.6138,205,642.725557
31.235794,93,642.807518
47.27014,122,642.852088
32.32538,140,642.980535
41.69493,132,643.011961
261.70026,255,643.193222
31.003952,126,643.303838
283.747,269,643.383371
273.28632,223,643.383439
270.13354,314,643.393384
1.4159622,110,643.505033
19.319435,128,643.625058
253.46596,192,643.630049
292.28424,216,643.704493
24.756348,139,643.86123
-3.331833,79,643.891979
267.3428,406,643.920507
312.654,564,643.925689
283.85468,254,644.01032
252.55447,244,644.010374
252.58696,273,644.015773
264.5252,191,644.226887
285.06635,469,644.270515
271.76678,192,644.313256
22.294617,116,644.567254
54.98491,141,644.695448
36.047073,90,644.747104
286.3803,293,644.800866
265.0222,247,644.814562
249.51472,307,645.108682
275.0105,181,645.143645
265.8691,260,645.143698
247.81549,235,645.143714
267.95825,256,645.153991
305.7768,266,645.208412
3.0005417,109,645.222773
263.7634,346,645.365532
-38.03876,120,645.390087
284.828,246,645.412237
274.6857,323,645.41766
317.04114,420,645.423119
-14.50013,84,645.552891
30.93135,125,645.753156
46.05861,95,645.826825
284.58453,216,645.841052
275.59064,269,645.87076
39.380707,154,645.890891
-27.477654,100,645.905041
14.993782,99,645.905085
251.07147,167,645.92008
-2.485466,113,645.944336
155.62178,1000,645.944387
47.297928,118,646.124045
-12.547119,85,646.32104
9.397163,119,646.330688
9.459465,113,646.383222
5.0149612,104,646.399387
-17.905144,100,646.410444
252.35587,249,646.421594
281.38342,263,646.44083
249.24715,250,646.446296
2.5469742,105,646.469981
-2.7192154,118,646.497349
239.95775,232,646.563748
274.6372,168,646.708935
275.6847,155,646.720208
262.30463,184,646.765141
268.28882,217,647.188103
-29.424522,99,647.188167
272.6955,177,647.188184
42.341614,138,647.220397
289.54382,190,647.25967
271.8636,235,647.56268
283.21747,222,647.562734
267.8672,242,647.56275
261.91748,232,647.56276
285.352,237,647.562769
262.45312,233,647.573635
12.99791,100,647.67444
-31.80671,87,647.684845
25.352882,106,647.705061
22.096985,87,647.979778
260.73666,259,647.999874
291.59903,270,647.999923
306.98364,670,647.999936
-2.4922562,92,648.00767
28.49408,104,648.063274
256.23685,398,648.335408
281.315,392,648.365319
15.300003,93,648.444517
278.22275,179,648.450161
34.010742,128,648.625319
308.49384,308,648.714809
22.099258,85,648.785687
245.91704,167,648.828295
264.9148,333,649.191018
260.42575,309,649.191063
267.80536,229,649.191073
40.35115,104,649.336107
260.0797,458,649.421229
297.73395,289,649.421299
275.28638,380,649.421316
292.31943,254,649.675938
259.3864,282,649.704836
306.7992,413,649.704884
273.16223,222,649.704899
283.66406,354,649.728973
317.71097,268,649.743428
13.70311,113,649.872165
271.93512,279,650.051323
295.6859,196,650.117471
42.9673,91,650.156435
17.53135,101,650.156488
284.25916,161,650.182996
208.43216,521,650.193525
17.616577,107,650.215547
258.39972,360,650.508021
34.55632,86,650.563037
22.559525,115,650.72881
263.20715,341,650.806428
232.4486,351,650.851337
240.49806,247,650.902586
285.49963,224,650.924342
251.45865,330,650.970853
277.97852,203,651.071481
315.7577,193,651.108181
40.368378,85,651.117194
230.71371,303,651.122507
260.39343,239,651.175225
58.93965,145,651.229437
7.175293,108,651.344126
27.307365,93,651.395708
250.32205,294,651.52054
278.41595,302,651.589926
227.52353,468,651.619265
28.28093,88,652.006993
280.78912,266,652.051085
302.93997,241,652.055233
261.6452,501,652.059943
321.1647,199,652.059971
253.43954,336,652.077758
287.13934,265,652.14189
294.3907,218,652.151508
255.28735,278,652.375394
255.43445,258,652.443606
36.26494,117,652.597621
34.275665,99,652.607787
266.36377,261,652.622432
249.40456,358,652.784956
279.05704,350,652.815521
280.54578,287,652.871878
260.986,213,653.030286
53.314133,81,653.174968
287.1106,280,653.417435
262.86896,269,653.601668
243.63521,259,653.627493
266.8881,357,653.695336
277.79462,363,653.745386
265.52234,467,653.774332
276.9167,259,653.78865
286.07098,389,653.797203
9.259064,94,654.140118
244.33052,686,654.535166
236.99083,417,654.549575
287.4832,296,654.554641
226.33344,407,654.668667
263.1293,256,654.799022
199.43272,441,654.911986
233.0538,281,655.120258
286.53152,308,655.207467
197.04697,464,655.207516
225.98183,711,655.375503
252.61891,591,655.375563
246.55763,231,655.659338
227.63864,487,655.729986
243.19432,431,655.842911
274.47748,288,656.047199
216.43137,326,656.094198
236.36276,492,656.109299
300.5495,213,656.136963
264.20605,310,656.398701
293.13574,251,656.398754
-38.966805,97,656.838487
270.85223,277,657.395073
182.04651,844,657.596756
216.9074,478,657.609671
283.7514,166,657.614634
276.22986,265,657.624899
173.85707,795,657.879369
237.27159,438,657.884601
208.7319,654,657.884648
236.98004,467,657.908716
256.1192,397,657.941554
200.8667,549,657.941593
257.57538,389,657.941603
200.91168,588,657.958933
201.3848,573,658.327131
209.88538,502,658.36849
180.99124,817,658.377084
246.81783,259,658.584205
292.89264,167,658.707359
298.25537,279,658.905095
268.6031,231,658.951963
298.6916,231,658.952011
255.47652,334,659.160705
237.26875,369,659.354518
60.18451,97,659.428267
249.3725,336,659.523674
228.95148,333,659.528574
254.57158,361,659.603964
235.2449,425,659.604011
257.0697,198,659.658147
250.19673,376,659.702067
274.97827,287,659.730312
297.56226,290,659.755415
268.19366,226,660.024718
239.21829,392,660.172632
45.80475,144,660.191796
58.533096,151,660.354701
238.90392,447,660.707124
285.87054,232,660.795113
270.6079,254,660.795158
235.37206,347,660.795168
276.92325,221,660.795176
263.80066,399,660.795183
294.33325,200,660.963171
284.07483,291,660.963227
189.53159,660,660.973228
267.30414,256,661.40043
232.31456,459,661.503672
218.24228,454,661.55446
254.73332,395,661.590027
286.92987,180,661.643445
-19.056023,77,661.869877
314.2399,209,661.944623
263.41565,270,661.969186
282.22382,255,661.9908
206.72058,388,662.000734
277.31848,352,662.016131
282.4477,280,662.115381
250.22717,559,662.148683
258.8166,250,662.148738
261.35144,287,662.148755
300.94678,207,662.382179
1.6058502,124,662.538978
297.14764,208,662.571225
-3.4886856,111,662.638237
263.92633,240,662.778793
281.41187,258,662.778853
25.619217,106,663.090342
265.04974,258,663.247036
281.91046,266,663.272905
303.2221,238,663.293794
257.77637,278,663.313745
296.27173,173,663.377546
238.96294,320,663.409281
248.13022,510,663.409338
283.8008,549,663.409355
269.2743,262,663.409367
294.70514,291,663.420049
286.84088,196,663.583756
268.91156,307,663.616518
324.44113,177,663.630898
15.479759,94,663.69473
25.57882,100,663.885308
6.537346,102,663.903124
22.563278,120,663.955334
286.4886,349,664.058589
250.34848,182,664.283691
273.50385,188,664.312297
268.6134,368,664.560586
291.16437,155,664.653257
282.79324,280,664.752737
272.2829,236,664.776957
310.88843,177,664.809621
63.39557,134,664.956571
54.57094,146,664.98557
287.76794,211,665.081284
223.9397,457,665.291959
296.68225,206,665.554349
267.18158,244,666.131659
283.21695,222,666.150553
182.79431,545,666.251381
204.99954,578,666.375067
216.67726,523,666.405699
197.37654,647,666.405757
214.93405,652,666.411156
218.1911,336,666.430017
186.61801,576,666.473097
269.23383,405,666.598373
248.71358,385,666.602932
231.75995,501,667.341556
274.08215,209,667.354257
307.79312,197,667.359631
291.27277,264,667.359664
141.54095,855,667.368127
266.8585,446,667.3768
243.5334,556,667.391308
306.65448,177,667.399945
247.26384,283,667.541422
308.01135,257,667.541479
16.815018,110,667.852414
286.19836,323,668.050837
302.20544,364,668.050887
261.09555,542,668.050898
211.82278,361,668.056019
268.62296,422,668.056062
307.3667,370,668.085161
-9.231354,126,668.107612
299.06192,193,668.239478
258.55133,245,668.489275
240.42116,208,668.494371
255.38135,248,668.494415
256.04108,241,668.494428
267.3479,239,668.494439
298.48553,258,668.52832
49.872925,117,668.781784
314.69568,172,668.85594
265.67972,327,668.878801
286.0589,185,668.912853
296.41876,232,668.91758
270.55746,187,668.917618
21.663567,113,669.300375
232.81552,291,669.412943
270.44873,292,669.413
292.8913,199,669.418323
297.4989,194,669.423363
280.62442,200,669.423398
248.72395,287,669.423413
254.0869,283,669.42879
277.9204,216,669.497809
284.33948,287,669.828439
306.15063,298,669.876397
306.37646,220,669.881716
45.327255,119,669.97203
260.08142,173,670.203957
263.59506,282,670.218452
250.28664,282,670.223349
266.49216,176,670.227991
312.08026,283,670.228023
286.22644,221,670.427763
314.99573,203,670.427818
299.09296,368,670.576566
286.82935,255,670.59516
253.20624,282,670.60523
249.51045,257,670.61038
225.77576,268,670.656096
300.5664,199,670.793947
289.589,202,670.804006
263.16736,227,671.011305
241.5586,267,671.0539
301.79468,182,671.063061
297.23376,190,671.085337
299.96008,191,671.113307
277.92242,154,671.144155
274.64352,192,671.312247
281.93976,203,671.509836
303.2114,284,671.538308
285.72046,289,671.564604
300.688,209,671.569894
251.33775,212,671.575196
319.92932,253,671.818304
313.04187,267,672.024266
261.3326,203,672.046587
282.753,281,672.093846
267.31824,323,672.098682
290.19843,222,672.108222
258.4885,210,672.108255
256.6833,228,672.113604
267.54785,230,672.113635
239.4272,173,672.113648
260.01965,196,672.457382
298.1518,350,672.620596
270.95758,190,672.996988
277.40558,234,673.199636
263.82593,305,673.234899
274.65314,245,673.244369
290.34848,259,673.307954
236.00557,279,673.334327
252.69135,394,673.334378
301.0022,419,673.497636
303.8276,228,673.516559
279.48688,308,673.516606
245.23029,325,673.516617
265.2331,195,673.522054
230.97256,426,673.536772
247.90231,439,673.561971
319.6352,344,673.667004
59.544388,117,673.813335
49.760193,145,673.966999
277.3573,246,674.332994
270.08722,195,674.364538
264.5111,192,674.369839
297.16724,193,674.375093
262.0697,265,674.379844
280.52667,195,674.38435
283.80093,264,674.41436
276.30527,283,674.598506
257.84888,239,674.603892
293.47552,247,674.628328
295.1396,218,674.65272
272.90228,325,675.032537
40.07065,124,675.198074
294.9711,200,675.292869
261.89056,306,675.361069
233.77365,568,675.558426
311.42972,292,675.667602
270.9015,235,675.667653
270.73663,276,675.667663
289.72748,286,675.66767
242.27429,293,675.710846
257.85544,303,675.760896
169.54185,803,675.765345
284.93936,261,676.205889
303.97305,241,676.289172
288.0782,140,676.307371
240.18694,427,676.331906
271.4372,217,676.354551
80.45987,188,676.418578
289.3592,158,676.430011
200.60422,590,676.505599
279.77374,186,676.52004
277.10016,283,676.58055
211.50565,441,676.619799
311.62347,232,676.73514
224.5586,461,676.760108
286.4452,232,676.829448
260.2055,236,676.857042
75.33829,144,676.976995
309.99707,209,677.181847
280.4026,177,677.24931
297.1283,212,677.288781
282.50818,204,677.482605
301.02597,248,677.498621
314.60028,183,677.631565
270.90125,238,677.63753
272.52817,423,677.647649
306.10706,217,677.652997
252.16504,173,677.680119
252.21751,264,677.680173
307.19366,214,677.750699
270.17905,190,677.883198
288.6249,223,678.287421
297.01654,212,678.444231
264.63904,274,678.444283
266.58838,182,678.44871
280.6895,204,678.586503
270.21136,189,678.591742
231.33348,268,678.835565
257.7862,295,678.835619
228.8623,355,678.901402
205.34175,553,678.901452
303.36847,504,678.901462
288.35486,230,678.906111
317.46817,274,678.906157
291.6562,457,678.930511
291.42932,355,679.228552
269.2743,177,679.616523
263.4428,268,679.642293
251.23834,453,679.668819
290.87766,289,679.738917
254.36497,188,679.738979
296.78546,257,679.738991
271.89447,335,679.774465
253.50002,205,679.810895
56.413895,167,679.987116
319.72736,344,680.136648
286.1907,289,680.20391
275.54633,293,680.217893
35.35591,134,680.230634
271.57556,300,680.25176
56.186752,144,680.398826
51.97336,104,680.467806
64.29422,160,680.477324
246.28024,451,680.482536
273.71735,378,680.545311
257.8902,209,680.6074
62.51921,134,680.77231
312.85892,253,680.936285
245.30115,182,681.096284
42.81691,149,681.211633
270.49902,346,681.305676
248.27242,224,681.330341
230.15231,542,681.450936
47.08084,143,681.470376
323.4599,206,681.552421
264.92932,266,681.767918
293.44247,421,681.83073
267.28824,435,681.853934
296.4092,255,681.853978
272.1181,343,681.863008
259.92737,293,681.906174
254.83679,220,682.356056
250.67426,443,682.356115
303.19342,264,682.356135
282.87772,207,682.430054
257.1044,218,682.501209
299.46066,305,682.673259
280.19818,184,682.725004
312.9357,233,682.971736
54.75821,148,683.12397
251.8079,481,683.204108
262.79883,195,683.248622
295.96265,303,683.248683
299.39294,322,683.25349
241.49243,310,683.258354
252.54045,367,683.258383
263.81372,445,683.390951
282.17197,205,683.41524
290.4266,337,683.431177
276.89423,242,683.440391
38.609894,106,683.637665
278.81384,191,683.913863
55.83084,164,683.945989
242.03163,366,683.967697
275.60553,293,683.980601
287.73746,187,684.043212
246.44662,256,684.047844
56.553207,115,684.434005
298.7462,290,684.473707
265.38535,273,684.594258
299.90186,225,684.602589
171.87657,1000,684.924363
276.13684,292,685.201623
295.19656,417,685.206269
296.32422,308,685.222649
287.38934,190,685.270597
308.2837,348,685.446119
271.12592,543,685.715793
219.56349,726,685.774163
225.15497,596,685.779176
292.11343,279,685.779207
244.12883,562,685.779217
245.06967,409,685.779225
279.77164,198,685.779231
262.23987,596,685.783446
241.76729,418,685.811079
258.3539,369,685.998519
253.13002,187,686.003627
301.47845,338,686.035246
255.08864,200,686.08019
270.1994,233,686.275496
241.1136,177,686.479225
63.325104,122,686.602161
285.5595,197,686.618617
277.23782,292,686.702059
236.70805,222,686.756574
308.18866,233,686.764309
303.00925,239,686.793488
275.78748,239,686.800013
290.51154,257,687.131002
279.7584,203,687.140913
290.13647,267,687.145839
48.006943,122,687.320254
257.38794,375,687.380861
296.27374,192,687.423356
272.53027,193,687.444568
231.85176,408,687.519382
252.96799,252,687.553521
261.59033,218,687.696098
250.36787,285,687.954049
266.43427,197,687.958337
280.54718,308,687.994521
300.94727,473,688.003024
309.14438,232,688.387534
315.74664,229,688.39729
273.55054,321,688.49467
276.16623,280,688.507666
277.63916,229,688.520404
271.13937,406,688.520441
316.16052,237,688.52045
306.62085,271,688.52545
62.62474,119,688.910141
309.0995,225,688.924095
236.34558,421,688.924141
277.8683,229,688.937122
257.25577,217,688.93716
298.54688,219,688.93717
304.1773,295,688.942234
20.243256,130,689.068119
292.62164,214,689.422979
284.96213,220,689.423059
3.7152786,117,689.431208
172.968,1000,689.457493
262.45627,222,689.461411
274.49777,256,689.485492
276.61792,242,689.534214
250.97687,149,689.575644
312.8371,251,689.976537
154.97186,1000,690.010125
277.4669,228,690.026348
26.584915,139,690.062177
295.58444,422,690.296824
267.2388,323,690.296867
278.08636,323,690.296877
264.69775,184,690.30173
255.5909,330,690.301755
290.2926,185,690.34852
269.9889,221,690.353048
261.07098,217,690.370024
292.33154,224,690.395876
295.7188,351,690.404667
272.28064,286,690.612786
262.15942,284,690.612844
285.6136,143,690.660676
59.604904,130,690.883879
37.961594,128,690.896655
54.139313,137,690.960329
251.73865,237,691.020472
252.83423,279,691.151667
264.73367,216,691.20722
261.26636,224,691.24512
252.33571,207,691.287868
282.2943,321,691.400588
293.87012,265,691.529315
257.74078,214,691.664343
252.80055,147,691.918936
260.78717,253,692.115949
264.5855,198,692.236785
292.41757,424,692.247608
234.58847,192,692.247651
306.4419,267,692.262084
287.66876,224,692.32098
245.98291,297,692.329922
281.49292,268,692.329959
273.41876,365,692.334045
255.58916,450,692.372942
259.44455,198,692.378271
234.06274,452,692.383771
289.38837,375,692.383811
298.18475,262,692.905192
272.3368,176,693.231855
264.2096,211,693.256526
271.03772,195,693.275213
256.88464,216,693.378965
294.04358,207,693.379025
300.3354,264,693.379042
280.44577,308,693.379054
280.94916,229,693.438139
263.9723,245,693.443511
296.36807,251,693.457775
293.0899,226,693.472865
279.76752,270,693.629559
63.125595,148,693.640372
285.9314,272,693.708847
263.27417,307,693.739274
307.8473,455,693.749486
257.99963,173,694.086846
276.4975,171,694.311191
299.32294,226,694.506996
294.87708,231,694.530929
298.31464,232,694.535448
255.1653,181,694.535486
291.05252,258,694.535501
281.07233,219,694.535512
312.65265,223,694.549488
282.23364,253,694.884091
285.2817,310,694.906991
305.90588,295,694.922209
296.88153,339,694.943607
284.21027,250,694.97314
286.5811,265,695.007132
47.469223,127,695.137707
55.145645,129,695.15024
296.70386,298,695.191717
259.83444,161,695.294476
301.1916,227,695.396005
247.87633,186,695.413115
283.1056,196,695.431475
18.563683,121,695.454327
280.05716,316,695.610788
279.02502,185,695.80158
280.63477,147,695.838978
264.39026,201,695.85995
265.0428,220,696.029167
286.55804,158,696.126717
262.5367,165,696.139261
25.966003,93,696.525925
324.09805,380,696.824383
275.28033,315,696.82994
278.56735,167,696.835556
308.12714,426,696.835593
265.0703,512,696.841088
257.27557,510,696.846565
243.28862,324,696.851784
296.9223,236,696.856831
277.4027,377,696.856856
301.90192,355,696.856866
240.47514,286,697.053019
281.40396,361,697.165756
313.15698,343,697.255903
321.01083,538,697.350194
277.59497,316,697.371515
280.1658,175,697.595364
261.40152,174,697.60498
264.88916,177,697.605026
258.11414,179,697.610017
269.72687,185,697.633036
271.88647,187,697.658299
295.0266,193,697.694523
249.75041,170,697.918336
310.1532,254,697.95628
256.06287,252,697.961489
63.671173,157,698.070448
284.62955,217,698.215154
285.26923,144,698.236228
274.37253,150,698.276998
308.09027,281,698.288967
280.91467,169,698.377597
275.84204,434,698.468835
301.09857,195,698.504571
289.52747,203,698.596518
240.16708,404,698.680473
251.99268,226,698.686085
289.9568,200,698.920131
287.16043,208,699.096046
311.81216,248,699.171475
282.15112,199,699.229669
288.75497,174,699.261238
269.6798,197,699.300159
254.19055,280,699.300204
282.94806,194,699.468578
32.148727,115,699.702389
263.85184,203,699.747161
251.05214,171,699.824064
302.16364,510,699.837811
273.47275,223,699.848192
253.63992,446,699.90446
259.9417,326,699.914475
291.28757,253,699.914515
57.452408,129,699.970134
-0.65880585,144,700.006835
251.23157,187,700.198561
295.39484,230,700.363595
60.993683,112,700.39819
256.00226,395,700.543837
14.6548,133,700.657917
284.0974,266,700.679243
249.39871,189,700.679281
248.28252,164,700.762084
289.26074,485,700.778329
296.132,185,700.793456
308.99402,245,701.092987
283.8559,235,701.115013
45.672516,127,701.323273
272.97644,332,701.431909
279.98065,199,701.544073
253.69716,268,701.559901
274.11237,432,701.659495
244.67252,212,701.7148
288.43616,282,701.775996
265.5554,175,701.940825
271.6769,385,701.940891
278.7559,405,701.946153
53.990967,105,702.146963
277.55817,363,702.182537
268.62823,309,702.290479
273.22675,336,702.311103
249.35506,349,702.451342
260.31354,244,702.485107
267.4225,201,702.499529
284.10324,198,702.49957
284.95914,355,702.504644
282.16907,176,702.615748
272.31757,248,702.621496
246.72005,315,702.627702
288.49402,156,702.691957
279.57703,212,702.726966
242.29324,234,703.071673
259.33932,194,703.238346
265.17764,171,703.3099
280.2356,206,703.309943
267.09058,246,703.333176
278.9188,177,703.355396
301.56412,214,703.483216
281.2448,207,703.493027
278.52435,325,703.493099
261.02533,313,703.696585
258.0807,255,703.946507
283.84998,321,704.229702
282.12814,194,704.236184
254.38649,321,704.242323
256.83426,274,704.488507
268.40442,269,704.755965
306.3546,233,704.761365
273.41284,439,704.767834
283.30032,262,704.774332
241.99312,272,704.774398
272.7869,415,704.77442
276.89722,244,704.837166
305.4746,290,705.090192
254.71037,251,705.102314
251.56964,182,705.260114
301.48645,235,705.26018
289.59387,184,705.260194
265.2849,183,705.260207
238.50555,356,705.260217
259.0077,484,705.265708
312.15552,203,705.581112
284.62674,201,705.826392
241.30022,201,705.826456
260.5053,208,705.844313
295.7691,265,706.120251
276.02887,272,706.213951
276.88507,226,706.223774
251.94022,298,706.271203
254.82768,239,706.271255
317.9771,209,706.280918
264.94415,209,706.280958
263.268,314,706.351808
293.8117,161,706.357662
305.56387,273,706.600028
284.795,193,706.777143
270.09076,306,706.782993
290.74622,197,706.796521
261.20013,316,706.837811
32.79512,115,706.874403
294.74136,424,707.391608
303.11087,253,707.418218
299.2127,381,707.782058
278.75537,297,707.815397
295.0938,199,707.908703
254.57324,230,707.9825
263.1778,361,708.091235
268.46387,365,708.102362
252.17531,350,708.102402
243.94023,254,708.102416
283.31494,242,708.102427
260.61502,286,708.102438
49.51689,137,708.135612
267.80713,364,708.163413
285.0149,190,708.960434
282.79913,524,709.080702
247.29526,183,709.109218
257.85626,454,709.15624
268.10034,207,709.172748
300.94672,222,709.232817
254.5983,262,709.43521
311.221,298,709.435273
283.35098,262,709.435291
287.46637,267,709.457904
270.34442,327,709.483328
60.449432,137,709.635689
58.293137,167,709.998573
62.459503,107,710.180719
287.9051,255,710.378678
284.13763,287,710.513511
288.70367,273,710.513572
284.27734,226,710.595627
290.65744,275,710.605818
280.16254,325,711.075917
-3.4197845,100,711.103161
255.4843,738,711.154567
274.45557,193,711.160472
254.75308,165,711.215204
277.1361,366,711.279186
175.73816,1000,711.445008
262.39148,193,711.471878
295.50085,410,711.480124
295.18146,673,711.485141
242.1663,666,711.485174
270.90536,736,711.489185
269.43887,301,711.496807
289.0448,265,711.830755
272.07117,163,711.899456
276.74518,175,711.929698
308.75476,189,712.083268
294.02106,177,712.083331
307.63934,166,712.092936
268.29578,309,712.147385
298.2917,225,712.274014
276.96988,188,712.877925
259.1536,279,712.877966
294.45135,289,712.961945
283.3404,299,713.01582
292.79553,332,713.171784
283.15338,341,713.212431
262.49792,285,713.287678
260.26196,256,713.40948
268.31882,304,713.636158
278.9282,826,713.647546
292.1867,319,713.713871
61.027878,162,714.009486
280.13446,241,714.051635
-440.00974,252,714.175154
272.25952,272,714.182445
260.4713,258,714.378691
289.19055,290,714.383348
237.92754,591,714.383385
295.38043,435,714.383397
288.58893,502,714.383406
42.599213,118,714.572192
260.1443,539,714.772742
298.57562,285,714.970772
269.26672,289,714.979853
287.33154,224,715.043382
315.9645,373,715.048542
273.19022,730,715.048583
262.75177,293,715.070543
258.83936,195,715.107692
284.2957,163,715.187301
268.38028,197,715.356572
274.1608,210,715.42775
50.691574,97,715.60252
62.978134,116,715.645475
259.85022,225,715.702936
293.53375,201,715.783875
285.59924,284,715.800743
257.4362,503,715.83857
254.8308,334,716.076787
64.34009,126,716.089149
320.83307,208,716.128008
49.729538,145,716.402232
221.22372,476,716.536916
66.33156,147,716.556389
273.00342,310,716.629568
265.30725,207,716.654767
296.22888,289,716.659896
253.06932,321,716.704674
286.43463,340,716.704729
296.65613,181,716.704743
278.43115,211,716.770403
251.21573,187,716.778639
260.57648,180,716.95633
284.41345,183,717.013597
251.62181,228,717.189424
41.12683,114,717.242235
33.773895,131,717.278161
63.428955,132,717.324021
35.98619,133,717.39105
265.30804,202,717.504457
272.38312,516,717.518413
288.91394,197,717.577916
259.2945,172,717.577967
273.79523,451,717.577977
285.40698,205,717.59278
44.16382,130,717.619201
311.07977,204,717.665155
260.99823,302,717.834016
245.19002,211,717.955196
266.92224,300,717.963885
66.02997,138,717.982058
249.218,176,718.101912
77.75458,114,718.114341
250.37486,180,718.223638
277.5451,155,718.232088
280.47278,257,718.354395
312.15472,252,718.37916
264.77838,162,718.379194
304.97614,195,718.456032
63.656555,140,718.591699
280.95706,219,718.614382
265.6092,250,718.644572
276.27814,190,718.798907
295.77863,269,718.798964
258.9182,186,718.925321
276.36737,246,718.925372
304.97253,176,719.012901
269.51422,243,719.030222
283.22192,334,719.110044
275.01324,197,719.120644
71.72513,123,719.148203
26.61737,116,719.170094
276.15198,177,719.264964
293.5176,194,719.269025
51.474564,118,719.322555
289.2442,227,719.379155
283.8156,248,719.492347
289.84607,249,719.888795
284.76257,405,719.893603
299.2575,182,719.893645
286.02725,171,719.903299
322.97412,183,720.061966
281.04623,159,720.073895
265.6095,214,720.078405
289.0452,190,720.151622
255.11487,296,720.219933
247.83324,273,720.219983
271.1023,277,720.219997
308.5371,222,720.224592
298.76553,381,720.286739
271.03226,313,720.295768
255.48453,186,720.308723
272.8454,310,720.465327
55.2536,95,720.487204
59.504288,137,720.665046
25.22155,115,720.731328
74.36606,134,720.813758
19.611732,91,720.900656
284.05768,253,721.034368
281.1423,258,721.063489
263.73578,186,721.063528
255.52008,261,721.063539
270.83386,168,721.071512
238.84637,264,721.080543
264.13196,175,721.094172
258.26895,178,721.099062
284.08478,230,721.115594
56.38594,116,721.204487
259.67285,176,721.269
45.33197,120,721.60339
-206.76852,134,721.63582
280.6361,207,721.649071
270.184,192,721.663516
256.75208,326,721.663551
296.2035,344,721.673252
73.8613,127,721.799816
270.5988,189,721.86409
265.29153,212,721.976215
34.549957,92,721.988883
308.5022,217,721.988925
279.6678,269,722.055945
287.08182,236,722.11276
17.598854,118,722.160644
48.69008,118,722.168649
258.97073,275,722.262553
299.11505,298,722.304243
261.79022,165,722.360207
57.59407,138,722.383892
23.607864,100,722.406885
256.7812,182,722.40694
291.20282,189,722.452924
58.720062,125,722.529267
30.240906,100,722.733664
46.37758,90,722.775905
261.09253,403,722.784602
251.98251,385,722.833959
243.7621,198,722.842729
243.9071,231,722.856611
62.62892,140,723.117158
53.28296,144,723.322522
257.19812,219,723.322565
66.698395,128,723.3757
304.79346,302,723.424036
287.4171,255,723.424097
275.30804,300,723.424107
299.38556,157,723.424114
281.5253,267,723.556152
269.8731,278,723.560122
292.8991,193,723.560154
270.8255,360,723.564254
285.27332,348,723.564283
296.2953,314,723.564294
72.96399,142,723.690143
30.362839,89,723.737474
24.869072,113,723.882634
54.107544,152,723.944266
285.24957,272,723.952867
298.02283,278,723.968077
61.606613,136,724.115438
290.1485,167,724.245034
291.00394,174,724.27532
247.18477,157,724.385113
275.12302,209,724.433781
284.0093,230,724.523031
297.27838,264,724.523077
267.8491,231,724.523089
277.7617,265,724.527854
289.52258,185,724.667455
266.1997,232,724.667499
283.69263,298,724.667513
258.12445,194,724.787369
280.72833,204,724.803799
295.2807,157,725.044096
293.07816,263,725.04798
272.9076,222,725.048012
268.3764,194,725.065087
290.47968,191,725.082055
69.694275,139,725.095379
275.86816,172,725.235441
269.30917,194,725.318655
272.28638,491,725.353698
252.0255,243,725.451546
49.95195,108,725.521779
273.14673,253,725.602556
277.61896,268,725.963691
298.41132,303,725.972671
310.78217,274,725.97271
297.24603,304,725.977726
282.4332,202,725.97776
297.56494,218,726.027683
290.3223,151,726.039982
292.20178,215,726.044856
274.38165,185,726.060998
315.09113,165,726.068578
284.12228,280,726.261295
270.01483,187,726.273987
270.2083,282,726.274032
253.95438,161,726.295327
21.151665,127,726.496909
293.135,472,726.705496
280.49603,172,726.833259
279.79382,193,726.838566
273.94897,183,726.863791
309.3186,204,726.878808
287.83246,184,726.899174
287.59772,210,726.915246
277.2469,209,726.99525
296.63763,221,727.322544
264.7372,197,727.43908
274.8938,256,727.461996
283.7967,318,727.469916
254.11064,283,727.575792
276.19873,361,727.606811
277.61426,168,727.606857
280.11487,167,727.624079
285.27704,297,727.628886
273.2566,183,727.668543
270.09613,224,727.908392
292.15414,231,728.066454
284.18262,558,728.066513
316.1416,251,728.066531
289.24527,346,728.331187
282.6707,211,728.424859
281.97272,224,728.682211
264.91602,382,728.692154
277.05634,230,728.692209
287.98193,221,728.715996
289.92804,241,728.716038
53.12184,102,728.799577
273.86108,297,728.83733
291.12036,329,728.842392
262.8615,296,728.842417
247.44614,265,728.842427
289.85574,205,729.000724
288.43134,211,729.025727
264.3805,213,729.035239
278.70923,303,729.035278
66.86156,109,729.264844
248.3033,162,729.377487
287.83746,328,729.377537
254.37663,222,729.390621
269.79892,146,729.460478
284.09747,188,729.494777
253.68808,217,729.684536
272.78113,196,729.730219
20.727089,80,729.788696
325.49872,189,729.872736
280.50247,185,729.894237
305.20288,296,730.055598
266.62112,229,730.104132
276.27246,303,730.109107
271.58237,233,730.113682
277.89825,275,730.118387
55.197983,134,730.392551
287.09918,219,730.570751
279.6784,265,730.570812
-227.28261,214,730.937402
281.156,165,730.937469
263.48132,229,731.030596
268.0287,328,731.035646
270.6062,198,731.040608
37.81398,139,731.084613
265.7392,212,731.173694
264.93237,218,731.18794
259.00867,178,731.410398
284.17426,179,731.41537
285.7479,422,731.539708
279.5986,448,731.547399
309.06586,393,731.569328
246.95708,306,731.569376
245.11507,382,731.611676
283.3841,216,731.885759
262.3851,200,731.897939
41.877655,90,731.931704
304.89307,198,732.030365
292.91754,251,732.03537
317.04767,235,732.054891
282.73624,239,732.067817
31.296753,117,732.067844
251.70863,161,732.091575
300.38757,247,732.146936
254.54358,240,732.189836
284.62488,215,732.502958
261.2987,228,732.523967
-238.7316,200,732.722816
280.33472,180,732.810936
256.36584,185,732.85725
270.7204,199,732.857297
267.74683,318,732.870259
283.65924,206,732.919215
276.81158,187,732.919253
285.28116,223,732.951606
40.22159,138,733.082664
76.67432,118,733.221568
14.786026,100,733.288534
175.06326,1000,733.323812
23.40171,109,733.380379
251.62723,471,733.391204
295.3154,333,733.450059
272.83685,225,733.81562
56.86116,119,733.847059
288.26846,246,733.870078
273.9461,225,733.896095
64.46486,140,733.912048
272.53223,479,733.925284
288.09717,182,734.034618
305.3177,271,734.043267
276.78424,210,734.391907
301.8595,230,734.417233
269.60214,229,734.422397
254.43811,318,734.506102
44.295364,141,734.525958
257.85016,157,734.772243
254.3676,237,734.935185
273.98956,219,734.935272
268.9843,222,734.93529
281.6505,191,734.935305
296.0122,220,734.949424
68.22931,143,735.080683
36.90509,142,735.080734
65.879745,146,735.18272
280.47293,321,735.303019
245.0219,211,735.435928
279.7536,667,735.481451
301.49356,564,735.481496
296.36026,238,735.481507
241.70393,810,735.481515
294.8098,231,735.994773
299.24915,232,735.999916
253.98073,233,736.005328
268.42657,234,736.012552
292.47894,262,736.181824
252.27272,142,736.192505
239.43771,891,736.198208
279.43164,234,736.203457
271.63394,202,736.487062
244.0134,384,736.59017
290.26892,233,736.643384
257.0949,297,736.971253
289.4974,157,736.988799
306.02405,307,737.004518
297.52014,196,737.009372
7.2971497,119,737.101993
261.1494,398,737.174248
284.35345,236,737.228232
306.7224,203,737.245678
266.70868,201,737.245722
307.706,262,737.396135
285.49695,236,737.42421
267.40366,278,737.470933
245.92693,475,737.470974
283.50696,185,737.603719
56.442825,139,737.745946
262.3922,523,738.049667
283.94946,185,738.049721
255.9877,184,738.049736
302.04132,195,738.524952
311.7566,232,738.597222
259.44104,223,738.769753
256.1941,310,738.783221
290.3015,225,738.783276
263.5971,202,738.783305
245.70224,379,738.795526
289.67444,292,738.80145
255.82704,281,738.807181
263.35156,286,738.88231
265.10205,228,739.072229
250.98894,319,739.072272
276.12085,288,739.072282
67.76807,117,739.168946
258.36664,229,739.35534
314.91437,229,739.355386
250.47665,205,739.909907
289.0377,209,739.929024
299.02753,335,739.935128
272.31317,213,739.935167
278.3284,247,739.940775
306.00067,219,739.96394
306.13223,218,739.981788
31.302933,115,739.994136
278.8796,207,740.011878
250.33772,231,740.048618
262.13345,179,740.059267
266.84808,180,740.06506
291.84088,188,740.109987
287.92346,221,740.388857
37.911392,101,740.63334
268.09802,348,740.661184
39.361847,120,740.676922
286.14676,158,740.87888
257.79926,286,740.888464
245.71571,182,740.897684
264.80316,184,740.902313
252.5631,198,740.997618
258.97742,207,741.027119
328.05978,206,741.050294
276.07666,217,741.111338
291.48364,207,741.120958
241.27142,152,741.144307
47.299866,128,741.265341
287.54266,294,741.442622
13.47551,88,741.453203
39.086304,121,741.467281
284.3016,317,741.539811
249.59547,180,741.549909
268.04688,310,741.588125
315.25092,200,741.868282
34.598434,92,741.892158
279.50992,208,741.910616
262.25812,223,742.000604
249.60414,268,742.000707
278.0513,192,742.214335
275.06543,219,742.225265
321.2533,240,742.298279
68.83548,158,742.323341
241.69203,187,742.403202
266.71423,285,742.408091
244.3809,198,742.530782
301.976,347,742.805598
281.3452,170,742.811293
273.32013,254,742.811335
12.053032,91,742.816498
279.61432,208,742.899264
288.28082,323,743.007822
272.24487,240,743.013004
270.47656,171,743.017936
39.821426,136,743.139115
287.51624,191,743.269398
291.62152,316,743.465892
263.25958,278,743.55917
284.64215,292,743.559214
290.81595,171,743.57596
294.74567,180,743.603942
302.94086,284,743.603976
308.5265,202,743.711851
276.26514,202,743.711901
252.34567,187,743.726198
277.58368,195,743.882108
293.75165,168,743.897126
274.77444,428,743.902605
264.4134,157,743.987408
47.90146,137,744.25339
76.76489,149,744.259132
266.7032,685,744.288988
51.979416,131,744.343843
68.145645,151,744.440542
287.7893,180,744.465703
283.98285,199,744.502593
285.06232,352,744.655223
255.81326,228,744.669828
287.81604,183,744.784523
288.05402,186,744.784567
283.96082,167,744.793165
272.26663,197,744.854268
283.00397,145,744.960903
51.813797,126,745.103251
304.92072,492,745.294009
274.06348,219,745.294053
276.90726,204,745.298241
287.80148,338,745.324721
250.67815,149,745.458902
276.28824,261,745.664473
268.4345,195,745.668892
283.1203,304,745.689705
283.83984,189,745.699146
263.1499,228,745.699182
271.27625,231,745.699196
287.57245,205,745.704147
278.76706,276,745.704175
272.3944,514,745.858664
66.59497,145,745.967197
282.19028,183,746.159157
267.08035,231,746.185421
313.9839,264,746.568947
289.07,207,746.706075
286.44614,202,746.71168
309.8639,200,746.711731
252.1268,201,746.717512
288.12598,289,746.735785
285.70984,261,746.749187
235.29572,236,746.91124
247.70074,162,747.025667
260.6361,274,747.108732
237.77625,274,747.108788
306.08655,282,747.108806
305.63647,223,747.113925
268.59396,449,747.144578
303.31992,310,747.42854
253.67484,142,747.434174
298.45374,185,747.501931
255.11089,168,747.549639
55.050217,105,747.614035
243.59726,222,747.823922
262.24243,167,747.940601
36.745377,108,747.984024
283.00946,184,748.027601
290.53464,225,748.247982
269.65637,218,748.248038
259.31042,270,748.279902
290.96475,317,748.338504
264.90933,184,748.520668
297.24588,215,748.554122
62.579346,112,748.63716
295.1365,177,749.526941
286.24765,556,749.665045
295.41522,405,749.679819
285.34515,250,749.851048
284.2931,458,750.017444
281.0915,584,750.035856
288.07544,751,750.035908
310.69415,336,750.035926
278.4793,636,750.03594
272.37466,343,750.04029
264.04797,332,750.06523
245.1725,400,750.073467
260.37103,281,750.078373
264.4864,435,750.096532
50.673996,101,750.467668
297.6732,232,750.564096
290.5549,161,750.770108
268.10913,250,750.770154
304.48715,212,750.770164
287.23242,165,750.774563
309.26086,180,750.854799
256.16983,210,750.950703
309.96252,210,750.950743
256.53564,612,750.965137
257.0963,578,751.067962
276.57175,251,751.210359
287.31354,283,751.26957
282.48605,281,751.280145
21.702484,119,751.329846
308.83112,294,751.344826
52.336685,141,751.437055
281.1244,215,751.566085
260.7732,162,751.733592
280.02155,211,751.766685
278.2732,214,751.868501
52.793457,129,751.951135
246.90392,187,751.966673
291.30237,505,751.966709
267.6927,145,751.97159
246.22366,163,751.994034
306.0948,342,752.067369
289.6916,177,752.12717
238.98044,344,752.376698
64.39621,113,752.381757
302.35803,232,752.424742
287.65063,316,752.424784
299.46588,316,752.424796
296.65662,218,752.441879
49.046646,120,752.492581
276.41165,213,752.546368
247.07094,159,752.683924
267.81094,208,752.924951
255.91795,208,752.925002
306.3559,253,752.944637
253.46237,261,752.950762
292.00867,194,752.962754
277.99985,191,753.018071
45.630295,137,753.214823
257.58588,194,753.319377
276.4237,173,753.334752
291.09845,184,753.340713
294.20944,201,753.350619
266.378,226,753.535672
263.30347,184,753.858441
292.8937,290,753.86401
244.38152,235,753.874772
304.74045,219,754.063778
261.70023,162,754.19186
276.387,169,754.218806
286.50006,245,754.218854
254.32237,247,754.218867
287.34454,357,754.218874
268.0313,195,754.224638
280.1113,254,754.229508
264.22754,461,754.258446
261.45178,186,754.289958
266.57367,185,754.300775
318.57904,254,754.324757
47.34691,114,754.787713
58.363724,120,754.843163
63.809296,133,754.976315
271.8877,221,755.01482
286.34613,220,755.014864
285.5871,284,755.014879
290.5933,200,755.259974
306.72516,206,755.294687
267.59857,205,755.294724
294.6716,274,755.305467
255.62737,202,755.305531
299.14917,210,755.311282
273.46118,191,755.316556
71.103455,114,755.43608
295.65274,236,755.449375
259.52637,237,755.532815
283.35968,283,755.545863
59.514526,117,755.633109
285.96283,192,755.800486
292.1244,155,755.836887
54.083267,104,755.876431
264.37253,205,756.081939
277.9496,144,756.092914
269.1062,202,756.104504
259.44714,170,756.188508
265.93146,190,756.328668
56.759216,145,756.641939
307.65765,250,756.674839
287.71872,223,756.674883
266.93863,241,756.757852
16.064514,97,756.857321
308.11823,299,756.911702
265.20007,236,756.911744
298.87515,296,756.911754
272.31564,253,756.917665
317.34055,207,756.923816
290.09265,219,757.063334
306.85333,197,757.166237
271.91937,302,757.176379
282.53485,203,757.176426
254.95987,203,757.188797
267.01575,218,757.354985
47.086105,85,757.49033
282.97443,194,757.65391
286.4455,200,757.653955
244.76454,160,757.658984
255.67664,180,757.663582
283.8181,197,757.668325
64.459854,118,757.746299
261.22186,178,757.833223
271.47845,179,757.833266
44.761948,159,757.953706
286.01013,260,758.215695
280.7611,260,758.215744
300.36313,260,758.215754
272.4961,214,758.230997
36.46045,126,758.289605
310.4046,195,758.309797
284.4878,192,758.446056
230.53998,255,758.44611
257.7058,159,758.451315
247.47388,164,758.479545
48.9713,157,758.598599
284.64075,178,758.621104
30.783875,112,758.763456
272.3613,223,758.771242
283.53284,169,758.785742
272.44666,168,759.082411
262.0253,262,759.089465
315.38086,181,759.160275
300.76077,233,759.335016
288.1446,238,759.347625
268.2711,194,759.353506
298.3319,372,759.454435
308.79175,211,759.466179
281.97086,219,759.471309
271.58606,270,759.497671
255.96294,160,759.508563
309.36023,232,759.537993
29.642258,92,759.592649
269.35608,215,759.625425
287.76175,235,759.693774
272.78238,206,759.738354
291.47107,167,759.855832
42.100098,239,759.87465
283.81165,140,759.981667
282.92578,218,760.093661
62.49933,147,760.127727
40.846252,131,760.132149
255.77838,149,760.152977
267.27423,187,760.21273
255.668,165,760.221597
257.08136,202,760.27475
282.53998,198,760.519197
291.42508,223,760.519244
294.01053,183,760.519255
286.4862,205,760.519263
297.98914,173,760.519269
72.769714,126,760.548779
303.73334,239,760.589498
48.624924,117,760.625423
272.27814,188,760.721459
32.69252,130,760.883046
297.64478,212,761.122574
39.483887,93,761.325757
251.3752,326,761.405059
284.24063,266,761.4104
279.60516,186,761.418388
294.45325,255,761.430204
245.99028,264,761.896167
292.99826,272,761.896214
294.25323,248,761.909141
31.527908,143,762.016612
259.97647,162,762.176312
290.01047,407,762.492728
300.3554,410,762.508344
279.79846,253,762.637753
283.25485,249,762.637817
273.96252,523,762.637835
276.2007,437,762.637847
272.70715,438,762.644458
57.869415,132,762.667257
24.118881,129,762.8259
265.02133,219,762.981664
264.64185,582,763.018494
280.06213,389,763.023901
280.1515,508,763.023946
314.03784,339,763.078856
260.13965,167,763.304575
48.05948,153,763.380407
284.31537,165,763.445972
289.98114,166,763.446027
63.057587,109,763.547221
278.6322,344,763.586393
291.08194,193,763.586433
265.75305,220,763.586444
279.98663,233,763.817317
267.37076,420,763.991689
267.6123,214,764.151452
48.449036,148,764.211761
30.133408,128,764.248241
60.593918,150,764.327151
288.83344,350,764.403083
59.265594,140,764.5426
267.62683,255,764.609635
261.22034,226,764.609691
289.78485,242,764.625752
276.59625,321,764.637213
277.90863,323,764.653609
279.02603,333,764.659418
293.6197,366,764.668339
281.95654,241,764.83203
288.29037,181,764.931834
287.70056,179,765.074289
266.58856,193,765.251362
274.61295,178,765.522777
37.970108,127,765.715077
298.06732,298,765.734631
266.26404,233,765.734675
271.16272,215,765.734689
295.71622,220,765.7347
274.73895,209,765.734711
274.15106,217,765.734721
299.00024,422,765.748985
287.9863,267,765.760621
269.9049,228,765.97974
275.78418,270,766.026647
238.78844,384,766.279594
265.08997,206,766.279637
292.8659,320,766.279647
280.1541,267,766.279654
271.12933,210,766.577388
265.98907,168,766.577433
275.76636,165,766.577445
289.95514,186,766.654381
275.13068,202,766.75099
281.78177,208,766.784664
256.183,209,766.790767
248.11241,210,766.796714
279.03403,241,766.955095
301.6639,207,767.040966
269.0551,252,767.310858
259.39746,212,767.358513
287.7641,153,767.364451
39.2901,92,767.427218
269.39465,232,767.462837
250.23215,232,767.46289
293.32983,202,767.619778
284.30643,200,767.813408
304.06793,327,767.951679
275.6454,268,767.957535
286.70508,234,767.957571
300.9406,258,768.123483
321.37738,211,768.129123
250.67511,188,768.290021
297.26318,236,768.582901
262.54047,206,768.686038
266.70932,236,768.686086
283.64346,162,768.7934
252.33545,600,768.828991
284.76257,285,768.834641
44.33232,114,768.872687
264.5338,432,768.878694
269.21762,178,768.878751
273.0951,405,768.884624
299.38278,280,768.912363
35.658188,225,768.980783
53.202347,335,769.14876
260.05365,250,769.23801
288.71576,218,769.243513
282.76434,220,769.24911
56.49501,84,769.264497
46.232193,126,769.441625
59.455032,115,769.465103
246.83984,223,769.735481
295.79852,213,769.786325
281.7448,182,769.818403
274.8296,177,769.830929
66.621475,133,769.941737
265.93082,179,770.191391
290.22293,320,770.34574
51.12036,143,770.4782
287.92288,317,770.527854
266.00122,282,770.716325
275.60156,375,770.920864
57.488632,151,770.966728
287.08594,309,771.051531
281.52795,305,771.056698
295.94135,431,771.066904
284.42438,274,771.204679
263.81232,377,771.227898
285.73962,271,771.233938
275.1709,454,771.233976
310.55865,273,771.233987
276.14362,401,771.239614
271.38025,180,771.273194
65.43001,161,771.305005
293.6993,178,771.453636
45.34967,109,771.631993
29.113022,91,771.682376
-61.023712,136,771.76045
62.25598,228,771.912086
68.76141,98,771.975311
282.6046,200,772.02109
250.85204,145,772.04056
80.72536,171,772.127483
246.43918,212,772.330397
270.60828,225,772.400139
48.435516,90,772.497928
289.17505,311,772.536121
53.27211,111,772.58044
250.47098,323,772.899727
314.0681,200,772.93165
270.36957,237,772.985416
294.72424,323,772.985464
290.80652,260,773.02369
313.54132,223,773.113838
18.66146,138,773.113898
278.37692,151,773.11391
33.42856,126,773.145937
26.218735,104,773.64119
270.3643,183,773.833122
253.62009,171,773.85281
68.96727,144,773.8755
299.1657,190,773.904224
289.10938,347,773.904279
256.51367,518,773.912936
290.9246,442,773.912988
256.94727,553,773.913008
299.4845,268,773.913024
255.8807,189,774.002965
300.76523,276,774.007858
247.69492,787,774.012678
264.6455,211,774.205123
26.361763,124,774.288677
283.73297,251,774.407355
60.76544,109,774.477623
58.704926,174,774.810977
40.903946,93,774.960104
275.66315,154,774.995968
277.09763,210,774.996024
272.922,211,775.002134
288.90045,220,775.002185
290.12335,217,775.00789
275.05396,226,775.012974
301.1283,223,775.069314
270.4334,221,775.135424
284.77814,234,775.208108
237.71303,432,775.208157
290.75757,233,775.208167
310.2751,186,775.243984
296.0691,167,775.262279
292.63788,272,775.314301
251.0962,139,775.698192
267.39606,182,775.926058
305.43597,221,775.942377
265.1894,211,776.08124
272.17255,208,776.195642
296.7296,244,776.200964
302.2173,237,776.201013
297.13458,235,776.201028
306.5219,238,776.214581
283.44806,225,776.214628
282.91858,178,776.226201
252.96954,202,776.245688
284.07257,205,776.322793
297.18237,235,776.456498
59.994873,143,776.685692
299.36642,296,776.729633
272.48492,173,776.812953
60.276016,126,776.849007
57.877304,139,776.943203
44.57605,126,776.963848
279.89093,163,777.053116
264.87952,360,777.062151
292.36798,179,777.146239
293.0661,184,777.155702
287.96765,224,777.250179
256.06647,206,777.288788
305.94714,308,777.299389
256.51782,211,777.305063
261.98065,220,777.390028
276.93744,211,777.549021
45.57419,189,777.666614
36.325455,111,777.719666
249.07912,209,777.817397
49.40004,103,777.823071
287.61194,166,777.833171
271.1818,202,777.876584
248.92807,167,777.937365
51.755905,125,777.959831
269.552,223,778.031589
258.76508,168,778.042111
292.74918,198,778.092856
260.66962,226,778.131744
59.971817,108,778.236371
239.09914,158,778.372831
38.307846,114,778.4252
281.53735,199,778.430152
286.18756,218,778.440547
307.8107,228,778.44602
21.86528,92,778.506644
52.537598,114,778.533066
37.881943,119,778.579676
263.38232,177,778.652688
55.95938,134,778.734672
53.715683,127,778.787131
261.7167,192,778.815821
51.23558,128,778.890315
264.26498,248,779.150344
264.58557,208,779.15039
72.344284,161,779.237531
69.712234,95,779.263664
290.50818,182,779.353233
252.53519,157,779.449088
38.233276,125,779.454276
289.3723,218,779.49419
296.3772,215,779.543082
308.61005,211,779.581985
300.57037,236,779.728385
284.5422,227,779.728442
29.826202,115,779.829814
294.78802,227,779.887349
262.77954,399,779.887412
282.2683,215,779.987786
294.86957,164,779.993062
294.9823,174,780.234158
42.338028,122,780.340049
294.5152,216,780.355875
283.7251,181,780.355922
249.35042,180,780.355933
295.9566,156,780.361172
273.9667,383,780.376323
290.72076,243,780.381629
22.96241,133,780.539307
271.49152,225,780.609288
254.01044,181,780.630231
243.06677,177,780.761373
282.95355,193,780.789865
287.50684,260,780.834021
247.23262,184,780.896173
43.2778,126,780.990262
35.958786,103,781.061517
294.7315,218,781.077225
248.27893,149,781.125151
258.22833,186,781.282779
33.8824,122,781.401554
280.1969,215,781.45386
290.30133,246,781.465146
296.80435,227,781.478919
290.44708,229,781.50422
304.30762,180,781.542017
268.5523,258,781.661468
264.69672,162,781.668273
307.4204,207,781.668335
291.4808,150,781.668348
44.236008,117,781.729575
248.41534,156,781.788303
31.026276,89,781.955578
39.76149,93,782.012452
276.54303,251,782.031057
40.27922,84,782.079738
36.886337,141,782.158467
70.078354,111,782.199749
13.177559,104,782.230206
251.7266,249,782.300056
42.599976,84,782.358098
294.69946,187,782.391521
26.041183,136,782.45203
30.706787,94,782.647207
308.78867,232,782.657302
272.41724,312,782.657352
272.15894,209,782.734592
42.477997,136,782.740827
291.0436,266,782.774638
277.0193,223,782.817964
268.86774,296,782.818045
27.062782,94,782.886759
49.74716,114,782.92599
252.79962,169,782.972252
37.97467,105,782.978069
261.57095,230,783.213027
47.34726,81,783.381702
295.69427,235,783.441155
11.746872,131,783.485039
43.604034,103,783.503655
281.40454,184,783.683121
277.70776,206,783.724027
263.2655,208,783.745122
272.35748,189,783.745171
297.5866,184,783.755514
252.51538,212,783.765237
279.09186,181,783.809297
261.77856,303,783.81495
71.28993,122,784.089394
305.18207,279,784.154557
284.11353,169,784.221643
248.97993,258,784.22171
294.7868,203,784.221728
30.689133,102,784.241318
30.57898,103,784.320487
69.66904,135,784.353187
284.651,228,784.594953
18.25106,94,784.712145
50.358414,96,784.723038
261.1449,196,784.732355
289.58948,220,784.861373
257.4264,209,784.861427
291.1588,226,784.861442
278.84103,218,784.861453
290.68207,276,784.888624
258.3003,151,784.993837
265.5716,183,785.022779
269.49713,157,785.048812
272.30164,144,785.086397
274.82526,184,785.091151
293.17664,165,785.16806
52.583435,113,785.30584
45.505203,120,785.331089
274.53217,571,785.392896
53.136536,105,785.533905
55.928635,130,785.557732
300.5954,199,785.717841
252.84366,169,785.717896
282.31705,228,785.742024
31.629837,153,785.799422
271.21042,143,785.813818
246.85054,197,785.862843
250.55727,169,785.911407
46.668808,128,785.956762
45.17685,99,786.065822
299.59076,242,786.104225
285.66663,198,786.115441
280.73193,196,786.176309
265.37726,164,786.176357
308.8925,262,786.210943
-8.37413,79,786.324188
57.96025,111,786.394694
78.26077,108,786.426059
291.21277,163,786.554818
307.83868,168,786.604688
-7.6412582,77,786.701465
18.267075,108,786.711262
277.4344,290,786.860095
284.37274,262,786.860149
273.0227,233,786.899289
302.26416,187,786.899337
300.66095,168,786.940693
55.671753,122,787.001511
282.96637,240,787.02251
58.17195,144,787.141106
286.50034,125,787.182335
43.796906,87,787.306406
303.41357,233,787.377093
283.193,263,787.398444
293.99457,256,787.410544
49.73787,110,787.431247
25.577255,130,787.574549
290.11584,173,787.590928
274.97552,199,787.740298
262.6096,180,787.837907
271.67685,178,787.873296
280.0953,167,787.894142
294.5134,206,788.08438
298.42285,291,788.111534
279.52875,162,788.285995
285.05542,217,788.286045
312.2326,179,788.348145
292.25024,235,788.418777
49.86145,119,788.460227
276.09122,220,788.460274
308.38113,448,788.47989
263.00488,203,788.644942
65.399826,111,788.645004
300.43198,219,788.712885
283.88397,259,788.72694
23.422203,104,788.805654
264.4284,189,788.841708
268.2971,214,788.841761
279.7032,281,788.851819
26.689995,84,789.226892
30.402237,95,789.321255
52.78183,165,789.478601
288.16156,230,789.510082
256.7699,217,789.510135
44.443542,141,789.569338
265.36023,334,789.599645
308.91718,260,789.599686
290.02264,222,789.599696
280.88483,175,789.599705
276.82605,225,789.599712
292.3075,294,789.605253
287.32684,227,789.611073
251.70087,216,789.743866
-27.92424,85,790.030345
275.51434,153,790.099759
303.42844,251,790.11558
30.770111,104,790.130078
39.783142,133,790.274187
290.14844,214,790.326986
304.8247,315,790.331614
260.96448,162,790.341764
260.0818,146,790.355864
278.72562,172,790.360174
253.75075,161,790.420177
277.87457,215,790.654566
288.16577,209,790.654625
17.00698,88,790.764969
272.35492,224,790.865157
287.12372,285,791.028994
286.96033,201,791.033992
261.38275,148,791.055791
299.126,190,791.066351
264.4101,161,791.07626
275.09918,318,791.110313
268.03412,152,791.110353
273.66882,206,791.128802
253.72894,188,791.363188
281.01797,252,791.40609
50.381516,80,791.450973
283.82227,226,791.476583
261.07623,229,791.505816
283.94128,162,791.584333
277.3197,148,791.623061
295.96185,204,791.688292
39.976074,138,791.77895
276.41656,190,792.08184
297.23682,149,792.157822
48.09529,115,792.167807
273.6505,229,792.223996
288.12057,237,792.24085
254.36217,151,792.240887
287.0537,232,792.249845
281.48395,221,792.259358
42.693665,117,792.278801
261.81314,182,792.375478
285.78815,181,792.42596
293.82806,231,792.537478
308.25775,279,792.537529
48.93396,86,792.596535
60.734833,78,792.635344
57.32251,119,792.84412
297.16962,454,792.943305
46.142746,85,792.953738
275.51184,179,793.125599
288.53644,180,793.167107
260.8597,238,793.282119
280.32538,207,793.282179
273.81824,297,793.282193
256.73206,221,793.282206
278.3527,184,793.29749
283.06287,175,793.302808
242.21933,255,793.563437
273.08398,188,793.579234
46.379974,148,793.597569
304.89508,216,793.622094
1.8570328,78,793.703475
-3.459114,82,793.703522
293.60547,258,793.897649
298.50482,138,793.982448
277.25027,181,794.047363
275.19318,215,794.052911
262.18475,175,794.058444
291.87646,155,794.0745
282.80463,156,794.079265
301.97882,517,794.245813
58.177017,117,794.301835
37.212524,87,794.525824
48.942856,107,794.606458
48.396484,112,794.622167
260.31537,223,794.70958
61.02295,84,794.729386
281.36487,281,794.734622
290.01648,351,794.740892
269.86438,218,794.740922
277.7644,228,794.750816
286.07776,255,795.007726
292.9712,201,795.019211
39.65291,85,795.056152
59.485153,89,795.061283
295.13336,231,795.233679
318.05307,321,795.239428
320.21112,263,795.244583
274.8651,198,795.254473
286.1457,231,795.254519
260.43896,170,795.395943
62.516342,130,795.400768
255.40498,157,795.531566
287.2871,162,795.564981
39.225174,95,795.741821
85.04819,150,795.772257
295.23004,214,795.837971
261.184,220,795.838015
281.67154,212,795.838026
267.9029,185,795.964929
254.95097,204,796.099072
281.7374,167,796.09913
274.3191,205,796.109304
281.67188,178,796.155338
25.800568,80,796.244101
277.62115,168,796.258155
258.42804,206,796.313035
279.95905,155,796.362672
296.5833,167,796.389648
275.70624,197,796.4097
255.76328,234,796.438853
285.51874,152,796.559003
259.83807,176,796.650116
72.0356,93,796.727347
304.51526,193,796.832423
-1.1179962,73,796.935226
306.55878,150,797.041084
254.68024,181,797.046278
307.2532,184,797.071136
285.54608,149,797.149115
259.31808,249,797.261649
285.02182,171,797.286264
291.81848,301,797.402878
270.23224,249,797.402938
306.66766,239,797.402953
273.1842,147,797.42212
308.8845,196,797.461337
289.25873,222,797.471732
58.19818,112,797.521734
41.446167,138,797.551119
293.399,241,797.98971
21.87101,89,798.021372
294.41995,197,798.066926
278.7251,187,798.123789
29.28389,147,798.167624
308.4524,181,798.202091
258.5451,211,798.380903
300.8029,259,798.394651
280.84738,380,798.394739
286.19098,193,798.404773
286.3201,170,798.410414
270.09314,187,798.441468
79.228424,112,798.572637
48.43048,132,798.705854
307.20734,322,798.749794
307.27234,248,798.769333
312.757,258,798.769379
44.363922,139,799.124456
44.69336,142,799.156116
288.93945,164,799.24111
274.11423,201,799.253395
271.75934,243,799.337276
273.89255,224,799.337332
321.08023,234,799.345273
282.30997,203,799.460588
263.57877,170,799.659543
292.80115,241,799.703817
276.02026,247,799.703875
65.941956,110,799.733958
302.3141,226,799.759281
301.1131,195,799.778475
261.0337,198,799.808135
287.20786,212,799.823508
43.668167,117,799.859305
278.4532,203,800.181764
25.544128,95,800.193976
289.87476,173,800.241368
316.55606,188,800.319162
37.39769,126,800.414345
230.34076,586,800.461475
279.21747,217,800.475735
285.78824,142,800.511759
265.23627,241,800.511801
71.638626,138,800.536805
308.54465,210,800.552218
302.75015,180,800.591761
19.064423,104,800.948358
304.40378,261,801.087789
277.0558,267,801.087847
270.33917,237,801.087862
242.12202,248,801.093666
294.2835,136,801.242802
308.27142,206,801.260215
283.3913,201,801.281308
260.244,159,801.333953
49.484222,191,801.461142
49.39859,87,801.726976
42.672592,146,801.830155
309.56882,260,801.846025
254.17407,297,801.846057
261.31665,262,801.896298
327.46268,187,802.046467
309.23117,189,802.053052
282.18573,323,802.121754
289.5464,391,802.197584
246.51347,169,802.197633
287.9389,243,802.197646
16.729637,98,802.344226
282.98184,225,802.3837
41.001877,112,802.402367
36.301666,123,802.525555
57.317627,97,802.894658
283.0152,145,802.927076
252.75401,174,802.927133
288.41724,162,803.17224
276.0472,344,803.214504
284.12177,215,803.214572
301.049,202,803.2244
274.89667,270,803.224441
297.6409,203,803.229761
328.6125,218,803.495891
259.85815,212,803.601514
291.02493,142,803.6181
264.70847,596,803.637648
54.600082,93,803.69491
69.78439,98,803.711066
288.6565,345,803.805454
316.1692,174,803.817929
260.6963,174,803.817973
284.24786,537,803.823252
4.7613525,73,803.865988
51.81813,80,804.002951
289.7997,469,804.099974
267.1726,576,804.185663
279.0952,192,804.190587
46.88669,136,804.294621
72.522766,92,804.319326
249.10307,239,804.370368
270.3416,251,804.474684
289.12952,180,804.606733
290.71326,160,804.612312
269.35608,192,804.658212
270.9981,170,804.668253
50.21498,98,804.789402
286.13593,318,804.824
66.80594,110,804.876712
282.45477,236,804.989918
294.1101,196,804.989978
268.47827,299,805.141853
63.224533,111,805.174992
40.823425,137,805.351878
54.794968,83,805.41037
290.3783,198,805.484032
244.55106,262,805.520825
286.8395,178,805.520869
244.64766,343,805.555553
254.82927,200,805.775277
287.22076,225,805.77534
286.57956,338,805.779552
279.6815,331,805.816392
60.44809,145,805.833244
37.94661,107,805.89721
244.08646,354,806.094044
288.95554,200,806.115
286.2589,137,806.127627
307.47827,283,806.173484
296.43085,151,806.189608
240.66925,306,806.316402
288.8355,237,806.422033
271.93866,308,806.422086
266.57965,168,806.514002
284.28418,188,806.640982
44.8748,81,806.76201
46.322388,113,806.791981
289.93982,212,806.815439
278.35785,201,806.972207
272.6311,187,806.972259
276.1886,204,806.972268
28.880707,118,806.99624
299.12115,352,807.001723
304.33984,216,807.001754
62.886536,102,807.062287
267.52795,304,807.079163
288.59045,290,807.079211
292.09393,355,807.079221
277.1635,303,807.079228
31.163483,95,807.394663
36.682663,113,807.43885
27.624863,116,807.454563
269.0598,250,807.459152
47.34326,103,807.48387
53.22592,145,807.573524
69.65961,124,807.586056
317.73608,197,807.635115
281.41754,349,807.640118
253.241,144,807.683328
274.56732,175,807.742566
272.8172,205,807.943005
259.69946,222,807.943057
276.4104,215,807.982733
12.473259,96,808.051225
38.320374,145,808.081801
264.83453,196,808.340956
282.13123,233,808.452155
272.71265,232,808.463759
295.82074,395,808.471516
273.72974,204,808.561011
284.17712,214,808.561059
253.69801,276,808.584949
259.29065,166,808.65484
292.70538,251,808.670814
247.14494,452,808.675323
270.81427,171,808.675349
285.15158,247,808.792063
63.621994,98,808.882617
293.828,212,808.956569
266.55444,229,808.961585
74.135605,132,809.128416
259.50262,147,809.171186
294.20496,171,809.175604
272.15942,292,809.31498
43.327377,131,809.499045
260.87585,218,809.555909
288.54364,190,809.575837
37.79854,110,809.621438
36.79828,182,809.630441
49.972977,144,809.72838
241.04436,313,809.749651
249.91164,516,809.758708
273.35464,196,809.766237
264.4136,270,809.78978
291.63635,301,809.810834
52.08188,144,809.915044
62.479813,108,810.01726
277.42633,436,810.171242
57.76834,116,810.229234
268.79544,400,810.350407
266.14673,190,810.385055
8.645218,91,810.403275
296.1223,194,810.454714
280.61465,313,810.489114
272.0292,175,810.493912
271.63376,173,810.493942
265.76813,171,810.493951
316.14044,205,810.493958
284.0594,235,810.493965
282.5657,178,810.560891
287.94525,190,810.707114
280.64572,245,810.812859
54.060257,120,810.83978
29.10379,97,810.882542
235.62692,537,810.908411
47.757996,137,811.119109
290.9319,190,811.177644
56.79483,202,811.315639
280.28226,217,811.383524
242.45677,229,811.397059
251.73526,220,811.397126
52.486816,113,811.586367
269.0255,350,811.602129
305.53323,185,811.602158
254.13657,271,811.602168
302.706,297,811.602175
290.5531,192,811.60652
306.41046,227,811.637853
284.16132,286,811.663069
274.75858,359,811.697798
53.85753,101,811.72522
16.772957,117,811.865337
52.1933,142,811.976531
28.286453,113,812.107519
248.51682,300,812.123858
293.23352,311,812.206023
284.05487,197,812.218773
266.05423,163,812.288902
276.41864,166,812.300381
278.0747,173,812.315506
247.7233,156,812.325908
273.5829,179,812.356898
242.56927,219,812.515542
321.12576,172,812.582871
302.9513,213,812.593068
309.45728,237,812.596977
49.677322,124,812.711449
295.1018,201,812.815346
264.44775,424,812.936451
17.239433,115,813.053637
43.583694,119,813.07987
285.6015,248,813.158935
282.12286,204,813.164592
297.83997,209,813.16465
268.13397,146,813.200727
257.92798,353,813.200775
277.13318,268,813.321122
251.6683,251,813.32117
277.06458,256,813.367359
291.8592,312,813.405989
269.38446,224,813.735617
291.65784,297,813.735677
278.97656,259,813.774874
270.1238,348,813.778885
252.64592,183,813.905652
286.37753,187,813.962445
276.502,221,813.962493
262.31155,196,813.962503
303.9461,197,813.962511
271.15854,250,813.962519
312.1571,190,813.974389
299.63055,244,814.080801
301.24173,238,814.340346
269.33823,229,814.3404
299.9311,249,814.340416
254.03648,156,814.379508
267.37515,169,814.435413
309.57373,285,814.493823
264.26462,163,814.659058
268.55023,184,814.681877
317.07208,224,814.717995
255.4327,184,814.734068
256.0694,160,814.755937
39.279037,104,814.823785
311.08798,260,815.045807
299.6593,168,815.045859
300.8838,261,815.05021
294.62122,261,815.050236
251.39925,269,815.081398
296.3357,358,815.265117
288.75098,224,815.277219
69.33899,170,815.357183
293.32642,268,815.457303
303.68253,276,815.574949
246.54391,185,815.574999
260.4765,210,815.575009
273.495,221,815.582762
300.59363,219,815.648364
299.3143,245,815.732471
264.23975,193,815.864933
286.0919,334,815.864985
264.60867,202,815.864995
246.06898,223,815.954248
287.34503,181,815.997043
287.093,237,816.008647
306.0324,171,816.048582
299.49615,259,816.105858
42.641983,124,816.237515
284.0202,195,816.376498
290.0385,242,816.440218
284.0844,230,816.518232
271.0675,165,816.546117
281.20148,178,816.603505
281.55334,232,816.603566
297.49377,251,816.608249
315.2843,252,816.612792
216.9029,374,816.80822
279.81952,209,816.821847
277.75726,174,816.826643
279.9726,201,816.845762
306.218,214,816.885004
302.7461,227,816.99159
289.2625,204,817.089559
296.24176,297,817.097538
269.39136,227,817.324356
244.34528,179,817.346613
266.92545,207,817.379778
302.0734,193,817.412419
287.60107,155,817.459108
272.1302,220,817.532451
268.88873,176,817.561713
302.0905,256,817.67296
280.96976,204,817.697186
269.24994,303,817.709807
288.15387,206,817.744539
288.54605,162,817.770829
305.15656,256,818.166839
291.87622,196,818.166891
270.55872,191,818.18275
25.896973,114,818.246042
262.58456,191,818.258106
277.95465,185,818.307558
296.27844,235,818.316924
261.82224,168,818.376878
277.0857,439,818.384171
243.41219,374,818.393669
291.81662,301,818.672906
274.26056,221,818.672956
252.5515,236,818.686307
293.93542,471,818.978023
277.23785,183,819.085191
48.47838,94,819.093405
245.4069,369,819.116455
278.83484,177,819.13726
303.85565,274,819.333526
270.01093,279,819.341313
294.33112,423,819.47829
281.69437,296,819.4832
287.96402,296,819.497387
274.69794,324,819.525841
277.74472,293,819.53813
312.01624,216,819.573451
284.4505,151,819.745575
269.34805,338,819.792402
254.51163,193,819.897966
295.23602,296,819.898009
296.0766,194,820.131982
316.03836,283,820.13203
294.05853,275,820.20278
279.37097,213,820.202829
260.6499,444,820.214731
266.94507,180,820.214757
261.54526,163,820.239813
255.8811,174,820.250442
250.97124,271,820.597565
233.79106,276,820.660401
284.70474,185,820.664184
295.4983,187,820.67266
59.84207,121,820.750229
282.07745,316,820.797667
240.62706,422,820.82565
293.76038,185,820.971002
276.4976,209,821.094888
241.94258,238,821.205953
272.09555,337,821.205998
304.31784,256,821.210526
282.2798,239,821.223469
274.9037,248,821.289666
260.2128,159,821.339736
291.7157,207,821.478093
258.3308,161,821.486553
-241.46172,501,821.839459
300.46167,209,821.855183
271.31476,316,821.993944
317.18896,172,821.993994
285.6303,280,821.994004
307.2325,218,821.997916
34.008896,137,822.044572
301.93457,223,822.148305
258.02673,236,822.188551
273.22498,248,822.244596
18.888092,96,822.453351
255.69443,309,822.496126
315.40295,278,822.50003
272.7316,246,822.500059
264.76794,184,822.608618
286.703,180,822.608666
184.20004,613,822.703775
303.13934,171,822.720004
188.55328,484,822.791615
185.80267,518,822.839306
246.00253,201,822.847764
257.37195,204,822.863755
268.0291,243,823.02021
274.00513,205,823.101281
283.16455,226,823.13534
280.49225,171,823.206112
272.28336,278,823.312648
275.50507,225,823.6671
280.1808,246,823.880762
223.801,307,823.900796
291.04175,286,823.905825
237.34627,308,823.90585
271.90454,192,823.914525
316.52197,250,823.91455
261.55432,269,823.918466
260.4013,259,823.926991
269.61627,341,823.935576
296.44348,184,823.993955
259.85144,420,824.219353
262.91064,288,824.233187
244.88115,418,824.25816
42.66931,101,824.340425
260.1303,189,824.460604
263.12085,326,824.539769
253.51518,292,824.575749
253.9721,156,824.595672
256.33118,190,824.726106
292.385,187,824.734577
298.92853,223,824.865551
289.703,205,824.865597
286.89697,221,824.876638
303.66498,232,824.895936
264.90656,237,824.912474
271.68018,210,825.128261
246.11447,206,825.138102
263.83218,298,825.147189
271.99283,193,825.170719
309.92703,225,825.183064
259.10486,157,825.224197
273.13745,154,825.231961
306.47656,219,825.399435
305.04263,222,825.462495
288.35303,181,825.483103
272.48425,213,825.798213
293.29596,231,825.872412
282.94342,175,825.888759
279.58154,238,825.888784
258.693,272,825.893125
297.71332,179,825.915268
265.96457,161,825.923911
294.27563,238,825.936786
292.76813,257,825.968488
292.98703,202,826.10474
274.70758,248,826.238086
296.8522,251,826.264057
262.8969,263,826.281933
296.1339,274,826.574626
297.65344,188,826.683219
279.8487,188,826.68327
306.42566,194,826.690682
294.7057,210,826.699528
310.2248,192,826.704215
295.85016,190,826.716069
272.79575,220,826.846339
270.8276,335,826.887643
242.02235,174,826.962665
293.08203,169,826.967803
255.41982,193,827.085847
285.2265,398,827.174219
263.83142,287,827.17426
239.25536,295,827.17427
308.0678,170,827.411263
256.9403,201,827.41625
57.39746,125,827.696122
251.9543,160,827.845167
287.3736,290,827.935519
281.65018,435,827.935564
274.7342,230,827.935574
292.61374,275,828.045517
263.55396,335,828.08548
259.10364,230,828.141186
298.8943,348,828.141234
282.8039,308,828.141244
302.16418,280,828.145756
258.67743,253,828.150077
253.16312,348,828.16317
264.74152,471,828.650074
278.15646,299,828.650128
260.9745,182,828.682771
277.23535,181,828.786263
292.0671,183,828.834273
261.0994,173,828.84637
254.7611,186,828.900511
272.79803,252,828.969441
242.28381,199,828.978798
300.59116,209,829.002728
270.2378,265,829.249291
249.63753,340,829.26227
295.2878,150,829.285124
44.609924,124,829.31234
33.84085,119,829.342873
257.3333,382,829.522546
282.26196,201,829.527006
266.21777,337,829.542703
254.97562,515,829.564877
261.02185,464,829.639324
289.04977,262,829.752067
287.55383,265,830.101838
294.03812,213,830.150901
269.34512,307,830.150947
282.65442,196,830.172818
281.12875,221,830.199418
306.76593,226,830.243021
249.6362,158,830.31288
317.16507,188,830.324966
271.8939,349,830.383045
292.2719,264,830.433251
263.47375,228,830.508744
254.37054,248,830.575729
288.7584,384,830.599451
265.42853,393,830.671404
224.9719,272,830.714844
286.14148,236,830.751185
303.78537,181,830.9092
286.12912,212,831.198415
264.3774,260,831.198473
284.4206,228,831.198488
256.87183,195,831.202973
271.98254,187,831.215008
289.09232,186,831.288951
252.95201,176,831.332743
296.06213,279,831.3653
290.57135,187,831.492171
273.9594,178,831.492221
241.12845,357,831.644728
280.5034,177,831.648926
260.42413,322,831.664574
272.5481,158,831.873799
266.85266,188,831.988132
291.2732,314,831.988194
287.77954,433,831.993456
296.25494,338,831.99822
234.15723,190,831.998268
294.45056,203,832.054747
292.06473,184,832.27957
268.82574,205,832.372659
235.3331,257,832.381376
288.5395,218,832.580607
259.85443,328,832.590764
254.19568,221,832.590799
269.45148,299,832.604367
303.9145,203,832.856998
281.3642,210,832.88709
278.44366,366,832.920295
273.89618,295,832.926042
293.3047,222,832.934203
288.80194,212,832.954181
301.20786,217,833.189989
271.85657,299,833.251947
263.7979,325,833.25201
293.31183,234,833.557471
249.5586,160,833.573967
261.16205,386,833.605556
256.52594,299,833.61783
311.1656,253,833.625721
297.57538,191,833.67136
286.51407,269,833.700583
273.88675,197,833.736767
277.33826,231,833.905965
273.06638,346,834.034741
292.7146,226,834.177402
294.5666,228,834.187124
307.1349,242,834.187161
265.3749,459,834.27469
314.2769,179,834.301765
275.57,341,834.328778
289.20404,201,834.404225
298.25183,184,834.436705
263.52386,198,834.441075
276.16492,196,834.4411
278.83386,204,834.456241
281.04517,389,834.468025
29.286896,90,834.655714
270.9204,235,834.685435
68.68974,85,834.80163
273.9563,211,835.069749
259.56036,191,835.099528
274.97687,226,835.124237
271.64227,224,835.124273
311.01434,266,835.144551
281.84436,325,835.259013
258.62265,365,835.263445
268.8075,251,835.511795
287.40448,257,835.511848
267.29865,255,835.5171
262.00012,266,835.517179
272.09125,209,835.521494
273.5614,230,835.632858
289.0042,168,835.812606
250.292,179,835.858725
271.9428,371,835.867505
261.64047,183,835.895899
265.69385,210,835.966239
286.24976,286,835.98312
302.33377,186,836.026297
274.37335,194,836.055991
298.07837,283,836.233923
42.161453,112,836.326602
35.31247,102,836.400148
269.68152,230,836.465375
304.08194,232,836.46542
287.03497,203,836.469644
280.77026,240,836.505258
276.0697,196,836.670651
310.39703,541,836.679501
290.01093,209,836.679534
271.37012,313,836.811788
228.77013,312,836.811837
284.3333,209,837.114076
307.9561,253,837.114123
266.4151,153,837.114132
288.85,264,837.134225
274.5392,195,837.288225
262.61212,200,837.311736
297.64722,329,837.338617
291.1283,346,837.342481
297.83484,157,837.342509
294.371,242,837.346655
279.9793,242,837.514969
282.62317,216,838.00255
250.20003,179,838.023021
290.9666,294,838.027473
268.2502,190,838.11616
295.0516,420,838.14404
260.69812,355,838.14409
310.37558,353,838.1441
304.38837,252,838.149154
299.83185,330,838.180031
269.90906,260,838.188644
47.59709,84,838.375348
259.79034,221,838.428277
291.0583,323,838.460701
252.1085,287,838.49479
252.18892,184,838.914946
301.03635,385,838.935706
307.55536,195,838.960056
246.3994,203,839.00209
285.1906,212,839.006797
273.4582,241,839.011792
278.14838,198,839.016281
261.7085,168,839.174683
290.0121,243,839.200987
273.11353,187,839.221283
47.417984,139,839.516783
277.94537,282,839.68262
257.08917,312,839.687961
271.02753,367,839.688022
272.20712,183,839.688038
304.8561,397,839.688051
301.46362,563,839.688061
256.54642,203,839.820765
291.65768,596,839.833635
298.7193,225,839.946419
297.90112,231,839.978828
295.35825,194,840.031856
274.20746,205,840.031889
285.62012,247,840.04507
295.79095,256,840.26334
272.1726,167,840.377552
287.4145,328,840.382572
272.7699,228,840.620437
310.86676,194,840.620496
234.92238,231,840.633828
279.3163,232,840.641082
52.50711,171,840.67967
244.76442,249,840.71149
272.56607,216,840.922026
276.6688,239,840.922087
259.25085,219,840.922102
279.67938,150,840.987992
296.2425,279,841.176119
284.21686,409,841.222056
281.02478,203,841.227895
269.89313,374,841.238827
306.16956,344,841.247498
302.47064,243,841.279165
278.05414,190,841.445873
275.71637,194,841.445923
301.61334,207,841.552496
48.3199,183,841.703042
270.40942,256,841.786777
237.79861,277,841.79941
288.20142,241,841.940926
268.14893,183,842.009488
293.74738,267,842.114878
256.7623,265,842.332283
280.99945,282,842.360456
289.78323,221,842.36049
267.38657,271,842.365358
259.461,223,842.370217
229.11652,419,842.37832
248.21857,265,842.378349
286.61212,277,842.378359
296.26718,208,842.415612
267.61127,363,842.44826
258.05814,165,842.48713
268.9541,154,842.5896
267.0594,252,842.770126
282.31952,295,843.033872
263.22937,242,843.033927
283.49332,177,843.087584
305.33215,172,843.11285
261.68146,205,843.241171
297.8086,212,843.274193
312.4461,273,843.27424
287.29642,210,843.274253
308.4006,210,843.274261
286.80988,185,843.279114
289.87967,217,843.287872
287.55762,208,843.307538
293.81116,214,843.369219
291.66586,209,843.483413
272.62567,170,843.48838
288.49475,293,843.61666
48.97119,137,843.856633
274.33777,243,844.051549
291.6352,188,844.060674
55.689743,140,844.183894
290.13788,226,844.246682
303.667,250,844.283141
260.9825,252,844.330101
303.2943,206,844.334904
276.97134,334,844.43532
285.97894,228,844.435371
302.62872,277,844.435384
302.57346,256,844.435395
250.01706,315,844.435404
239.7153,321,844.435413
255.76514,275,844.440666
244.09766,346,844.739468
279.9527,249,844.929185
252.2865,203,844.952655
263.31204,177,845.270197
292.59787,221,845.270269
294.9438,176,845.270284
303.08096,198,845.363975
297.79968,203,845.383615
268.3247,213,845.443413
261.8064,305,845.448663
262.21204,216,845.45932
267.9425,280,845.582279
249.5607,269,845.586672
52.82202,89,845.668964
298.81274,192,845.847635
290.35226,309,845.860686
242.41809,303,846.110969
286.85605,195,846.11103
311.87366,430,846.111044
275.11505,162,846.133825
279.72424,274,846.155012
280.49713,190,846.194447
282.57507,234,846.26268
247.55943,439,846.279991
268.8122,225,846.371103
271.17746,276,846.57443
311.68604,181,846.574485
266.6023,327,846.717645
295.51312,280,846.717707
282.29034,219,846.717722
270.29218,308,846.837721
265.50607,288,846.837781
293.07434,271,847.289465
255.29854,226,847.289529
274.65414,253,847.289545
270.47687,283,847.296681
284.30396,294,847.296707
284.41135,252,847.301466
306.17792,296,847.306143
308.60663,297,847.310788
311.28098,182,847.322774
272.01495,319,847.424106
274.7907,209,847.572804
297.08658,219,847.618088
294.30927,209,847.695411
284.77417,210,847.699932
277.11957,239,847.699967
292.66827,197,848.118641
260.51752,194,848.144505
242.9163,211,848.203457
305.20612,217,848.213669
258.96576,229,848.262476
312.89777,228,848.266883
273.66766,405,848.271534
291.58865,198,848.271561
299.2061,248,848.347338
299.8264,255,848.377839
288.812,225,848.563253
303.76587,227,848.650357
286.878,226,848.650405
243.32155,256,848.650415
323.6299,255,848.767049
242.4275,389,848.920216
272.159,209,849.050219
292.04028,195,849.050285
252.10718,194,849.054305
262.76215,214,849.140821
269.84784,243,849.140872
268.02997,248,849.140882
261.4275,230,849.149592
295.22235,252,849.414265
285.88455,192,849.445702
295.80792,248,849.58916
269.5808,364,849.758451
304.1853,282,849.813611
251.23889,183,849.813655
255.93971,163,849.813665
286.83017,253,849.813672
291.74017,214,849.813679
265.22504,360,849.822606
253.6153,284,849.822639
301.34302,186,849.822648
243.34772,202,849.982901
314.70963,230,850.102537
289.80945,231,850.117849
273.1172,262,850.151679
294.4966,184,850.18471
303.83893,247,850.488341
242.07332,215,850.50169
273.30872,164,850.524692
272.60455,192,850.57266
60.846497,115,850.636183
255.03339,193,850.636236
248.52687,197,850.652191
253.30098,202,850.67298
266.11102,200,850.673023
253.51004,143,850.709525
292.0653,217,850.893022
272.851,264,850.926789
261.07977,301,851.078826
291.12646,226,851.124534
267.72565,323,851.178499
274.76526,165,851.202357
284.5081,178,851.230244
293.95212,186,851.252149
307.33826,273,851.252203
278.5968,152,851.262135
288.26132,144,851.267006
266.6247,169,851.270631
76.606476,182,851.417064
288.4616,227,851.558373
233.22203,226,851.623163
271.00708,201,851.739548
304.0501,180,851.806587
268.73468,178,851.976969
293.1133,278,852.022919
250.95892,246,852.171102
278.1661,381,852.198926
259.8048,249,852.274765
246.96864,295,852.325897
294.5786,279,852.367033
243.04993,290,852.384327
258.586,288,852.424063
270.28253,187,852.521803
262.50552,261,852.645206
45.542038,150,852.660259
289.06937,348,852.687541
266.4248,268,852.739392
281.26974,320,852.739431
315.9226,238,852.800728
271.01312,375,852.808996
288.9577,165,853.049896
284.35635,244,853.219492
298.6828,256,853.238689
274.54034,231,853.238715
275.9654,306,853.246789
314.5762,238,853.367702
259.70587,238,853.410085
264.0918,264,853.420627
303.4973,219,853.42067
288.92966,199,853.456731
305.93216,207,853.50256
278.7188,178,853.526955
299.82477,243,853.727399
282.10266,226,853.727445
263.31165,246,853.7404
309.1078,259,853.740441
280.99103,181,853.794817
287.66718,150,854.028817
281.93073,198,854.04672
244.0733,207,854.089716
262.9218,186,854.209829
239.682,244,854.209888
308.52496,208,854.214368
292.12378,184,854.270755
64.806366,124,854.526044
273.5653,281,854.553957
285.16028,280,854.888195
234.24516,340,854.892978
314.9956,283,854.902977
285.11884,286,854.903045
280.15543,366,854.911655
266.97775,173,854.928501
206.50197,413,854.93296
260.03912,278,854.937216
286.3228,329,855.079306
244.6834,235,855.18524
275.62793,310,855.375244
272.45563,310,855.503263
267.71332,296,855.503324
252.80556,354,855.511719
293.2122,231,855.528755
252.65848,156,855.554993
268.3033,247,855.953856
237.56696,259,855.981301
272.05762,252,855.981361
250.12859,360,856.032793
259.36163,291,856.098978
290.84656,296,856.124642
304.88446,301,856.185362
279.92093,196,856.1854
288.02728,163,856.18541
254.03873,153,856.185417
280.10974,267,856.288117
300.8429,205,856.369521
289.12637,353,856.369576
282.32816,312,856.369588
283.7577,211,856.369596
302.12683,224,856.432311
48.61966,81,856.533894
295.99152,203,856.825205
273.9698,182,856.857587
269.8551,161,856.857638
287.67108,201,856.870235
301.26678,220,856.894347
263.58307,190,856.985947
276.85983,254,857.022446
42.549423,87,857.233145
255.05614,250,857.242016
291.69293,204,857.242049
281.73837,204,857.242059
252.6357,268,857.25609
300.12823,234,857.28454
256.6596,215,857.289147
263.89816,144,857.437018
267.40945,272,857.520676
278.86926,184,857.672626
264.91962,193,857.828413
282.13657,333,857.83258
284.70148,318,857.860299
301.77612,268,857.991709
258.7804,187,858.013888
284.041,232,858.192518
298.39386,303,858.239017
278.2793,336,858.255909
281.95102,260,858.299434
291.31024,269,858.38644
288.19684,295,858.499502
279.24255,202,858.499552
306.92328,260,858.504169
263.44116,169,858.524244
291.61462,342,858.660765
258.02457,305,858.789754
282.54184,169,858.906151
295.30182,216,858.915136
283.02454,400,858.915166
252.70624,260,858.938483
243.34421,283,859.005435
285.8242,213,859.20701
294.3866,234,859.251048
266.84973,299,859.251096
283.47195,202,859.251107
282.99738,174,859.251114
289.1951,175,859.251121
290.17328,174,859.267772
285.15613,199,859.499512
296.3646,191,859.593398
281.77322,261,859.605257
305.54254,324,859.605302
257.65344,172,859.640129
286.10822,192,859.808118
285.17673,213,859.808168
320.42145,223,859.84077
286.91345,220,859.862092
287.10287,152,859.878944
281.2498,193,860.042346
269.36755,199,860.068527
271.86865,213,860.084853
265.5932,172,860.203501
271.84772,237,860.222948
280.7791,176,860.325773
280.13803,232,860.590559
263.5878,270,860.700857
268.6089,215,860.723304
245.71422,223,860.723347
287.0428,206,860.723357
289.09592,358,860.723365
270.46356,277,860.744588
286.8299,196,860.886976
291.52982,239,861.046375
279.2318,302,861.096018
278.59778,264,861.125193
265.49268,244,861.205734
246.07893,474,861.213813
64.18515,130,861.254105
256.6935,188,861.360189
261.93784,172,861.431716
302.7959,293,861.431777
270.96405,204,861.59702
273.13586,215,861.602174
46.73027,93,861.614413
242.41605,250,861.761534
280.69263,168,861.830626
315.23053,490,861.830684
294.27905,363,861.830701
261.9369,282,861.889208
243.6601,178,861.947687
244.82019,162,862.039129
286.2478,199,862.083279
293.3222,158,862.087153
6.765877,129,862.351893
291.80878,203,862.41889
279.6659,156,862.465114
-15.200043,98,862.48127
252.20338,262,862.507392
264.80603,409,862.572142
310.53668,358,862.572187
259.77777,176,862.603855
276.5287,251,862.626855
293.94318,384,862.626883
272.49353,270,862.688902
289.47473,184,862.693254
285.3996,203,862.85611
290.6491,254,862.85616
290.26697,206,862.918163
285.83868,331,863.1003
308.77808,225,863.381389
272.7876,190,863.381437
287.08313,223,863.391054
280.89886,254,863.391101
246.55919,172,863.399588
278.91693,245,863.573131
45.369324,114,863.573194
246.8669,231,863.573211
291.36484,232,863.577083
269.55878,245,863.935865
299.62714,331,863.935915
237.63551,303,863.940531
281.39487,269,863.975079
286.7556,379,863.98403
278.14798,364,864.008603
278.2873,160,864.058109
254.73601,203,864.225492
289.25558,205,864.252118
289.499,163,864.256624
280.53778,347,864.298921
305.1691,242,864.384742
234.43077,222,864.503938
256.75903,251,864.614383
286.33228,296,864.614427
264.5044,251,864.614437
263.87006,201,864.801731
265.4252,214,864.809936
282.09375,232,864.886611
303.32343,181,864.992394
275.5022,241,864.992439
296.2491,229,864.992449
282.8564,171,864.992456
280.75735,184,865.001766
284.51538,256,865.021816
268.27155,182,865.248382
269.74158,319,865.248437
284.53638,157,865.261347
297.17206,269,865.4881
265.5517,183,865.64198
258.13715,202,865.642028
254.28746,159,865.646083
272.61124,268,865.710352
299.46838,161,865.920037
294.0924,413,865.920088
249.13919,320,865.929883
286.87878,226,865.934448
313.53326,221,865.934506
255.9434,229,865.939876
269.9905,241,866.248626
269.0283,306,866.266103
-3.0168457,94,866.318087
288.7392,209,866.361688
287.50378,185,866.416938
277.23657,198,866.475603
289.24728,296,866.475666
300.41113,410,866.50286
286.0144,405,866.671048
287.65186,253,866.695236
279.36462,183,866.699854
292.86713,238,866.70441
271.51398,187,866.712232
261.36108,160,866.909409
269.91144,244,866.931561
289.0121,303,867.170461
282.87128,194,867.29551
297.90906,262,867.322428
275.82953,208,867.327501
225.96687,251,867.388366
280.0763,354,867.397583
290.18124,196,867.514999
256.88068,146,867.521688
303.78955,199,867.521719
256.34787,205,867.542314
270.4306,311,867.593144
37.457993,80,867.837377
260.15118,240,867.912548
271.51648,324,867.988272
305.62253,318,867.988322
264.85077,386,867.988332
259.67465,180,868.052529
276.47617,166,868.272544
286.04852,245,868.305918
282.5535,276,868.310569
303.6225,246,868.336631
277.75085,234,868.488871
222.82861,532,868.66929
281.8261,310,868.675987
265.69025,314,868.701441
286.61572,172,868.726499
290.60718,305,868.8121
314.21375,164,868.965539
281.6117,150,868.965588
262.97778,215,868.965598
303.05496,250,868.970505
30.718231,78,868.997844
268.6371,290,869.055884
301.3482,215,869.201165
298.46716,323,869.335711
287.7248,182,869.546961
262.14008,205,869.554785
269.2276,153,869.586375
-50.79724,162,869.621447
297.43832,319,869.794135
282.92935,202,869.869128
253.4019,236,869.924301
288.16907,325,869.990519
298.38187,254,870.022629
225.5167,437,870.093538
263.638,359,870.155435
272.3409,248,870.201936
243.81552,332,870.302542
260.2428,180,870.34561
288.12408,230,870.813187
284.09955,217,870.813236
287.6725,337,870.918312
243.74129,219,870.918361
279.7368,390,870.922615
263.26477,831,870.922644
292.11575,207,871.016407
240.76031,349,871.016469
298.9881,201,871.03998
273.1502,263,871.188025
294.01593,346,871.224455
289.28015,209,871.224512
266.9212,299,871.233257
276.8747,149,871.580925
263.52554,156,871.606751
285.93753,310,871.627883
267.9237,171,871.754707
285.55524,220,871.88399
263.62924,219,871.994699
284.1801,176,871.99475
273.19574,202,872.068009
292.75928,265,872.162779
128.66405,1000,872.174107
293.08273,334,872.249341
37.032715,92,872.373978
278.50238,190,872.413199
276.61926,347,872.418103
280.53763,188,872.426295
306.32422,204,872.446723
251.14363,382,872.451293
287.33597,164,872.573392
289.21555,322,872.608677
276.42023,320,872.608719
43.064438,122,872.688787
260.38986,203,873.011628
290.69382,258,873.072094
268.94116,168,873.079767
256.91232,203,873.097745
306.5069,195,873.270298
276.93903,200,873.270348
271.53784,157,873.270357
251.16913,357,873.270364
274.66547,205,873.278958
275.12857,290,873.293693
271.9554,253,873.486605
239.38194,216,873.491362
160.64412,1000,873.750228
255.60905,174,873.812396
305.9541,270,873.812444
289.9743,193,873.82082
268.51453,174,873.830045
281.34467,176,874.010231
299.02112,223,874.010295
259.53687,372,874.010309
303.20355,338,874.023385
276.25586,182,874.027581
270.4105,216,874.178648
69.09218,135,874.382463
285.27106,145,874.42736
307.2603,281,874.452903
303.86465,286,874.493125
271.12006,281,874.663338
295.3075,225,874.696466
290.0592,209,874.700613
309.2721,209,874.709193
267.71585,351,874.954362
262.7837,226,874.961509
275.17404,231,874.981545
262.97748,246,875.056705
67.80321,111,875.124608
251.44756,284,875.206116
287.02997,248,875.213905
82.37047,141,875.287908
250.8471,209,875.319782
282.17664,309,875.319827
300.00558,237,875.371987
276.69186,230,875.384876
269.9131,217,875.395679
306.67163,183,875.477253
41.19223,103,875.64181
289.82346,182,875.711018
286.20755,181,875.715162
278.40237,168,875.760831
296.8579,187,875.760875
22.748169,99,875.806715
282.028,268,875.818959
284.08197,618,875.856083
286.0688,157,876.042635
259.6397,166,876.068305
282.661,183,876.084194
282.31058,225,876.252816
311.35355,239,876.279974
284.29517,280,876.292695
250.39719,151,876.33911
262.73923,193,876.617493
286.3374,208,876.621941
301.80307,221,876.625932
281.6676,279,876.630537
267.15546,156,876.728572
251.30304,169,876.74115
275.9058,265,876.74119
304.7628,225,876.741204
300.02914,273,876.892943
257.43378,193,877.096021
308.63898,259,877.144867
71.57486,125,877.16041
282.3999,222,877.210235
300.51538,338,877.264557
262.60718,201,877.462918
268.783,188,877.523189
297.78168,307,877.531176
291.76016,219,877.535802
254.41667,154,877.535826
260.22476,193,877.548383
277.65164,233,877.595124
259.83163,323,877.69181
278.99707,231,877.696441
249.34679,175,877.883849
259.65604,223,878.027546
250.45541,326,878.100059
268.07623,217,878.108303
260.2309,191,878.307722
245.14609,255,878.307772
285.45367,751,878.318691
270.4983,169,878.377811
282.3353,205,878.431783
258.26678,218,878.431822
281.58765,191,878.471524
274.2046,292,878.730571
272.2288,196,878.817682
305.9087,169,879.070008
230.12086,379,879.091996
290.5406,243,879.096279
264.70276,477,879.105032
280.7616,210,879.170108
293.5158,322,879.198004
279.30206,428,879.224428
270.15997,202,879.259962
267.98096,203,879.264465
252.09937,336,879.478349
298.37598,285,879.487157
273.2378,473,879.495788
297.33264,285,879.495818
294.22717,308,879.740587
258.4052,224,879.745393
282.152,246,879.745427
296.97284,167,879.763859
262.57523,137,879.769412
302.44653,168,879.803021
262.8817,181,879.965073
266.00317,144,880.077099
292.30646,205,880.105359
281.49817,183,880.247459
303.17157,212,880.352335
299.57474,303,880.352391
284.50223,306,880.360809
256.99808,166,880.430789
284.37354,202,880.579881
278.04926,199,880.584806
235.58739,307,880.747386
289.4027,416,880.885155
279.30298,229,880.91219
297.09088,285,880.916673
278.5608,281,880.921552
288.66656,278,880.944297
291.03162,182,881.089181
290.2372,256,881.129836
288.43567,200,881.164327
273.75867,334,881.476715
239.06912,540,881.484533
281.037,279,881.497048
312.6438,224,881.497079
251.91507,306,881.497089
262.1067,184,881.712414
306.60162,273,881.712465
294.83588,310,881.712475
46.693832,101,881.92758
253.36024,310,882.030296
257.65,272,882.049778
248.54874,222,882.058224
276.66193,285,882.066152
267.11285,279,882.074536
260.60953,290,882.116536
279.02826,283,882.269643
263.4851,189,882.27766
255.83377,300,882.417939
301.75714,251,882.54393
263.8268,209,882.56737
289.04108,290,882.679639
273.04965,195,882.727079
295.06946,182,882.776284
264.77368,181,882.814922
275.49222,177,882.839841
236.90588,336,882.890428
230.78029,203,882.890473
250.56929,203,882.899344
282.84683,297,882.930092
257.6261,168,883.256203
274.9907,174,883.256257
272.15594,377,883.256267
274.5379,300,883.282893
271.81088,179,883.416941
286.39612,198,883.553955
280.08752,189,883.62955
271.7924,225,883.840553
269.959,349,883.860691
294.51706,261,883.865452
278.7093,384,883.87006
298.18744,386,883.870115
292.71326,234,883.870131
295.1449,173,884.141541
260.0694,293,884.146758
54.736496,91,884.229019
267.81052,328,884.250358
270.0896,243,884.2671
253.38403,415,884.529442
273.92657,307,884.553453
25.785706,91,884.603796
259.449,206,884.703592
273.55902,232,884.816391
284.04263,240,884.846236
270.52518,288,885.051616
295.55212,249,885.276818
259.26727,365,885.336055
260.47607,196,885.340322
266.4546,439,885.35752
290.1661,265,885.357556
220.59961,297,885.361707
290.01477,175,885.43035
226.68327,530,885.452761
232.58278,446,885.469102
28.735062,107,885.790098
305.50967,237,885.815263
256.47443,319,885.854247
310.4206,265,885.9001
280.89053,205,886.113845
252.69357,189,886.131986
301.37393,288,886.233042
287.9615,213,886.23309
206.91895,721,886.2331
272.1197,243,886.450332
300.15747,179,886.638334
307.10132,208,886.678699
255.05798,306,886.683442
260.16205,299,886.694657
272.086,338,886.731521
312.23035,229,886.813177
272.61597,247,886.820749
259.211,183,886.985666
294.55023,405,887.002166
275.58502,188,887.006577
245.44885,218,887.015027
300.99036,193,887.027111
245.53891,165,887.12504
249.37581,241,887.125099
-155.11609,629,887.1911
238.15611,176,887.531131
268.6071,210,887.543325
279.67978,219,887.543363
289.722,211,887.552711
216.8725,835,887.577384
305.36157,187,887.763882
248.82875,272,887.843356
257.53778,178,887.853094
266.3117,247,888.036659
287.47125,257,888.036707
286.75195,250,888.036718
265.8729,299,888.041377
310.719,212,888.058748
292.4968,271,888.234955
277.846,172,888.234998
253.79477,170,888.239902
270.40784,193,888.348311
272.75122,159,888.510394
302.04083,241,888.541377
262.726,186,888.541417
271.7765,458,888.587145
274.27466,251,888.620062
248.7729,154,888.685086
297.7373,157,888.718032
292.25055,165,888.73402
289.29675,289,889.046014
295.53302,244,889.046074
286.16632,196,889.046088
281.0672,135,889.05833
274.86877,249,889.067383
256.06125,177,889.076695
318.2624,206,889.089376
280.86884,187,889.347222
261.74445,179,889.347272
280.8573,268,889.347282
314.4406,198,889.351876
288.57532,156,889.36823
240.3914,631,889.605609
256.70624,264,889.626258
256.71075,250,889.740636
278.33478,179,889.785817
266.3073,170,889.790721
273.22577,181,889.795366
310.41992,173,890.060844
272.81583,254,890.092471
239.54527,346,890.099939
270.05188,260,890.12861
301.453,267,890.164856
260.51495,210,890.209719
288.3858,214,890.231145
266.86786,194,890.397762
261.47763,262,890.44705
275.27545,225,890.553598
302.64856,311,890.638375
231.05725,243,890.796321
251.18005,243,890.801285
255.67767,169,890.801328
245.57513,255,890.801343
251.86334,244,890.809805
272.4823,203,890.945363
277.49286,459,890.973582
285.805,277,891.272195
271.21576,259,891.296713
54.9216,130,891.329916
292.18695,178,891.370132
302.0066,344,891.480924
269.48938,320,891.489396
257.18115,310,891.493499
302.81442,254,891.497311
280.10992,268,891.510219
256.98212,177,891.521723
45.013718,140,891.546472
247.23058,254,891.843831
254.24974,167,891.967578
272.4651,161,891.967636
282.65704,276,892.085531
276.7113,370,892.085578
293.96234,316,892.110999
284.35052,158,892.154442
272.278,189,892.162955
271.53784,198,892.325307
275.32996,247,892.360745
270.85632,224,892.483911
300.47028,238,892.515989
237.76057,179,892.586781
289.27646,287,892.704252
269.6527,204,892.965489
272.29797,165,893.043339
289.90753,555,893.099318
278.34442,233,893.123669
283.8452,411,893.214656
282.71436,270,893.214705
301.9048,415,893.214715
277.80585,298,893.214721
287.4847,227,893.266938
316.19254,273,893.29795
279.23383,154,893.357995
279.78638,202,893.367864
262.93195,195,893.415031
268.7311,180,893.719311
282.46286,390,893.719359
28.239822,105,893.84778
276.02277,198,893.9235
262.39514,210,893.923553
275.59247,173,893.938425
312.55676,471,893.938475
252.02501,175,893.945796
259.64743,176,893.951116
312.076,355,893.967873
289.00555,203,893.972722
271.9359,183,894.031333
252.07198,186,894.075092
263.88965,174,894.079119
39.12654,130,894.249998
255.52344,161,894.589291
278.64532,178,894.668877
284.81873,377,894.772652
267.06836,197,894.772703
272.0494,170,894.772712
290.90125,188,894.842684
269.04797,243,894.842732
274.40222,359,894.842742
289.7044,232,894.874419
306.15665,215,895.148179
283.18597,271,895.156525
262.60712,179,895.333905
303.0338,340,895.357811
291.85556,362,895.46991
289.4381,201,895.504885
287.88208,178,895.588042
282.24414,481,895.703779
305.36237,208,895.709156
291.55627,229,895.799598
307.35043,452,895.816417
269.78683,232,895.846412
281.54913,501,896.0209
285.86865,211,896.0294
290.0099,176,896.068021
272.53906,156,896.165213
-138.66673,252,896.21067
263.6198,354,896.259191
287.9286,167,896.291621
290.9524,228,896.314291
274.8069,171,896.430008
279.54785,184,896.589166
283.2601,436,896.597577
69.62146,127,896.687099
56.658524,104,896.687144
59.038284,153,896.704278
273.607,199,896.857049
298.3761,284,896.987167
278.36517,180,897.034909
285.7426,245,897.034948
270.02502,175,897.034957
296.52277,200,897.034964
257.67993,319,897.038668
312.04575,242,897.439667
280.31644,181,897.444695
289.10928,182,897.449135
294.3203,198,897.534607
287.1443,266,897.696675
86.58919,159,897.701281
287.1239,731,897.821835
308.45422,236,897.835066
290.4317,192,897.839629
299.03815,480,897.849443
249.28214,210,897.862401
40.779404,122,897.961375
38.899673,88,898.070694
273.30292,258,898.115932
267.9487,364,898.115978
278.17996,168,898.149885
203.54123,644,898.16588
306.85596,172,898.252462
58.984955,227,898.391433
284.79953,215,898.725031
255.08507,154,898.787371
290.77136,224,898.787414
297.92792,227,898.787424
275.86444,226,898.787431
289.4579,421,898.796075
279.77826,424,898.812464
300.9797,281,899.034721
276.2351,230,899.071755
268.40228,246,899.091436
307.82617,340,899.114032
271.59286,240,899.114065
265.00476,211,899.128628
296.63416,184,899.153941
41.201508,102,899.533908
277.2406,184,899.600996
291.28662,189,899.601067
292.755,343,899.615705
284.90698,207,899.615741
268.86243,144,899.711045
21.184982,146,899.806068
304.64746,236,899.814632
300.3943,209,900.023394
271.35645,291,900.035738
280.25876,214,900.043771
265.76483,225,900.100428
284.6087,271,900.198388
65.32645,115,900.270357
272.04828,167,900.301211
287.0078,558,900.314375
259.5865,171,900.31898
311.72455,401,900.481756
268.10626,192,900.500147
263.2083,224,900.545797
288.21313,248,900.578584
278.76624,255,900.677999
305.25577,216,900.702117
12.638214,109,900.755689
53.987137,152,900.944427
15.013657,115,900.962718
41.152115,127,901.031601
64.50369,95,901.149385
276.76077,286,901.228068
45.831863,132,901.228118
282.65668,248,901.228128
291.62418,591,901.295056
266.83197,171,901.304894
267.98676,289,901.309765
273.66388,310,901.329157
295.08487,214,901.444808
297.65762,281,901.444868
300.17255,342,901.444883
283.878,303,901.581572
-8.914864,110,901.705959
276.29123,204,901.916078
274.5243,186,902.046962
53.313477,136,902.051499
296.00555,258,902.067642
256.31378,181,902.084446
288.02332,177,902.102254
253.64816,196,902.29811
288.45346,300,902.44501
309.04062,270,902.465971
321.7683,414,902.470656
292.1967,237,902.475264
43.671967,114,902.531362
266.59625,326,902.640568
40.886353,138,902.655801
285.18436,176,902.674788
62.89659,171,902.776241
303.78943,283,902.813754
57.59439,90,902.859234
63.861206,93,902.870319
293.01752,375,902.919076
247.003,194,902.923778
286.66278,456,902.923809
282.53546,198,902.923824
292.41772,291,902.956375
58.88228,108,903.126183
295.4964,210,903.197254
60.62207,124,903.373053
41.087296,113,903.389012
18.769554,91,903.561371
278.7016,234,903.609401
278.1433,204,903.613984
290.47714,184,903.682287
68.36525,95,903.781362
29.39006,114,903.845917
264.56134,225,903.886602
284.77136,234,903.890626
286.04352,327,903.895179
308.03482,311,903.947026
302.2352,355,903.952009
301.80237,275,904.015028
294.78076,326,904.177604
296.75964,251,904.17765
285.99768,301,904.185241
45.586716,102,904.286926
257.62604,174,904.304126
58.7433,168,904.32877
251.60858,161,904.364693
49.726456,124,904.428295
3.2482834,85,904.647593
275.77863,529,904.677336
294.52185,185,904.689402
300.5252,174,904.693863
248.46494,189,904.69827
51.084503,94,904.702814
292.5938,177,904.713763
38.763992,126,904.722001
12.667519,98,904.748811
291.60596,230,904.769628
271.38403,271,904.774109
274.70654,188,904.820613
57.226868,124,904.890819
311.00122,192,904.990927
33.685776,100,905.111361
55.838333,104,905.111408
286.9706,229,905.141486
29.558838,104,905.154614
54.27849,116,905.182886
63.518646,101,905.19406
69.26477,130,905.257454
27.523888,120,905.317934
266.39044,183,905.467825
275.47955,187,905.472508
51.29962,132,905.53384
84.78346,111,905.571799
17.886719,112,905.579233
55.554184,117,905.62841
248.61923,235,905.628454
45.89229,117,905.669925
34.419067,101,905.675612
39.570908,117,905.679442
292.42017,341,905.858859
247.88869,266,905.85891
261.88464,232,905.863073
16.58973,105,905.913808
30.597687,115,905.949378
8.838989,88,905.998299
25.930832,107,906.02212
59.36885,91,906.054397
279.91647,186,906.093413
35.50827,120,906.131578
246.86026,346,906.219818
27.69625,85,906.225043
53.807953,91,906.246723
21.481071,102,906.291878
29.644562,153,906.335085
40.777435,102,906.385167
24.67276,205,906.406238
33.14633,96,906.434277
256.55884,328,906.547329
28.426346,97,906.743551
280.09763,148,906.770582
259.84952,167,906.770625
61.50122,136,906.804374
50.72484,130,906.844913
296.89996,283,906.878139
254.53046,213,907.112526
293.38766,177,907.125243
265.83923,172,907.12529
294.0834,250,907.14955
52.206512,112,907.227868
32.636627,106,907.237102
52.570267,113,907.307382
45.988205,171,907.468149
16.145348,98,907.51673
293.4494,396,907.571158
15.989044,109,907.575508
-3.1884384,83,907.580038
303.38144,327,907.607364
45.585648,212,907.615039
61.573654,87,907.667112
315.7942,404,907.692137
270.51465,198,907.692187
286.70685,306,907.708159
263.7091,289,907.737165
262.55792,586,908.038968
43.061905,139,908.056129
299.5834,229,908.082972
75.27165,132,908.138576
60.274994,138,908.157415
61.506348,131,908.22446
53.55757,124,908.26446
300.7564,269,908.276833
58.87201,184,908.295288
289.70065,175,908.315387
278.8758,179,908.370654
266.03442,168,908.406935
78.43924,101,908.473761
266.66278,207,908.491189
29.99858,87,908.529092
278.72852,314,908.555756
276.13254,204,908.582155
27.520073,109,908.607989
39.06372,145,908.67839
27.866463,95,908.722536
30.252258,122,908.815567
28.711807,85,908.850973
37.426834,117,908.874343
54.069534,82,908.929764
261.22308,297,908.958451
56.794983,123,909.051907
20.483795,102,909.111242
65.468796,120,909.116273
274.36572,245,909.130548
288.83615,181,909.179287
315.10953,230,909.245301
280.11118,240,909.245351
292.5216,183,909.250299
279.83386,229,909.255483
310.09555,221,909.480519
50.04425,161,909.528035
265.1832,174,909.550282
287.3562,207,909.595966
286.07632,161,909.632365
298.03873,152,909.754384
40.276657,121,909.763371
44.2995,129,909.787085
284.90063,226,909.826811
285.41534,197,910.005493
68.90283,108,910.049005
258.4913,193,910.058348
64.33644,135,910.095724
253.24529,250,910.099721
32.36148,115,910.116266
64.20015,107,910.206746
35.78694,101,910.246479
64.133514,136,910.32033
283.40662,333,910.325108
310.6115,290,910.325151
19.978912,106,910.446934
50.096832,88,910.46684
32.12062,107,910.510953
46.153015,116,910.539072
290.77368,183,910.555354
14.28598,106,910.563943
280.90662,266,910.607735
298.81876,252,910.611865
295.53247,364,910.659616
34.513855,111,910.801082
36.709305,118,910.826599
44.372955,137,910.833612
38.359665,92,910.84168
58.204803,75,910.857344
30.809052,101,910.980304
32.52571,116,911.097647
37.49733,113,911.128234
296.18945,238,911.205977
301.27295,474,911.229235
251.84988,274,911.242077
258.32056,219,911.242117
296.5668,163,911.281284
58.50447,108,911.298832
48.312134,140,911.370835
71.430984,143,911.419649
35.169464,100,911.543313
294.4374,277,911.626076
30.6577,107,911.650147
16.299149,101,911.662278
303.42178,208,911.699122
11.503845,114,911.70437
26.223724,110,911.742317
262.7326,188,911.762279
292.3979,301,911.767188
32.135757,94,911.774395
296.33188,170,911.81035
38.235916,126,912.159139
14.002396,94,912.199369
25.68367,119,912.208102
49.57039,122,912.277412
298.7027,150,912.28564
300.98706,255,912.318182
299.37622,213,912.322266
269.18848,172,912.436306
279.88312,210,912.436352
299.1413,385,912.441329
39.80815,110,912.621925
49.48784,104,912.648346
303.91122,245,912.697036
70.02309,112,912.785128
306.16785,242,912.789887
40.367233,149,912.909526
54.003784,119,912.934723
58.22667,108,913.08393
244.99329,162,913.117604
54.81064,113,913.129135
299.5927,196,913.150029
305.95074,617,913.157166
38.91246,111,913.173671
63.1418,113,913.272158
272.84863,288,913.417744
25.893509,122,913.42972
293.77927,512,913.457227
73.30322,81,913.465854
275.4748,247,913.474304
15.295151,94,913.478555
48.951263,134,913.504284
21.60122,96,913.560599
34.608383,106,913.560634
305.8758,201,913.63856
11.547722,105,913.704978
51.79927,93,913.816815
279.2376,501,913.856117
27.275345,73,913.86496
284.08566,500,913.873003
50.396057,112,913.937373
54.184784,113,913.973246
46.519806,132,914.023596
55.016647,145,914.064508
62.20755,122,914.069633
32.50235,124,914.153843
68.1716,90,914.234638
290.39117,274,914.310192
291.67334,280,914.314793
293.38397,218,914.322915
265.8797,204,914.322943
258.30243,493,914.343089
61.90329,157,914.355479
47.07094,129,914.405622
56.436676,121,914.517812
64.45892,179,914.589542
49.034637,83,914.6508
32.873703,93,914.724831
-1.8423462,105,914.751361
16.439034,103,914.775855
65.46675,141,914.812155
39.767136,124,914.81589
40.859985,102,914.820544
11.440369,93,915.031027
269.5194,299,915.044161
273.7884,262,915.044216
301.586,239,915.04423
273.36584,181,915.059578
55.46733,88,915.110764
34.812347,118,915.21654
21.2873,97,915.23083
61.447952,159,915.258209
41.972855,114,915.296075
285.43506,298,915.300779
277.8386,278,915.309237
38.84349,130,915.367728
52.01204,87,915.420955
40.845367,88,915.425555
45.451508,85,915.42959
56.956238,93,915.449087
21.454834,109,915.51173
306.85706,399,915.605328
302.97668,262,915.62478
28.913681,127,915.670599
44.76944,86,915.675531
30.57602,76,915.763998
45.112823,132,915.798504
68.386505,91,915.83651
51.385605,146,915.926091
34.715286,121,916.011667
38.12784,87,916.026858
285.6834,298,916.035519
25.747505,119,916.117798
275.07092,209,916.17504
276.42188,220,916.183882
293.6872,183,916.196309
57.36299,149,916.220618
273.94537,196,916.243887
34.73883,102,916.432489
250.82584,186,916.43723
60.8403,142,916.513386
63.99681,164,916.513435
6.870392,110,916.641586
260.28162,328,916.743013
38.740494,129,916.758896
37.64708,91,916.817974
278.28632,403,916.907304
248.80338,210,916.907351
263.84918,190,916.907361
267.20972,164,916.927986
268.20135,273,916.92802
261.35782,222,916.953341
294.92828,290,916.966486
69.95235,129,917.055356
42.55313,75,917.219695
302.608,271,917.323014
35.348755,102,917.330736
22.010391,99,917.339853
16.606827,103,917.39623
283.38004,169,917.623112
15.041023,134,917.623175
312.59845,206,917.628856
278.9867,165,917.628902
266.21527,265,917.633678
40.53334,110,917.799775
58.281693,131,917.881489
264.01227,296,917.885951
253.47476,282,917.932068
57.3609,132,917.95906
53.50789,90,918.00253
282.61902,285,918.02465
68.115234,161,918.028641
53.605286,102,918.053668
48.961258,127,918.159785
268.22977,483,918.200688
58.586594,136,918.200724
285.1819,233,918.204608
62.23973,139,918.208638
50.916428,94,918.273226
67.38359,80,918.348907
62.393723,118,918.413101
40.796417,93,918.428327
261.60135,367,918.484579
44.664246,116,918.498847
267.9673,191,918.590444
263.35327,173,918.599293
43.569763,114,918.670722
53.12262,126,918.713612
62.64334,150,918.772434
32.625854,142,918.780951
14.284721,127,918.792499
32.336136,109,918.797063
267.56317,249,918.97335
287.7262,238,918.973399
35.330963,101,919.009408
241.40346,630,919.052903
282.81537,154,919.110155
271.49112,171,919.126334
37.69577,102,919.189612
74.447754,151,919.28879
42.003876,132,919.309243
58.63112,127,919.31371
293.4492,179,919.322602
268.83124,276,919.326766
282.91766,223,919.326791
271.9836,165,919.394002
275.74088,150,919.406065
13.165848,108,919.41905
48.292557,103,919.478978
290.90497,254,919.543189
69.21701,154,919.651562
60.742996,123,919.716864
61.272156,158,919.788821
36.588318,106,919.788866
46.11377,112,919.802016
265.2154,173,919.865214
68.627304,113,919.883739
6.1641083,109,919.891861
51.685898,148,919.959125
258.91083,175,920.03219
59.508698,144,920.158587
65.888214,108,920.171092
18.151825,100,920.212026
13.454765,99,920.274155
26.15496,115,920.361721
283.4754,345,920.414385
273.74677,240,920.414445
271.05054,226,920.436406
260.54852,186,920.436464
275.2527,267,920.436478
44.503357,106,920.47266
54.21782,172,920.496951
67.62109,99,920.580541
270.3606,153,920.593046
247.92203,175,920.604771
309.3814,313,920.640448
47.455093,122,920.664417
301.3288,240,920.778534
45.863052,119,920.860759
41.683243,118,920.922948
39.845703,114,921.074018
82.89386,136,921.183294
281.46036,181,921.183342
69.91649,133,921.203551
247.44435,241,921.223212
262.63916,201,921.285502
48.429718,118,921.285548
292.80396,220,921.348823
33.30316,97,921.586187
273.42676,159,921.60222
311.77094,270,921.610497
316.66095,225,921.61534
5.2473297,93,921.674575
39.73419,144,921.78297
302.66574,310,921.799541
301.99738,242,921.880505
268.18866,319,921.931946
240.36552,394,921.936905
287.541,203,921.93696
266.3514,181,921.997936
264.38702,191,922.022059
43.294205,117,922.18851
56.496475,156,922.275957
294.50555,448,922.355881
265.79608,185,922.432049
259.31454,171,922.551601
298.24268,215,922.561392
67.20772,168,922.685101
311.50995,333,922.731629
59.13304,135,922.779235
54.088257,110,922.896861
288.81247,209,922.905625
262.59793,161,922.968646
262.39087,170,923.076716
287.9391,259,923.135363
273.044,325,923.211337
277.44757,169,923.260643
248.32434,195,923.362478
293.96863,334,923.372095
278.01733,209,923.597323
307.222,225,923.621113
257.7964,398,923.639328
307.0968,541,923.660045
58.68129,146,923.745049
302.12314,205,923.761753
270.0735,192,923.767445
274.63934,208,923.767477
294.42816,513,923.797607
67.72661,140,923.855673
60.260635,137,923.951695
47.634247,142,923.964711
284.58936,214,923.976167
280.48532,187,923.996658
45.586517,94,923.996686
30.485077,93,924.01384
35.000473,108,924.309594
48.069016,94,924.351743
41.945786,142,924.405488
277.4519,179,924.421195
59.377625,118,924.497908
266.76706,416,924.525487
281.38055,221,924.572056
288.693,197,924.580863
256.143,192,924.580893
273.5913,167,924.701108
285.16205,235,924.754514
285.26135,181,924.774616
310.364,254,924.836134
296.38184,693,924.836193
284.005,209,924.839929
290.6999,245,924.99752
264.44583,161,925.013039
273.3572,155,925.036371
40.232544,120,925.069966
46.548416,131,925.107549
41.063965,146,925.123128
294.42328,222,925.223445
285.0772,197,925.223492
52.005615,106,925.269164
5.601532,84,925.340361
46.182785,135,925.385346
292.98724,255,925.543738
41.469025,107,925.548494
289.86157,191,925.556653
27.619865,109,925.574984
283.62732,212,925.6242
298.6659,256,925.632994
298.5466,232,925.653914
53.725708,118,925.831242
63.531387,138,925.83868
291.90265,256,925.892708
23.983665,102,925.999426
287.60452,232,926.187008
303.65427,284,926.187057
279.65396,194,926.19305
260.1587,167,926.236665
273.13986,148,926.264186
279.23474,308,926.309339
279.33575,186,926.317551
266.29404,190,926.342064
265.5385,168,926.537073
291.41144,158,926.556725
295.70654,181,926.597857
315.5854,231,926.597898
293.47235,337,926.631858
301.84424,264,926.72464
44.588898,117,927.022034
261.03656,207,927.060893
294.51584,224,927.125214
313.05585,206,927.130402
300.1528,506,927.177199
289.14722,213,927.238782
289.8254,226,927.267185
253.44405,264,927.291303
252.4509,173,927.356011
280.14307,324,927.356056
299.76135,248,927.356065
272.87503,267,927.359892
294.27762,226,927.538153
287.8316,234,927.572376
258.4677,219,927.634639
17.411537,97,927.671006
40.275574,121,927.679684
280.11404,185,927.825069
55.04634,133,927.841484
266.8155,175,927.855199
75.39661,129,927.884524
286.81995,210,927.892744
263.57312,202,927.964457
278.85052,163,928.03056
271.48373,167,928.043723
53.684875,133,928.230137
284.30542,213,928.235164
22.898735,111,928.287911
32.138733,113,928.353059
55.620483,103,928.454536
290.41046,296,928.463347
285.8997,204,928.482162
260.24423,148,928.651156
266.91953,205,928.693004
37.115387,103,928.712588
280.91885,209,928.721099
16.833374,126,928.761075
42.09871,118,928.84954
270.86725,183,928.997912
306.58374,586,928.99797
313.34137,350,928.997984
268.9227,318,928.997995
284.33496,342,928.998005
24.390785,100,929.119121
259.17038,278,929.128038
279.34424,201,929.305111
268.20804,353,929.365784
269.10382,214,929.379355
26.320534,93,929.383288
50.65477,119,929.486682
45.470642,130,929.532373
274.11725,204,929.56358
307.89798,215,929.616634
262.42874,231,929.616669
261.8058,279,929.616678
46.058304,107,929.819778
301.3058,256,929.819838
260.18646,205,929.846136
271.3615,241,929.850669
308.71222,207,929.855362
54.643677,142,929.954555
12.184242,97,930.027662
48.048187,121,930.041737
28.21428,133,930.046915
47.694565,122,930.079451
41.630524,117,930.110477
297.36768,194,930.185046
261.71307,260,930.198302
277.83636,214,930.198345
40.615936,121,930.35708
286.0937,178,930.364839
50.42775,90,930.399029
59.748535,142,930.432159
50.68358,97,930.442341
78.19531,98,930.482642
20.76783,112,930.505682
61.02475,135,930.517543
23.29467,101,930.530256
83.17215,86,930.54459
251.67072,176,930.561545
271.79364,348,930.573184
258.1124,185,930.595818
70.71861,148,930.803808
33.039413,120,930.85373
277.71295,256,930.930253
68.79985,109,930.946973
41.706833,138,931.029723
45.66577,130,931.057306
258.37152,168,931.07558
277.52567,217,931.123832
281.48987,165,931.149853
280.52222,222,931.34498
286.17145,194,931.387035
252.01979,209,931.410046
270.14786,203,931.410095
263.20395,209,931.422989
41.60637,132,931.509452
302.61606,229,931.547159
290.1347,170,931.656457
313.32996,252,931.675414
45.68785,132,931.704613
49.17685,152,931.758965
285.64566,233,931.852995
277.98334,185,931.86184
15.557343,105,931.865802
36.060944,94,932.052981
50.356934,92,932.061582
303.09998,249,932.090761
275.26898,168,932.12013
300.0077,311,932.145237
28.776382,111,932.17703
257.47485,198,932.190496
308.98877,276,932.240366
271.57407,200,932.24761
39.468033,129,932.320595
54.427643,111,932.351962
256.99808,187,932.360345
316.315,197,932.367702
26.673042,103,932.544215
305.901,268,932.562528
35.479706,96,932.567096
62.81955,99,932.673632
73.45688,142,932.737247
14.761742,98,932.951229
5.3520966,100,932.980125
309.65082,263,932.988985
28.659607,115,933.042426
285.49457,207,933.061803
304.23743,286,933.079503
303.80243,211,933.092773
265.10406,175,933.101176
262.4686,245,933.11539
292.8382,256,933.162705
260.85895,190,933.171738
-446.1034,101,933.175441
308.65527,194,933.180004
287.7901,183,933.447335
49.162506,121,933.471857
59.898514,95,933.515456
40.339584,104,933.521512
62.255722,138,933.580429
54.547775,103,933.596305
60.364838,128,933.604281
54.720062,135,933.61621
42.30365,129,933.65124
323.15216,173,933.721646
278.64435,137,933.757281
86.74507,141,934.063534
50.929276,132,934.159208
-3.111969,134,934.15926
295.4781,176,934.254191
280.33337,465,934.285042
264.65924,200,934.285091
306.02283,269,934.285105
277.1836,283,934.285116
260.7981,268,934.294464
281.43768,210,934.405549
253.85345,196,934.405603
270.4354,163,934.405613
269.83936,185,934.425483
80.58067,88,934.619939
59.207138,155,934.709671
66.871704,108,934.741211
268.83405,275,934.76494
262.74023,603,934.7826
54.824646,126,934.805678
66.36168,115,934.877851
36.760162,112,934.888316
28.70076,117,934.888365
285.53607,151,934.913918
271.9447,283,934.929365
55.355484,137,934.970062
265.22437,195,934.970097
44.80371,101,935.039907
311.76227,230,935.116282
34.759506,94,935.131588
274.18158,205,935.137363
283.55658,206,935.141977
68.018234,109,935.347236
63.98349,151,935.352071
52.728638,139,935.491323
292.11407,174,935.536133
275.7363,192,935.591203
44.964752,132,935.61741
33.9718,138,935.719568
274.4344,202,935.796411
315.7973,195,935.807971
46.92833,116,935.849486
47.990463,127,935.890913
293.7043,250,935.963781
60.656525,100,936.014371
49.72792,128,936.032682
311.20538,214,936.058769
300.93414,267,936.058818
311.3416,214,936.063383
316.4179,215,936.072241
291.55328,260,936.087765
303.52576,300,936.092357
30.795853,111,936.190338
60.110855,77,936.386377
302.28418,186,936.408072
57.18036,134,936.420017
52.26416,109,936.477763
36.6837,113,936.569202
52.44194,129,936.614038
30.914505,145,936.642076
278.6627,185,936.671431
276.81384,270,936.671469
310.24042,209,936.680344
35.012283,142,936.688238
58.818558,131,936.74051
57.944473,135,936.98082
291.35663,243,936.980867
307.36426,222,936.993015
258.26746,294,937.048113
27.502815,104,937.082038
55.45816,163,937.089976
44.41594,106,937.128142
273.59552,275,937.211129
247.0647,154,937.211186
37.063675,130,937.223046
10.7341385,95,937.479903
69.05202,132,937.53694
282.89243,208,937.545649
48.135086,137,937.56975
40.513092,102,937.647599
37.657516,113,937.706244
271.03766,193,937.799047
261.1662,178,937.803375
243.71637,262,937.845608
285.65692,278,937.845643
245.65768,294,937.855081
309.5683,357,937.889359
283.22443,342,937.920622
63.402542,93,937.939381
30.684341,114,938.05627
290.1537,216,938.130904
22.097633,93,938.314359
65.2861,115,938.335332
48.20291,115,938.335368
8.991356,97,938.347494
35.84526,78,938.388891
34.061295,121,938.403437
288.6731,300,938.403467
286.4707,215,938.403477
287.5103,201,938.403484
259.13538,312,938.40349
265.0041,178,938.403497
246.43439,171,938.519976
49.00502,92,938.774305
33.826843,115,938.781775
318.42108,243,938.862727
36.445663,127,938.862772
34.060623,107,938.956229
269.13275,202,938.964517
256.14978,279,938.964542
11.135246,93,939.157162
272.78864,206,939.231418
309.8373,238,939.303195
70.07434,86,939.312112
301.6079,227,939.323464
282.24805,391,939.323493
263.8747,227,939.323503
276.10638,243,939.32351
302.07983,231,939.341134
-19.230202,123,939.364875
37.94261,130,939.393598
33.83188,126,939.475637
312.7023,224,939.694292
282.75165,320,939.698589
53.14029,88,939.707359
47.6176,77,939.715091
48.654434,111,939.777103
64.50896,118,939.816022
285.42865,149,939.860786
297.67126,365,939.902215
271.57025,231,939.911115
32.327026,116,939.963997
256.3211,158,940.03373
52.730026,107,940.147357
253.62808,243,940.180252
278.18048,203,940.180293
263.97754,221,940.233863
268.0598,216,940.233914
40.168518,139,940.30551
35.74408,133,940.337369
318.8657,260,940.423736
295.50842,176,940.447498
61.261078,106,940.622087
264.70258,173,940.631054
282.70493,219,940.631081
286.67432,174,940.644906
303.28284,196,940.686956
286.4842,210,940.703714
300.7387,172,940.751203
270.70844,198,940.798986
273.1574,224,941.084411
306.67432,204,941.08447
290.6507,204,941.084485
42.2442,125,941.15081
46.143677,124,941.160057
288.9135,221,941.224081
309.31552,226,941.275742
309.04156,207,941.275799
251.8822,152,941.314828
307.52655,213,941.326378
312.4132,210,941.504477
27.644005,114,941.560544
259.378,358,941.667109
249.03769,252,941.667152
32.896072,111,941.683866
296.69577,230,941.703984
291.38324,219,941.704012
308.88696,257,941.764325
252.76788,154,941.784302
300.4652,176,941.808038
301.27148,177,941.813179
51.73198,132,941.823514
268.41437,173,941.995823
43.1707,115,942.158034
275.49146,200,942.170138
49.69493,89,942.199238
261.81128,146,942.285811
278.19284,186,942.285861
265.55142,236,942.306751
272.6369,212,942.445989
39.301636,90,942.530451
253.4317,203,942.5407
75.40256,91,942.661924
267.53094,241,942.714909
274.47882,230,942.754398
284.32825,224,942.754436
261.4796,228,942.788982
298.1313,150,942.909849
290.28564,132,943.00161
50.780426,94,943.058617
306.88242,294,943.232966
311.30536,258,943.246414
265.41766,371,943.323792
307.0237,390,943.339956
272.7869,524,943.348188
299.11603,201,943.368385
263.8291,156,943.435322
287.7823,166,943.448119
301.33038,258,943.791454
221.82834,385,943.800009
306.0818,214,943.800041
298.35324,195,943.808382
248.70529,306,943.812745
277.4629,198,943.876194
258.9181,163,943.923169
255.54785,166,944.028645
280.56232,145,944.036904
258.88623,163,944.045216
290.8463,168,944.045271
229.42247,425,944.07252
65.45804,124,944.312196
288.02814,219,944.359967
295.79028,261,944.415381
37.459564,131,944.473414
252.75461,148,944.648862
316.72516,201,944.716599
279.1161,161,944.716646
238.83844,357,944.716655
278.1665,155,944.723
260.93066,219,944.723028
254.01875,487,944.7837
313.4721,221,944.964121
295.42645,282,944.964172
255.6644,278,944.968542
306.79147,231,944.99732
301.4436,197,945.275016
56.14009,133,945.32289
274.3259,373,945.339703
290.2611,227,945.339746
250.65349,153,945.339763
317.26242,249,945.339776
242.7772,155,945.349555
46.998474,112,945.421149
292.19333,177,945.716987
312.5555,266,945.736643
258.52008,249,945.73668
300.34442,335,945.73669
318.03934,261,945.790678
283.67374,260,946.024862
278.462,165,946.024928
302.8477,353,946.167406
253.5326,210,946.203413
283.5869,212,946.211391
309.54413,219,946.238776
305.6848,231,946.270515
249.42545,319,946.270561
318.77664,248,946.292446
288.1051,240,946.326111
268.25974,182,946.486271
290.4153,186,946.505285
284.88312,193,946.534356
313.91418,204,946.56476
272.16885,199,946.615473
250.65182,163,946.705764
296.338,156,946.923306
246.61375,149,946.948397
262.32056,174,946.995478
274.48376,223,947.086407
307.19116,257,947.301953
303.07062,173,947.32234
240.03514,317,947.337794
306.04047,215,947.374272
290.03534,270,947.411184
298.961,215,947.419192
301.1889,218,947.460742
289.445,310,947.484784
298.34943,174,947.666789
283.1494,180,947.666846
35.019913,110,947.883936
294.47162,213,947.883986
206.28029,620,947.984756
273.5728,176,948.035983
252.99493,189,948.250577
303.55554,219,948.250629
313.97507,222,948.250639
234.33908,279,948.250646
30.942093,90,948.255726
312.5957,213,948.305521
253.09027,447,948.361719
288.2149,266,948.596667
55.896606,151,948.665248
291.00937,214,948.773871
299.54892,205,949.1192
180.94975,698,949.128179
255.38052,275,949.148526
295.50024,211,949.148559
286.9772,356,949.169291
308.96442,254,949.33649
264.6671,194,949.429093
233.67677,493,949.453135
183.95573,676,949.542935
319.43518,229,949.649205
283.14554,333,949.667685
291.69272,170,949.86473
280.81458,167,949.870908
283.9514,174,950.171849
239.21312,641,950.373899
258.866,218,950.373948
300.3519,173,950.37854
289.69305,291,950.378567
234.2115,509,950.407501
232.73764,497,950.469925
284.2126,228,950.626607
296.3913,185,950.638189
212.74426,560,950.675
233.74101,447,950.675049
248.99292,343,950.776768
269.13,177,950.899053
248.55206,172,951.102857
288.37,151,951.102907
288.29144,197,951.243236
313.4016,232,951.354506
270.02808,177,951.385133
263.0792,180,951.389432
294.48853,241,951.393931
268.16876,182,951.669418
305.23178,238,951.669485
279.77783,180,951.847618
294.9263,326,952.029948
280.93573,158,952.0398
206.06859,694,952.085388
257.91443,236,952.085453
299.89545,190,952.139386
297.66037,183,952.143993
177.8735,721,952.152966
240.43681,578,952.271054
259.32495,238,952.365746
243.14961,325,952.579404
297.35492,225,952.595367
300.06512,235,952.636136
282.91583,218,952.746467
284.81256,174,952.794866
288.08524,213,952.954569
282.79556,205,952.980392
281.29416,203,952.980444
300.43115,206,952.980458
310.7471,229,952.980469
200.43498,632,953.002388
190.0986,838,953.031632
273.79498,172,953.066839
271.76025,252,953.066869
189.28032,556,953.084217
275.15323,226,953.51126
291.33435,203,953.585901
278.55945,197,953.612849
63.531174,147,953.612885
253.46045,140,953.651888
261.47623,291,953.802749
316.40796,203,953.802794
267.52942,197,953.802804
270.0558,185,953.802811
281.011,201,953.821056
276.33856,202,953.825294
40.373093,94,953.981225
315.17014,225,954.006732
276.66046,281,954.146419
255.28938,484,954.269326
36.560593,140,954.380938
220.44757,436,954.443769
252.72401,155,954.443817
34.512787,113,954.447783
252.83669,203,954.493561
275.73383,339,954.493603
280.07852,177,954.548114
283.63123,185,954.564773
266.37772,288,954.706876
267.5905,244,954.810613
289.9174,197,954.819926
303.7633,254,954.873605
-20.848717,98,954.901226
72.47479,123,954.957659
277.43707,371,955.16067
287.523,200,955.2163
235.3859,387,955.22601
305.35828,269,955.275727
268.87463,231,955.417042
269.77176,274,955.417104
315.9601,233,955.422143
55.74637,138,955.557319
296.68097,246,955.617858
313.05878,270,955.640777
301.64774,204,955.772255
304.4098,302,955.829302
294.33344,237,955.829348
286.68805,224,955.829359
307.5573,191,956.027808
268.35638,181,956.040307
261.10434,214,956.064475
281.9601,199,956.069569
289.88214,334,956.123695
308.169,167,956.128267
32.77556,130,956.377639
242.93968,388,956.457217
287.30817,245,956.457287
300.40936,219,956.473197
258.17447,171,956.498287
291.0539,237,956.635806
72.76224,166,956.775996
301.21466,187,956.855779
280.133,185,956.902379
256.26526,351,956.906533
250.56053,208,956.918103
295.57886,302,957.097638
40.987778,90,957.275606
322.3387,302,957.297144
298.70477,193,957.297182
312.2729,279,957.297191
293.81677,212,957.341216
282.0598,212,957.341261
267.05276,232,957.345904
276.9405,212,957.354325
228.88673,419,957.367229
268.34946,185,957.621865
316.64386,187,957.695392
52.778656,84,957.717351
271.29303,205,957.759218
7.7327423,107,957.806298
27.336601,117,957.836243
293.44806,309,957.92339
264.4369,140,957.93459
252.03157,325,958.130884
259.77008,190,958.145067
271.89703,203,958.153883
296.367,253,958.360125
311.9144,287,958.480234
252.34343,188,958.507364
275.3898,181,958.519237
266.72607,194,958.733027
66.80107,84,958.821185
215.59586,752,958.96845
235.86552,469,959.049334
273.48572,222,959.049386
299.95026,218,959.049396
40.411453,95,959.211578
59.449875,135,959.285869
305.97485,415,959.354062
291.60803,242,959.358752
269.89862,222,959.425249
273.13156,517,959.451468
239.53604,396,959.4515
258.38477,321,959.473054
67.58862,120,959.473111
250.55597,445,959.548372
213.62563,485,959.848646
242.2097,461,959.8487
300.17062,192,959.848714
297.92242,194,959.856932
271.27167,200,959.882149
289.679,176,959.9592
258.1666,196,960.191925
289.6456,194,960.253021
277.8974,223,960.416166
282.97186,270,960.436114
38.350388,129,960.441438
286.66107,233,960.463089
62.69615,92,960.575686
273.40326,267,960.580391
245.53836,267,960.580436
282.5962,172,960.585377
322.1963,255,960.627618
279.013,310,960.667959
308.9521,220,960.79324
291.8166,233,960.850814
54.840652,119,961.075609
58.696777,119,961.079464
274.87952,613,961.084166
265.47955,271,961.097287
305.21735,159,961.097316
237.5871,230,961.20831
293.12112,198,961.260607
301.56805,253,961.463667
246.90225,157,961.492132
306.92148,224,961.504125
288.89172,227,961.515092
314.83496,251,961.704623
47.35559,129,961.796759
293.32132,199,961.918487
261.11823,204,961.923034
312.03418,207,961.931935
282.84436,503,961.955702
220.06764,296,962.01139
255.65454,227,962.03447
233.82986,370,962.16749
294.97336,163,962.194662
272.58856,242,962.221366
256.22858,302,962.344365
298.9476,454,962.352724
288.9368,213,962.360979
31.67891,112,962.393929
311.85767,219,962.415771
40.676895,98,962.601327
61.78665,136,962.610281
51.188583,109,962.629498
259.3623,198,962.629533
277.06357,231,962.679054
315.96442,276,962.679114
294.16916,183,962.708506
267.51254,174,962.753683
279.31732,223,962.898924
288.08142,231,962.898974
257.31714,151,962.989275
275.08246,140,963.006349
55.9637,141,963.218824
54.355377,140,963.259991
272.82288,221,963.32266
261.48743,233,963.33788
293.83197,275,963.369926
279.42618,212,963.495351
255.4674,331,963.724475
271.27405,252,963.724521
279.4525,242,963.908696
307.11194,242,963.908746
283.12537,221,963.908756
273.6318,310,963.908764
290.74323,288,963.90877
273.73785,293,964.215682
37.867554,120,964.220471
276.47238,249,964.370855
292.8019,241,964.3709
315.9187,213,964.375057
276.71136,393,964.385679
283.9865,256,964.38574
274.57352,460,964.561607
282.54282,314,964.582774
234.08498,327,964.597035
73.7737,179,964.666962
276.22107,200,964.756066
275.16504,234,964.907752
32.707,123,964.911716
249.84251,249,964.968929
32.514053,108,965.053825
240.75002,238,965.234931
263.73288,208,965.268469
270.2967,247,965.268517
7.02787,125,965.27602
315.66156,246,965.415472
240.69438,406,965.435918
236.9095,278,965.555942
48.139694,127,965.57375
282.10745,316,965.705333
298.08813,186,965.733271
310.42908,285,965.750261
257.27167,205,965.754732
290.34485,206,965.754759
24.442383,115,965.912585
259.35464,320,965.916876
292.98907,488,965.952708
49.220764,175,966.001976
273.18756,186,966.00613
36.13742,109,966.183401
66.881714,93,966.294127
293.09192,261,966.343349
275.87946,193,966.351642
54.567245,158,966.553976
273.97006,213,966.579151
60.83023,149,966.609931
260.80453,300,966.649107
306.26044,351,966.717648
288.49646,237,966.727122
31.065598,127,966.822082
34.776367,122,966.859171
284.54675,354,967.032955
256.3698,268,967.053161
281.4221,344,967.166773
315.05087,296,967.217163
269.67764,258,967.241402
54.624268,146,967.315297
44.194992,150,967.475248
288.9721,305,967.600805
281.17175,247,967.600853
260.5202,248,967.639133
243.6511,199,967.639194
298.97345,458,967.639208
266.92554,241,967.644594
279.54285,252,967.758338
270.24316,776,967.868778
39.387634,112,967.931872
245.54555,231,968.000402
250.44873,246,968.040137
288.27737,200,968.134504
300.03018,386,968.141801
41.145508,125,968.150407
34.677933,128,968.158526
290.56653,284,968.378006
50.16919,131,968.470531
281.65585,230,968.544162
285.8534,239,968.614895
268.82562,225,968.680259
262.1068,255,968.680307
281.20935,265,968.684941
246.07695,378,968.79012
285.12473,154,968.790168
249.63225,243,968.861768
245.79979,221,968.906495
23.48552,117,968.954946
278.22968,202,968.975589
297.1529,228,968.988293
62.112946,147,968.997321
29.747131,100,969.036525
265.6592,148,969.163791
306.65134,276,969.289425
302.3604,275,969.294709
243.019,150,969.314496
269.08902,151,969.314531
64.56447,142,969.558173
267.1321,238,969.667937
-12.537216,108,969.729763
309.6225,247,969.886111
298.31442,220,969.894305
251.71501,215,969.919784
283.6372,252,969.953312
302.14017,330,970.153928
251.74593,291,970.177984
287.1712,249,970.178024
243.65446,732,970.178034
268.00146,298,970.178041
271.5824,336,970.178047
240.94041,217,970.178053
287.86053,214,970.187077
26.24691,89,970.249251
27.630547,126,970.429224
62.58873,77,970.489497
257.28308,318,970.605997
265.8175,265,970.63682
20.951859,116,970.64914
258.58426,238,970.697001
67.49135,134,970.720308
46.207993,126,970.764287
278.25043,216,970.776065
248.90016,284,970.825513
245.77676,165,970.864899
282.8194,178,970.912412
269.6468,290,971.148913
291.83063,252,971.2077
303.72595,250,971.226226
278.08044,250,971.226266
18.265305,109,971.250278
276.23328,215,971.343891
243.2926,143,971.451576
295.81723,222,971.596341
253.88081,259,971.711359
259.6604,232,971.716438
296.00714,290,971.72331
241.7209,223,972.132854
284.80646,305,972.145215
288.15704,216,972.145264
275.18338,359,972.145274
247.35356,223,972.150065
273.3316,345,972.150106
245.4674,358,972.409453
282.75696,204,972.435207
295.69504,256,972.500635
269.9845,193,972.500676
286.63025,418,972.517474
296.97974,328,972.517509
268.69366,214,972.592425
283.52582,149,972.754707
57.743454,116,972.967328
253.33925,216,973.027621
281.1319,144,973.09995
62.487457,136,973.146867
299.2833,161,973.156286
278.6548,260,973.222273
302.21683,261,973.22234
252.74326,408,973.404327
256.25806,240,973.413208
290.8056,535,973.454452
277.6903,164,973.454503
268.2744,223,973.454512
303.10327,510,973.46369
310.99478,248,973.476035
59.367844,131,973.721711
283.26675,385,973.739695
269.45947,187,973.827907
278.11426,417,973.882194
271.11334,163,973.908315
36.381332,129,973.990993
263.32147,207,974.02298
263.77933,263,974.076424
272.50323,217,974.135485
260.71323,177,974.140403
263.62448,167,974.145557
263.2643,169,974.155614
28.82106,138,974.297097
44.85614,138,974.312292
272.38574,266,974.581128
267.8581,277,974.606412
51.02475,108,974.606455
270.26254,179,974.63151
286.3192,193,974.636792
291.4493,153,974.63682
279.30817,383,974.717976
305.69666,172,974.747626
270.25598,321,974.751949
266.96625,247,974.940639
282.1519,215,975.029515
286.40222,217,975.046343
73.20216,108,975.077057
54.85167,119,975.128857
291.971,134,975.162034
265.90607,213,975.182428
264.7902,163,975.282118
266.78644,161,975.382993
287.6593,188,975.409957
30.604568,130,975.474506
260.52014,206,975.600524
276.53687,239,975.74715
274.49982,282,975.757722
283.82062,388,975.762626
23.101944,149,975.789929
245.71793,410,975.798818
35.69792,121,975.897021
35.92389,111,975.949082
274.3555,209,976.003288
254.85115,172,976.003333
272.85388,232,976.003343
295.28058,234,976.027156
-8.242531,89,976.150503
261.1454,263,976.171343
32.06839,107,976.201471
253.44012,477,976.296266
57.31079,124,976.304251
259.4069,291,976.391144
290.0964,206,976.596099
287.3247,172,976.706758
251.39601,173,976.711148
281.82672,314,976.71564
265.5576,234,976.720526
283.82056,177,976.753777
61.061295,141,976.781579
271.03345,225,976.869077
250.52739,171,976.874078
243.86928,145,976.983365
263.76196,312,977.271537
252.4626,410,977.28697
25.417336,112,977.323806
14.602844,111,977.323857
285.42715,157,977.356574
57.42566,150,977.392171
263.8396,190,977.483314
33.284256,140,977.556147
277.09265,219,977.61219
266.5343,326,977.633647
284.67584,215,977.633679
275.62415,362,977.637743
61.553284,93,977.71257
37.47702,122,977.834085
264.2274,379,977.863643
39.11104,108,977.937067
299.7287,306,977.974326
269.56403,166,977.981987
40.624146,177,978.013865
36.318207,99,978.125047
35.206146,119,978.129745
60.916794,122,978.148132
277.52292,195,978.205465
293.19952,588,978.316311
263.81268,182,978.316377
268.08362,418,978.32029
51.488266,171,978.324896
36.40016,121,978.337339
18.699898,122,978.370728
69.41048,106,978.568093
254.01488,229,978.586066
287.4499,303,978.620045
68.772675,90,978.71021
261.52246,178,978.717329
35.663406,104,978.752184
269.41034,177,978.852424
284.9631,216,978.860279
295.6962,180,978.88515
37.846024,133,978.914881
33.399643,90,978.953114
40.87091,108,979.007075
248.12126,184,979.069106
70.41519,88,979.073172
253.98409,199,979.131104
285.5794,226,979.13115
259.17938,198,979.131161
300.0925,288,979.198586
45.787003,101,979.321768
279.79532,141,979.424903
37.986603,119,979.494179
294.87872,164,979.530042
272.20105,224,979.530077
251.19228,162,979.546754
262.5252,212,979.571307
30.192047,124,979.575248
21.227379,113,979.592682
59.176163,116,979.604134
65.075516,142,979.778575
247.29712,174,979.787545
58.335953,127,979.850004
275.4712,276,979.882577
51.667313,88,979.894823
278.77722,189,979.910432
59.187256,85,979.930911
40.827957,130,980.03316
26.276222,128,980.063209
40.97673,119,980.0686
39.69597,116,980.090611
60.2007,153,980.23902
280.1797,558,980.243609
56.869263,118,980.291106
43.595932,96,980.295125
41.69998,100,980.323256
277.79178,187,980.33498
288.93076,333,980.335024
300.29593,216,980.335034
41.354324,141,980.447654
28.491287,99,980.45661
27.513237,112,980.560881
26.932014,128,980.600427
42.84633,134,980.632928
267.62604,221,980.706502
285.28577,191,980.710458
34.541336,96,980.731473
28.381546,125,980.760022
31.907745,119,980.788755
307.19165,207,980.802764
25.170486,91,980.983715
51.557327,156,980.983766
50.636017,132,980.996459
73.79974,102,981.058762
256.78027,202,981.128985
294.00754,193,981.139022
42.351746,90,981.163953
273.16763,173,981.175137
53.16127,99,981.210323
36.196533,115,981.210357
18.716278,111,981.217759
286.4086,158,981.369267
58.81711,114,981.468819
23.653198,120,981.481619
24.206573,137,981.549821
314.40228,244,981.575887
246.55264,322,981.580543
268.03857,209,981.580578
12.813576,131,981.669104
271.95404,160,981.865957
38.570404,127,981.881308
23.42456,104,981.969495
286.53656,223,981.969543
287.85947,186,981.969553
284.61752,186,981.980674
259.67398,211,982.002446
271.43805,205,982.002492
23.298325,121,982.074672
259.07422,192,982.268077
286.1316,474,982.279685
23.442566,101,982.284854
257.7349,175,982.295683
34.01497,91,982.359197
290.72778,180,982.421539
46.309265,125,982.504265
234.94972,333,982.56361
293.62244,261,982.668422
45.303436,107,982.738274
9.744698,107,982.743532
49.468384,93,982.807426
35.055984,130,982.844091
263.93256,204,982.860615
252.75017,356,982.942629
260.92114,153,983.129061
255.9086,254,983.129108
283.8845,317,983.199312
48.79686,133,983.207493
303.15033,293,983.220072
285.59894,301,983.232277
286.96692,216,983.249412
32.795334,141,983.319543
51.461502,148,983.343224
53.0963,109,983.393449
271.72314,295,983.497556
33.047348,159,983.497598
287.474,173,983.518943
269.84778,233,983.518984
48.960205,93,983.519081
38.32109,95,983.601146
284.76117,195,983.658819
60.323425,116,983.679188
19.48619,133,983.769233
293.03918,145,983.832217
26.90789,127,983.8412
47.10138,105,983.922149
22.171753,105,983.944401
20.929214,101,984.012602
284.42673,189,984.028116
229.39787,505,984.065678
274.09415,206,984.188032
283.6441,260,984.202829
21.154175,115,984.318308
79.44212,139,984.346765
275.79938,218,984.399745
62.390656,90,984.408395
27.033936,106,984.459765
290.40817,258,984.459798
17.841225,106,984.508631
268.51147,150,984.553221
287.8831,200,984.665954
59.99684,77,984.673018
267.0678,288,984.717177
37.887665,100,984.821312
295.69,210,984.829432
295.11926,317,984.838256
300.54108,285,984.850207
293.28473,285,984.869454
20.72081,130,984.950155
27.155685,127,984.991297
21.082443,132,985.011771
19.436897,129,985.046853
54.400787,91,985.086716
30.29486,113,985.137552
35.85376,81,985.165787
10.859505,103,985.244006
250.79092,261,985.284195
18.918114,92,985.323371
45.71237,104,985.417023
47.878204,110,985.461216
279.39166,321,985.520418
31.137802,100,985.544995
286.34503,303,985.569589
-18.298737,91,985.614918
22.969086,80,985.651128
5.1831512,112,985.74707
2.077568,76,985.772074
308.7671,234,985.776816
29.53247,120,985.906695
253.16751,341,985.957928
48.89995,120,986.028856
267.99936,237,986.033576
304.89062,286,986.033614
306.3479,281,986.033624
299.58014,332,986.050332
54.712677,119,986.055681
291.70465,236,986.083434
41.85875,101,986.097633
28.624527,128,986.177087
32.478912,102,986.197594
23.677834,96,986.202092
13.665901,72,986.288144
21.353722,98,986.447279
-0.6509476,128,986.459477
30.218521,107,986.484687
43.988174,89,986.561407
29.625458,123,986.565584
22.90187,120,986.574431
9.639877,134,986.590049
293.16693,206,986.644101
-3.251274,94,986.665151
8.758209,116,986.669586
271.1181,179,986.785848
294.72318,181,986.843393
27.546265,96,986.862512
16.605019,102,986.876213
49.60446,95,986.978143
294.74893,236,987.038652
32.365402,108,987.047609
31.028244,85,987.145947
30.110214,124,987.171834
10.95623,151,987.206362
34.717545,90,987.229484
30.370346,94,987.265749
315.8349,266,987.292179
292.69135,419,987.342854
304.7492,209,987.366081
250.46648,220,987.497427
296.878,559,987.523342
18.402359,132,987.602348
14.732971,108,987.667745
34.145905,163,987.672706
288.1173,140,987.766784
288.27805,173,987.78265
49.725327,109,987.803546
307.31165,242,987.898108
263.90363,175,987.996975
281.457,184,988.001051
43.317154,130,988.040257
34.349777,126,988.045015
28.951736,105,988.107223
27.683182,115,988.14575
298.0943,370,988.228416
269.18134,279,988.318894
16.004677,95,988.393045
19.540504,113,988.508299
15.249084,126,988.521537
270.70874,203,988.640596
304.76752,208,988.640655
42.644043,133,988.653754
40.464584,112,988.692391
13.836166,108,988.761349
291.049,247,988.787898
289.8309,506,988.787946
273.85693,290,988.805673
252.09404,168,988.836056
274.8601,193,988.836089
66.57379,83,988.86479
30.418335,83,988.982398
32.871185,90,989.016729
272.20938,415,989.016787
53.473007,85,989.116979
289.56396,187,989.168217
42.167786,104,989.221843
25.447342,102,989.264399
243.32738,189,989.297016
283.36655,346,989.334944
-2.4843292,102,989.414072
228.14825,502,989.460664
296.47803,174,989.515912
319.07544,172,989.591607
295.716,179,989.591655
302.93167,190,989.604166
35.16719,118,989.619623
22.453941,91,989.654327
32.538498,120,989.679132
63.3685,115,989.71127
38.218964,85,989.777004
65.86444,128,989.842536
296.43817,223,989.966704
281.6596,225,989.978038
19.13163,126,990.055903
22.049759,99,990.132792
246.88036,342,990.136395
32.624725,122,990.171839
282.03152,202,990.200562
45.561035,108,990.241699
249.11842,156,990.258354
7.079071,100,990.272681
278.99188,201,990.325807
278.90195,170,990.334598
260.16205,178,990.354753
3.9182358,95,990.371733
26.467659,108,990.43666
53.953094,81,990.517311
17.844574,111,990.5297
286.78232,202,990.538225
39.29695,120,990.644255
14.040375,107,990.648562
53.51416,81,990.69239
266.70557,257,990.708447
46.16919,110,990.88486
262.30212,161,990.908414
-6.6026306,110,991.094872
14.6835785,105,991.136828
288.28632,194,991.174375
286.5451,225,991.205517
267.90717,194,991.32515
266.47528,238,991.325215
287.34863,286,991.459552
290.74927,233,991.514229
283.49826,235,991.514277
44.62079,98,991.587843
286.62408,161,991.587895
29.799744,125,991.739592
235.16347,743,991.784166
289.50354,261,991.784215
293.0416,271,991.784225
295.76294,213,991.784233
268.00815,394,991.789722
51.34967,89,991.887764
276.71826,190,991.903606
75.55995,106,991.903636
46.224976,126,992.118832
277.65088,233,992.123401
56.287292,98,992.149311
61.922653,89,992.158579
26.740135,82,992.243708
315.66565,175,992.243757
35.68889,114,992.262578
289.68884,224,992.266629
36.268723,89,992.274726
61.06279,156,992.425815
304.30225,514,992.462421
42.480972,98,992.549483
290.70496,198,992.603095
58.265762,125,992.630286
37.943726,120,992.647657
274.6374,259,992.665214
256.79553,223,992.710244
26.34935,110,992.714927
261.7511,202,992.719481
60.746445,123,992.746416
274.42496,152,992.746444
280.63858,364,992.834449
55.913666,92,993.00858
307.1162,203,993.100039
291.004,213,993.13016
27.197739,98,993.147403
44.840607,109,993.163348
4.181694,117,993.191325
296.65643,242,993.23527
281.73248,206,993.276071
272.0357,181,993.291867
291.1548,168,993.291895
282.36383,209,993.326488
245.38165,176,993.562058
282.22723,204,993.588733
40.79622,122,993.661999
265.99988,233,993.679049
43.75412,123,993.810063
251.57959,145,993.934746
292.3676,205,993.960723
56.57419,116,994.073785
19.95588,101,994.079068
286.4211,216,994.09621
270.18964,213,994.164924
299.52383,228,994.187796
292.45386,222,994.22196
244.69972,317,994.330137
44.965714,105,994.369601
312.98434,205,994.419302
51.444733,113,994.429557
40.904312,108,994.6703
284.3468,225,994.746249
281.77637,266,994.7826
19.581383,93,994.807319
262.93646,153,994.824119
51.188644,119,994.824157
289.14508,399,994.827897
27.688835,103,994.857588
72.949295,89,995.042242
277.0866,257,995.143184
309.0877,256,995.143246
37.235214,97,995.209385
31.342865,99,995.238218
269.7608,267,995.275509
45.690872,123,995.293247
14.09964,109,995.308932
41.940964,120,995.320688
62.140793,123,995.333222
43.950623,80,995.472824
272.18213,293,995.582613
299.66992,708,995.58267
59.32968,107,995.676193
274.51343,156,995.682982
275.53348,435,995.905764
270.39746,783,995.919094
36.996048,89,995.961934
47.107697,133,996.032279
21.719444,119,996.178928
31.50325,145,996.187277
30.915405,130,996.223922
273.6552,374,996.298197
269.22134,262,996.298244
288.38342,235,996.311271
273.7504,249,996.311304
265.90332,239,996.315243
279.2563,252,996.360584
268.8249,296,996.376601
33.390717,104,996.650256
260.64325,197,996.714911
23.927467,104,996.723938
288.12122,197,996.728294
64.77606,98,996.774715
16.936249,111,996.809349
255.19348,174,997.019891
273.28613,206,997.01994
280.74762,175,997.01995
268.54578,260,997.019957
293.3349,245,997.027328
41.73265,105,997.075757
8.273422,94,997.105635
16.621384,92,997.193031
7.1147795,1000,997.282245
42.753113,121,997.526766
45.195984,123,997.534769
47.040543,118,997.566588
15.0262985,95,997.671391
62.836,125,997.703261
291.14777,167,997.724252
250.35066,378,997.847781
266.23657,273,997.847839
287.07397,404,997.847853
273.51126,276,997.847864
271.93384,232,997.984578
283.87225,295,997.989379
24.361534,135,998.089622
301.81766,245,998.12441
43.541992,99,998.137079
274.60785,270,998.147447
274.28958,156,998.218009
43.489944,136,998.271915
31.742477,108,998.301117
46.78293,123,998.363322
13.385513,95,998.38023
1.6815186,104,998.514861
10.543808,95,998.526248
271.4536,552,998.581729
287.839,236,998.643787
30.960587,115,998.685085
17.365417,109,998.824535
62.46019,88,998.942477
37.292145,167,998.949751
262.02216,205,998.96288
48.705917,89,999.049879
36.861694,136,999.204088
63.999847,93,999.207918
290.38263,354,999.309084
287.40253,287,999.323752
291.86038,357,999.323815
250.4989,250,999.329301
268.1399,435,999.329338
279.48645,235,999.329347
7.732506,94,999.334546
274.47885,326,999.334581
63.85664,1000,999.418797
32.667923,110,999.503072
35.539185,142,999.554466
276.71786,254,999.573817
266.22974,161,999.616933
5.7313538,106,999.764159
36.090607,112,999.797052
58.89868,145,999.808318
66.956314,147,999.812728
20.022842,80,999.905477
6.0217285,105,999.944961
15.077225,86,999.97961
37.116318,160,1000.08773
28.167816,137,1000.128781
44.297226,87,1000.133901
24.179237,100,1000.230938
26.524277,109,1000.281158
239.11673,246,1000.363229
307.39392,251,1000.389349
242.6787,250,1000.389403
19.952866,108,1000.440382
39.58571,78,1000.551444
36.258133,145,1000.561079
297.41107,300,1000.573935
252.76515,314,1000.646915
28.038116,138,1000.709613
24.112633,113,1000.848278
26.055717,116,1000.915999
42.240936,144,1000.986546
265.07947,258,1000.994317
34.64534,152,1000.99435
9.462036,102,1000.998401
-6.48687,91,1001.092971
39.521683,130,1001.104743
56.97293,152,1001.185964
291.89587,219,1001.190855
228.7502,255,1001.203201
15.026657,89,1001.365332
270.04004,312,1001.398387
6.611992,98,1001.407191
-19.47892,105,1001.434435
38.99974,118,1001.592442
49.46582,137,1001.659852
29.901367,116,1001.672661
19.999046,131,1001.730665
18.12606,133,1001.753945
16.538261,89,1001.774091
290.80255,288,1001.843287
297.1524,250,1001.890069
9.755127,130,1001.966977
19.440315,149,1001.97832
38.737305,113,1002.057994
39.43164,87,1002.085636
26.141426,102,1002.090434
280.70996,184,1002.15692
37.92552,103,1002.177001
18.21389,89,1002.209497
24.462563,135,1002.21657
32.52101,109,1002.228501
257.60028,302,1002.242287
9.399559,82,1002.320001
8.332222,110,1002.351182
-3.1200714,79,1002.387243
9.842186,141,1002.558021
17.113304,97,1002.567343
1.7479172,90,1002.618588
5.263817,103,1002.653093
-12.797943,114,1002.662558
66.562805,1000,1002.682928
29.068314,144,1002.695662
23.182487,162,1002.773878
12.549896,120,1002.826225
-0.8775253,149,1002.838163
14.462433,128,1002.886696
241.21077,739,1002.902027
17.397385,138,1002.971868
35.65094,80,1003.014205
17.118645,118,1003.059685
30.496964,126,1003.084773
38.775894,77,1003.093534
47.618225,112,1003.118517
30.67337,123,1003.130232
21.22084,123,1003.17309
12.922462,122,1003.199714
-25.050598,97,1003.228026
22.329224,74,1003.273121
33.472824,110,1003.293659
300.55615,259,1003.306469
13.361443,79,1003.338747
9.922005,113,1003.35472
6.9785767,75,1003.398495
-10.803513,89,1003.507262
29.09247,1000,1003.512116
-23.288376,84,1003.528251
3.6561356,109,1003.552574
22.47686,124,1003.581067
-5.019066,94,1003.597435
24.497688,95,1003.627018
43.439194,124,1003.635607
-17.59906,88,1003.664458
10.853699,102,1003.768777
12.484962,120,1003.776586
29.324005,106,1003.843857
-36.379078,85,1003.885085
14.124832,125,1003.889842
-8.908241,98,1003.924003
25.484016,104,1003.942947
25.372185,95,1003.951307
5.5529633,75,1003.985275
-35.62007,93,1003.989917
38.352737,86,1003.994463
13.8075485,108,1004.037082
-10.789162,101,1004.064427
14.55835,97,1004.181234
318.4273,225,1004.254713
275.71597,322,1004.254761
16.056572,108,1004.296881
-18.740181,101,1004.310516
8.45076,92,1004.377896
8.757538,123,1004.397539
40.806946,109,1004.407852
15.898651,116,1004.42798
28.35025,114,1004.458575
43.374756,165,1004.470742
4.3753433,117,1004.475147
42.930573,99,1004.475189
0.08187866,89,1004.54852
11.603882,163,1004.594342
2.2057877,80,1004.623924
20.085121,143,1004.623967
-13.216644,93,1004.698744
38.028503,87,1004.764148
-9.388916,94,1004.799679
8.120239,101,1004.799721
24.592873,134,1004.816448
57.419434,82,1004.820971
-8.257988,85,1004.830162
6.6434174,99,1004.873081
15.953224,118,1004.919838
33.433563,161,1004.92878
16.616318,122,1004.983887
0.8635254,86,1004.988256
-1.8574219,97,1005.032621
41.43744,127,1005.077907
23.203812,116,1005.082868
128.60811,1000,1005.094964
20.747353,97,1005.230091
8.470337,124,1005.274695
13.90213,117,1005.302791
17.77427,124,1005.310652
10.547592,95,1005.310681
29.73433,121,1005.315514
28.467667,126,1005.320054
-4.12825,85,1005.343554
27.44088,118,1005.364122
-5.5205994,93,1005.372667
10.448006,110,1005.385653
-8.577805,92,1005.416537
15.459488,103,1005.512357
14.789391,104,1005.52821
-0.5646286,81,1005.566987
36.601135,138,1005.657579
42.639664,99,1005.689501
8.75164,90,1005.689548
6.3937607,77,1005.710723
11.825111,106,1005.773276
-6.390045,96,1005.773328
22.568382,90,1005.800504
21.161186,115,1005.800532
-12.34893,106,1005.821723
25.15258,123,1005.835973
19.460678,119,1005.844057
26.418617,86,1005.931801
44.339813,155,1005.958369
11.3294525,115,1006.015556
-0.56256104,97,1006.06813
22.98674,132,1006.073158
2.1077042,96,1006.097226
-14.647285,80,1006.10885
19.977394,100,1006.117735
52.200745,104,1006.154079
35.902542,93,1006.234472
20.905762,105,1006.268905
36.332977,75,1006.282299
15.796677,116,1006.294178
9.998062,113,1006.325042
20.558746,138,1006.389956
30.304321,110,1006.408955
10.34877,150,1006.414881
24.416992,93,1006.425022
20.279991,96,1006.491074
19.439697,96,1006.495903
43.748352,91,1006.507639
-5.997383,84,1006.520584
29.370087,71,1006.579683
-5.8028183,107,1006.584144
23.517342,111,1006.584175
37.37433,94,1006.638473
13.907608,92,1006.675472
-9.911751,97,1006.707129
11.8471985,98,1006.743133
31.285355,75,1006.79462
23.70475,111,1006.848919
28.146881,112,1006.873238
-24.625053,91,1006.888906
7.6914215,118,1006.914116
30.389954,85,1006.929852
-19.697807,92,1006.954956
18.112251,131,1006.955005
-1.7882385,114,1006.963799
-2.559517,77,1006.99672
-21.143227,87,1007.002162
11.754387,124,1007.02423
-10.94043,107,1007.028981
26.591148,94,1007.145233
279.17737,584,1007.165879
27.038445,87,1007.169832
32.534866,122,1007.223705
45.411407,85,1007.276492
26.60225,97,1007.293797
16.026375,97,1007.305959
5.4448166,111,1007.326882
-2.63237,74,1007.339595
-13.01152,95,1007.359599
16.34861,88,1007.367929
46.895676,83,1007.372716
4.6847687,113,1007.412324
26.56282,108,1007.417722
25.539726,73,1007.449982
21.91832,126,1007.532196
24.088066,135,1007.536587
-3.9170303,100,1007.579004
-5.8866425,94,1007.6123
23.042091,126,1007.691198
20.017784,104,1007.707376
-4.483261,101,1007.72753
22.080147,95,1007.73701
11.388672,89,1007.744555
17.559425,107,1007.772565
-5.885231,99,1007.781459
-3.9948273,91,1007.793264
24.680534,108,1007.808135
-7.064514,99,1007.824102
4.0572815,131,1007.840567
-2.024826,109,1007.898756
-3.0609207,77,1007.898795
25.39878,109,1007.983523
-4.5436554,108,1008.057044
10.091774,130,1008.064657
16.461449,92,1008.070678
-11.276009,92,1008.106186
44.303406,97,1008.110876
17.04992,72,1008.136923
36.367935,78,1008.146061
33.731873,93,1008.166895
31.722366,90,1008.166934
19.139801,100,1008.22016
0.8802643,110,1008.224167
12.768387,131,1008.282444
18.610672,78,1008.306952
22.443687,146,1008.340003
13.413605,113,1008.366759
44.38118,72,1008.366795
-14.623741,95,1008.450883
37.584335,134,1008.450927
-24.489052,85,1008.483675
-16.35286,84,1008.511848
11.515427,108,1008.565049
16.24141,82,1008.570776
33.97055,98,1008.579883
5.3573837,133,1008.663368
21.396164,128,1008.68227
18.786964,149,1008.699162
10.541107,110,1008.744286
31.405518,125,1008.748601
1.7509766,116,1008.793427
13.38623,104,1008.802275
17.132294,118,1008.829644
5.629463,113,1008.838685
-6.5343857,112,1008.922452
12.539726,114,1008.930945
28.015594,91,1008.943532
21.320557,108,1008.963583
28.927414,121,1008.993476
-27.31874,107,1009.005852
16.535133,81,1009.014833
7.393753,125,1009.094619
-21.645073,85,1009.100126
26.846825,110,1009.157168
14.264648,122,1009.175392
16.214005,90,1009.175432
13.160645,103,1009.184555
6.4984665,120,1009.32399
12.877121,122,1009.359711
8.419991,98,1009.372441
26.889114,104,1009.38571
21.816292,108,1009.39377
42.19458,97,1009.419972
10.168671,135,1009.424087
11.025948,120,1009.483013
11.395523,120,1009.532503
22.898499,111,1009.575533
14.764107,96,1009.583205
58.188965,135,1009.583236
15.585358,96,1009.583251
17.852585,114,1009.647273
31.057907,128,1009.647313
40.141968,70,1009.675414
21.383202,118,1009.687059
-21.433884,86,1009.714539
-4.370697,82,1009.757097
-7.553787,105,1009.757153
-7.2406616,89,1009.761243
7.212944,101,1009.842717
60.770218,90,1009.861538
27.270325,119,1009.868701
-18.29905,88,1009.900908
-9.0392,79,1009.908502
13.24633,86,1009.950512
42.640945,87,1009.955572
-16.895996,97,1009.994238
-23.392677,87,1010.011698
26.452362,89,1010.020573
14.374977,105,1010.125363
29.919708,99,1010.173903
29.888672,74,1010.178736
31.660843,111,1010.220391
-7.391159,90,1010.232129
17.709892,76,1010.263541
42.825424,104,1010.274128
51.849762,125,1010.282572
45.92604,139,1010.294464
15.393463,112,1010.363338
-2.7334137,102,1010.367403
25.050835,115,1010.385373
7.9834976,92,1010.389554
25.880875,97,1010.39536
-6.591301,66,1010.40103
5.600609,95,1010.413996
39.7576,98,1010.575563
4.8980484,92,1010.611898
287.6125,227,1010.615487
-13.207451,91,1010.640154
26.060318,117,1010.652986
40.622406,97,1010.672215
50.04651,120,1010.713628
2.0401077,79,1010.734037
29.61856,91,1010.741634
23.52983,109,1010.74166
41.503647,115,1010.753462
11.311768,91,1010.757292
56.938507,93,1010.770434
18.22171,97,1010.796203
8.692833,100,1010.813344
36.389603,121,1010.864865
53.44777,90,1010.95241
22.205322,83,1010.98453
18.726814,75,1011.069761
59.35869,82,1011.081427
56.99025,90,1011.086064
14.402237,88,1011.118771
43.19368,109,1011.12457
33.53981,115,1011.129801
-2.0932922,82,1011.205742
14.185211,105,1011.210024
18.121468,125,1011.254742
26.965256,126,1011.267277
3.163437,119,1011.287401
54.593887,136,1011.375608
49.05594,75,1011.400753
256.90366,206,1011.482003
39.87088,104,1011.519756
14.162926,93,1011.528546
58.784286,95,1011.534533
58.548355,134,1011.561228
258.6145,230,1011.585426
58.617126,87,1011.590091
27.76741,75,1011.597787
15.473999,121,1011.609141
64.58801,81,1011.641606
31.953781,92,1011.657583
58.152863,95,1011.808357
31.60704,92,1011.902741
51.45903,127,1011.918829
70.066986,96,1011.985764
28.56018,119,1012.025933
48.758163,107,1012.025975
41.986603,113,1012.060944
33.6248,133,1012.07844
31.038834,115,1012.082271
22.989357,127,1012.082307
28.917831,74,1012.111107
50.993774,134,1012.206211
291.69528,190,1012.272132
38.51204,93,1012.366748
19.322075,85,1012.375532
311.6316,281,1012.383648
297.2772,343,1012.390373
249.05362,190,1012.426228
31.339355,130,1012.43904
48.019775,105,1012.458217
49.50685,113,1012.546613
41.19374,115,1012.559398
276.95233,181,1012.666062
29.229324,105,1012.703201
36.910385,130,1012.741568
38.659836,106,1012.869432
290.88235,192,1012.869477
16.24852,118,1012.869487
275.06677,421,1012.88232
34.576447,111,1012.91005
328.2132,220,1012.964617
53.513687,147,1012.985745
26.769073,141,1013.00216
64.28949,81,1013.037528
21.353188,98,1013.068238
11.405472,127,1013.083908
40.42273,91,1013.118989
50.792023,76,1013.198118
289.48657,196,1013.350636
40.023056,125,1013.433652
38.199814,89,1013.437453
59.41461,114,1013.441382
28.988052,101,1013.457451
0.9340668,111,1013.464509
51.928818,116,1013.469502
29.426865,89,1013.486496
39.003098,108,1013.655129
300.59247,312,1013.664442
270.958,189,1013.66448
23.15767,150,1013.716185
56.36786,115,1013.938026
51.567673,114,1013.94958
54.142258,117,1013.970048
36.67273,125,1013.975094
277.54773,266,1013.994555
54.96982,86,1014.026227
313.39465,396,1014.035198
39.446533,146,1014.094405
41.43303,111,1014.137991
34.112137,121,1014.220731
-9.306496,78,1014.314168
315.35278,225,1014.434479
43.775192,88,1014.456875
41.121582,124,1014.461543
37.080093,104,1014.461567
36.237244,121,1014.470917
278.5221,258,1014.518608
279.692,578,1014.518644
281.61798,395,1014.526197
20.627243,100,1014.5481
315.0993,217,1014.833004
33.037964,100,1014.877245
51.38353,140,1014.900854
29.037704,104,1014.904462
273.38397,251,1015.063315
265.166,204,1015.069709
312.91467,196,1015.243416
71.10025,87,1015.255816
254.77808,206,1015.320378
46.907043,97,1015.474136
300.69577,231,1015.482213
307.42285,524,1015.547524
280.50394,385,1015.571591
276.70233,246,1015.571623
269.13727,272,1015.591309
261.1135,167,1015.591338
59.194443,101,1015.679151
262.26407,292,1015.728664
47.581345,122,1015.814824
275.67883,549,1015.966434
291.91003,260,1015.966503
258.97757,343,1015.966525
301.6162,272,1015.981818
51.071,128,1016.033148
18.418716,118,1016.102284
13.767967,125,1016.111465
-13.634811,107,1016.30574
313.34158,235,1016.583693
307.27316,324,1016.632184
261.43298,164,1016.668846
302.244,264,1016.680406
285.7272,259,1016.704825
291.02286,225,1016.704867
276.15576,172,1016.704877
265.62378,289,1016.709725
278.5746,401,1016.766436
295.17923,180,1016.866635
274.32367,217,1016.903685
25.53186,160,1016.972574
300.60962,303,1016.981485
299.66095,207,1016.990566
311.3189,227,1016.997142
280.4984,243,1017.005134
288.1701,147,1017.279988
46.267273,154,1017.344384
36.36299,142,1017.359978
264.31,174,1017.430099
290.3145,178,1017.448532
294.72675,205,1017.489631
269.91846,191,1017.506434
311.07135,203,1017.528191
303.86737,230,1017.545607
258.17242,231,1017.825798
277.3806,230,1017.953706
290.95355,170,1018.046187
275.5974,186,1018.050452
257.79245,266,1018.091789
278.3977,299,1018.146623
298.35126,191,1018.151508
289.63187,291,1018.19576
307.0512,293,1018.19582
267.07495,293,1018.216642
264.12726,173,1018.216691
283.5713,192,1018.23978
283.04608,228,1018.400615
293.78833,265,1018.612196
20.75827,104,1018.629378
300.57574,267,1018.664807
314.23743,283,1018.718636
262.11758,169,1018.773004
266.33008,162,1018.84951
307.6927,244,1018.868648
306.6178,174,1018.976336
314.05096,209,1018.99629
273.5332,215,1019.124246
-119.4441,278,1019.14019
48.859543,135,1019.234425
47.570435,146,1019.253052
298.89496,266,1019.280846
-42.494373,74,1019.301539
244.5923,261,1019.301569
254.55803,328,1019.435215
254.97684,251,1019.457747
8.261276,134,1019.524435
295.23413,230,1019.726262
42.010605,121,1019.786733
288.93463,246,1019.869417
297.13275,280,1019.869477
278.76,204,1019.964976
24.859367,187,1019.995443
45.923462,140,1020.092227
17.632538,92,1020.103366
279.4833,378,1020.180537
273.43903,233,1020.251337
272.14294,275,1020.251384
270.42395,248,1020.266282
253.59813,370,1020.368665
297.99072,230,1020.378898
292.05933,139,1020.458351
255.66197,172,1020.595496
292.90585,578,1020.623907
271.9928,161,1020.648463
269.63654,354,1020.744694
265.88867,312,1020.753024
272.58688,202,1020.844015
284.1328,188,1020.894924
260.55002,204,1021.102641
245.73227,175,1021.102694
68.42468,103,1021.162505
19.12947,107,1021.19065
295.9375,226,1021.210462
297.9729,233,1021.222502
311.76407,347,1021.230621
266.77563,254,1021.242712
281.59512,153,1021.254625
268.33997,197,1021.270718
274.4044,205,1021.487113
261.5733,243,1021.594251
297.04727,183,1021.594299
252.84563,361,1021.594309
256.36734,173,1021.603445
280.68585,296,1021.610788
29.44603,97,1021.672144
18.69162,119,1021.732737
272.90518,177,1021.938365
287.53345,208,1021.960648
35.262207,85,1022.025352
293.40625,230,1022.053911
259.1634,215,1022.053946
282.77087,209,1022.053956
291.67932,204,1022.07293
244.80408,221,1022.167822
297.54474,231,1022.176954
268.42212,148,1022.208594
292.52554,219,1022.392269
289.44934,191,1022.392321
281.21545,162,1022.400796
278.52304,249,1022.630732
274.96475,246,1022.630786
310.68823,256,1022.668183
41.270508,99,1022.833859
48.765045,101,1022.833909
301.82315,214,1022.867551
300.14178,178,1022.935385
256.20618,210,1022.943996
267.5874,175,1022.956621
294.36908,221,1022.962918
305.22223,241,1022.962951
264.32822,211,1022.973902
271.36707,241,1023.077602
265.70123,169,1023.123944
302.24564,241,1023.194885
275.74817,289,1023.276162
257.4326,173,1023.371362
261.3382,192,1023.451679
294.34293,144,1023.546265
41.22502,152,1023.592925
279.99707,156,1023.725888
303.6762,213,1023.725951
272.59552,188,1023.758608
285.4099,195,1023.779281
288.68726,172,1023.914489
284.24127,233,1023.914538
290.326,286,1024.031942
302.90204,330,1024.057271
303.46237,262,1024.05731
281.0481,284,1024.057319
307.5644,283,1024.301267
278.97284,204,1024.301317
279.2578,246,1024.301327
39.19261,100,1024.325479
259.78082,189,1024.334513
270.16144,232,1024.338039
262.50436,180,1024.341851
282.6622,190,1024.527718
283.60455,206,1024.594103
294.8272,205,1024.621862
291.6469,204,1024.638145
270.15265,173,1024.64295
266.37808,161,1024.713254
49.535065,112,1024.81666
304.2544,186,1024.836399
272.49237,216,1024.970063
291.65985,217,1024.974512
79.54173,109,1025.093024
257.95093,229,1025.305059
283.45193,230,1025.305112
308.63882,238,1025.305125
297.7566,246,1025.338269
316.60022,196,1025.411973
292.85565,259,1025.416809
287.40305,260,1025.69785
267.79935,224,1025.755635
295.15955,267,1025.755687
264.77783,189,1025.755701
268.88116,188,1025.755712
286.99963,221,1025.765054
249.06927,252,1025.765081
288.238,395,1025.959816
293.12433,256,1026.409517
298.60498,265,1026.414349
278.40918,249,1026.45417
312.01776,465,1026.471245
291.06332,291,1026.520607
298.43387,291,1026.52066
254.29056,184,1026.525529
304.0659,346,1026.538609
258.3443,190,1026.554692
304.937,275,1026.571535
264.279,193,1026.576019
277.4923,209,1026.633013
278.4728,258,1026.8317
278.007,209,1026.831757
302.10748,326,1027.055989
272.25397,160,1027.115531
310.8805,217,1027.313281
252.86789,192,1027.326223
296.05853,207,1027.387198
297.9806,200,1027.387249
283.3719,233,1027.387262
294.8512,219,1027.387271
284.2893,208,1027.392519
271.1526,202,1027.413313
34.040054,106,1027.517374
227.07591,436,1027.59403
245.99661,270,1027.702214
275.21362,207,1027.702261
253.63023,258,1027.710804
255.00816,283,1027.72422
307.06885,262,1027.926826
40.602707,122,1028.084179
288.45816,258,1028.183944
290.6643,214,1028.206569
39.724716,127,1028.216984
262.66245,205,1028.228985
266.23,205,1028.233864
266.7698,209,1028.245872
274.5747,214,1028.266782
264.01782,211,1028.5654
267.27728,209,1028.565448
48.612946,84,1028.582428
258.00818,237,1028.691409
263.00848,351,1028.829403
249.55196,345,1028.829458
264.40942,409,1029.000268
311.70264,187,1029.000315
266.60748,262,1029.000325
255.51884,238,1029.066032
236.39087,213,1029.066077
262.921,211,1029.08587
301.8294,208,1029.121691
272.94998,153,1029.191602
264.1524,242,1029.243668
259.00467,256,1029.266531
300.6328,203,1029.421046
-11.064934,114,1029.731706
235.4331,545,1029.750782
300.4408,245,1029.834732
277.352,252,1030.099019
301.89905,252,1030.099072
254.0856,221,1030.099082
292.14832,269,1030.103682
285.46594,214,1030.12049
271.02103,278,1030.14429
291.71075,263,1030.168753
276.21893,185,1030.17739
257.44208,297,1030.223652
242.04414,424,1030.433724
244.92278,390,1030.433785
221.86949,465,1030.472526
-37.655487,95,1030.530536
254.38205,204,1030.5674
10.184502,95,1030.61157
-44.291084,126,1030.640669
276.14142,370,1030.645346
52.773407,114,1030.645393
275.31512,233,1031.056177
286.7694,306,1031.093226
311.21878,264,1031.251806
266.62646,218,1031.330035
294.09146,208,1031.330083
279.73087,384,1031.330093
257.55304,299,1031.3301
280.44275,176,1031.334656
296.59674,250,1031.462216
290.97742,228,1031.47027
271.71124,367,1031.627708
-22.978943,111,1031.730926
281.8504,299,1031.822344
-32.307663,88,1031.84794
266.22028,199,1031.897841
252.51468,208,1031.97189
292.08676,155,1031.987996
264.2829,168,1032.042115
287.3534,490,1032.138715
282.54987,223,1032.272387
264.83453,232,1032.308049
7.124443,90,1032.519196
234.6998,452,1032.531823
256.475,284,1032.535968
293.12122,194,1032.540547
67.87706,95,1032.706268
310.7852,193,1032.7797
255.83156,511,1032.779749
269.85406,176,1032.779759
254.58495,310,1032.779766
238.89183,277,1032.787824
-26.899506,94,1032.921836
244.93193,278,1033.004381
285.5516,251,1033.035639
-49.491,75,1033.08862
256.65155,224,1033.204556
269.04163,314,1033.204606
-24.406876,127,1033.438191
281.48053,227,1033.466917
294.57587,682,1033.479599
254.53749,236,1033.488168
245.88786,409,1033.515222
258.28183,184,1033.534974
277.4761,186,1033.544793
276.00513,207,1033.639796
297.29837,265,1033.867798
-32.923187,118,1034.001825
1.2664185,218,1034.103604
260.47095,346,1034.140454
277.87543,432,1034.319672
242.51524,300,1034.323928
253.54333,205,1034.336866
-28.912773,80,1034.64552
298.37787,284,1034.650105
253.20255,199,1034.69057
271.81287,278,1034.690604
248.93512,306,1034.703613
302.54956,307,1034.738668
283.91867,159,1034.759384
255.25584,300,1034.775734
246.93063,230,1034.956477
20.996483,99,1035.143078
252.98807,515,1035.157518
237.94897,368,1035.157565
-33.337364,119,1035.182366
-44.86511,132,1035.198
294.57666,248,1035.353466
245.21768,297,1035.353514
284.3203,524,1035.360542
276.23407,208,1035.497885
287.2597,197,1035.555891
-5.3969803,103,1035.571308
255.00034,236,1035.65215
296.58334,173,1035.652194
24.933136,97,1035.744602
274.94098,387,1035.906896
259.25156,296,1035.911324
259.44827,192,1035.958215
276.965,202,1035.962785
284.26605,328,1036.120373
238.83507,772,1036.187278
268.09625,199,1036.18732
269.6341,290,1036.395406
-40.844032,114,1036.44818
277.18408,334,1036.536565
262.22998,243,1036.572357
259.82922,197,1036.572396
255.34717,259,1036.576489
298.4242,313,1036.652922
262.17566,286,1036.846802
297.57178,304,1036.926814
288.02216,324,1036.926863
257.78506,243,1036.931495
285.9046,181,1036.940871
-13.490288,120,1036.952554
36.20584,91,1036.956889
270.06775,271,1037.099622
-38.842216,134,1037.137851
-27.527657,86,1037.205331
283.7614,262,1037.214345
250.06343,261,1037.268482
268.25076,324,1037.268537
298.4014,212,1037.276374
8.364868,91,1037.305526
258.05627,189,1037.323569
260.8452,196,1037.465478
-33.944664,120,1037.595251
252.66594,170,1037.629967
254.08476,202,1037.788552
283.44864,295,1037.796669
272.86563,205,1037.796702
260.2926,170,1037.838381
7.755989,91,1037.842858
261.3683,155,1037.855744
3.4424744,125,1038.137071
260.03998,236,1038.177032
282.67273,219,1038.177078
262.3507,208,1038.177088
289.099,221,1038.177095
248.35364,304,1038.192283
19.424171,89,1038.206064
282.30438,277,1038.418751
258.09912,283,1038.480921
251.0025,206,1038.708904
257.1364,269,1038.708952
281.97803,220,1038.708962
259.86176,434,1038.72162
290.36383,245,1038.860879
303.75656,262,1038.891613
267.6929,272,1038.926812
295.00635,179,1038.934743
297.83472,180,1038.950421
249.8854,191,1038.988311
290.7398,208,1039.057245
279.36945,218,1039.121346
24.48172,75,1039.203372
2.3227081,119,1039.3615
279.66025,293,1039.370638
304.93716,284,1039.370665
266.35614,214,1039.374768
259.99805,196,1039.530272
271.8175,180,1039.67246
310.37302,244,1039.742533
294.7912,167,1039.76364
249.10649,222,1039.914325
281.60547,353,1039.935729
276.78854,179,1040.009308
255.82994,293,1040.00935
259.60007,256,1040.078005
271.4115,221,1040.132148
252.35289,182,1040.216056
270.9722,189,1040.258411
23.618309,126,1040.294197
289.38562,211,1040.344625
247.40942,374,1040.370785
281.81006,218,1040.375134
243.83476,219,1040.541771
298.3265,351,1040.541828
297.7096,172,1040.86328
279.24658,242,1040.863331
265.99863,198,1040.879564
300.8724,253,1040.892588
280.30267,207,1040.973629
297.31708,245,1041.005548
270.54016,248,1041.035697
282.00366,167,1041.081823
266.52527,207,1041.093163
296.75803,179,1041.131743
306.25616,231,1041.228845
300.4757,369,1041.590721
324.6534,301,1041.607721
285.5487,179,1041.607751
267.9912,174,1041.6157
280.3202,316,1041.6198
298.16077,257,1041.619826
275.659,207,1041.740855
262.50317,286,1041.740903
255.87433,215,1041.859108
272.29828,179,1041.873341
254.5589,192,1041.873396
262.31287,219,1041.90927
265.73132,259,1041.938035
300.71643,227,1042.027815
273.6481,245,1042.044565
258.1762,134,1042.143467
279.5826,238,1042.212946
57.990906,109,1042.361353
45.897232,112,1042.511677
295.38147,191,1042.531326
56.833115,100,1042.630534
300.4006,267,1042.72602
263.4007,238,1042.72608
265.09045,270,1042.726097
255.54854,272,1042.734787
270.94138,209,1042.739367
275.971,274,1042.751714
259.6901,286,1042.814363
318.12616,230,1042.834852
289.328,220,1042.951146
45.636383,120,1043.228691
279.0423,352,1043.324786
292.12976,343,1043.364274
277.25946,241,1043.364314
316.39105,211,1043.38854
286.27246,157,1043.392937
295.08618,167,1043.431411
279.1919,194,1043.536586
273.0631,381,1043.726317
274.87347,247,1043.77869
295.6763,276,1043.778735
276.8816,256,1043.790879
305.56882,237,1043.790905
296.10876,305,1043.799751
254.51439,189,1044.104454
274.25885,316,1044.139359
274.79456,183,1044.151745
249.7911,179,1044.171616
296.32312,158,1044.186936
279.38818,306,1044.211924
281.72595,212,1044.245888
287.19128,209,1044.258648
51.48369,151,1044.402766
39.13286,79,1044.431213
304.4524,315,1044.529477
65.28009,86,1044.568369
289.6351,367,1044.875529
273.59473,178,1044.880519
286.68896,266,1044.885122
272.06644,281,1044.885153
264.93094,272,1044.909854
250.08174,166,1044.933802
35.60202,135,1044.953832
271.84225,224,1045.065427
43.165085,86,1045.243898
48.64485,85,1045.27164
0.73119354,91,1045.271678
299.1886,283,1045.417
295.4165,300,1045.417049
279.64343,322,1045.524094
276.48895,270,1045.552299
278.23096,423,1045.552335
293.89462,237,1045.552345
261.1615,470,1045.724644
273.25302,189,1045.724695
273.15686,201,1045.797699
22.34201,101,1045.835663
46.7511,111,1045.874918
275.37683,221,1045.985696
299.20544,184,1046.007264
44.265594,120,1046.024377
51.834137,136,1046.120805
11.362083,86,1046.162426
11.655304,108,1046.18233
268.93073,323,1046.24156
309.2458,327,1046.254008
279.65155,414,1046.258391
274.11023,185,1046.327242
63.56572,86,1046.365808
272.28888,268,1046.385975
284.41266,308,1046.562973
299.97876,175,1046.621825
284.12042,253,1046.621891
295.42264,228,1046.692551
313.59265,215,1046.749387
72.62944,106,1046.822865
45.48961,118,1046.831472
23.260216,97,1047.02433
259.81567,252,1047.089332
255.15791,201,1047.089376
269.7547,231,1047.097158
313.90372,225,1047.128347
52.407715,124,1047.212445
282.7124,242,1047.285386
298.17627,221,1047.338419
311.5072,317,1047.33848
295.57275,277,1047.343992
300.7786,261,1047.377628
37.700623,98,1047.453919
25.377716,92,1047.532308
55.62651,129,1047.653411
47.038895,87,1047.708892
47.513885,119,1047.728945
270.1903,288,1047.791646
47.155823,120,1047.796129
275.70148,248,1047.87817
20.768234,120,1047.878217
247.55344,178,1048.079189
287.0717,234,1048.079237
272.4241,237,1048.100453
241.54808,186,1048.115208
270.26715,329,1048.212856
272.0567,379,1048.212906
290.6573,168,1048.225564
39.286423,107,1048.542426
291.979,206,1048.558035
284.03253,166,1048.562946
5.732445,109,1048.570617
49.768097,112,1048.680402
268.10046,240,1048.718596
262.16577,473,1048.730803
275.5547,229,1048.734751
272.43726,210,1048.743769
281.9683,182,1048.967365
31.852615,75,1048.986676
59.25418,109,1049.002172
305.54456,242,1049.07701
284.3766,131,1049.097071
52.372055,95,1049.124302
290.08636,342,1049.203392
275.94568,236,1049.203438
264.54837,385,1049.238243
301.85284,432,1049.243583
284.62018,296,1049.303149
281.20544,198,1049.385837
41.20752,117,1049.471176
58.746292,122,1049.511101
264.96582,201,1049.575041
66.94554,95,1049.639289
36.37886,111,1049.670224
59.070618,117,1049.69304
291.0557,238,1049.717413
256.66235,241,1049.717445
254.9428,160,1049.747852
45.15718,133,1049.791461
301.08374,203,1049.81171
277.81482,318,1049.862071
304.22845,235,1050.077807
30.500824,108,1050.165312
270.2556,213,1050.190974
271.8747,195,1050.198866
24.804611,101,1050.283634
51.529205,160,1050.331377
282.0381,192,1050.374803
278.2812,164,1050.374846
297.2356,207,1050.374856
276.80112,346,1050.556848
-13.000603,91,1050.572324
258.18658,276,1050.617258
281.05524,211,1050.617304
302.58533,237,1050.617314
282.51614,218,1050.617321
283.61792,200,1050.637779
266.22565,232,1050.746059
40.825485,113,1050.830359
301.15286,195,1050.959596
257.30753,192,1050.971611
35.874176,107,1051.07572
310.59137,173,1051.081559
311.26645,264,1051.16234
242.32547,218,1051.174999
80.4025,84,1051.179003
278.44327,199,1051.188838
254.96489,155,1051.257513
264.22083,246,1051.341993
298.71588,208,1051.473705
259.41855,208,1051.473756
299.63718,219,1051.473766
263.13718,210,1051.482164
65.570755,100,1051.49335
29.15329,105,1051.604165
278.05432,210,1051.608258
50.89682,109,1051.626357
262.2385,295,1051.779567
292.0547,194,1051.784749
277.21057,134,1051.91609
296.33173,187,1051.960929
297.4124,185,1052.041192
254.82118,159,1052.175835
288.88315,144,1052.228757
276.7021,185,1052.260225
291.00598,215,1052.386944
272.96863,167,1052.491432
275.9089,167,1052.496622
283.12665,207,1052.496671
295.5109,311,1052.500607
290.65344,267,1052.602117
289.25568,230,1052.607374
289.87393,141,1052.628071
261.93726,397,1052.741198
274.41812,462,1052.891367
274.05566,228,1052.895979
301.63437,248,1052.941549
312.37018,239,1053.244952
310.05493,422,1053.245004
266.5594,209,1053.245014
272.6427,187,1053.262114
279.8549,275,1053.307925
296.10236,262,1053.307966
277.2168,171,1053.307981
286.9432,198,1053.312721
313.89633,200,1053.317458
252.61722,217,1053.389459
287.79437,208,1053.468646
272.22827,278,1053.904648
258.2047,238,1053.942333
292.16882,208,1054.137563
252.01517,301,1054.180032
302.82788,184,1054.180074
263.641,217,1054.180084
291.93372,304,1054.188977
61.965775,116,1054.398851
272.695,423,1054.403314
264.9276,272,1054.403339
295.34763,236,1054.462704
282.1264,272,1054.462741
302.22543,272,1054.462751
279.46255,270,1054.462758
290.79132,284,1054.466686
42.49199,103,1054.598675
281.47314,170,1054.655136
66.57211,126,1054.693546
303.90582,329,1054.701965
284.83395,366,1054.84476
262.0456,208,1055.025403
272.25436,223,1055.054287
287.648,145,1055.058905
22.608383,89,1055.226112
285.00583,216,1055.367454
295.66705,253,1055.511674
316.94052,201,1055.529057
298.92773,259,1055.53779
254.92358,212,1055.537823
285.98022,201,1055.537833
293.78275,274,1055.53784
276.7329,277,1055.549881
267.43915,264,1055.562462
319.80133,284,1055.58181
45.845673,143,1055.655347
258.7032,274,1055.736758
266.20514,185,1055.830561
245.08809,433,1055.973788
299.65802,228,1055.978446
59.100204,119,1056.035711
25.1316,122,1056.040433
249.64143,152,1056.179367
314.98248,179,1056.283538
42.98976,113,1056.306167
38.795242,86,1056.347103
44.695618,87,1056.411622
59.034622,130,1056.525605
286.7287,225,1056.600828
296.32117,256,1056.612257
277.77954,298,1056.612288
266.8341,260,1056.628751
63.21414,78,1056.674457
42.051422,130,1056.744771
294.75256,286,1056.780113
313.8662,395,1056.870755
301.08295,328,1056.900181
38.126328,114,1056.994909
18.934341,100,1057.033595
16.836258,100,1057.079811
302.06372,384,1057.107272
252.96312,264,1057.139303
29.562408,91,1057.147836
284.95557,347,1057.182346
279.8084,190,1057.198892
285.00812,216,1057.203825
261.24298,223,1057.211384
52.155838,102,1057.293484
68.9547,94,1057.385374
305.23706,214,1057.490536
300.29028,215,1057.495305
49.071167,118,1057.565827
55.298004,168,1057.587544
31.55809,114,1057.615765
64.75549,125,1057.713148
51.935837,95,1057.767743
269.1814,166,1057.816673
53.85234,86,1057.839998
59.102356,157,1057.847306
283.19095,316,1057.888589
280.71182,285,1057.90107
58.725113,82,1057.916782
55.655212,102,1057.975787
260.15796,171,1057.980141
284.50174,239,1058.011051
307.56268,205,1058.031143
50.378677,103,1058.331059
266.39215,219,1058.370981
279.90826,295,1058.375179
51.494736,110,1058.431363
262.48993,338,1058.496584
248.27385,169,1058.517065
292.1395,199,1058.53584
312.02032,223,1058.535887
281.55856,176,1058.634585
309.60947,217,1058.667526
288.568,200,1058.67174
270.0722,192,1058.687749
251.43271,161,1058.70793
255.07295,142,1058.995231
52.18222,136,1059.077742
299.27643,270,1059.112344
286.47552,308,1059.139772
280.3236,174,1059.177364
297.47357,294,1059.255705
36.848907,181,1059.286127
265.27478,187,1059.329672
271.55542,201,1059.389477
27.022491,101,1059.564995
29.068344,102,1059.679534
302.82397,235,1059.699694
293.42108,328,1059.771189
274.67786,288,1059.845956
277.45648,207,1059.861812
288.30713,166,1059.87399
270.11594,365,1059.882439
277.3523,316,1060.003604
297.9596,319,1060.020083
270.34628,226,1060.027258
282.07397,239,1060.319981
265.657,225,1060.320032
45.635803,138,1060.340068
68.48337,115,1060.355694
294.52637,294,1060.510092
261.2153,334,1060.510143
270.3942,197,1060.519161
293.90442,188,1060.643759
287.74738,483,1060.722074
288.52383,219,1060.946656
274.10938,341,1060.994548
284.7511,170,1061.041431
294.18622,289,1061.086532
290.79938,261,1061.09453
300.37665,183,1061.114613
255.55731,171,1061.228276
62.94687,143,1061.245734
295.11005,341,1061.274447
282.94684,382,1061.274497
258.69067,187,1061.303528
266.10245,312,1061.318656
302.06744,243,1061.341028
12.994469,120,1061.48768
264.38495,286,1061.554228
306.18347,264,1061.82259
305.7616,183,1061.850783
245.49767,184,1061.864677
306.05225,236,1062.02732
71.59114,122,1062.073195
316.91748,378,1062.097293
42.461655,153,1062.133791
261.0882,296,1062.182137
2.4434967,93,1062.240648
289.35205,295,1062.345392
284.11322,280,1062.485855
262.9007,299,1062.52033
305.45624,284,1062.52515
36.760406,90,1062.550105
73.93446,123,1062.603683
261.23358,212,1062.705662
299.9051,350,1062.705708
285.90125,343,1062.705718
269.82877,337,1062.710118
276.41022,376,1062.793735
257.29065,153,1062.975399
43.541077,132,1063.069365
266.56378,204,1063.085943
312.51312,256,1063.090857
45.90457,130,1063.246657
282.48767,334,1063.251462
303.1164,278,1063.292434
276.21564,189,1063.317651
254.17361,244,1063.564424
295.5385,211,1063.583187
250.2323,211,1063.588048
278.5117,366,1063.593006
267.39514,281,1063.657442
287.96246,254,1063.661895
239.32735,224,1063.727998
279.5749,249,1063.739897
275.97974,164,1063.752568
274.6693,197,1063.79881
276.77026,177,1063.819479
37.21843,153,1063.923889
264.90814,182,1064.00746
32.6243,128,1064.099395
291.0301,208,1064.187183
298.8008,274,1064.241742
290.11053,201,1064.442119
273.18225,214,1064.489007
258.89954,176,1064.489052
58.475388,114,1064.498262
281.92786,200,1064.5099
304.41193,313,1064.566119
302.8359,211,1064.70564
280.96008,245,1064.705691
248.79018,206,1064.705701
312.01306,155,1064.852597
284.98688,210,1064.999974
282.58582,269,1065.070771
264.64215,316,1065.070827
253.7508,352,1065.081037
260.60486,315,1065.093033
256.72656,144,1065.109378
265.62418,154,1065.147334
272.13113,183,1065.280156
289.68555,173,1065.315495
65.226166,163,1065.406516
58.100494,82,1065.456874
270.03934,190,1065.52023
303.56427,234,1065.520279
287.9665,192,1065.528976
312.84045,317,1065.602913
278.49298,178,1065.619209
273.75464,313,1065.786059
291.97607,166,1065.790315
70.98195,125,1066.036654
290.0729,220,1066.045908
321.24255,246,1066.045955
277.1806,229,1066.045965
313.2024,186,1066.094349
283.15454,173,1066.134885
57.24803,148,1066.151608
274.57675,207,1066.156995
274.7044,180,1066.275226
266.1855,309,1066.403697
275.6217,296,1066.412359
272.18073,155,1066.439784
260.4289,201,1066.448292
253.93488,234,1066.597257
30.705048,133,1066.601949
284.80927,280,1066.63061
33.464752,127,1066.686446
296.10803,216,1066.696919
57.668457,155,1066.706128
33.27487,100,1066.822894
278.89844,193,1066.939667
57.390533,135,1066.958737
46.034683,162,1067.116162
264.50638,246,1067.126814
282.60156,235,1067.13126
261.33636,178,1067.338615
291.4269,308,1067.338661
282.21072,308,1067.33867
283.31042,177,1067.369096
261.78833,190,1067.398377
39.543213,118,1067.460019
276.52155,256,1067.512722
294.13245,140,1067.534438
285.82904,154,1067.786958
284.94623,276,1067.846322
48.513046,116,1067.887386
54.05919,137,1067.921018
279.4571,295,1067.945705
69.57852,109,1067.970467
63.49266,113,1068.007736
285.58063,174,1068.07994
270.6481,340,1068.126076
280.41223,186,1068.158944
305.6314,215,1068.250068
292.62225,470,1068.250119
296.7636,348,1068.285022
295.63245,278,1068.296909
273.9907,208,1068.33039
36.838364,89,1068.60712
34.81758,86,1068.644608
264.49146,178,1068.654189
64.34476,143,1068.73705
310.56595,222,1068.757976
57.88626,134,1068.788772
305.74152,200,1068.820807
284.6848,185,1068.875602
275.57208,279,1069.02789
71.29843,115,1069.073795
245.99985,320,1069.254384
255.7417,288,1069.254435
75.78343,153,1069.280123
293.377,246,1069.289395
291.94443,237,1069.297937
32.247177,131,1069.33394
71.80858,128,1069.353541
59.650604,154,1069.37601
283.8145,361,1069.46033
33.72763,154,1069.677689
261.1615,224,1069.690154
236.74301,475,1069.754876
271.517,170,1069.794191
40.0661,134,1069.824683
57.142883,155,1069.93257
41.742355,144,1069.937605
51.713623,157,1069.950583
284.46332,156,1069.95526
51.927612,124,1069.974501
297.85272,326,1069.998781
252.2062,269,1069.998828
279.6732,182,1070.135785
282.1422,219,1070.174947
20.697296,109,1070.240223
59.18094,138,1070.261941
62.153336,86,1070.305252
40.839203,162,1070.412779
12.561127,124,1070.441038
37.274918,111,1070.449367
34.700577,159,1070.471884
267.3341,195,1070.4812
67.282715,137,1070.494636
268.4134,277,1070.503024
-3.0186844,94,1070.519419
46.803787,130,1070.531482
30.231003,104,1070.685687
259.8125,179,1070.706003
254.3819,187,1070.714994
53.761154,132,1070.853603
58.998978,123,1070.984577
67.84683,146,1071.022843
44.966446,121,1071.034534
42.256012,140,1071.096327
292.8298,221,1071.151773
291.03354,170,1071.156427
156.21089,1000,1071.264057
15.709404,89,1071.34605
311.67725,225,1071.370192
74.24167,86,1071.381327
232.2447,234,1071.455285
303.83636,241,1071.472222
265.04773,190,1071.499791
35.33873,89,1071.632841
54.562027,158,1071.674799
54.622192,135,1071.714766
18.75415,88,1071.753109
263.81653,260,1071.765185
312.349,421,1071.925139
306.16284,256,1071.925194
276.68494,341,1071.930523
54.2894,122,1072.009993
33.667145,128,1072.017922
19.785095,98,1072.064847
318.04102,341,1072.150393
255.80652,251,1072.166394
66.478836,86,1072.298045
15.873161,93,1072.324411
60.433624,94,1072.32889
258.6355,279,1072.337273
304.33783,258,1072.447636
54.81299,105,1072.447685
263.05258,205,1072.586317
260.16318,287,1072.586366
238.3167,260,1072.605788
61.13336,135,1072.626299
57.004745,129,1072.68237
71.278244,116,1072.806258
40.105453,138,1072.87331
257.60144,266,1072.89684
294.28885,289,1072.901872
274.0162,270,1072.901901
280.22894,214,1072.910363
70.881256,120,1072.947197
45.753464,132,1072.996533
46.386505,131,1073.133234
266.19217,246,1073.188427
25.740532,115,1073.285921
38.946777,109,1073.326024
59.618607,159,1073.346709
37.32071,123,1073.419445
34.455566,134,1073.451738
287.2782,282,1073.507191
59.156982,91,1073.515227
47.69223,150,1073.523156
45.226303,90,1073.558513
38.838577,162,1073.613055
26.01802,86,1073.633653
243.283,269,1073.738754
312.07864,342,1073.738811
258.3743,225,1073.830128
35.777954,138,1073.891129
82.670395,116,1073.929163
51.10933,104,1073.984923
60.981735,95,1074.138118
293.63806,371,1074.149589
34.69861,138,1074.192693
14.658051,108,1074.197709
57.081924,106,1074.278597
308.32935,431,1074.393065
281.6751,334,1074.393114
278.86078,207,1074.393124
270.2503,250,1074.393135
278.94495,179,1074.393146
318.7232,232,1074.393155
30.475464,94,1074.53944
58.861862,141,1074.582245
36.109238,116,1074.640456
35.386566,116,1074.685957
55.720688,121,1074.709849
40.759033,92,1074.771986
59.364716,108,1074.8376
46.34529,109,1074.84118
319.69006,324,1074.857718
41.470184,114,1074.861895
263.91827,240,1074.901518
270.7119,338,1074.928127
41.83191,148,1075.021231
43.06874,131,1075.102317
284.28485,185,1075.177869
293.3538,293,1075.177911
49.361115,139,1075.182419
47.94452,112,1075.191224
54.91304,89,1075.252361
263.65735,234,1075.273215
66.89711,149,1075.278577
41.663498,143,1075.298664
32.864166,102,1075.310184
25.079819,126,1075.324296
57.710266,124,1075.539685
45.468643,115,1075.579583
28.768295,100,1075.591575
16.523758,94,1075.660461
51.13269,118,1075.668546
57.050827,100,1075.724794
273.9878,224,1075.781729
64.34262,146,1075.878669
32.900803,86,1075.930773
279.94128,264,1075.95121
287.23367,254,1075.997836
253.6703,198,1075.997894
37.23738,114,1076.067494
307.5702,290,1076.126372
74.35019,141,1076.126415
259.48016,202,1076.142604
271.4068,206,1076.151061
258.17133,226,1076.19675
41.33255,121,1076.235499
283.8316,265,1076.292662
266.20276,196,1076.497129
241.97675,199,1076.502225
41.463013,123,1076.526052
35.31839,118,1076.568809
50.57756,112,1076.628355
74.96004,165,1076.657113
47.608124,151,1076.768528
68.642456,150,1076.780699
293.44528,212,1076.837589
312.4995,252,1076.854634
49.90976,148,1076.86559
53.950974,87,1076.870595
69.36409,161,1076.980459
40.60608,109,1076.985917
255.05025,211,1077.027629
54.63542,125,1077.099987
272.4693,222,1077.138642
44.473724,119,1077.164179
74.2095,94,1077.249619
41.948273,108,1077.440001
48.601196,136,1077.444702
267.24103,228,1077.461725
70.3898,122,1077.494002
48.154526,120,1077.526788
264.4638,393,1077.543079
270.4442,217,1077.543108
252.24753,190,1077.581957
0.099479675,172,1077.591078
55.005386,115,1077.730376
49.231552,138,1077.738535
61.510284,164,1077.782874
316.02866,290,1077.980213
276.42212,279,1078.001908
295.63068,477,1078.007609
38.584976,118,1078.031484
70.903305,113,1078.055934
51.552902,157,1078.08711
45.26248,152,1078.124413
40.062836,149,1078.145448
38.221558,111,1078.24059
33.61998,87,1078.364652
270.6698,195,1078.390877
275.71063,226,1078.399879
260.34583,206,1078.399931
59.636383,104,1078.416225
26.256958,128,1078.542645
44.97348,123,1078.546874
273.87354,195,1078.551083
36.470154,100,1078.565139
297.17236,345,1078.576502
50.86783,123,1078.609306
46.90207,137,1078.636335
41.57907,120,1078.755139
58.240433,121,1078.914284
277.1059,199,1078.9629
63.992676,142,1078.967738
315.11346,311,1079.037707
31.80481,119,1079.082096
273.11615,392,1079.086165
57.578674,176,1079.144176
75.78053,152,1079.249062
61.537796,168,1079.340321
287.21674,189,1079.349492
47.710022,155,1079.403105
284.38928,208,1079.441982
266.15546,214,1079.446469
47.57518,143,1079.56605
259.906,282,1079.57713
51.71721,123,1079.593173
58.78734,122,1079.593203
76.68483,166,1079.65823
39.983276,98,1079.658273
263.2585,296,1079.663274
287.94354,158,1079.798945
47.596146,93,1079.828607
72.393936,120,1079.899201
64.106155,125,1079.95712
54.584305,95,1079.986872
61.042313,86,1080.01392
297.37015,289,1080.120235
59.08191,89,1080.205378
29.874054,137,1080.232062
269.60077,406,1080.248844
293.49338,217,1080.253155
293.03192,295,1080.264965
244.02745,175,1080.295207
264.34583,199,1080.42468
277.40356,225,1080.513743
289.9389,148,1080.518904
80.08644,98,1080.671397
291.56726,223,1080.73908
269.94067,344,1080.783138
307.14905,201,1080.807539
284.46527,284,1080.859185
258.49582,213,1080.898787
41.79001,131,1081.086635
283.524,196,1081.095248
257.53607,201,1081.095281
309.2755,197,1081.095291
253.14749,231,1081.109265
272.47986,260,1081.125912
285.54645,214,1081.210168
2.9740067,77,1081.414167
261.1565,290,1081.434904
268.8586,242,1081.454224
48.042664,148,1081.48028
274.8243,211,1081.571756
307.41553,196,1081.634473
65.552826,139,1081.777145
256.55667,184,1081.848578
275.46387,186,1081.848624
296.9115,329,1081.904321
245.72922,246,1081.917025
301.58612,281,1081.917084
293.27686,274,1081.93056
258.08725,198,1081.938369
267.46207,163,1082.152862
296.0219,259,1082.175702
296.7535,188,1082.188888
307.92288,177,1082.306238
303.67743,298,1082.329947
300.8804,211,1082.329995
279.14407,216,1082.330009
268.78287,169,1082.340562
70.7628,106,1082.607821
302.45923,198,1082.754089
264.15295,211,1082.754131
273.1835,211,1082.754141
283.17352,195,1082.754148
260.3128,195,1082.754154
294.06195,244,1082.822455
296.31088,247,1082.979918
39.87271,121,1083.122565
307.3025,279,1083.127097
295.61182,193,1083.134801
321.09485,225,1083.139561
302.5561,189,1083.1396
290.54517,187,1083.139614
47.572083,106,1083.202908
304.16797,218,1083.264942
289.24615,251,1083.264992
59.195877,136,1083.332582
285.14172,234,1083.337085
42.666763,88,1083.566581
62.753906,125,1083.661133
254.79266,228,1083.70594
297.56744,236,1083.809509
305.78983,252,1083.809567
289.52332,268,1083.875578
254.6788,179,1083.88853
261.00885,221,1084.059876
279.85004,257,1084.190379
261.6256,229,1084.27594
252.36813,315,1084.293284
307.68134,251,1084.363222
294.12903,266,1084.363261
284.27356,194,1084.367666
246.80632,300,1084.381345
313.29785,338,1084.541252
39.181564,88,1084.565346
281.2113,184,1084.577449
312.4689,318,1084.589233
299.23114,228,1084.61559
238.85286,198,1084.63688
256.19263,184,1084.646471
281.37283,209,1084.762629
265.90546,272,1084.843313
67.259964,143,1084.980349
244.22174,193,1085.080371
317.5075,201,1085.201576
253.7034,156,1085.201626
259.16705,276,1085.201636
279.87137,221,1085.210012
278.90698,160,1085.287899
273.47394,160,1085.422946
294.02222,283,1085.74481
274.09595,297,1085.813772
247.49176,312,1085.826327
300.92712,288,1085.830834
305.36975,353,1085.830872
260.82663,240,1085.830881
289.91376,295,1085.830888
270.26605,358,1085.851086
52.861176,142,1085.882623
78.0914,169,1085.909343
288.6427,204,1086.04969
300.37177,234,1086.049739
291.05298,259,1086.049749
291.67322,209,1086.079451
291.20978,207,1086.267244
306.06714,164,1086.503672
306.01895,172,1086.523131
266.12875,198,1086.647632
253.97758,162,1086.713392
304.88922,228,1086.765894
278.5382,248,1086.765938
314.5833,227,1086.765948
308.24533,227,1086.765954
300.0672,215,1086.765961
260.85504,209,1086.765967
287.53503,378,1086.765973
246.84193,177,1086.777711
311.06314,215,1086.930275
276.8598,217,1086.97292
32.230515,98,1087.114335
275.29163,240,1087.254369
234.01001,219,1087.405283
314.52692,220,1087.426863
291.2311,436,1087.662792
286.21246,223,1087.715344
270.131,242,1087.780996
273.24213,242,1087.781038
247.49373,242,1087.781048
259.0188,242,1087.781055
272.63623,242,1087.781061
59.93759,124,1087.788841
304.87436,295,1087.876853
290.1512,225,1087.91304
254.40132,296,1087.998321
281.25415,210,1087.998368
270.19684,258,1088.012043
273.6931,347,1088.202225
18.63079,96,1088.263121
282.99216,214,1088.313945
269.84174,145,1088.366709
251.14276,174,1088.37094
306.30792,189,1088.540099
290.47134,185,1088.660708
289.0079,240,1088.965628
311.4737,240,1088.965685
257.28754,193,1088.982041
321.4045,298,1088.992734
276.5525,301,1088.997401
292.09564,183,1089.005692
289.32056,250,1089.024662
298.87158,190,1089.142031
283.72522,361,1089.18034
257.03632,357,1089.231848
275.20343,211,1089.231887
283.5814,179,1089.276563
254.58049,283,1089.472301
295.9659,201,1089.486174
247.55345,472,1089.700663
279.61658,223,1089.919826
266.96994,190,1089.928251
259.5039,612,1089.933022
282.95844,222,1089.945968
277.99292,237,1089.954228
284.6592,215,1090.071388
299.98694,259,1090.071437
265.371,219,1090.186263
284.95404,295,1090.210914
276.245,154,1090.353852
302.23666,398,1090.623674
290.21008,161,1090.623736
262.6704,430,1090.793911
262.32394,201,1090.912445
317.9848,460,1091.140119
245.78873,304,1091.192761
307.9018,255,1091.26328
281.12646,326,1091.277486
306.1797,227,1091.286355
242.36707,438,1091.304079
288.01712,334,1091.304118
248.66241,503,1091.316159
284.26263,330,1091.436258
190.01376,541,1091.703153
283.44806,293,1091.812134
224.6276,400,1091.820699
270.19495,322,1091.927817
284.08438,260,1091.956841
259.92896,516,1092.057789
293.06415,193,1092.078098
310.12228,262,1092.2033
295.26355,222,1092.203347
273.66827,220,1092.208084
249.84406,236,1092.683149
270.95844,207,1092.687606
252.2063,348,1092.69594
306.26746,344,1092.700276
290.3501,176,1092.7003
278.25912,156,1092.849229
254.3032,199,1092.887037
244.4056,395,1092.895611
266.79462,361,1092.914855
299.49612,329,1093.17607
238.1173,610,1093.290484
285.20596,340,1093.486436
294.72815,203,1093.527951
257.24023,210,1093.539719
252.63203,593,1093.633075
254.29173,409,1093.633121
258.0888,344,1093.633131
250.86443,177,1093.633138
239.72563,344,1093.640337
286.7677,231,1093.645138
262.5582,188,1093.676347
260.2155,325,1094.041784
278.48816,169,1094.269208
269.11926,387,1094.543153
270.58395,295,1094.543207
247.83168,206,1094.543223
258.15674,324,1094.543231
257.5796,407,1094.558775
272.35345,218,1094.563649
269.4548,220,1094.563678
290.4172,230,1094.605212
251.67674,231,1094.610092
254.89748,278,1094.709275
270.27686,298,1095.293705
283.5066,397,1095.298324
259.99933,198,1095.363567
291.05392,446,1095.363612
276.28516,189,1095.389919
246.67787,682,1095.539396
292.44037,291,1095.745288
305.09628,275,1095.745335
258.9743,291,1095.745345
228.46254,357,1095.745353
257.70135,252,1095.749699
292.26794,510,1095.765253
281.54993,372,1096.095921
38.807907,92,1096.140882
270.09357,389,1096.164284
255.49359,170,1096.240075
269.20264,434,1096.351284
246.2624,438,1096.351334
313.4669,247,1096.379497
297.66348,308,1096.57618
259.45038,289,1096.587994
270.17755,192,1096.972494
248.81941,307,1097.024998
289.5932,237,1097.09374
280.04916,204,1097.098653
254.9284,438,1097.114294
274.58026,185,1097.130308
280.0697,247,1097.181561
278.20633,222,1097.310587
268.03,473,1097.326416
288.49634,381,1097.331583
276.5402,381,1097.331621
244.37372,182,1097.331633
238.71272,387,1097.361199
288.10696,388,1097.361233
266.0705,290,1097.565763
273.25528,235,1097.565814
285.5247,190,1097.802533
290.8625,196,1097.895211
277.0963,195,1097.907315
268.6397,187,1098.088739
259.95135,186,1098.088789
270.23395,181,1098.098122
256.6941,260,1098.193439
263.42725,219,1098.204839
268.55115,251,1098.204869
305.5849,208,1098.209835
286.38422,164,1098.229019
222.15149,326,1098.315373
243.63718,220,1098.457166
309.7681,300,1098.556432
311.31555,308,1098.588926
281.41473,373,1098.618936
298.9934,166,1098.769247
262.17593,175,1098.80632
301.24442,204,1098.941593
257.1422,180,1098.956059
308.38757,263,1098.985671
309.72607,188,1098.985712
293.1748,190,1098.994508
287.51627,332,1099.275954
271.31396,177,1099.317462
275.10046,273,1099.352243
30.097504,101,1099.393269
36.781998,148,1099.416964
56.287537,155,1099.570734
310.50226,267,1099.652752
271.9872,188,1099.748662
284.6885,478,1099.765719
279.15106,411,1099.881135
265.19232,354,1099.916199
264.37183,406,1099.984307
50.36409,106,1100.340079
259.55872,240,1100.367691
269.78998,364,1100.431062
294.09985,276,1100.44086
258.34424,194,1100.440899
282.76465,409,1100.440909
312.295,446,1100.440916
254.70583,268,1100.440922
278.44647,357,1100.440928
284.17334,292,1100.465442
300.39117,209,1100.616495
243.88203,295,1100.620971
51.968872,103,1100.78608
47.494583,117,1100.911606
71.04184,154,1101.05735
291.24506,312,1101.245081
258.96933,419,1101.276903
296.39557,376,1101.276939
287.22266,205,1101.276948
284.48175,344,1101.276955
285.4057,205,1101.276962
280.15048,200,1101.276968
275.85318,242,1101.424893
286.56647,268,1101.429176
295.5248,226,1101.537885
258.5963,212,1101.785269
267.6447,308,1101.869362
262.12592,350,1101.86941
291.62546,169,1101.966172
270.17233,177,1101.96622
296.87247,374,1101.96623
295.57123,222,1101.966237
313.8292,289,1101.966244
268.0145,156,1102.066402
297.6325,204,1102.113287
290.9183,214,1102.153404
266.31543,220,1102.176674
262.31128,235,1102.238415
280.00305,215,1102.309695
55.561905,89,1102.329944
283.9174,284,1102.439194
282.4959,143,1102.459873
76.94122,136,1102.533325
255.7662,196,1102.59154
283.50342,263,1102.623047
65.67546,159,1102.724269
270.01923,194,1102.767843
266.94376,188,1102.922146
283.4437,200,1102.932024
310.96973,265,1102.957624
312.01025,245,1102.972742
275.4079,184,1103.071492
269.44342,227,1103.111467
256.75107,214,1103.120625
276.8209,179,1103.194
271.22195,298,1103.194046
280.8778,184,1103.197747
278.4298,211,1103.20255
41.461594,150,1103.397258
281.42645,198,1103.447684
288.3515,226,1103.474775
262.53308,224,1103.526165
314.0384,198,1103.54982
40.50386,144,1103.674148
261.54163,179,1103.682489
60.04225,132,1103.753172
288.37756,200,1103.790797
52.79799,148,1104.043386
305.4157,214,1104.07488
249.50584,214,1104.074925
265.35205,267,1104.074939
263.04095,169,1104.079443
286.02826,282,1104.088202
7.242119,105,1104.109709
287.83838,242,1104.11424
284.33444,245,1104.134306
38.34082,113,1104.134341
252.28494,155,1104.15549
296.90375,236,1104.174476
313.49908,235,1104.430038
26.890373,110,1104.530118
282.65808,286,1104.716724
254.55612,173,1104.839657
261.8562,178,1104.839708
282.36124,175,1104.850461
255.89409,202,1104.91166
295.4271,214,1104.955867
282.08716,267,1105.214506
233.50003,256,1105.214555
284.9179,282,1105.24618
59.473663,119,1105.343614
289.52783,401,1105.401128
248.8616,401,1105.436969
309.76984,220,1105.437013
271.39105,263,1105.516153
263.64523,345,1105.516204
318.07538,326,1105.521325
61.844315,127,1105.742304
290.21802,296,1105.950007
260.9223,273,1105.983325
274.56155,256,1105.983366
293.26013,245,1105.983376
242.53603,186,1105.988202
311.34338,179,1105.992796
281.70984,277,1106.002967
291.1717,472,1106.008955
284.4113,161,1106.033969
71.379364,146,1106.083089
291.21326,174,1106.169654
304.60104,165,1106.246519
264.0738,224,1106.409531
277.59283,257,1106.627945
282.8564,260,1106.642907
287.47778,155,1106.675253
52.512512,91,1106.806844
255.6418,155,1106.827256
257.98132,195,1106.846755
266.80267,196,1106.851181
289.56885,217,1107.020887
288.26373,225,1107.020949
300.68835,242,1107.020963
283.8799,298,1107.052752
303.92657,239,1107.057906
251.74538,249,1107.090197
42.6996,115,1107.179219
253.68434,133,1107.210501
308.64563,255,1107.339695
293.09863,199,1107.497381
281.89917,388,1107.680453
287.42798,390,1107.684333
292.8604,235,1107.804557
253.87776,210,1107.899873
279.30408,250,1107.905017
292.89874,225,1107.991857
45.049164,91,1108.07714
262.01544,243,1108.077196
308.85028,288,1108.077214
283.04828,248,1108.139707
246.24486,220,1108.272181
275.81567,261,1108.280986
271.16495,345,1108.297352
312.39246,307,1108.323747
269.0319,153,1108.349669
236.43977,273,1108.369349
304.4953,220,1108.442694
268.32156,173,1108.651581
58.930054,136,1108.894336
38.9769,131,1108.918602
55.40764,121,1108.945543
296.45187,225,1108.949991
222.04408,456,1108.950016
244.49548,246,1108.950025
250.63002,206,1108.950033
251.67288,255,1109.161943
278.53787,192,1109.161986
274.5904,255,1109.161996
270.19702,320,1109.169948
285.67957,214,1109.208096
282.1663,237,1109.285661
80.26175,118,1109.444097
286.68494,204,1109.503034
289.42883,332,1109.533695
279.9223,325,1109.637058
261.29764,166,1109.641378
275.7218,170,1109.657103
318.06097,199,1109.751171
323.22647,240,1109.891743
305.16132,181,1109.905633
279.956,230,1109.905666
241.9675,261,1110.033903
275.5337,222,1110.082878
310.16443,212,1110.087773
293.9985,145,1110.13894
278.61823,208,1110.151973
58.15474,87,1110.280035
46.432068,137,1110.490158
70.348114,100,1110.5092
50.595764,124,1110.562135
281.91556,170,1110.612993
250.92282,279,1110.613033
43.539886,120,1110.643383
278.73932,290,1110.71302
42.003082,110,1110.732934
271.75708,382,1110.759908
84.83215,164,1110.76821
279.07837,266,1110.77608
223.96939,392,1110.796727
313.8413,276,1110.796768
297.77597,278,1110.80931
297.79562,260,1110.840295
249.89217,167,1110.850818
64.4182,98,1111.014996
69.28659,91,1111.015045
51.849365,91,1111.134604
260.21066,152,1111.188046
22.95102,104,1111.19957
271.94702,151,1111.235271
65.65619,132,1111.338655
276.35492,182,1111.55587
277.2315,186,1111.560388
280.16452,272,1111.630869
289.4216,220,1111.642728
66.59573,112,1111.647712
298.93076,196,1111.647738
279.3241,195,1111.65202
287.6671,228,1111.656118
271.06802,187,1111.783426
47.840775,116,1111.821223
256.18347,274,1111.905651
286.2387,234,1111.986712
57.08165,103,1112.058908
296.02505,214,1112.11804
48.591385,137,1112.214521
269.14075,173,1112.280387
62.624146,151,1112.290486
63.914642,117,1112.313077
277.0398,447,1112.344331
292.86407,285,1112.389463
263.5301,326,1112.497535
264.87744,206,1112.517585
62.422195,110,1112.58531
286.89404,234,1112.627975
55.65248,109,1112.674156
66.01015,94,1112.684827
41.21399,115,1112.792913
15.293686,105,1112.831071
277.56482,190,1112.866288
281.0223,259,1112.884273
268.13647,293,1112.884302
283.4161,314,1112.884318
262.26532,268,1113.110933
312.71466,212,1113.171883
54.10118,134,1113.192595
48.766373,90,1113.255547
76.98642,137,1113.260302
281.4886,170,1113.300194
43.359848,110,1113.342098
279.6739,185,1113.452089
59.159668,84,1113.464103
286.40515,233,1113.472857
270.00775,269,1113.472895
5.8729477,89,1113.543936
278.94025,410,1113.633143
255.77998,179,1113.633183
41.002945,102,1113.690669
46.012863,123,1113.78508
293.77747,239,1113.807584
239.04344,227,1113.824297
48.875305,117,1113.839725
43.24666,112,1113.93208
296.13312,280,1114.010382
278.49194,196,1114.022419
266.33414,363,1114.046113
32.7117,113,1114.115171
272.18887,195,1114.130843
16.003838,106,1114.138667
284.43726,187,1114.264754
52.900894,112,1114.292994
38.29918,120,1114.347056
48.143997,103,1114.36598
1.2418442,89,1114.386316
38.023315,143,1114.407173
42.090958,87,1114.48401
268.28314,241,1114.576742
17.81137,106,1114.594812
62.74803,109,1114.599444
264.20258,204,1114.660566
263.83243,239,1114.660614
301.3589,278,1114.660625
287.76508,279,1114.673702
34.401947,105,1114.845326
9.931473,105,1114.866608
39.75003,76,1114.903869
289.09717,210,1114.923435
41.390472,88,1115.030371
323.97437,230,1115.03523
311.5145,187,1115.14748
40.01416,118,1115.155818
39.00403,135,1115.169568
255.69943,190,1115.185453
268.4206,215,1115.194573
263.70786,209,1115.194611
19.861748,90,1115.246643
66.765625,128,1115.379098
28.932709,118,1115.398236
257.99603,194,1115.485769
48.360657,92,1115.531587
73.43161,96,1115.566295
50.200745,130,1115.570758
293.1447,249,1115.644264
290.4536,236,1115.644316
265.23434,276,1115.648492
-12.168106,73,1115.684176
49.1976,125,1115.700623
45.778015,108,1115.851543
43.474854,84,1115.920761
280.33298,179,1115.938722
64.806366,109,1115.986336
38.32025,120,1115.986377
61.10379,83,1115.995215
27.460464,91,1116.030529
316.68893,213,1116.082451
278.90762,221,1116.082496
60.759476,112,1116.158312
28.634201,109,1116.162303
275.12927,350,1116.382046
12.00264,91,1116.402978
33.553787,117,1116.403016
316.11145,204,1116.419867
287.90387,286,1116.433132
262.87628,202,1116.493008
8.345772,110,1116.610987
30.408081,156,1116.631488
280.96796,213,1116.739081
62.151764,85,1116.743802
34.601074,159,1116.743866
277.6759,411,1116.752449
21.165848,79,1116.77052
8.664871,96,1116.813616
31.438858,111,1116.872121
34.856934,107,1116.872169
281.17807,232,1116.956144
320.26965,245,1116.960036
286.97473,229,1117.037035
63.397156,136,1117.065161
273.07208,262,1117.089401
62.53119,87,1117.129975
45.669968,75,1117.18364
68.21954,137,1117.208689
42.644745,119,1117.240311
2.388733,89,1117.24478
251.83711,261,1117.244815
73.70415,87,1117.332711
41.195084,99,1117.489333
42.541306,177,1117.50147
0.17701721,97,1117.599404
22.389565,103,1117.682372
289.56885,207,1117.688175
285.14386,234,1117.737274
316.177,246,1117.780597
26.770706,78,1117.818159
48.95897,173,1117.825494
8.09082,78,1117.830419
260.31238,186,1117.923933
51.935654,160,1118.008823
30.401596,103,1118.037241
260.03207,243,1118.064178
283.0442,262,1118.06421
23.583038,121,1118.186319
21.825546,95,1118.212885
16.608246,82,1118.260506
80.28917,145,1118.290958
71.78363,130,1118.323722
48.71219,143,1118.332704
297.59857,262,1118.353542
267.2959,426,1118.412797
27.119995,116,1118.520487
40.042908,124,1118.525135
49.82904,116,1118.548946
56.785675,101,1118.60944
54.437622,77,1118.614273
334.12793,210,1118.700275
32.06195,135,1118.777316
54.541946,120,1118.823682
50.682312,121,1118.837803
-16.427246,86,1118.909006
-3.1098099,93,1118.915131
57.015396,95,1118.920051
-101.420296,283,1119.022117
284.9626,238,1119.069596
26.33976,108,1119.078064
25.51612,72,1119.091367
265.77966,452,1119.123409
30.945847,102,1119.139396
319.8118,211,1119.15848
288.16574,462,1119.198287
31.871521,138,1119.19832
40.499466,71,1119.222439
17.354485,112,1119.31464
51.214172,98,1119.327665
21.544525,81,1119.359891
29.087952,78,1119.480965
44.72641,103,1119.50581
31.649353,93,1119.525955
28.043213,105,1119.560267
60.820816,79,1119.662372
49.57431,90,1119.697618
304.39447,232,1119.806554
252.14343,331,1119.8066
258.24762,214,1119.819637
253.92262,359,1119.864441
9.577126,97,1119.890527
6.75679,93,1119.901952
27.995071,169,1119.935164
265.53845,230,1120.054106
315.58295,205,1120.058933
67.39142,120,1120.163965
51.149307,124,1120.209519
35.15619,103,1120.23443
33.409653,112,1120.271462
286.3475,189,1120.314604
291.3079,229,1120.314639
34.257645,109,1120.340768
36.792572,118,1120.354565
33.533737,114,1120.37171
299.89197,330,1120.44562
46.540924,206,1120.669434
54.303986,114,1120.677726
19.323586,89,1120.682326
14.637566,83,1120.710714
14.467155,98,1120.744332
49.010315,117,1120.75437
285.12622,206,1120.785369
288.19745,294,1120.785406
8.155479,107,1120.798453
51.37245,91,1121.05008
276.1699,179,1121.058197
279.07916,243,1121.058231
309.895,219,1121.067198
262.02972,452,1121.07937
288.5135,205,1121.08413
22.097702,98,1121.094979
8.108162,96,1121.114444
43.604553,113,1121.155203
265.57336,306,1121.341206
65.42612,86,1121.468126
35.829987,86,1121.487951
9.817253,99,1121.509118
21.871666,112,1121.564096
285.54224,205,1121.659273
51.410995,160,1121.740227
48.19487,146,1121.765161
52.297043,170,1121.765217
307.52716,235,1121.770203
306.24203,247,1121.790364
291.64807,251,1121.799681
292.53247,257,1121.860762
287.85138,197,1121.885287
10.972794,103,1121.905206
68.375565,122,1122.002757
312.88995,229,1122.015875
58.64258,141,1122.042367
-3.9973373,79,1122.116268
20.048325,95,1122.132272
311.4327,227,1122.272333
64.87628,114,1122.328075
61.996613,140,1122.373163
27.883942,119,1122.397792
49.2274,86,1122.470032
57.645126,120,1122.500615
42.062775,123,1122.546925
300.1204,242,1122.55495
276.13904,203,1122.600888
27.504951,158,1122.666435
252.49496,223,1122.682159
263.2804,259,1122.725331
267.16382,244,1122.773513
80.66672,119,1122.820855
47.25949,93,1122.885483
25.18821,141,1122.965023
-7.308693,93,1123.117522
22.519676,105,1123.125843
41.78688,161,1123.27047
55.96878,140,1123.352505
9.309914,78,1123.441696
55.54239,130,1123.498901
268.68414,393,1123.511452
305.10452,276,1123.543096
258.59348,309,1123.556047
271.3109,221,1123.589547
312.81775,353,1123.596952
310.80292,290,1123.753248
247.7416,802,1123.776072
312.81696,178,1123.851143
264.50473,236,1123.86668
72.7753,84,1123.894153
29.346771,107,1123.894193
39.394302,108,1123.97047
43.530655,125,1124.028648
37.95108,118,1124.052006
-8.24884,79,1124.086974
43.0623,123,1124.102082
295.01678,411,1124.182642
311.74628,228,1124.227498
64.08377,133,1124.337522
33.01651,82,1124.429638
56.24608,138,1124.434277
-7.288597,98,1124.45894
45.070328,131,1124.511433
13.70089,85,1124.536071
66.82825,143,1124.613194
303.50073,332,1124.735209
311.20276,525,1124.735261
299.47925,276,1124.740045
301.01135,218,1124.77049
289.6619,499,1124.893054
19.82975,106,1124.942837
43.752167,129,1124.982879
288.09888,219,1125.003877
38.773895,177,1125.05925
40.773224,114,1125.082774
57.460953,135,1125.08683
283.22064,300,1125.13146
27.67817,190,1125.211818
73.804474,122,1125.239662
80.102554,122,1125.24381
49.33641,129,1125.300116
289.20905,342,1125.305202
294.39465,152,1125.608155
270.92773,339,1125.615989
285.88455,216,1125.62735
271.87805,171,1125.715947
245.36377,194,1125.75086
73.369156,163,1125.768205
273.4476,327,1125.78055
51.86902,135,1125.806047
274.9041,244,1125.921723
21.41047,75,1126.068669
42.173645,86,1126.082674
35.888245,92,1126.155894
294.52512,205,1126.16455
309.53326,246,1126.164598
279.52206,227,1126.164609
248.81201,204,1126.164617
311.15607,260,1126.172016
54.06038,185,1126.536847
62.90094,122,1126.562953
50.427094,129,1126.601564
62.751907,121,1126.640489
261.2077,186,1126.670026
67.52312,127,1126.674752
64.91699,131,1126.699823
297.29034,269,1126.738301
309.49744,291,1126.817859
301.07587,427,1126.822358
28.103653,95,1126.921618
317.5664,192,1126.938356
0.816452,93,1127.079874
296.0413,229,1127.091874
285.422,234,1127.113383
31.598068,116,1127.14773
48.76602,134,1127.224169
26.520157,101,1127.240072
250.34198,493,1127.274215
302.6171,362,1127.290294
45.35225,91,1127.304054
54.147324,122,1127.326234
38.83589,78,1127.47854
39.881332,102,1127.516166
311.65872,238,1127.552094
300.86957,228,1127.686984
268.28653,184,1127.710801
30.820175,106,1127.754163
64.830444,128,1127.790136
53.761627,118,1127.798774
-9.724594,77,1127.810134
44.61505,134,1127.905234
276.07874,570,1127.995714
38.546204,124,1128.043068
50.037155,120,1128.065271
316.24054,201,1128.085001
283.92273,353,1128.085043
275.09644,228,1128.085058
27.779297,105,1128.142289
1.8797302,89,1128.175119
5.0151367,99,1128.179609
50.08319,104,1128.226034
25.55191,100,1128.226066
45.767975,124,1128.238861
284.24368,286,1128.304119
57.759262,83,1128.34428
53.70749,110,1128.370239
0.84612274,85,1128.405122
57.26686,106,1128.511384
65.629105,108,1128.539356
253.19843,297,1128.543595
38.74266,124,1128.601584
28.847992,104,1128.614176
41.20793,135,1128.646573
51.347626,82,1128.847157
287.47528,175,1128.871592
42.03009,120,1128.896696
45.751617,142,1128.928355
69.380264,171,1128.941265
33.8349,109,1129.065481
18.92907,88,1129.211992
291.0247,180,1129.389879
268.18854,191,1129.389928
293.78885,206,1129.389938
283.6384,284,1129.420434
296.78302,224,1129.460819
297.09625,354,1129.690297
-3.3594742,85,1129.736565
48.448288,78,1129.736598
310.1323,336,1129.749848
280.42242,379,1129.871284
265.65344,411,1129.875144
292.7624,227,1129.875174
287.50635,200,1129.887589
306.81073,242,1129.892025
49.695145,162,1130.057626
262.1059,190,1130.18789
294.41534,305,1130.201632
5.6391754,84,1130.237748
38.017426,86,1130.245899
60.98871,119,1130.39642
283.85886,224,1130.396486
258.26828,285,1130.396501
67.06319,138,1130.470006
37.23883,173,1130.478207
6.4895325,78,1130.508074
21.997612,71,1130.529306
39.104416,123,1130.574396
279.32495,229,1130.652731
293.22986,218,1130.65278
281.99188,429,1130.65279
34.996387,1000,1130.807903
32.288666,104,1130.82182
281.20337,242,1130.87826
255.25922,274,1130.878298
39.345,126,1131.024074
61.66484,124,1131.16149
283.947,167,1131.166141
290.59988,225,1131.170541
271.21106,165,1131.328203
279.3907,195,1131.328254
39.586166,90,1131.391893
276.42505,244,1131.470112
272.74304,263,1131.474182
266.2326,202,1131.479076
308.50977,312,1131.4791
298.51343,195,1131.610215
260.87286,182,1131.626714
279.1552,182,1131.626765
255.85497,283,1131.742164
304.00598,270,1131.938618
244.60275,188,1131.949951
63.644547,135,1131.958278
268.9344,393,1132.018928
305.40076,224,1132.087162
305.3706,223,1132.087207
40.50415,149,1132.099524
315.22754,187,1132.103837
252.21976,175,1132.208772
30.679382,148,1132.233611
254.65935,148,1132.250928
41.48857,81,1132.299583
289.1758,238,1132.487942
288.46582,240,1132.507964
246.20033,238,1132.648242
282.419,213,1132.65733
269.61218,168,1132.67463
73.49025,129,1132.809791
26.885864,85,1132.856918
271.3189,200,1132.873471
303.59186,175,1132.961776
282.47153,240,1132.966141
251.83281,174,1132.983392
78.06383,120,1133.15296
304.36993,289,1133.33528
296.88992,244,1133.335335
42.862488,116,1133.343249
249.9009,175,1133.387059
236.99449,302,1133.387105
55.730865,114,1133.438137
266.87125,505,1133.463624
281.55115,226,1133.620324
242.4495,361,1133.624273
47.132126,72,1133.640341
251.9028,202,1133.657307
256.38562,175,1133.698125
44.443222,77,1133.710761
33.787323,88,1133.716242
307.09448,204,1133.834243
314.81317,229,1133.834305
60.739136,90,1134.011897
259.76685,154,1134.028701
45.80101,79,1134.036224
268.64987,377,1134.064191
242.87886,220,1134.068837
52.405746,112,1134.089086
293.2443,188,1134.121598
282.6524,520,1134.279245
289.38538,191,1134.403689
285.83557,234,1134.40374
60.477814,113,1134.532593
277.3199,188,1134.617098
77.4633,144,1134.629153
40.637848,144,1134.637272
278.70795,152,1134.704132
300.96378,239,1134.716451
271.81558,326,1134.828283
278.99643,236,1134.828344
290.69623,202,1134.866423
284.40796,278,1134.866465
310.49646,191,1134.895719
284.66626,145,1134.900345
315.8291,158,1135.078088
294.21344,240,1135.129229
292.75793,174,1135.15004
282.2912,369,1135.20765
293.38812,154,1135.285251
286.79456,156,1135.487875
265.02246,183,1135.491585
59.299377,114,1135.565964
251.74202,161,1135.581737
258.73355,171,1135.621447
86.155014,122,1135.654576
305.70618,264,1135.663672
280.5153,188,1135.663705
292.6056,226,1135.663715
285.7149,197,1135.663722
275.15253,245,1135.663728
272.67462,203,1135.725435
44.05226,77,1135.811568
30.47934,145,1135.81603
240.61295,294,1135.882524
264.9963,216,1136.194758
55.04814,153,1136.296375
70.17848,163,1136.336305
52.70764,127,1136.413542
259.59027,201,1136.492247
245.1355,215,1136.556813
50.48723,92,1136.576596
314.0022,244,1136.598041
287.46375,231,1136.623171
258.46802,304,1136.75215
239.63956,277,1136.773196
311.27667,289,1136.773233
272.4538,230,1136.773242
276.39117,417,1136.905518
61.338837,77,1136.905564
287.97528,302,1136.988806
304.61743,347,1137.116135
252.3618,327,1137.200312
293.31247,202,1137.200361
286.30823,212,1137.200371
264.8026,201,1137.344444
290.94092,191,1137.410362
281.01447,152,1137.422794
256.00836,166,1137.480884
289.03702,206,1137.497586
287.87192,208,1137.635194
314.6337,178,1137.652318
310.1202,192,1137.710241
302.18622,337,1137.965537
256.33014,213,1137.999729
287.55298,245,1138.008852
267.3798,298,1138.01984
280.98914,195,1138.205915
234.98602,442,1138.253624
276.7273,258,1138.253686
274.22955,224,1138.257972
241.45018,208,1138.270294
295.75815,266,1138.28596
244.06,272,1138.311422
311.52576,248,1138.485736
288.62158,228,1138.635596
261.5163,252,1138.676414
298.61914,357,1138.946393
253.58968,199,1139.070545
264.04254,263,1139.07059
309.83124,211,1139.114794
274.50403,366,1139.127544
270.633,214,1139.127606
302.25574,272,1139.127622
314.1628,281,1139.159739
273.2027,226,1139.217014
265.87695,311,1139.247564
301.69202,271,1139.324483
267.39642,271,1139.390352
282.84857,261,1139.390406
300.12183,183,1139.3994
262.5789,194,1139.481413
52.744568,111,1139.698293
291.30518,182,1139.882993
271.97272,192,1139.923518
241.93108,238,1139.93621
274.31354,352,1139.94069
302.4226,177,1140.045087
270.5371,237,1140.049443
282.66833,228,1140.057523
284.8695,225,1140.057547
278.5531,144,1140.072583
277.4419,249,1140.18626
305.86606,271,1140.194932
317.4104,196,1140.194959
259.7326,196,1140.194969
312.63635,263,1140.3017
276.99463,226,1140.324866
322.2442,168,1140.570072
275.53705,222,1140.844006
284.7398,300,1140.930063
300.67737,211,1141.058012
261.24728,264,1141.138806
299.42413,262,1141.138863
313.99866,230,1141.138879
285.11218,198,1141.13889
282.65634,261,1141.148708
309.4734,234,1141.148739
300.9057,207,1141.154454
237.61552,337,1141.355422
273.26453,308,1141.355478
278.93842,311,1141.355488
28.892624,115,1141.441467
270.5822,244,1141.605973
289.57343,341,1141.621856
261.01187,179,1141.914561
266.68567,190,1141.951271
288.3683,270,1141.992532
295.5522,213,1142.046107
250.37,170,1142.061688
294.435,238,1142.073719
275.50302,217,1142.078593
317.53848,181,1142.110878
59.389206,135,1142.191605
270.4721,267,1142.274531
249.38988,278,1142.330035
260.51978,288,1142.551277
214.87332,633,1142.57072
263.49072,274,1142.575589
257.591,352,1142.631692
287.8921,247,1142.640652
274.77374,170,1142.709731
260.43967,187,1142.87085
257.48312,162,1142.970348
280.0271,307,1143.219688
261.32904,162,1143.332692
294.17975,334,1143.373312
260.95032,244,1143.373348
296.48206,297,1143.373358
282.15228,313,1143.415341
62.975815,167,1143.579293
266.91547,211,1143.616221
304.87582,279,1143.830563
270.41333,295,1143.830614
282.417,259,1144.047246
220.89221,496,1144.145988
284.73846,198,1144.146039
230.5763,501,1144.153757
253.2102,376,1144.158619
306.47235,233,1144.186499
232.35788,515,1144.35205
230.47679,427,1144.352097
300.09653,182,1144.36142
320.00482,297,1144.61541
285.23376,313,1144.683173
249.52019,362,1144.893924
292.86615,177,1144.907442
56.257538,95,1145.023789
290.766,347,1145.043558
287.66342,291,1145.058948
289.13684,294,1145.070533
264.34393,258,1145.258781
292.98404,258,1145.263686
271.70056,264,1145.275595
50.858185,98,1145.321729
275.79724,303,1145.482388
259.91257,228,1145.653334
257.99463,306,1145.662586
207.83322,535,1145.666999
236.63391,385,1145.989299
257.43152,260,1145.989346
248.86424,458,1145.989356
308.59973,224,1146.01145
298.76306,179,1146.011499
244.684,231,1146.027654
254.2276,174,1146.051868
266.4675,466,1146.333328
296.23584,311,1146.341582
304.99716,262,1146.357745
255.637,320,1146.361975
33.659348,89,1146.378047
254.98688,174,1146.386475
293.58875,224,1146.41583
242.7877,199,1146.482319
33.26625,106,1146.833025
299.0061,220,1146.906935
283.36325,227,1146.935931
267.65506,315,1146.975645
323.09064,237,1146.999814
278.9403,412,1146.999871
291.64062,235,1147.007205
268.91476,207,1147.205074
290.16278,209,1147.205137
278.9671,292,1147.205154
250.61008,242,1147.36374
247.22165,338,1147.462849
256.0581,272,1147.50056
296.2845,262,1147.509082
315.79108,247,1147.513881
266.58032,304,1147.647435
321.60696,213,1147.718238
253.57806,229,1147.921663
304.1209,253,1147.957087
34.04802,120,1147.95714
290.41467,181,1147.957155
279.59366,237,1147.982883
17.801392,101,1148.149299
288.09644,273,1148.345508
316.806,204,1148.351271
243.36267,237,1148.360121
276.29626,290,1148.418899
260.78638,360,1148.438898
18.634285,94,1148.737485
48.77794,88,1148.782516
248.2886,314,1148.81881
290.8043,222,1148.850701
290.26318,315,1148.958205
83.17546,127,1148.96162
304.1709,252,1149.008785
293.35748,265,1149.08904
284.26663,282,1149.134392
280.21442,284,1149.142858
304.81436,242,1149.148093
219.53712,518,1149.156878
294.30045,518,1149.165595
265.2202,400,1149.174466
306.7411,217,1149.261498
273.12872,234,1149.323704
313.4981,173,1149.572009
289.43195,175,1149.686438
285.94296,224,1149.746792
281.75833,207,1149.862964
313.12683,263,1149.867416
310.26324,174,1149.872229
286.67102,181,1149.880677
306.04697,280,1149.893088
282.33173,155,1149.897653
297.35095,228,1149.904813
311.86996,235,1150.116297
304.9729,231,1150.128371
38.77231,93,1150.264194
257.8249,295,1150.314099
271.5689,301,1150.40519
34.07579,109,1150.573233
283.6751,179,1150.631296
299.6062,319,1150.647758
281.22382,160,1150.792601
276.0317,268,1150.799685
255.93501,253,1150.79972
294.14587,253,1150.918715
259.83115,252,1150.918755
321.31885,325,1150.918764
22.11718,104,1151.057128
9.478294,89,1151.168405
267.35687,186,1151.168455
247.15833,499,1151.237665
258.2359,323,1151.246228
256.37665,339,1151.305287
297.98376,179,1151.314184
293.2157,353,1151.379398
39.619766,77,1151.384317
43.16501,89,1151.542195
280.73834,249,1151.679872
285.4926,212,1151.679923
55.248444,128,1151.704204
314.19592,337,1151.719557
270.89764,222,1151.723965
263.99915,350,1151.72399
292.3049,193,1151.728348
284.578,165,1151.932981
301.8233,241,1151.933041
273.93484,252,1151.978043
68.830414,91,1152.065063
275.93387,214,1152.217964
289.04608,217,1152.23845
284.6576,202,1152.242932
318.92963,203,1152.242957
297.32208,238,1152.254982
47.115143,90,1152.316427
260.95526,158,1152.357119
270.1785,182,1152.496894
0.1319809,86,1152.610693
315.13364,256,1152.638164
30.923721,99,1152.643069
295.22565,232,1152.710368
32.351166,113,1152.794847
271.88776,201,1152.832321
300.53345,295,1152.950498
279.11905,173,1152.961651
296.29572,169,1152.961695
277.73468,260,1153.03064
8.37236,90,1153.079748
294.55298,321,1153.079791
293.25034,246,1153.107621
269.19138,346,1153.184468
276.8833,230,1153.2011
291.0917,206,1153.217184
298.60046,222,1153.415439
254.1879,197,1153.41549
284.44266,159,1153.443406
61.252716,83,1153.539855
54.727814,114,1153.544036
43.117188,114,1153.647656
317.34183,286,1153.801706
64.76163,113,1154.108128
282.70038,296,1154.169661
306.47504,296,1154.16971
273.19626,282,1154.179099
275.85547,180,1154.179134
285.6428,300,1154.179144
276.84583,237,1154.183837
257.44995,332,1154.188035
274.05325,383,1154.204075
287.84555,281,1154.225481
299.48993,276,1154.23482
294.1377,200,1154.234849
279.00348,242,1154.408429
253.97372,161,1154.466844
276.4704,238,1154.518818
303.69934,242,1154.530868
5.314438,78,1154.555873
41.104935,115,1154.679105
36.85312,122,1154.686745
5.874115,125,1154.691341
48.426804,126,1154.706976
244.59657,165,1154.879604
263.84552,169,1154.943675
246.8342,213,1155.138519
-3.2508163,81,1155.227915
265.6357,296,1155.361993
300.4287,209,1155.412493
313.79596,222,1155.412543
286.39935,293,1155.412552
278.76907,200,1155.41256
275.74426,292,1155.425536
296.31183,174,1155.454345
304.4111,339,1155.609435
280.57025,234,1155.681945
307.41995,239,1155.699179
277.4256,242,1155.710779
283.90967,279,1155.71494
306.35223,312,1155.727872
52.064804,120,1155.851967
310.43018,236,1155.91762
-19.442131,77,1155.990588
272.1651,218,1156.030899
287.79437,160,1156.061629
312.73492,205,1156.257927
280.60803,198,1156.257976
305.42822,254,1156.262092
268.776,238,1156.38823
283.50787,271,1156.52131
326.79102,201,1156.52136
44.711044,74,1156.567474
318.63586,236,1156.671618
272.1801,237,1156.679326
6.3434677,89,1156.933147
270.60556,256,1156.972615
299.42322,221,1156.972662
245.88835,305,1156.972674
316.13483,333,1156.972684
267.2765,382,1156.97761
247.03905,174,1156.977646
296.95874,239,1156.977658
268.823,276,1156.986363
256.0374,182,1157.011073
276.50287,240,1157.02435
295.96368,140,1157.101365
29.187378,81,1157.308386
294.3208,227,1157.321586
23.619965,89,1157.342037
34.32811,101,1157.401893
64.40144,147,1157.584184
271.42383,265,1157.615741
254.33505,228,1157.615777
-12.424538,93,1157.704746
30.349167,100,1157.753551
291.66003,189,1157.757719
255.05049,190,1157.762514
63.470917,116,1157.787277
252.77213,215,1157.901929
39.32022,78,1157.906026
277.59912,298,1157.913235
272.68198,229,1157.921846
257.4873,240,1157.930275
9.425453,94,1158.002007
323.96277,266,1158.121271
33.95485,103,1158.187739
314.2373,296,1158.200589
298.39136,274,1158.229067
65.146194,95,1158.303815
289.73865,151,1158.378861
34.22351,107,1158.5627
7.6449127,94,1158.574293
30.011703,107,1158.642554
297.51437,250,1158.646795
269.4557,188,1158.70111
303.98578,214,1158.783098
307.9002,380,1158.966849
14.289261,66,1158.971358
277.33386,300,1158.988167
298.18878,292,1158.988198
281.34576,261,1158.99318
307.81503,313,1158.993207
295.251,266,1158.993217
265.4291,242,1158.998103
296.45178,179,1159.042875
60.66655,108,1159.090621
30.62799,82,1159.122686
299.0111,281,1159.396794
297.8707,205,1159.417721
278.1251,249,1159.417772
40.7325,103,1159.430315
290.89102,219,1159.557168
45.60573,142,1159.689712
250.67166,185,1159.746101
270.35138,189,1159.765644
19.383362,84,1159.765679
258.22577,188,1159.78148
301.61304,194,1159.802563
257.4201,336,1159.972101
273.28473,249,1160.081154
275.21234,229,1160.081205
279.75946,261,1160.081215
296.94818,259,1160.081222
287.4585,266,1160.104053
310.5053,177,1160.132935
284.59955,216,1160.312721
292.92947,249,1160.466293
285.30786,219,1160.466345
42.474228,109,1160.53546
276.7015,238,1160.678738
288.77032,223,1160.698713
287.38385,229,1160.703503
266.04538,224,1160.703549
273.3304,174,1160.703559
290.89618,215,1160.703566
311.30737,221,1160.708565
288.24664,173,1160.805282
271.48883,189,1160.867809
308.1491,179,1160.875858
263.64444,216,1160.973987
55.801285,77,1161.010164
313.1104,244,1161.112157
25.584541,108,1161.135053
61.2164,135,1161.247816
275.72757,229,1161.252243
262.47302,194,1161.327494
247.64284,177,1161.39209
282.3583,252,1161.493347
280.33484,131,1161.506106
265.01816,200,1161.510847
267.97803,205,1161.535534
309.80307,208,1161.544218
287.10773,265,1161.552615
297.51,200,1161.617074
268.07166,187,1161.631257
284.1564,161,1161.77354
284.84143,229,1161.80913
37.14142,95,1162.002142
282.58606,227,1162.062173
272.3474,259,1162.067303
25.504478,136,1162.067353
269.5722,200,1162.06737
266.4447,186,1162.164806
100.802246,150,1162.16945
264.21353,166,1162.2254
29.276672,90,1162.374761
267.48248,275,1162.383985
58.71138,83,1162.417815
285.4276,216,1162.426956
287.95682,193,1162.426983
262.54123,226,1162.431685
35.302765,104,1162.507193
44.016403,86,1162.526953
294.02277,184,1162.534993
303.5299,257,1162.570337
255.43709,307,1162.597229
280.36444,197,1162.625241
27.13552,83,1162.73077
276.12506,135,1162.782089
269.56662,179,1162.813519
43.21086,84,1162.946914
54.08737,114,1163.044949
267.60544,161,1163.095805
297.82263,230,1163.336255
264.37555,305,1163.341223
293.94794,223,1163.345541
310.46863,285,1163.350242
289.56375,177,1163.36376
267.32074,226,1163.372441
284.88446,210,1163.382006
66.51665,87,1163.410154
267.77554,231,1163.487002
285.40073,190,1163.522704
259.22543,171,1163.522753
276.16956,239,1163.527508
252.82463,266,1163.531913
14.027191,92,1163.795925
271.02554,258,1163.863524
255.65875,229,1163.902691
44.317062,113,1163.961704
250.93916,167,1164.049031
244.4828,167,1164.053811
35.841187,128,1164.065871
291.72076,147,1164.146216
-21.91581,92,1164.248479
70.125595,130,1164.333821
273.17868,240,1164.338647
276.0445,299,1164.342751
20.724068,73,1164.36254
52.37047,113,1164.37007
37.77437,107,1164.402428
303.27884,211,1164.402461
260.43207,278,1164.523893
38.826385,123,1164.561723
281.45642,286,1164.568116
42.734573,87,1164.612308
61.521255,86,1164.692818
29.061188,104,1164.773025
285.2641,345,1164.781178
-15.127647,124,1164.862482
29.0083,119,1164.86253
272.0775,203,1164.985721
272.33667,349,1164.98577
57.14389,113,1164.990587
81.331055,152,1165.038805
20.294342,84,1165.043136
286.04608,252,1165.094039
288.04892,412,1165.09827
280.69788,166,1165.098294
12.491203,94,1165.163836
35.365295,98,1165.393942
31.951447,102,1165.415645
27.864403,79,1165.423808
43.64386,114,1165.464618
299.85855,225,1165.497687
258.1366,172,1165.497718
292.52606,274,1165.514624
33.634308,102,1165.519443
298.77307,196,1165.671289
246.38226,163,1165.720401
268.91632,303,1165.821491
269.35696,295,1165.835327
265.26178,172,1165.875322
277.62067,252,1165.907157
53.21895,113,1165.936457
289.33084,240,1166.110134
31.805817,113,1166.161004
79.40381,158,1166.169959
294.08365,198,1166.232297
286.0854,289,1166.252493
37.88611,76,1166.262201
32.999268,130,1166.388398
54.806625,140,1166.418567
287.70972,232,1166.48645
30.754364,92,1166.535617
66.41971,107,1166.547151
64.54108,94,1166.645289
267.3136,299,1166.665237
251.37666,306,1166.703023
297.50653,202,1166.724183
302.7619,241,1166.728877
280.92505,295,1166.728907
264.79535,196,1166.728917
48.053345,99,1166.822271
260.76617,324,1166.870856
18.295395,81,1166.883351
50.420975,88,1167.077091
77.05972,85,1167.08498
251.66653,215,1167.125024
35.89987,105,1167.168959
-24.559479,111,1167.195038
268.1336,202,1167.22979
303.39603,238,1167.242143
289.00967,184,1167.255297
267.734,155,1167.297134
253.21184,189,1167.521621
283.5708,164,1167.571955
305.81824,169,1167.580853
252.50294,359,1167.656724
277.9214,241,1167.674359
38.456818,117,1167.778157
288.4403,300,1167.782914
253.28835,174,1167.795155
261.7603,245,1167.842384
266.07816,189,1167.905321
40.710846,101,1167.986485
37.792328,78,1167.994823
62.55504,120,1168.06768
71.67189,135,1168.071837
260.89963,236,1168.170005
244.19032,242,1168.231958
28.61438,110,1168.239187
42.42639,117,1168.272722
305.00806,269,1168.358629
265.66193,266,1168.358674
276.1057,287,1168.363101
321.18597,190,1168.448068
307.0898,330,1168.456544
59.64615,114,1168.472574
31.855103,101,1168.501766
42.4169,161,1168.518636
-22.910835,85,1168.586907
39.27301,110,1168.722378
43.642105,100,1168.770605
62.277557,98,1168.843254
46.778717,90,1168.862732
280.07172,250,1168.933276
269.70627,234,1168.945403
46.00139,108,1168.950418
7.9712906,94,1168.966855
316.92166,291,1168.994559
284.4625,186,1168.994587
269.29694,224,1168.994597
258.5772,171,1169.056346
31.309006,93,1169.100314
12.603302,107,1169.280937
46.144485,92,1169.313423
21.551643,81,1169.325452
38.50638,92,1169.329416
28.2332,99,1169.357219
271.86356,223,1169.383006
285.1621,149,1169.383048
68.81233,119,1169.556671
279.32733,285,1169.630801
43.40564,104,1169.721976
13.1577835,94,1169.726786
254.81642,215,1169.757927
260.23062,184,1169.762957
27.88781,92,1169.771208
284.77563,387,1169.776035
319.9618,353,1169.826594
300.33093,207,1169.874036
282.02948,216,1169.885145
37.40094,80,1170.102773
23.252289,120,1170.228824
38.371628,107,1170.266857
312.45007,212,1170.275028
48.10292,156,1170.284047
274.59842,241,1170.329032
291.9795,241,1170.344131
314.487,240,1170.365866
259.4088,305,1170.378028
265.50677,178,1170.47132
50.59552,158,1170.540475
277.34628,202,1170.608655
260.19308,209,1170.656535
262.85986,210,1170.656583
50.413834,106,1170.677558
31.707779,99,1170.761178
33.06122,106,1170.775363
42.456528,110,1170.926595
287.98218,271,1170.996363
299.9621,216,1171.003975
50.067917,88,1171.019837
277.80914,181,1171.024009
57.96965,125,1171.055133
23.451363,110,1171.110102
261.07654,179,1171.127072
16.47284,130,1171.146797
262.63,419,1171.307333
285.75873,144,1171.372029
282.6744,266,1171.384976
273.96597,176,1171.408943
46.613922,118,1171.424544
22.244476,106,1171.440278
60.860016,119,1171.531708
36.19342,121,1171.656359
40.40193,120,1171.672839
35.159637,154,1171.724772
45.40532,87,1171.813231
56.463013,95,1171.813279
20.587181,89,1171.839053
32.061737,106,1171.848933
67.814575,141,1171.922611
288.21542,400,1171.979166
294.62433,227,1171.99205
285.1322,397,1172.051433
60.232742,148,1172.159582
262.138,259,1172.212073
38.331787,92,1172.220842
65.97125,151,1172.287733
1.2740707,108,1172.368915
51.303818,92,1172.43041
27.411072,110,1172.448214
78.6969,82,1172.502843
308.86838,383,1172.62175
55.30803,101,1172.637576
270.387,197,1172.6557
29.56691,104,1172.660577
285.87708,212,1172.696905
280.7343,232,1172.696958
303.1824,175,1172.714943
254.94803,308,1172.725842
290.6972,463,1172.725888
40.995926,113,1172.767401
63.453293,89,1172.815238
33.074814,104,1172.892713
13.490768,99,1172.924986
53.436905,84,1173.049338
67.506,88,1173.067187
73.72568,94,1173.110259
22.823364,93,1173.115589
253.7187,200,1173.215703
227.1094,369,1173.224692
55.125732,138,1173.385469
35.61293,125,1173.410944
34.832596,88,1173.477022
38.357346,106,1173.493073
47.88835,102,1173.493109
51.530823,116,1173.595082
36.473404,102,1173.643445
54.039444,93,1173.770797
-13.25061,71,1173.78168
50.586746,97,1173.870858
25.521027,103,1173.911175
273.9181,246,1173.939666
300.40707,321,1173.972873
279.60126,317,1173.977366
297.50366,294,1173.981506
45.29747,85,1173.991335
279.6809,332,1174.009099
294.12354,528,1174.009132
287.33688,327,1174.016995
289.64545,312,1174.017021
29.854675,75,1174.090214
24.649376,134,1174.144549
21.706375,96,1174.164742
65.94301,82,1174.311798
13.042358,75,1174.311851
8.0457535,88,1174.333847
48.090958,97,1174.337334
38.341187,89,1174.377408
5.126236,93,1174.393973
249.02586,260,1174.476895
308.8158,309,1174.48123
66.66998,132,1174.633468
55.076584,79,1174.641397
36.73793,88,1174.67735
56.82518,91,1174.713502
29.0327,85,1174.747225
8.177856,97,1174.778048
286.24402,166,1174.82329
46.204727,121,1174.831669
283.10403,216,1174.898088
27.644562,101,1174.902997
21.86573,82,1175.020707
55.65924,139,1175.057994
63.65071,110,1175.203663
71.78061,131,1175.25362
34.93167,84,1175.36453
65.85329,128,1175.428545
35.1243,90,1175.428602
57.2594,150,1175.450254
46.070435,135,1175.461947
264.77087,382,1175.492366
291.75793,207,1175.503895
277.26944,212,1175.516473
278.39743,374,1175.531971
264.56726,197,1175.601294
-0.3265152,87,1175.620745
257.51044,424,1175.62536
53.99167,78,1175.78562
-8.101196,73,1175.796483
30.050995,96,1175.833362
48.836823,115,1175.849346
301.13882,411,1175.869019
303.54358,248,1175.869045
288.82385,453,1175.869055
304.03644,190,1175.994193
59.94438,124,1176.015135
22.293991,100,1176.03848
34.78508,110,1176.055014
57.322006,142,1176.098008
263.05383,174,1176.14921
57.405884,145,1176.378556
4.8811417,87,1176.40831
17.893517,94,1176.483844
263.75824,217,1176.511245
290.89777,260,1176.518754
277.7267,161,1176.522579
18.814964,98,1176.546917
254.47906,178,1176.572165
254.78633,176,1176.584191
274.23724,188,1176.631152
279.0213,201,1176.646659
278.4119,327,1176.865639
46.159073,89,1176.883706
266.20624,275,1176.91708
305.62628,227,1176.917122
34.67743,109,1176.92605
303.74597,225,1176.955511
62.39966,100,1176.980036
32.818863,86,1176.998296
42.009155,92,1177.008992
279.29132,177,1177.113503
257.91382,170,1177.113557
280.6322,274,1177.14547
302.04465,141,1177.174602
83.54704,153,1177.186631
21.152252,87,1177.26108
50.244705,95,1177.327853
61.91275,127,1177.459696
64.170975,121,1177.523979
45.358643,126,1177.637789
51.578262,97,1177.659479
60.03238,125,1177.707069
61.970535,133,1177.726853
298.01587,152,1177.748448
303.69162,195,1177.748483
302.8171,295,1177.748493
291.875,298,1177.752699
40.58229,84,1177.874965
307.3769,209,1177.883679
303.87836,242,1177.887712
294.5662,183,1177.907534
30.961517,85,1177.997164
58.92575,124,1178.182555
52.550888,87,1178.239953
15.544891,90,1178.260404
300.93726,194,1178.269305
300.9057,226,1178.269335
303.24274,306,1178.269345
285.51898,160,1178.414729
59.947144,123,1178.419107
270.97083,190,1178.535581
263.85895,378,1178.535643
263.87665,200,1178.554978
277.3094,206,1178.558838
-8.497543,86,1178.620254
49.703033,88,1178.62969
264.81946,182,1178.642814
52.202637,113,1178.647202
280.95996,206,1178.845337
297.16266,155,1178.873655
58.37755,83,1178.901863
283.87543,226,1179.185579
284.80182,160,1179.197357
54.60295,82,1179.216534
309.35986,376,1179.306572
291.4663,164,1179.306618
267.4867,378,1179.319349
296.06207,233,1179.382646
291.71222,269,1179.382694
295.6762,234,1179.391908
277.86108,203,1179.404703
20.261253,129,1179.445889
277.26642,215,1179.536185
302.27252,230,1179.601992
271.48773,236,1179.602054
34.661118,97,1179.625878
275.66187,190,1179.641709
292.08157,266,1179.646322
28.423874,103,1179.751557
61.46013,116,1179.793047
274.47534,184,1179.961759
52.81128,85,1179.989995
296.3532,195,1180.188927
267.30072,240,1180.18898
267.69324,195,1180.18899
269.14456,194,1180.193306
295.8064,207,1180.259006
276.88727,231,1180.392482
37.48497,108,1180.406344
268.40082,210,1180.505745
291.00848,173,1180.505795
293.71957,222,1180.518314
35.20221,96,1180.583972
12.85157,97,1180.588115
56.938126,103,1180.614119
288.73206,270,1180.728708
2.787529,80,1180.828278
284.79535,300,1180.834193
75.78563,116,1180.869792
278.2126,222,1180.902686
287.04474,349,1180.967803
322.6969,403,1180.967843
271.7375,210,1181.043505
264.85794,319,1181.055229
288.6219,197,1181.060962
28.467438,103,1181.149835
307.4095,196,1181.313436
267.24146,190,1181.351367
267.4647,248,1181.41695
278.00476,239,1181.473053
269.55273,197,1181.634611
282.1969,196,1181.634659
281.00568,252,1181.644097
300.63345,235,1181.843224
253.27637,189,1181.843273
304.63898,211,1181.843282
253.99162,166,1181.843291
34.51866,94,1181.873534
287.04425,206,1181.913646
55.886246,141,1181.946575
42.20514,74,1181.959589
297.93353,239,1182.038763
287.2719,365,1182.092283
30.735992,86,1182.198104
281.9718,232,1182.279179
295.67462,342,1182.382581
289.28516,358,1182.382631
278.227,248,1182.456427
307.5766,205,1182.493162
60.531662,143,1182.50944
304.96503,218,1182.544618
47.736725,110,1182.54465
286.90546,173,1182.555586
62.89914,168,1182.635726
34.761932,146,1182.635773
58.891388,95,1182.669977
275.20532,214,1182.726902
17.644104,88,1182.746053
258.45026,213,1182.836141
275.40988,238,1182.858059
257.95465,167,1182.886465
294.93176,259,1182.912002
52.332428,88,1182.999496
49.07257,122,1183.047256
26.653862,111,1183.094863
51.353592,109,1183.119815
62.174255,105,1183.155828
-10.0935135,68,1183.187091
42.559265,81,1183.187128
280.06595,172,1183.211777
39.68367,82,1183.219582
257.5406,214,1183.329903
300.7638,234,1183.342143
283.84924,195,1183.342201
280.24677,194,1183.353123
285.79407,150,1183.361613
289.46747,229,1183.433479
7.607361,87,1183.723257
259.63388,218,1183.73723
297.95325,172,1183.758979
34.795105,111,1183.820011
299.1867,211,1183.887889
310.02927,188,1183.88795
264.024,191,1183.929938
289.74884,213,1184.088434
297.76086,206,1184.093344
-0.80604553,73,1184.136736
46.041367,91,1184.154436
308.6969,236,1184.154482
280.21,229,1184.158609
291.40607,200,1184.186488
304.29892,230,1184.191869
22.406906,115,1184.223885
269.77985,230,1184.407283
269.2755,251,1184.40733
266.3214,254,1184.418232
302.39355,154,1184.527882
306.4337,163,1184.562495
58.38179,121,1184.630833
9.010948,102,1184.635575
269.1227,231,1184.70391
52.606964,153,1184.802542
50.37233,117,1184.875375
295.48492,178,1184.875427
282.53897,193,1184.875437
292.3976,232,1184.875444
285.90515,198,1184.962717
45.538544,113,1184.983577
296.5368,241,1185.080757
290.31995,176,1185.131184
287.74365,255,1185.195714
299.33148,250,1185.208097
297.112,203,1185.23206
44.74388,119,1185.369406
34.37317,94,1185.374277
296.12512,187,1185.40118
267.66504,173,1185.417147
267.44885,208,1185.417174
263.62466,194,1185.434409
34.17047,113,1185.547332
26.17376,102,1185.654969
26.644722,120,1185.704907
277.3597,201,1185.709371
54.13394,140,1185.713208
297.1946,185,1185.729421
76.153336,130,1185.73372
37.67032,101,1185.790046
58.28012,103,1185.794796
292.42584,240,1185.873046
52.811676,110,1185.889364
54.477676,119,1185.894047
28.586914,119,1185.911419
57.21524,98,1185.957403
9.850899,68,1186.018573
297.40625,304,1186.062882
68.639694,92,1186.09937
35.064972,97,1186.112062
59.743332,104,1186.14577
287.84406,177,1186.154941
58.30864,134,1186.217876
53.627625,84,1186.227349
36.59047,127,1186.328225
267.4882,378,1186.447135
38.430817,145,1186.505463
277.2096,194,1186.550322
33.371246,151,1186.550374
74.38132,142,1186.558475
14.047371,80,1186.56741
48.73329,112,1186.57742
59.248,84,1186.577444
42.325882,124,1186.595638
284.3393,196,1186.624114
271.63776,179,1186.647648
44.236786,134,1186.71526
53.82956,97,1186.742134
257.99786,174,1186.881113
63.19751,91,1186.881168
250.1583,207,1186.885777
32.541275,82,1186.912574
14.63253,87,1186.949167
73.3862,97,1186.974228
58.281296,111,1187.012253
17.24958,113,1187.012291
63.233322,143,1187.047216
24.061623,118,1187.05153
52.925934,105,1187.051573
54.110947,126,1187.068763
259.23376,231,1187.076992
31.055786,115,1187.121438
46.9722,89,1187.251739
34.451813,127,1187.264349
29.185013,93,1187.2956
44.76802,89,1187.316044
31.140976,110,1187.338825
62.00717,87,1187.410125
23.507362,89,1187.414824
68.69856,137,1187.452382
69.59613,104,1187.503204
302.14615,215,1187.592761
21.533386,149,1187.623673
265.01355,173,1187.681502
257.8473,202,1187.870591
258.0944,186,1187.870649
284.78583,198,1187.870659
286.09448,156,1187.892158
62.44609,99,1187.90098
270.23376,218,1187.901018
54.463333,88,1187.946583
295.87918,175,1187.958769
69.40469,100,1188.027678
42.89032,95,1188.06232
259.5393,165,1188.079101
291.83118,225,1188.20145
269.89197,203,1188.268149
-6.354393,87,1188.29583
53.062668,129,1188.403009
43.64647,124,1188.41292
31.708618,110,1188.4881
60.264114,110,1188.526625
65.432236,161,1188.568546
299.1632,305,1188.594491
273.9668,314,1188.611287
287.60492,296,1188.634548
272.9408,207,1188.770156
290.17972,163,1188.770215
255.7272,216,1188.778654
52.05304,89,1188.787416
30.23317,99,1188.834057
50.786484,130,1188.854577
55.350708,88,1188.85854
303.59198,231,1188.923747
291.60278,252,1188.923798
45.92491,89,1188.935489
20.007973,78,1188.951965
43.63376,112,1188.992938
266.41998,188,1188.997165
56.36223,123,1189.105621
292.3909,199,1189.114401
40.892136,94,1189.174253
24.192627,103,1189.203698
55.132965,116,1189.404894
282.40814,168,1189.527023
311.35498,230,1189.561222
66.0117,138,1189.571497
26.506859,99,1189.583237
39.74048,120,1189.600104
21.128868,110,1189.658169
272.68823,206,1189.787829
307.93036,226,1189.787877
280.50482,247,1189.787887
297.15485,247,1189.787894
27.456871,94,1189.7927
295.79724,202,1189.827648
293.11777,178,1189.842813
40.57094,92,1189.910766
39.88536,82,1189.92227
55.407883,105,1189.995986
18.720718,90,1190.027714
13.192955,106,1190.036015
307.1577,278,1190.07335
279.85703,294,1190.073382
279.92816,271,1190.073392
5.379265,84,1190.137376
27.232864,91,1190.16067
50.39685,97,1190.188878
54.777542,117,1190.340328
54.8925,125,1190.360329
34.47963,78,1190.365142
55.892532,116,1190.40577
287.89825,225,1190.514109
47.199295,98,1190.564078
35.429382,93,1190.568491
36.99028,119,1190.585842
63.037292,145,1190.664631
281.99835,211,1190.688033
-0.9183502,93,1190.761452
279.5689,246,1190.830822
70.27687,103,1190.839704
53.268906,120,1190.867435
34.454727,84,1190.871743
305.87735,214,1190.9038
284.2768,203,1191.050084
292.5562,268,1191.050133
294.53015,232,1191.055193
45.281097,113,1191.055219
47.988983,118,1191.059852
49.73323,76,1191.071361
22.013527,80,1191.165819
60.408005,149,1191.269128
0.9454498,109,1191.273678
36.618973,123,1191.401724
266.82138,211,1191.428665
273.8837,264,1191.433002
262.63962,327,1191.438972
35.85257,116,1191.535872
10.103546,99,1191.673978
286.20215,214,1191.736236
40.61139,83,1191.770692
283.3769,273,1191.79334
48.00305,137,1191.821624
9.601295,84,1191.877452
49.602432,123,1191.924814
287.05643,226,1191.971759
246.14429,273,1191.971803
266.76474,229,1191.980453
250.31868,230,1191.980498
49.613663,151,1192.013465
12.790955,93,1192.052152
300.49094,263,1192.122444
48.902054,137,1192.295981
290.98914,299,1192.375669
270.391,327,1192.375717
48.93698,107,1192.420768
56.642,158,1192.440574
21.185722,88,1192.481543
33.27455,147,1192.481593
45.494843,111,1192.505987
45.487656,140,1192.553117
258.39038,200,1192.810549
4.3407593,80,1192.890287
282.28503,353,1192.894862
26.877533,111,1192.958906
49.919693,137,1192.966081
267.11642,254,1193.083018
53.368195,142,1193.091925
56.54518,139,1193.102868
291.787,196,1193.126082
291.1181,325,1193.126109
285.2757,161,1193.126118
278.64856,291,1193.147487
261.12555,191,1193.227917
284.8526,203,1193.236224
256.81104,378,1193.403868
296.08072,344,1193.416496
292.97876,139,1193.477614
266.41815,144,1193.505984
260.9128,182,1193.585059
61.24713,93,1193.630954
50.279984,127,1193.657501
282.4688,186,1193.735563
299.2332,158,1193.747185
48.245575,113,1193.972612
276.26874,250,1194.008002
25.31047,104,1194.01734
282.98706,213,1194.03746
45.043777,137,1194.049776
292.47382,162,1194.089777
318.96243,237,1194.089808
256.096,233,1194.098642
291.65155,247,1194.111222
28.735153,116,1194.141284
290.6028,246,1194.154247
277.162,223,1194.16285
23.664726,107,1194.19602
52.99391,89,1194.403596
317.35318,196,1194.441211
288.2796,171,1194.446315
55.517593,109,1194.469023
49.005447,111,1194.555921
68.71712,118,1194.577028
69.22977,113,1194.616531
55.543472,118,1194.623956
29.505295,105,1194.623986
287.47507,311,1194.692858
37.108475,92,1194.825413
292.6101,242,1195.015156
272.26398,250,1195.015211
255.3376,222,1195.015227
243.6829,233,1195.021029
48.122025,97,1195.030832
285.01166,214,1195.057503
50.850327,126,1195.094719
42.777725,127,1195.175147
272.52924,253,1195.186295
52.535248,78,1195.362133
65.843506,137,1195.42444
41.768967,99,1195.449596
293.59393,206,1195.461074
270.7164,239,1195.461115
279.80603,234,1195.465719
39.915146,105,1195.477382
289.62842,186,1195.493557
42.754745,129,1195.711958
54.843033,91,1195.733043
52.359146,82,1195.797006
64.37938,190,1195.820411
277.0141,202,1195.884582
72.24489,114,1195.932597
253.99791,184,1195.947025
274.64584,206,1195.960829
55.807114,121,1195.992602
34.72368,133,1195.997591
48.444214,76,1196.050627
49.99591,164,1196.152786
286.68167,191,1196.243172
-1.7045975,81,1196.318916
-2.180336,93,1196.371273
263.55383,180,1196.44824
307.2647,490,1196.448301
40.578262,139,1196.448313
290.99265,437,1196.452904
51.316513,124,1196.461424
274.3617,255,1196.466369
62.94307,126,1196.658233
268.85773,178,1196.666728
296.07645,178,1196.765696
19.720695,80,1196.770208
31.76033,136,1196.789057
42.19487,117,1196.789087
284.78625,445,1196.892199
29.751144,121,1196.949724
286.95636,294,1197.012496
42.255127,145,1197.033646
27.94358,113,1197.112407
283.67883,300,1197.144792
294.81403,333,1197.144834
280.92462,194,1197.153557
24.644218,103,1197.180493
43.31555,104,1197.189045
41.223297,111,1197.237984
49.70726,148,1197.269147
45.71701,124,1197.297806
264.28235,211,1197.323029
285.1314,216,1197.327777
273.80865,224,1197.372919
-8.857384,94,1197.428364
47.7957,78,1197.445168
41.566788,119,1197.650787
45.61635,133,1197.700887
61.683,128,1197.725145
294.90738,185,1197.777249
286.16318,218,1197.788945
63.68994,132,1197.845393
267.253,177,1198.002709
283.50534,214,1198.034642
42.861786,144,1198.034689
44.338303,89,1198.067032
275.28592,274,1198.079688
263.6278,192,1198.121493
270.71652,212,1198.121532
290.8037,193,1198.121542
294.73566,242,1198.187985
43.01921,104,1198.272051
272.94424,256,1198.417272
278.15887,195,1198.528964
306.64084,268,1198.529026
288.00256,182,1198.529043
283.13458,213,1198.529055
46.27585,100,1198.535351
61.785202,123,1198.546997
36.97374,121,1198.624771
259.58258,168,1198.732388
285.7218,198,1198.82599
285.74414,249,1198.826037
259.23853,172,1198.838082
67.11749,187,1198.860057
50.16046,139,1199.004311
289.87885,226,1199.00917
52.16568,116,1199.022116
63.127884,140,1199.115768
282.25836,211,1199.15005
63.653168,151,1199.160646
69.06772,152,1199.165652
276.5304,166,1199.222666
316.24878,250,1199.227135
60.059235,137,1199.426413
307.2677,177,1199.465504
293.92413,161,1199.49229
270.15997,186,1199.614263
278.45026,224,1199.757793
258.6957,169,1199.85497
305.12524,316,1199.859804
53.783035,108,1199.874362
282.82965,239,1199.991562
4.22509,96,1200.005025
283.22943,335,1200.013943
295.00754,210,1200.035562
260.52545,245,1200.0356
285.96793,211,1200.035614
271.61804,223,1200.040599
270.73672,250,1200.044563
60.466843,148,1200.104681
63.480362,108,1200.196995
280.44153,241,1200.221395
290.49973,250,1200.256764
53.40616,125,1200.369202
46.769928,132,1200.393866
10.283623,99,1200.398555
289.8371,236,1200.442287
31.618622,122,1200.508164
38.10211,144,1200.62886
254.36774,163,1200.703631
52.809967,126,1200.740035
294.6071,189,1200.807089
280.47577,213,1200.881562
288.89737,218,1200.927253
289.87396,257,1200.9273
300.21823,201,1200.927311
52.740784,169,1200.947148
280.59592,188,1200.967849
50.407303,132,1200.983226
295.5208,229,1200.983253
302.8792,191,1201.176665
52.61319,108,1201.181437
276.2735,231,1201.323031
11.510887,101,1201.346826
306.686,247,1201.418863
44.317047,130,1201.521182
269.68237,158,1201.610332
259.5719,192,1201.610381
278.84073,173,1201.610391
266.16815,238,1201.620614
287.0276,222,1201.628704
263.95306,160,1201.642522
274.40747,273,1201.642556
263.58014,161,1201.661702
267.60162,179,1201.681354
258.3252,189,1201.72042
45.375824,98,1201.765712
59.14688,101,1201.853059
312.0313,213,1202.078166
293.5149,227,1202.143703
289.69586,200,1202.445118
291.90094,228,1202.482603
296.4663,210,1202.507694
302.02045,212,1202.507746
281.74066,205,1202.516035
281.68002,284,1202.516066
279.64868,228,1202.566649
296.35666,209,1202.638783
308.2365,229,1202.638831
280.30347,224,1202.794591
287.9154,273,1202.794637
314.80927,183,1202.912958
255.27214,303,1202.918096
288.33856,292,1202.951069
279.67426,218,1203.00078
291.51117,166,1203.220994
278.21173,190,1203.254233
310.3189,187,1203.274076
307.68414,185,1203.289689
13.517006,97,1203.323977
267.40662,196,1203.464765
254.79657,213,1203.464812
304.90747,227,1203.464821
47.30394,89,1203.622633
309.6031,203,1203.640273
323.4693,166,1203.643433
262.21375,293,1203.753642
320.58157,230,1203.757605
298.38278,272,1203.786072
289.16187,175,1203.94686
298.12073,230,1203.956102
300.78177,165,1203.961194
44.737137,114,1204.127103
267.95862,302,1204.186613
258.44742,212,1204.186656
292.82886,231,1204.298866
299.1402,198,1204.303556
278.7718,640,1204.308164
299.70142,228,1204.428751
290.73666,230,1204.43967
251.72958,154,1204.439714
280.11255,199,1204.485917
249.92921,175,1204.70135
34.89659,97,1204.724021
277.47144,258,1204.724068
276.5126,234,1204.755373
308.87955,235,1204.755414
291.87354,195,1204.79866
281.53564,158,1205.110522
299.4616,271,1205.11442
275.68585,220,1205.11823
280.66364,221,1205.122882
273.4933,195,1205.131204
315.28842,198,1205.138816
302.61603,239,1205.145669
284.141,173,1205.168079
58.940796,113,1205.203211
66.56813,143,1205.312145
73.55374,146,1205.374934
283.28912,223,1205.393476
51.148026,91,1205.510324
307.82745,257,1205.580633
277.72388,211,1205.619099
297.9574,208,1205.680236
300.27142,225,1205.707435
311.74222,204,1205.986772
269.6027,197,1205.991864
38.8049,101,1205.998416
259.25085,211,1205.998461
268.6782,166,1206.003022
311.46844,221,1206.04725
318.45898,251,1206.168112
260.8979,244,1206.168162
278.34344,191,1206.168171
289.1486,237,1206.191782
67.433334,152,1206.251729
267.3192,225,1206.333363
276.19055,199,1206.350673
303.17578,288,1206.359633
37.748062,89,1206.380584
55.125717,89,1206.431573
56.97812,120,1206.511736
51.44101,126,1206.524716
285.31433,208,1206.555278
256.66638,207,1206.575307
280.63712,163,1206.686052
27.400658,111,1206.717042
9.084755,90,1206.728422
293.49683,217,1206.905461
28.444717,107,1207.016781
289.00607,210,1207.048961
277.75854,204,1207.049017
292.6109,211,1207.053914
249.03761,215,1207.070842
266.8058,184,1207.316226
59.16542,81,1207.351479
286.43878,223,1207.351515
311.95117,252,1207.392709
309.64923,245,1207.392749
256.99704,171,1207.392758
284.12775,210,1207.392766
297.97156,214,1207.399073
315.8738,269,1207.450889
304.9151,193,1207.52902
315.46307,205,1207.56375
33.864883,92,1207.726506
289.67377,207,1207.757422
299.36584,175,1207.770556
303.81372,177,1207.778374
302.55478,177,1207.798481
278.9865,214,1207.935881
284.57428,153,1207.944324
45.68866,96,1208.131873
306.3182,200,1208.226481
280.6056,199,1208.22653
268.74652,246,1208.369112
254.82709,194,1208.369178
284.36615,236,1208.369195
264.23993,203,1208.369208
256.02563,236,1208.369218
308.9686,234,1208.42045
320.326,255,1208.449072
265.94055,166,1208.449111
281.49136,185,1208.560326
304.3318,216,1208.684085
275.86786,228,1208.763862
299.46582,216,1208.853277
323.40656,217,1208.865387
278.14835,141,1208.974016
277.8133,188,1209.019801
304.9881,213,1209.034745
257.17468,188,1209.173908
309.46445,201,1209.231181
287.90326,189,1209.23122
305.653,239,1209.239244
278.31006,203,1209.239271
300.59894,185,1209.243309
274.39514,210,1209.44184
314.9665,240,1209.468463
303.12607,259,1209.468532
261.7845,169,1209.473486
295.48822,175,1209.605067
260.258,218,1209.605117
277.94202,183,1209.627013
41.602997,77,1209.794298
262.50433,192,1209.827355
263.70764,203,1209.827394
299.26532,199,1209.867388
284.98694,166,1209.935711
300.41333,236,1210.170033
283.37598,221,1210.170085
-17.662292,90,1210.317728
306.7926,203,1210.325235
268.24683,207,1210.348436
287.05273,266,1210.348479
260.2956,264,1210.348489
289.90063,214,1210.348496
286.64862,268,1210.356075
278.6915,180,1210.359921
289.0803,179,1210.376308
293.73383,226,1210.545112
264.70447,187,1210.573852
299.1277,172,1210.586322
293.49207,182,1210.586354
270.44974,172,1210.886217
280.3891,160,1210.994463
306.3984,177,1211.066362
283.53308,307,1211.12385
312.21307,187,1211.135752
259.71774,195,1211.182553
260.00107,201,1211.195722
301.52438,180,1211.347428
289.75772,244,1211.375528
306.4998,239,1211.375565
305.7567,246,1211.375575
249.14568,246,1211.375582
255.6331,187,1211.375588
249.7862,197,1211.375594
60.813507,115,1211.474908
273.9469,332,1211.556434
298.15692,236,1211.568013
275.94012,150,1211.801217
-1.4557495,168,1211.818499
276.7578,194,1211.870082
292.742,197,1211.956018
284.39618,203,1212.22179
296.74487,248,1212.221839
250.7895,203,1212.221852
296.88416,212,1212.231492
285.94366,181,1212.231536
316.1278,206,1212.236267
303.77856,210,1212.252837
280.58704,327,1212.252865
269.54855,211,1212.257097
258.33618,216,1212.278757
259.89594,180,1212.309309
307.48843,222,1212.492638
292.81958,189,1212.656847
8.8665085,97,1212.656979
54.63246,103,1212.710279
31.732971,109,1212.761045
275.87262,200,1212.786098
307.43872,232,1212.78613
269.14673,236,1212.78614
280.14667,128,1212.79088
294.2733,141,1212.813003
290.49194,160,1212.892597
289.98553,210,1213.108722
289.09998,213,1213.128468
294.1742,208,1213.128496
315.2821,214,1213.138566
44.084854,82,1213.138592
305.40445,216,1213.142699
271.83075,165,1213.193406
49.606567,130,1213.257887
48.031723,139,1213.369112
304.3128,206,1213.514467
295.831,197,1213.604429
284.55185,234,1213.62912
296.36908,179,1213.633332
296.97186,207,1213.654002
269.5208,218,1213.672394
289.3454,208,1213.681341
277.36896,147,1213.746776
76.52847,119,1213.863192
294.7091,211,1214.002332
18.707527,97,1214.014748
267.33038,214,1214.01479
315.79053,219,1214.014807
305.63763,201,1214.023892
299.93695,216,1214.032212
51.400024,87,1214.037156
286.9155,220,1214.056626
50.841263,80,1214.336054
4.9632874,87,1214.396193
259.5676,185,1214.407329
283.90927,287,1214.445456
279.7542,201,1214.489622
278.8753,234,1214.489681
306.5359,206,1214.489698
269.52863,198,1214.502258
287.0089,180,1214.610224
267.61148,175,1214.736071
35.313004,86,1214.854532
40.55397,90,1214.858792
41.09114,123,1214.897938
50.549255,112,1214.90191
306.17584,287,1214.927228
262.28027,232,1214.96945
281.32562,155,1214.969535
272.22858,230,1214.969567
283.97858,229,1214.974205
284.33087,236,1214.985621
308.8814,229,1214.994488
269.27924,164,1215.083963
310.56506,201,1215.331163
248.44211,227,1215.441236
66.46118,141,1215.506287
296.69608,225,1215.556653
290.52808,197,1215.571253
304.43237,188,1215.66784
268.8897,167,1215.691413
304.89288,174,1215.721853
278.47467,175,1215.741894
293.44812,191,1215.792653
283.5573,233,1215.850024
305.69177,222,1215.850069
297.25024,216,1215.854485
313.9391,232,1215.963314
278.99805,210,1215.983489
292.7763,236,1216.00401
56.21901,137,1216.137395
260.45013,174,1216.180292
277.29053,201,1216.184316
70.40112,141,1216.253177
258.26416,151,1216.343647
287.61084,202,1216.352415
271.22894,194,1216.381766
261.4505,173,1216.562654
298.4922,240,1216.727471
303.20844,214,1216.727524
292.30356,187,1216.727534
310.51202,252,1216.72754
50.23816,94,1216.739118
308.06796,257,1216.902746
304.1026,278,1216.937793
291.54608,233,1216.937846
282.84222,231,1216.95061
305.7035,213,1217.059197
292.74414,231,1217.088812
275.6466,171,1217.08885
284.4086,222,1217.093065
276.39594,181,1217.093094
280.2823,208,1217.109446
24.063759,113,1217.211831
312.76373,184,1217.329148
-7.327202,91,1217.443019
247.3113,192,1217.545923
283.28662,149,1217.598801
265.53644,167,1217.659151
288.56213,244,1217.769476
270.9833,231,1217.892793
285.98663,189,1217.900846
274.21747,200,1217.961205
40.44803,122,1217.966022
273.01843,243,1217.975265
312.06894,207,1217.97529
272.18073,334,1218.14344
303.38745,248,1218.143489
274.56836,251,1218.155481
287.9737,223,1218.160026
291.40036,146,1218.160069
272.46863,195,1218.164909
279.58344,340,1218.169517
60.100525,98,1218.177212
42.943222,114,1218.378985
76.11804,158,1218.622758
285.8816,179,1218.634659
252.33842,162,1218.634701
307.49533,256,1218.723057
309.2395,272,1218.72775
50.470764,152,1218.805486
53.88864,162,1218.838726
296.51047,175,1218.870154
262.48926,176,1218.874844
275.70956,221,1218.895946
259.0842,229,1218.927351
265.77097,188,1218.939311
259.74164,202,1218.998734
-13.712151,92,1219.108266
45.366913,120,1219.226506
69.56528,148,1219.250619
295.79205,151,1219.263534
314.6385,232,1219.33534
59.071518,116,1219.410739
47.716812,112,1219.46546
315.92294,340,1219.581415
294.90482,342,1219.581463
273.62793,170,1219.581473
281.66592,189,1219.597147
29.315079,112,1219.735492
304.32584,212,1219.740726
287.4021,124,1219.761706
265.92538,274,1219.781516
291.94086,194,1219.927686
249.57718,245,1219.98005
36.076874,97,1220.00014
56.337723,130,1220.02695
10.26252,107,1220.185496
274.55933,181,1220.362566
310.31012,242,1220.362614
289.46143,260,1220.362624
285.3498,188,1220.375418
271.91522,232,1220.393584
292.29034,358,1220.402541
254.97823,159,1220.402575
288.33673,364,1220.406826
268.73422,161,1220.432104
267.49023,213,1220.483301
291.5788,200,1220.616027
26.890396,101,1220.785165
251.93593,191,1220.795515
294.7237,207,1220.795546
283.41385,200,1220.813458
31.167557,113,1220.850492
275.08295,167,1220.879528
299.0464,232,1220.994792
304.48306,175,1221.134586
261.09308,175,1221.143086
269.7126,176,1221.150835
40.28244,78,1221.316155
45.38066,140,1221.37793
58.820206,137,1221.381566
72.79396,146,1221.394223
298.061,225,1221.420566
63.16655,144,1221.454104
302.79498,245,1221.458971
275.48492,203,1221.468542
295.66248,146,1221.492949
290.72885,260,1221.492982
28.41243,75,1221.703474
274.24805,351,1221.830647
58.559723,87,1221.850613
64.60579,172,1221.85875
262.7904,280,1221.975812
264.21188,201,1221.975855
270.16174,422,1222.153074
292.9722,170,1222.160654
273.03955,202,1222.189231
28.465347,97,1222.267132
297.43216,205,1222.350559
292.27402,222,1222.355269
264.1549,232,1222.378529
288.24585,227,1222.427728
291.55908,222,1222.443629
296.77176,321,1222.504226
265.164,254,1222.54864
41.89824,107,1222.605025
33.529556,127,1222.694432
70.63556,105,1222.70632
291.4765,209,1222.75932
21.501068,145,1222.959957
52.597015,131,1222.995882
53.80475,161,1223.02797
44.944046,75,1223.070619
261.5417,260,1223.083867
263.15497,216,1223.096782
271.46985,327,1223.096812
35.989136,93,1223.096822
272.3563,305,1223.16514
271.3145,189,1223.170168
291.14563,283,1223.179115
272.6352,238,1223.419779
304.22095,177,1223.428673
295.12537,208,1223.467719
297.84918,238,1223.498379
299.33447,233,1223.519523
1.8693771,92,1223.551652
34.42534,130,1223.567269
45.55075,132,1223.713127
260.4447,158,1223.747564
253.90247,177,1223.825251
284.02356,159,1223.834662
43.708572,107,1223.870181
249.03542,220,1223.902777
302.4841,259,1224.028671
251.34085,233,1224.033953
304.82416,244,1224.101532
299.1285,248,1224.108872
51.971664,138,1224.295684
297.56024,211,1224.307534
51.706604,113,1224.315801
316.4997,198,1224.350547
285.8683,190,1224.3506
291.44785,211,1224.360219
56.979416,90,1224.415359
58.991104,80,1224.452499
24.551102,87,1224.478665
58.143097,144,1224.483709
43.57863,120,1224.543468
314.84784,262,1224.66614
44.042984,96,1224.754985
51.775635,116,1224.79776
15.974426,97,1224.882485
273.46463,272,1224.890827
260.1985,235,1224.895904
305.9488,334,1224.895935
294.81445,256,1224.904233
40.54402,135,1224.912112
253.82378,154,1224.93652
296.98193,155,1224.951957
30.57814,129,1224.951997
285.68558,219,1225.262373
264.3558,175,1225.27344
38.409912,98,1225.360861
31.068253,119,1225.447664
36.81935,139,1225.471465
281.34277,174,1225.52089
267.21277,179,1225.633749
296.1151,286,1225.643778
0.21138763,91,1225.651727
34.654648,83,1225.702497
254.9645,200,1225.764883
314.4504,265,1225.764928
303.12518,213,1225.764937
301.3678,206,1225.764945
295.51978,208,1225.764951
320.00998,248,1225.792504
24.077904,102,1225.898602
309.58496,352,1225.948158
309.6329,253,1225.948202
294.90033,165,1226.146524
53.851227,103,1226.146571
254.47284,190,1226.335663
57.26242,139,1226.373007
302.86237,267,1226.402229
250.21848,168,1226.523835
311.18542,183,1226.565499
295.5846,211,1226.565548
251.20773,199,1226.636758
271.71494,203,1226.655303
49.1745,86,1226.712092
27.730042,96,1226.807759
307.75726,211,1226.812315
281.66742,245,1226.824057
312.1246,168,1226.870039
305.05887,216,1226.885298
278.49854,294,1226.897681
296.27933,303,1226.943825
36.553543,132,1227.231379
314.4122,203,1227.260825
314.08914,302,1227.27316
308.7716,258,1227.278065
34.3826,109,1227.294204
23.416298,99,1227.339313
273.22977,196,1227.473693
282.2873,250,1227.589545
282.31818,230,1227.688736
4.3486557,115,1227.73176
297.18616,207,1227.757172
279.38602,190,1227.757221
307.44843,280,1227.757231
276.45236,218,1227.757238
301.13037,221,1227.757244
33.009598,74,1227.781598
290.37378,288,1227.79039
289.47498,163,1228.00629
-2.8934479,79,1228.056612
51.349136,86,1228.109416
294.36572,218,1228.126259
38.94098,93,1228.141763
318.55325,297,1228.141796
-9.6957855,98,1228.163211
41.858658,102,1228.179851
300.6864,238,1228.253023
68.372574,95,1228.414134
308.83652,273,1228.414184
310.50992,269,1228.414194
280.48743,203,1228.442556
-26.45642,87,1228.553077
261.46594,188,1228.577666
20.37606,108,1228.637425
37.78534,131,1228.724467
248.69052,239,1228.789921
248.64899,177,1228.833983
51.012268,88,1228.838146
271.4618,286,1228.913364
-1.6424484,115,1228.917848
33.67485,92,1228.982986
35.92917,81,1228.987457
292.80356,319,1229.15284
28.976349,94,1229.225325
310.0418,258,1229.241689
308.66925,193,1229.246047
291.3706,264,1229.250913
-6.0859756,116,1229.271886
290.96857,268,1229.29611
269.51544,243,1229.305691
22.037292,83,1229.331911
62.10106,152,1229.360084
19.137894,113,1229.387882
23.617638,128,1229.456346
291.36554,235,1229.557379
316.1718,290,1229.648291
26.278168,100,1229.664654
31.094818,108,1229.688311
294.10748,219,1229.745783
-2.0781784,90,1229.924019
274.60187,200,1229.981323
306.48462,186,1229.993987
269.56805,215,1230.160258
275.446,287,1230.175363
262.8088,235,1230.21592
294.99698,216,1230.220848
23.799278,118,1230.232875
36.78949,101,1230.353367
268.50854,173,1230.412111
259.3714,250,1230.427268
290.5424,279,1230.522279
302.37967,294,1230.522328
254.5391,292,1230.522338
299.26987,213,1230.539369
-8.052223,96,1230.566331
-38.076138,87,1230.604864
0.5030899,102,1230.609699
291.1975,301,1230.918929
293.10303,352,1230.918983
300.2099,226,1230.946303
26.33982,104,1230.960052
44.452576,108,1230.976679
295.82623,196,1231.047804
49.35057,131,1231.123488
308.05402,193,1231.231122
263.07098,239,1231.241172
295.7655,209,1231.241217
245.14604,298,1231.24545
248.12416,160,1231.288091
6.4234695,86,1231.296506
82.98784,79,1231.388669
287.61298,233,1231.511227
39.119537,127,1231.655346
270.70068,283,1231.807141
258.24823,327,1231.812073
299.77747,202,1231.816905
250.09084,220,1231.860081
286.92804,235,1231.947395
56.211105,113,1231.988274
283.20428,223,1232.173063
286.51648,253,1232.288051
263.49738,318,1232.314789
62.307846,114,1232.331968
33.192413,87,1232.346631
258.35925,265,1232.351759
287.69574,265,1232.400899
303.43506,450,1232.441052
276.45523,272,1232.4411
60.729446,84,1232.652247
288.97046,219,1232.726247
248.94772,354,1232.730887
296.40344,191,1232.744644
273.6367,223,1232.753757
231.16336,340,1232.813086
273.837,286,1232.862955
307.04468,173,1233.083211
289.71014,227,1233.138312
261.9358,320,1233.166164
305.904,236,1233.398576
265.81763,252,1233.403172
298.62012,229,1233.408008
282.15033,174,1233.466021
269.94092,246,1233.477541
294.6254,194,1233.574047
300.70142,297,1233.574095
289.27893,290,1233.574104
265.87378,219,1233.574111
305.23038,201,1233.598011
285.52167,176,1233.61094
17.900864,82,1233.74282
281.48816,259,1233.821982
46.457687,83,1233.919319
247.38503,240,1234.086361
294.0942,319,1234.154475
253.62674,238,1234.154523
40.376236,83,1234.16831
296.34448,194,1234.39583
256.2295,308,1234.420583
304.7826,196,1234.420624
262.6487,228,1234.424422
285.5651,290,1234.677811
48.521286,131,1234.708136
254.28848,316,1234.724014
254.10077,276,1234.728562
286.89856,240,1234.744952
285.4042,326,1234.7687
256.3592,171,1234.881775
263.92963,314,1234.881824
282.4297,232,1234.886735
317.73425,193,1234.896876
61.74794,93,1235.128733
295.5469,218,1235.343469
44.667755,117,1235.398195
287.43872,164,1235.403885
269.94778,299,1235.420835
241.78038,273,1235.560247
290.5586,216,1235.593109
276.19003,205,1235.597299
293.21875,196,1235.601813
274.06616,493,1235.648128
291.02603,289,1235.648176
295.0752,242,1235.748442
294.54053,206,1235.760291
306.04788,211,1235.789443
298.6507,212,1235.789486
-3.5589752,79,1235.930347
249.26768,373,1236.009271
261.31104,144,1236.013864
48.169388,98,1236.017919
310.67798,211,1236.034085
42.6678,106,1236.099849
40.534714,88,1236.378146
284.08258,175,1236.382158
266.0624,248,1236.392811
55.391113,87,1236.397155
294.19073,193,1236.406102
271.0709,291,1236.650023
225.20612,296,1236.650076
298.68896,311,1236.868292
250.1532,283,1236.937243
281.83673,274,1236.937286
272.46564,240,1236.937295
316.95367,222,1236.937303
246.75154,282,1236.947456
318.58185,302,1237.056619
265.73236,162,1237.060592
280.1296,234,1237.076971
288.4821,261,1237.108237
273.44833,185,1237.155254
305.7514,194,1237.207228
303.41827,193,1237.211399
16.715775,72,1237.242351
39.42668,83,1237.282057
285.03046,269,1237.514176
284.5536,230,1237.6123
276.9569,208,1237.747743
261.2452,136,1237.793984
284.31995,208,1237.819577
265.77975,175,1237.81962
292.56912,280,1237.829267
241.2621,180,1237.880516
248.08463,229,1237.915398
284.6725,238,1238.064563
243.43993,256,1238.246752
280.95245,244,1238.246813
268.7664,237,1238.255099
278.75726,229,1238.2593
305.0941,284,1238.264155
283.19965,371,1238.509578
248.8175,194,1238.692786
296.2556,186,1238.692836
41.7838,114,1238.724407
294.1845,228,1238.777276
326.47498,247,1238.786578
249.95467,279,1238.790273
268.7063,235,1238.816088
271.95563,143,1238.857584
274.34583,280,1238.993002
266.88092,287,1238.997792
248.98846,225,1239.005531
12.29847,109,1239.259007
303.50336,212,1239.378292
284.4856,272,1239.378342
269.56372,300,1239.489373
283.69696,470,1239.489423
300.62457,297,1239.493801
284.57434,189,1239.502455
302.73447,198,1239.507067
263.61322,180,1239.530166
285.38275,220,1239.685018
289.4967,241,1239.685069
290.08344,216,1239.746032
259.2058,188,1239.770716
246.52678,240,1239.779045
283.8855,249,1240.02272
278.68457,249,1240.035131
268.17645,187,1240.0393
281.22708,183,1240.141663
283.1914,202,1240.326119
250.50305,145,1240.374535
273.6864,221,1240.409209
282.7942,227,1240.449358
248.86728,309,1240.667747
244.03975,260,1240.768236
260.1668,237,1240.768287
276.52814,312,1240.800263
305.41718,273,1240.823262
288.32153,200,1240.866687
303.0003,293,1240.963531
263.46442,223,1240.963579
299.01608,234,1240.991791
279.05176,408,1241.183628
302.04248,252,1241.18368
-18.357834,81,1241.195463
40.28064,99,1241.223456
247.75418,236,1241.304804
262.57568,255,1241.429482
266.3543,459,1241.429531
288.39868,239,1241.437405
283.3332,186,1241.559678
275.21478,195,1241.567169
268.97986,152,1241.619456
24.16948,97,1241.828582
272.47708,218,1241.860878
296.01593,173,1241.911743
271.07196,247,1241.986857
235.89973,357,1242.256899
242.59744,381,1242.256947
296.0638,245,1242.256962
306.9559,444,1242.261464
310.68088,230,1242.273143
312.83838,202,1242.281879
277.11145,263,1242.289208
273.9182,263,1242.289234
222.3906,206,1242.306878
310.54626,202,1242.422051
290.2937,235,1242.5555
256.24506,231,1242.824215
276.01657,219,1242.824264
293.00183,290,1242.824274
272.0326,239,1242.824281
248.22296,198,1243.061529
278.57532,158,1243.061581
248.6511,191,1243.06535
252.71136,257,1243.309838
290.2062,259,1243.332655
284.6655,179,1243.567096
285.03787,249,1243.575195
281.45758,351,1243.709789
291.52362,213,1243.718273
275.82645,376,1243.843874
243.5033,444,1243.843921
285.643,374,1243.843932
276.04987,381,1243.843939
255.39827,370,1243.843946
267.66156,183,1243.843952
244.76872,205,1243.939996
33.69203,90,1244.101243
31.299286,96,1244.116738
292.768,323,1244.184399
256.14664,277,1244.23482
271.99664,159,1244.248808
267.8036,340,1244.257677
22.742035,99,1244.263893
274.96982,321,1244.680157
250.97188,285,1244.792885
296.79675,224,1244.792933
287.54987,224,1244.792943
309.2139,238,1244.849675
315.4606,218,1245.018431
308.54016,180,1245.018484
312.46063,199,1245.023111
273.76,283,1245.034485
267.7146,265,1245.046514
242.24347,246,1245.264321
297.99994,243,1245.264381
288.75262,340,1245.268331
280.63214,321,1245.459842
285.8885,288,1245.459889
281.14703,162,1245.459903
306.82385,208,1245.706438
321.47424,222,1245.706484
267.325,260,1245.746372
266.48883,253,1245.832837
299.91,217,1245.940539
256.21786,251,1246.068254
284.36993,210,1246.128157
249.33472,212,1246.141209
297.78928,212,1246.326963
264.45145,352,1246.460057
266.27692,185,1246.460109
266.64282,364,1246.518243
282.9397,258,1246.518287
266.5563,258,1246.518297
280.00928,366,1246.52337
285.44397,308,1246.533077
244.26047,177,1246.672566
326.09772,227,1246.684337
182.04292,826,1246.78678
264.0489,321,1247.031609
244.63678,218,1247.03167
265.58643,220,1247.054002
271.83456,300,1247.074718
295.16028,243,1247.074759
243.34596,181,1247.082947
274.08643,158,1247.184378
260.5417,220,1247.384676
265.92572,308,1247.744559
260.25043,300,1247.765463
284.2768,297,1247.765491
267.18933,180,1247.77679
298.65097,304,1247.781614
240.42453,274,1247.808512
301.95923,236,1248.059991
31.064041,96,1248.165246
284.31232,275,1248.174251
284.2614,265,1248.174278
297.63446,239,1248.174288
237.83064,340,1248.195107
267.26056,365,1248.199099
257.346,420,1248.263625
290.52527,295,1248.294568
243.48505,146,1248.653099
81.71405,135,1248.715396
274.54535,349,1248.818805
262.57727,256,1248.841651
274.6161,435,1248.858563
251.49597,279,1248.969738
265.81076,309,1249.031042
245.29138,305,1249.034931
278.35535,224,1249.135367
243.77094,242,1249.207085
297.73077,273,1249.302752
235.31306,366,1249.302797
295.2755,276,1249.323644
298.86804,345,1249.606234
291.66745,179,1249.716524
307.09778,251,1249.716575
268.72595,367,1249.841064
273.32013,375,1249.841121
262.7287,279,1250.002704
248.0997,233,1250.011317
280.26666,176,1250.043937
291.42502,302,1250.122953
314.0904,354,1250.214543
298.91232,272,1250.334842
282.78577,152,1250.347794
311.44855,198,1250.436547
253.3571,396,1250.499648
262.5146,297,1250.537842
304.16827,361,1250.537881
278.4093,294,1250.545535
276.73987,217,1250.724374
265.9319,244,1250.724423
293.8604,408,1250.829468
259.45618,290,1251.029223
303.33035,264,1251.098358
268.53717,278,1251.151103
261.80386,194,1251.15595
259.10794,233,1251.30171
274.83493,199,1251.551808
59.785477,135,1251.85563
279.84595,285,1251.904655
270.05215,414,1251.920804
291.02695,436,1251.920839
260.41943,196,1251.96136
235.15413,354,1251.96141
286.12195,344,1251.96142
262.74442,465,1251.961427
296.048,348,1251.978676
265.21057,222,1252.015364
277.05695,217,1252.042407
51.385803,93,1252.349344
246.92174,202,1252.38893
226.84244,445,1252.388973
270.51303,328,1252.388983
220.37384,405,1252.510353
298.66412,194,1252.738382
249.40895,172,1252.738435
270.26172,196,1252.745474
245.02908,556,1252.745501
280.53894,212,1252.745511
218.54965,342,1253.342963
287.68338,332,1253.356755
246.61656,239,1253.3568
264.43402,332,1253.356814
258.00867,240,1253.402138
266.93466,160,1253.410349
276.38434,255,1253.579686
269.0108,384,1253.588472
273.56036,470,1254.00369
283.81494,305,1254.003745
274.1156,413,1254.113235
275.08966,186,1254.121314
275.69104,415,1254.121358
274.25476,519,1254.126235
271.36267,332,1254.126274
286.57678,133,1254.134581
279.26852,245,1254.34812
275.932,418,1254.477411
289.0296,418,1254.477463
296.82355,273,1254.539049
254.82373,286,1254.539097
292.59125,300,1254.600782
249.12727,181,1254.769206
253.57649,328,1254.769267
290.32037,152,1254.769282
290.71124,153,1254.769292
271.315,232,1254.977711
288.44257,222,1255.054187
272.16782,364,1255.111538
274.91797,231,1255.111588
271.97083,221,1255.304183
253.7891,194,1255.320889
51.34938,139,1255.367051
267.72186,306,1255.439415
301.10492,309,1255.439464
255.58621,197,1255.447612
262.65918,164,1255.476559
28.703735,105,1255.561877
256.0086,288,1255.778771
259.2752,311,1255.818813
279.66315,294,1256.015554
231.5346,278,1256.231764
271.43802,172,1256.284091
270.27118,217,1256.28414
312.14966,279,1256.29223
256.27814,414,1256.304586
286.28836,244,1256.488254
291.84842,244,1256.488316
296.41296,305,1256.624589
291.47388,317,1256.813801
287.59955,242,1256.822758
294.11505,444,1256.908217
285.95905,331,1256.908254
283.23828,372,1256.92844
290.02588,327,1257.23006
234.1652,579,1257.260472
292.9636,222,1257.264985
262.43134,239,1257.347129
280.8023,309,1257.359539
288.0205,211,1257.392956
270.99838,259,1257.409966
301.08618,226,1257.458205
269.16492,150,1257.462316
279.07755,319,1257.670727
277.51276,248,1257.965438
269.8994,332,1258.043527
250.88403,222,1258.212994
275.1024,327,1258.213044
286.148,310,1258.224487
276.5467,210,1258.257712
292.3297,206,1258.343704
230.18753,252,1258.470119
287.0155,188,1258.470167
265.55505,554,1258.641489
310.34235,274,1258.645482
240.62505,448,1258.849851
278.6306,348,1258.849904
233.88837,391,1258.939354
316.6889,229,1259.208649
282.88702,300,1259.246926
271.70993,285,1259.261819
295.0664,216,1259.27494
48.203415,114,1259.327714
278.80304,313,1259.544182
277.50836,227,1259.588672
301.86505,263,1259.588731
223.65521,514,1259.601517
281.88428,191,1259.731461
258.06924,291,1259.850836
220.01349,390,1259.85498
231.60866,360,1259.990267
155.07628,651,1259.990315
266.11118,291,1260.066136
313.58807,205,1260.066185
285.4927,216,1260.163713
299.41473,296,1260.509031
287.19415,283,1260.50908
298.29395,225,1260.53335
285.72107,242,1260.55897
296.20404,231,1260.572924
253.45915,258,1260.931743
303.09528,226,1260.931794
275.50848,219,1261.062138
235.07755,271,1261.118218
273.94678,264,1261.155861
265.01376,275,1261.200326
284.31317,202,1261.341617
258.41125,379,1261.43972
238.4138,448,1261.454806
256.23157,230,1261.486117
306.91852,222,1261.490759
241.26727,425,1261.507119
258.62988,254,1261.562853
269.28302,247,1261.586075
41.87964,87,1261.853864
290.3282,245,1261.959771
297.46722,213,1262.101826
309.72772,270,1262.266619
278.49384,171,1262.315098
287.8949,199,1262.336396
59.823166,92,1262.363595
177.08379,1000,1262.475263
259.89117,365,1262.479907
246.16934,269,1262.488901
253.09813,785,1262.54491
58.6158,92,1262.662243
275.722,298,1262.719448
15.31163,96,1262.892761
243.31349,347,1262.937978
242.24477,264,1262.988154
225.73972,408,1263.239329
232.58582,504,1263.291791
232.1667,437,1263.410572
296.2807,227,1263.427586
32.684265,121,1263.483943
59.83786,135,1263.49268
296.14835,284,1263.505728
22.808357,74,1263.544433
257.25366,279,1263.657155
293.7006,292,1263.759407
248.52782,403,1263.799383
261.74127,344,1263.799424
288.82175,350,1263.799434
235.98506,652,1263.811356
292.6426,282,1263.886199
283.0077,201,1264.116346
289.55035,354,1264.128062
21.750275,104,1264.228024
59.99553,131,1264.29947
272.12094,352,1264.343375
257.04297,210,1264.352079
256.89493,281,1264.699028
252.958,301,1264.703957
308.33722,273,1264.703984
248.12665,306,1264.707824
299.7804,293,1264.736067
287.9179,227,1264.773303
272.38354,263,1264.778165
280.4931,210,1264.792355
287.4104,208,1265.186257
20.795166,102,1265.202055
300.28467,342,1265.23945
268.0865,157,1265.411811
292.3681,394,1265.468577
262.75238,194,1265.49701
280.30405,192,1265.497045
298.82007,272,1265.497055
288.16028,180,1265.512986
271.98746,206,1265.551146
249.56998,347,1265.583186
247.20407,347,1265.591875
269.70096,211,1266.081799
51.994522,142,1266.090485
251.7136,187,1266.275226
307.65668,189,1266.374346
268.99677,219,1266.421323
281.75342,232,1266.430162
266.19012,278,1266.570691
256.21198,471,1266.689512
245.3012,268,1266.702179
287.2946,153,1266.722018
244.23178,163,1266.962904
271.92075,373,1267.112123
250.1552,463,1267.120525
187.61852,658,1267.120559
267.4614,414,1267.227728
218.95935,494,1267.305194
310.4408,220,1267.348208
36.279312,99,1267.526845
287.1563,215,1267.606945
260.55948,369,1267.63524
291.96024,222,1267.652162
302.74493,298,1267.684971
168.6935,839,1267.750053
297.86896,344,1268.000919
295.9975,260,1268.035554
299.32074,201,1268.054849
276.0767,232,1268.07437
254.15657,149,1268.134661
217.69786,426,1268.15061
265.94873,368,1268.213753
278.47293,196,1268.434978
289.8805,324,1268.457215
305.04797,253,1268.639812
273.2755,995,1268.820983
260.1814,313,1268.936412
278.73456,213,1268.936465
303.15875,209,1269.087672
268.5978,261,1269.087722
290.20624,431,1269.087732
247.5534,341,1269.091846
25.002167,116,1269.308234
298.97473,229,1269.38189
272.73572,316,1269.381944
271.85696,225,1269.386872
244.83308,495,1269.391522
71.27319,89,1269.452486
8.7020035,97,1269.488405
66.6284,147,1269.688533
282.47906,254,1269.693115
218.52542,450,1270.004683
313.89117,203,1270.279267
315.10577,219,1270.279314
291.8621,197,1270.294002
210.25055,524,1270.294035
246.31456,244,1270.31121
278.77792,231,1270.335196
220.9148,577,1270.414138
248.63953,362,1270.426992
240.47427,341,1270.784094
250.67873,458,1270.814301
252.05089,397,1271.012243
283.1256,245,1271.012286
137.15501,794,1271.012296
256.75693,471,1271.017573
297.82654,180,1271.082413
304.3919,189,1271.097648
310.15668,266,1271.394847
280.63052,292,1271.50115
265.51395,170,1271.509528
319.7475,213,1271.911937
42.71556,112,1271.973107
273.19025,487,1272.312749
266.5308,359,1272.312801
248.61717,455,1272.31281
261.0384,311,1272.312817
282.0475,312,1272.312824
291.03998,263,1272.481073
232.59338,558,1272.60827
207.33301,719,1272.666859
230.64882,543,1272.66691
202.22449,720,1272.666919
276.44006,383,1272.68426
276.34442,175,1272.696341
228.31325,409,1272.786011
260.95126,498,1273.09265
275.81723,149,1273.10083
283.19928,300,1273.154373
288.99664,242,1273.327975
300.81622,243,1273.332396
287.9024,176,1273.349076
276.92377,281,1273.50294
250.32983,190,1273.502985
253.3294,479,1273.502996
299.5899,200,1273.520966
258.32568,333,1273.711572
262.299,274,1273.819573
249.92842,266,1273.897949
237.73643,380,1273.905888
292.2929,192,1273.905964
251.74416,319,1274.003094
274.53867,337,1274.092447
253.1611,192,1274.1249
301.03473,187,1274.124939
291.88956,244,1274.172057
275.98163,226,1274.430684
290.78387,198,1274.534104
259.9625,250,1274.534154
262.26776,252,1274.557394
271.95306,172,1274.62106
317.55417,309,1274.621102
287.13705,177,1274.633579
255.03479,372,1274.649477
297.6407,185,1274.677166
244.6619,142,1274.689191
278.57465,201,1274.965713
286.86066,355,1274.970792
303.29895,232,1274.970818
289.10455,277,1274.970828
255.80125,149,1275.172112
275.27252,258,1275.196673
290.62158,249,1275.205297
271.4394,168,1275.339307
276.64166,231,1275.492823
284.4423,210,1275.492867
304.09396,212,1275.554019
262.31107,261,1275.617743
254.6161,240,1275.617803
313.971,230,1275.64348
260.9212,248,1275.669558
275.49078,311,1275.73529
264.59552,188,1275.758756
298.68854,228,1276.172445
266.24704,208,1276.223566
256.1532,176,1276.245526
257.15836,259,1276.297382
287.95807,174,1276.297431
272.29248,153,1276.297444
287.60693,189,1276.297451
302.5574,167,1276.3806
311.7105,351,1276.454764
266.1275,172,1276.468241
283.06744,370,1276.530228
270.8198,241,1276.639177
269.68207,211,1276.650859
261.51465,257,1276.705482
68.193085,167,1276.982617
-15.594254,83,1277.037749
305.91602,189,1277.077023
301.0172,206,1277.077063
270.45068,158,1277.109757
301.9403,261,1277.377787
299.6426,243,1277.383596
271.0141,212,1277.407557
283.5502,583,1277.407602
272.46594,231,1277.407611
253.899,305,1277.564826
304.0045,223,1277.564874
277.07742,337,1277.576545
285.89966,236,1277.629293
287.8435,180,1277.794153
278.45203,224,1278.020119
305.70874,224,1278.020166
276.36438,246,1278.020176
300.87738,429,1278.032179
286.29025,171,1278.281251
245.82085,742,1278.286433
275.45322,210,1278.28648
298.04138,211,1278.292136
263.52554,167,1278.327242
304.7476,296,1278.352092
282.92123,234,1278.386295
263.94693,242,1278.395438
285.95758,277,1278.542971
294.96002,265,1278.672234
273.87024,263,1278.67696
300.48706,265,1278.900426
292.07043,216,1278.91275
295.372,247,1279.041897
274.63687,183,1279.041965
292.5559,247,1279.041981
307.2027,163,1279.05965
284.25397,249,1279.064641
252.6132,173,1279.068476
299.23618,191,1279.07698
298.52655,195,1279.097531
56.2166,111,1279.50774
263.28424,279,1279.551813
248.63135,296,1279.55667
242.83615,307,1279.556716
251.89131,245,1279.561372
292.35626,227,1279.61937
263.84662,258,1279.743209
319.7125,215,1279.810215
261.93478,182,1279.822425
282.88385,225,1280.008057
270.73508,233,1280.008105
304.7601,222,1280.017509
62.90953,113,1280.022377
258.43668,238,1280.030783
267.34552,234,1280.038958
284.20706,283,1280.075041
293.07184,260,1280.143633
258.27344,203,1280.402448
283.8705,209,1280.422434
292.74194,206,1280.602942
306.12683,192,1280.611703
281.833,292,1280.726923
276.35645,212,1280.90086
260.47107,321,1280.900912
252.1708,210,1280.900922
291.19943,258,1280.900929
298.46082,307,1280.900936
278.32965,212,1280.900942
282.23572,215,1280.942234
270.41382,217,1280.942299
293.1948,219,1280.942315
252.90645,231,1281.105708
273.85474,389,1281.702337
296.01556,262,1281.702399
298.47662,206,1281.761072
269.26813,220,1281.817189
254.61714,294,1281.829595
297.03137,274,1281.867383
298.9123,354,1281.899598
289.61774,191,1281.903525
260.3509,241,1281.903552
282.3022,374,1281.970365
294.69043,281,1282.115314
315.56494,282,1282.119922
279.7536,308,1282.186465
303.46063,304,1282.211112
14.880959,103,1282.329091
59.328903,121,1282.408262
77.099915,147,1282.431889
298.57233,383,1282.499513
260.88507,403,1282.582892
272.9533,182,1282.59567
293.52594,220,1282.629506
280.84155,180,1282.663694
276.90768,235,1282.698357
283.58014,232,1282.747002
291.6006,215,1282.783657
248.30202,190,1283.016336
298.37457,251,1283.025909
253.58255,231,1283.159301
272.36993,204,1283.194367
263.05157,230,1283.397288
265.35098,222,1283.429702
273.29803,168,1283.433549
277.06763,314,1283.433573
293.93387,199,1283.459565
295.98474,323,1283.46865
268.0841,253,1283.473273
314.94946,216,1283.489175
279.3884,290,1283.799646
303.0302,267,1283.799706
287.2973,275,1283.799721
271.1334,196,1283.821186
21.087364,108,1283.839968
24.549553,114,1283.90117
298.29355,201,1283.986413
245.84099,294,1283.992519
310.39478,237,1284.000498
251.0201,185,1284.200621
52.3217,130,1284.341799
68.47066,123,1284.416487
297.61392,234,1284.438517
305.77704,243,1284.495039
305.8391,314,1284.495106
292.31412,257,1284.522379
249.09973,270,1284.551359
297.3064,219,1284.765026
305.3863,310,1284.77073
274.4433,232,1284.77864
274.00797,260,1284.891763
314.07733,268,1284.943288
282.24503,227,1284.943331
29.141586,140,1285.022975
293.4837,254,1285.046521
280.5882,253,1285.055556
296.0271,136,1285.066549
314.8731,176,1285.07798
313.14334,222,1285.125768
59.157745,136,1285.330462
33.08278,111,1285.341971
284.88147,224,1285.43012
311.43445,217,1285.453441
268.1596,251,1285.46263
264.84183,233,1285.493362
300.5458,189,1285.539569
33.219543,118,1285.55161
60.171783,121,1285.575948
61.430557,136,1285.584502
46.478973,129,1285.855606
270.771,225,1285.861007
276.63202,206,1285.900069
272.5023,214,1286.0067
245.78818,152,1286.049801
259.65808,271,1286.054127
317.65173,314,1286.054159
256.3427,161,1286.247675
293.28296,193,1286.255613
262.174,294,1286.26039
274.6782,219,1286.360061
49.566803,102,1286.43734
246.73161,279,1286.506357
275.09647,232,1286.506399
57.641205,153,1286.513194
276.36517,231,1286.516973
316.89114,230,1286.539589
53.38411,133,1286.621217
276.1598,310,1286.808263
309.21216,173,1286.808324
283.2367,175,1286.813785
261.3109,224,1286.828634
250.74435,215,1286.83258
54.328217,118,1287.045376
282.37506,226,1287.247182
42.16971,121,1287.33334
254.4966,237,1287.466481
294.28787,286,1287.486938
235.1504,283,1287.486974
246.27016,228,1287.497207
287.17783,168,1287.545281
290.29254,239,1287.550043
287.54596,277,1287.563529
38.985214,138,1287.830543
41.63945,121,1287.847245
286.67554,315,1287.866999
36.40564,91,1287.883154
275.58337,265,1287.936123
248.95264,265,1287.936178
271.34747,260,1287.936202
248.39778,172,1288.20339
262.12363,386,1288.203443
255.64246,274,1288.208078
268.34192,176,1288.242334
293.08292,210,1288.437001
274.88773,232,1288.52457
303.79358,228,1288.524628
287.97668,252,1288.551898
289.2328,168,1288.647559
309.41388,197,1288.65995
266.21277,176,1288.681579
316.62335,191,1288.690904
298.26794,200,1288.709976
293.60077,235,1288.928051
260.59656,269,1288.977989
289.3159,197,1289.278735
298.3501,176,1289.27879
248.07822,255,1289.282671
284.46255,185,1289.344805
319.9942,275,1289.402852
293.9154,283,1289.402904
75.89172,115,1289.425016
265.58472,176,1289.463128
299.4491,298,1289.463167
266.07666,246,1289.708291
274.48785,251,1289.720135
265.88498,245,1289.731234
294.36096,284,1289.739022
299.6327,255,1289.78052
276.6278,191,1289.800943
278.6127,189,1290.071271
262.0716,160,1290.092981
36.22354,91,1290.109048
297.0776,230,1290.235336
282.28275,169,1290.40569
301.07135,228,1290.410636
300.76303,303,1290.547986
265.07693,298,1290.594647
236.07646,287,1290.608256
302.60394,223,1290.729609
274.6037,302,1290.729655
273.60498,316,1290.729665
277.9515,228,1290.729671
290.37067,240,1290.729678
297.065,242,1290.729684
37.001617,117,1290.734458
142.47943,1000,1290.863428
302.8368,224,1291.020953
261.46942,223,1291.036956
50.69751,81,1291.058207
47.45874,95,1291.11518
295.99048,180,1291.158251
259.02353,305,1291.343284
283.01566,229,1291.371595
306.21613,185,1291.376583
295.1673,226,1291.493979
264.92993,183,1291.494028
290.87396,199,1291.560937
296.8734,223,1291.658336
281.48206,247,1291.763314
265.88098,215,1291.768493
295.40082,252,1291.779699
317.46707,205,1291.927026
286.83478,183,1291.935168
292.85278,213,1292.015417
311.25275,184,1292.119353
283.55835,265,1292.146189
310.12488,263,1292.154235
266.01874,163,1292.183335
284.114,179,1292.248177
278.33148,219,1292.298243
282.8534,174,1292.50931
290.30823,239,1292.575203
300.8484,283,1292.575257
316.91766,214,1292.694148
275.36664,189,1292.739177
252.79866,511,1292.747491
303.08084,151,1292.767676
304.84082,268,1292.803001
297.51117,210,1293.031722
293.2857,215,1293.149141
278.2339,248,1293.188186
301.78305,169,1293.270185
234.1666,239,1293.298676
297.61163,306,1293.298704
279.7381,178,1293.306531
301.87704,368,1293.306558
290.50662,272,1293.314849
306.17386,334,1293.326056
277.6783,205,1293.363571
56.646164,104,1293.464585
273.2248,184,1293.507574
247.98445,189,1293.519826
44.60927,86,1293.552947
28.551285,104,1293.587277
281.53943,244,1293.788422
301.35596,238,1293.792334
309.45142,277,1293.84767
279.63373,199,1294.136173
293.92194,231,1294.236321
266.81253,244,1294.318551
243.53973,230,1294.318599
284.40176,196,1294.323019
259.55408,245,1294.330667
278.00098,247,1294.339536
264.81433,300,1294.572462
271.2221,254,1294.572523
294.92532,302,1294.572532
274.3871,268,1294.57254
274.54102,248,1294.577442
329.82416,220,1294.698111
270.58685,174,1294.856414
290.4135,248,1294.87323
305.70084,311,1294.877421
279.49634,266,1294.886494
306.10168,229,1295.280975
288.20435,252,1295.281027
291.92047,236,1295.303601
245.76924,183,1295.340108
271.5764,191,1295.372772
60.172836,145,1295.479375
270.77356,195,1295.516147
298.11465,250,1295.623669
284.18927,250,1295.623724
296.28363,308,1295.628849
257.153,313,1295.628887
255.22543,283,1295.754884
285.27136,220,1295.804277
269.1482,370,1295.866698
22.244118,90,1295.890903
295.6413,194,1296.09645
284.38535,301,1296.131914
277.20126,189,1296.131951
288.1747,198,1296.131961
279.71887,309,1296.145607
291.84406,208,1296.344222
68.73341,133,1296.356914
276.43164,307,1296.56785
279.40515,227,1296.5679
282.82825,232,1296.594551
277.00867,292,1296.594603
284.1438,239,1296.618876
288.2535,182,1296.623502
281.74518,213,1296.647921
313.3689,190,1296.679938
292.0766,257,1296.697631
54.59903,145,1296.738302
261.1447,156,1296.783068
300.3061,161,1297.00878
266.82178,224,1297.021559
269.3858,225,1297.066068
248.15836,160,1297.229696
25.536804,152,1297.24806
294.10324,224,1297.290014
261.7695,275,1297.290073
284.79578,174,1297.290086
274.89508,178,1297.32996
268.55914,180,1297.373955
253.0784,222,1297.523413
286.16278,152,1297.710735
307.40515,243,1297.714728
309.31775,233,1297.714752
316.52246,250,1297.727759
301.90967,260,1297.736505
269.504,236,1297.771273
35.911285,96,1297.775122
290.97144,181,1297.789858
260.7391,223,1297.954106
38.307007,111,1297.987182
292.39246,216,1298.178008
261.4084,207,1298.182709
303.73914,222,1298.187544
302.91492,209,1298.191119
44.47606,112,1298.279819
274.06723,250,1298.367304
53.33487,83,1298.52657
296.1414,207,1298.595302
256.198,213,1298.623304
268.0067,213,1298.623351
266.32635,210,1298.623362
286.9367,212,1298.640145
292.18884,311,1298.658794
269.407,218,1298.702511
302.5205,217,1298.907103
22.891968,96,1299.044362
65.25046,90,1299.065524
279.6468,268,1299.079576
37.04413,112,1299.079603
289.8855,225,1299.115793
253.42455,319,1299.115841
291.34238,226,1299.11585
282.54388,186,1299.125031
296.65295,233,1299.137663
311.4816,223,1299.195939
274.2589,186,1299.292484
252.58041,247,1299.610301
51.522415,124,1299.630359
37.526917,95,1299.690934
255.90854,263,1299.729162
251.01048,205,1299.759187
269.2243,171,1299.763838
284.2886,275,1299.763868
284.30298,277,1299.77162
266.89038,184,1299.904672
271.9129,202,1299.924583
285.72833,248,1300.154733
289.36145,252,1300.165047
268.76395,261,1300.165091
290.90106,258,1300.193212
34.091003,76,1300.221563
299.61633,277,1300.2216
51.247925,85,1300.523841
70.60161,92,1300.589121
293.17737,198,1300.606728
314.41125,220,1300.619727
262.26788,203,1300.619761
280.75537,238,1300.619772
301.6784,212,1300.626194
295.41614,205,1300.630773
251.10503,239,1300.647282
303.90137,213,1300.660657
288.73782,186,1300.714463
294.08203,447,1301.080506
300.9337,218,1301.09619
274.41824,210,1301.116685
292.96045,224,1301.177642
267.1898,167,1301.414123
264.52905,211,1301.414174
310.24332,189,1301.414184
305.35052,183,1301.414191
251.53352,196,1301.414197
290.54474,188,1301.419164
297.14972,194,1301.439224
312.7748,301,1301.443367
299.9494,199,1301.455886
304.9035,195,1301.479115
288.56403,223,1301.554002
51.355637,123,1301.628158
290.99915,266,1301.722819
60.67813,133,1301.989224
65.9836,145,1302.013199
305.9106,176,1302.142207
245.1694,256,1302.142262
264.5524,177,1302.152293
295.14,178,1302.152336
271.68326,174,1302.169308
287.99728,166,1302.169337
307.65894,171,1302.169347
289.92798,189,1302.205633
264.96423,195,1302.439843
263.37048,189,1302.515713
286.3857,348,1302.560187
292.31686,272,1302.560238
270.5962,331,1302.570392
57.397568,141,1302.774193
79.00958,151,1302.803831
274.4476,192,1302.812778
291.81247,186,1302.812811
261.3982,151,1302.81685
304.4474,158,1302.825587
73.31825,90,1302.838287
8.17643,99,1302.938047
267.13217,218,1303.068663
271.11426,360,1303.068725
288.30786,232,1303.13712
39.545456,103,1303.202535
42.849014,103,1303.240466
291.24872,192,1303.372696
309.50146,305,1303.492615
271.59302,327,1303.551954
269.09033,173,1303.559973
70.42163,80,1303.576494
47.83841,126,1303.599381
265.60178,191,1303.599412
285.81616,295,1303.791876
284.75967,211,1303.815679
272.6374,301,1303.815725
281.93457,239,1303.815736
306.01425,242,1303.815743
295.46698,241,1303.815749
39.49826,86,1303.84349
57.10817,117,1304.036414
280.60593,247,1304.106235
288.54733,231,1304.106287
61.815887,96,1304.223315
38.15422,98,1304.232181
262.7642,172,1304.318644
70.14702,121,1304.326802
309.96863,198,1304.380608
290.37595,228,1304.803621
267.73102,241,1304.835433
304.4455,267,1304.925699
29.764664,146,1304.952821
305.99493,200,1304.957046
259.91312,322,1304.961388
265.12195,173,1304.961428
260.71387,181,1305.001857
60.494278,88,1305.198589
275.0299,458,1305.291348
38.973724,126,1305.458882
51.000183,126,1305.505277
33.216064,137,1305.509761
290.30048,372,1305.585978
283.3401,359,1305.597677
262.4956,494,1305.629206
278.61182,354,1305.786166
263.495,340,1305.794868
279.90338,627,1305.813075
295.22345,245,1305.816333
29.204285,97,1305.920763
286.25592,244,1305.931972
287.48254,213,1306.087067
299.78162,285,1306.137113
259.5005,173,1306.187462
261.18292,578,1306.239153
281.05035,329,1306.316207
42.46985,100,1306.339278
287.1255,200,1306.428373
268.11743,193,1306.445276
280.8014,161,1306.494047
304.7518,256,1306.581744
284.45483,239,1306.601277
300.149,191,1306.601312
277.38574,194,1306.606034
308.48065,218,1306.734601
44.86003,127,1306.76333
263.1819,207,1306.791967
288.72815,361,1306.792001
279.4748,162,1306.808128
70.928955,126,1306.948346
27.33805,91,1306.955886
42.01021,115,1306.972351
29.363815,91,1306.981325
290.21283,195,1306.997622
292.64627,225,1307.022808
259.86487,175,1307.049054
53.273224,80,1307.076143
53.72757,86,1307.386507
1.6917496,94,1307.46372
31.20575,119,1307.497652
55.396698,128,1307.517909
304.58734,219,1307.517946
294.31345,283,1307.522648
3.6082687,131,1307.522678
264.37378,258,1307.522688
274.5163,171,1307.526939
65.79483,117,1307.534111
293.38272,185,1307.538754
303.90158,187,1307.575616
256.4566,266,1307.716419
269.83212,223,1307.725838
42.296463,107,1307.966872
269.75894,249,1307.99973
294.6817,255,1308.01593
29.338257,103,1308.146573
36.433517,104,1308.159557
61.59996,155,1308.181062
291.216,169,1308.201006
277.66028,197,1308.205717
268.55286,167,1308.212702
313.65356,174,1308.249029
292.77948,195,1308.38442
270.75867,210,1308.392818
291.71973,208,1308.402618
305.68713,212,1308.403354
296.34747,232,1308.427362
302.87042,226,1308.45541
29.787918,105,1308.589077
40.687363,94,1308.611733
59.284637,113,1308.674234
48.755127,112,1308.674276
48.09662,79,1308.7376
35.739685,110,1308.851346
281.6782,155,1308.900939
61.388687,120,1308.900984
260.7955,224,1308.905587
319.96802,217,1308.909472
58.89702,80,1309.006596
69.833466,141,1309.018868
319.6773,207,1309.044457
288.18896,222,1309.084034
53.05916,124,1309.099866
49.005844,130,1309.1437
266.5962,213,1309.303186
62.25345,112,1309.326542
277.6117,316,1309.347191
57.015594,88,1309.386235
19.2378,83,1309.46173
33.207687,83,1309.5063
26.861473,103,1309.766998
22.864754,78,1309.77492
62.307358,122,1309.803131
288.54712,278,1309.83627
308.5807,252,1309.958795
280.4804,293,1309.958846
326.14847,227,1309.993634
269.31537,313,1310.202867
298.43088,419,1310.202919
300.0564,269,1310.202929
32.64836,108,1310.247732
255.06793,225,1310.304686
270.44824,202,1310.329057
266.18567,346,1310.333951
37.53607,110,1310.414522
322.49646,385,1310.504808
40.17801,84,1310.55883
33.66913,98,1310.6598
294.93057,398,1310.678593
25.514572,86,1310.69553
62.125397,108,1310.794675
289.61548,231,1310.79836
44.317474,117,1310.803491
35.391647,97,1310.824168
294.02954,386,1310.924938
278.48425,194,1311.015525
41.831375,112,1311.024632
273.44064,204,1311.056641
285.70044,269,1311.077082
47.576553,112,1311.157781
274.33508,342,1311.18559
46.012512,100,1311.231133
63.42978,128,1311.327511
319.75778,200,1311.520015
