#{"t_start": 1780053291.5636292, "env_id": "None"}
r,l,t
-31.847868,66,0.073137
-77.888306,70,0.078448
-26.654114,72,0.080728
-36.060238,75,0.084011
-76.031105,75,0.084055
-184.46454,76,0.085332
-83.1841,77,0.086662
-90.311134,91,0.099108
-98.19678,97,0.104971
-68.68516,98,0.106333
-174.54784,106,0.113343
-188.48631,107,0.114664
-162.2998,115,0.124043
-123.89951,121,0.129409
-148.56796,59,0.132927
-175.39844,54,0.134415
-126.433464,145,0.152193
-147.0228,101,0.179999
-100.79376,106,0.184139
-66.097,86,0.186279
-205.66417,111,0.190884
-215.95042,114,0.192164
-307.88953,98,0.192204
-101.967926,85,0.195302
33.684822,125,0.198287
-80.71946,85,0.211669
-124.447296,98,0.219108
-181.94429,77,0.221739
-408.4244,114,0.229691
23.950325,125,0.231836
-292.7347,135,0.234106
-314.77774,109,0.236251
-114.954994,62,0.250283
-279.6438,77,0.258126
-123.548996,82,0.26718
-99.6985,93,0.270876
-6.0330048,88,0.274271
-288.88226,101,0.275598
-272.85153,85,0.277374
-70.92893,94,0.282411
-127.615814,64,0.29374
-85.48588,77,0.301324
-323.28378,93,0.307333
-76.46454,105,0.307358
-124.93613,103,0.313126
-172.11081,90,0.31426
-101.91235,59,0.327617
-59.632214,70,0.330947
-7.1523438,115,0.335062
-5.170887,85,0.336417
-32.909332,60,0.337614
-78.5589,74,0.3456
-72.19806,80,0.348483
-192.79102,97,0.360501
41.513676,124,0.363999
-256.1033,67,0.376597
-303.28247,84,0.384952
-24.300653,64,0.389388
-228.53973,106,0.390576
-378.9087,109,0.400729
-186.71397,80,0.400756
-156.39572,75,0.403399
-104.049835,113,0.409895
-87.14048,107,0.41099
-63.24912,82,0.416962
-143.5451,93,0.41986
-333.31927,83,0.420913
-199.17068,101,0.425269
-73.458496,80,0.432021
-102.91286,59,0.438828
-104.877266,84,0.439973
-128.92989,60,0.445229
-71.26146,76,0.447784
-212.77727,66,0.463567
-94.54563,85,0.477691
-79.76595,68,0.482735
-298.06656,82,0.485648
-72.43688,106,0.486776
-288.68222,80,0.491077
-36.41615,101,0.492853
-228.84982,91,0.494707
-102.915405,57,0.497872
-96.666534,76,0.509375
-198.13588,78,0.510543
-321.81375,120,0.530245
-160.07597,98,0.532356
-257.36783,113,0.535925
-155.245,124,0.5403
-202.04527,72,0.551402
-70.42827,61,0.553418
-204.70029,53,0.557867
-385.33347,89,0.564079
-229.11342,87,0.573554
-318.79974,100,0.577584
86.40666,119,0.586128
-88.00039,109,0.590929
-65.47376,149,0.597545
-62.46053,74,0.598611
-64.641594,105,0.602449
-157.53877,127,0.605861
-205.04117,74,0.605908
-160.95847,105,0.624492
-123.45281,104,0.634148
-297.85788,74,0.643215
-72.87507,91,0.655017
-304.36737,109,0.722877
-72.2555,58,0.755688
-52.79975,71,0.773695
-404.08615,119,0.781507
-61.90526,103,0.790545
-275.98706,90,0.794169
-74.21113,105,0.811357
-94.4118,93,0.824619
-163.77953,87,0.834409
-299.8712,91,0.884408
-48.339485,64,0.895211
-201.27473,98,0.919641
-105.72894,81,0.964854
-156.9335,67,0.984772
-268.07147,97,1.002199
-8.468372,72,1.034732
-45.024673,109,1.04009
-28.959465,71,1.065355
-134.43695,68,1.065398
13.28698,61,1.074031
-118.09651,68,1.087286
-105.711845,62,1.092619
-145.81145,83,1.124815
-44.509083,103,1.188098
-12.030758,83,1.217647
-30.761452,68,1.233401
-63.230175,62,1.250367
-64.907,102,1.271489
-317.8805,100,1.297591
-169.48192,73,1.331394
-183.78009,79,1.335015
-80.84421,76,1.362421
-198.63058,88,1.366543
-88.41239,82,1.366585
-91.97911,87,1.393147
-222.17686,85,1.401239
-230.07072,114,1.417426
-199.6821,76,1.488892
-255.77728,85,1.492636
-45.98696,89,1.571347
-70.550964,66,1.577712
-207.23334,82,1.593553
-54.726543,132,1.600245
-255.56735,105,1.607369
-78.19135,76,1.615492
-30.737846,74,1.634863
-213.93285,83,1.660204
-486.2473,111,1.664216
-325.43414,80,1.697215
-103.15787,94,1.700684
-148.43579,90,1.716626
-171.02954,71,1.731795
-52.809597,61,1.804719
-405.746,118,1.804776
-51.736443,93,1.804791
-363.67703,80,1.842106
-94.62748,76,1.86705
-255.41818,81,1.871039
-297.88657,68,1.935538
-373.585,107,1.945432
22.631966,85,1.954818
-69.41087,83,1.988025
-150.71333,114,2.004449
-242.47194,90,2.025961
-124.11339,130,2.074851
-57.580982,115,2.124727
-172.42915,95,2.127804
-273.53052,139,2.135271
-183.55467,60,2.142813
-61.370087,91,2.174064
-452.05234,109,2.17734
-13.454109,70,2.187229
-37.05162,103,2.19208
-203.0477,114,2.195445
-276.4246,103,2.218287
-112.47882,66,2.247304
-160.47064,95,2.250525
-29.74707,98,2.327589
-55.06902,110,2.348671
-4.184395,71,2.360915
-114.2608,71,2.374229
-217.07184,62,2.390818
-237.06909,91,2.423551
-134.04669,78,2.427139
-161.53528,107,2.427186
-115.34232,101,2.464776
-50.790394,89,2.479863
-122.617325,94,2.520759
-82.87328,111,2.535862
-90.52207,102,2.57055
-90.04266,78,2.57427
-80.828735,81,2.606909
-184.31668,76,2.617505
-57.253384,64,2.631037
-217.41054,138,2.631072
42.60114,120,2.634976
-40.440495,76,2.667861
-43.943256,81,2.679921
-197.83832,106,2.73123
-104.74641,119,2.747328
-98.25598,72,2.771062
-134.1693,97,2.781231
-53.73844,95,2.790724
-81.837006,77,2.829678
-94.68978,57,2.857456
-97.384575,107,2.867357
-94.91339,74,2.874521
-30.218033,111,2.9355
-70.444244,81,2.948471
-334.62494,103,2.969873
-60.447487,73,2.982843
46.441586,117,2.989645
-259.64545,110,2.989674
-117.30757,87,3.014719
-282.3406,124,3.024336
-116.87644,78,3.037931
-29.05616,65,3.046523
-64.576164,66,3.093395
-106.075836,84,3.136986
-5.394356,66,3.168259
-107.199394,119,3.181351
-25.932323,95,3.181391
-250.50233,63,3.194589
-112.43796,66,3.21048
-133.82793,56,3.220999
-442.14273,138,3.228187
-61.643044,61,3.233085
-8.570019,76,3.252835
-109.23274,98,3.268744
-182.7956,94,3.35769
-212.43268,118,3.367655
-120.136475,111,3.388775
-63.550095,67,3.405231
-14.289986,67,3.435492
-289.58612,84,3.473241
-109.83818,95,3.482199
-134.59322,94,3.530597
-354.8576,139,3.552202
6.700245,112,3.552248
-99.104904,101,3.561645
-289.53818,103,3.565162
18.620289,98,3.568749
-180.84792,97,3.581474
-31.638306,61,3.587734
-167.45956,59,3.596484
-347.04703,148,3.620911
-18.636345,64,3.6409
-72.01933,104,3.692318
-53.516582,69,3.751917
-18.084698,65,3.759031
-52.342075,66,3.775232
-111.63597,66,3.790489
13.36602,70,3.790528
-43.11393,99,3.799806
-476.25674,138,3.80936
-91.69951,62,3.819099
-173.09003,129,3.888798
-110.89021,104,3.895392
-134.06482,109,3.902825
-110.1882,104,3.921772
-78.51804,87,3.921806
-320.0807,104,3.931136
-310.02115,86,3.971691
-48.526787,63,3.981758
-188.38211,71,4.024075
-15.612961,83,4.024118
-262.86887,86,4.045089
-302.64053,80,4.060968
-91.616455,80,4.08259
-113.938255,95,4.123307
-22.812443,65,4.160826
-13.714043,79,4.200141
-101.63735,90,4.209866
-81.34529,84,4.219048
-37.38202,115,4.219081
11.155518,71,4.235506
-38.833427,100,4.238552
-74.169754,110,4.288788
-65.714005,74,4.319554
-93.06633,83,4.336098
-98.1272,108,4.348429
-74.23458,97,4.366559
-34.159294,95,4.408404
-46.052834,121,4.44294
19.369423,84,4.49115
-317.18866,84,4.512908
-210.94989,106,4.516413
-115.05083,117,4.519668
-57.89629,58,4.52601
-85.125565,100,4.549974
-26.63992,75,4.566957
-96.94479,112,4.573895
-69.93025,87,4.573929
-130.04659,102,4.577656
-241.56438,119,4.613875
-96.36838,83,4.624731
-97.078445,84,4.643023
-98.46634,73,4.650073
-67.371,75,4.692867
-149.23792,65,4.728992
-117.71582,72,4.747792
-56.643337,63,4.754737
-197.46819,87,4.774547
-241.22415,88,4.808397
-53.32307,77,4.824211
-165.31902,93,4.830514
-144.77234,72,4.855342
-26.865753,82,4.909587
-61.9337,98,4.930721
-390.1002,113,4.934162
-35.873493,115,4.946442
-73.76064,119,4.962493
-115.6909,97,4.962526
-108.783325,84,5.003066
-11.237381,84,5.028806
-128.50212,105,5.03217
-216.9747,89,5.062265
-54.928246,72,5.090875
-167.15868,87,5.108886
-36.931877,62,5.137236
-82.53763,95,5.140954
-61.856903,132,5.17926
-289.78497,114,5.179302
-136.79303,77,5.200055
-267.5906,83,5.20356
-168.25641,89,5.25351
-311.0759,106,5.253559
-171.49583,82,5.269132
-343.13754,81,5.296032
-288.69385,120,5.352619
-200.4379,88,5.376312
-214.5343,102,5.396764
-99.787704,122,5.429668
-112.094315,92,5.441317
-197.6022,80,5.46591
-39.67761,74,5.50148
-70.00169,122,5.510885
-5.4355392,66,5.518159
-47.340588,78,5.530864
-82.95979,107,5.53456
-60.71814,110,5.54473
-62.66325,105,5.550859
-123.94878,70,5.587788
-318.94485,142,5.608141
-92.740265,115,5.635979
-69.178055,58,5.655805
-49.849968,68,5.66511
-75.189255,74,5.674667
-199.89268,94,5.708706
-15.775608,81,5.762259
6.089283,129,5.797961
-106.25282,81,5.809361
-167.55688,95,5.822625
-46.81916,61,5.846644
-250.60504,76,5.850112
-273.3539,106,5.85014
-122.97037,69,5.85339
-63.85759,102,5.860306
-271.20782,103,5.860358
56.84743,77,5.922283
-79.841,85,5.941257
-56.93194,113,5.957738
-97.765686,67,5.982569
-203.15399,138,5.993553
-190.38177,96,6.022408
-110.21311,68,6.026964
-18.996155,62,6.072681
-46.06657,72,6.100893
-50.941658,75,6.114657
-49.347095,79,6.128092
-57.448708,67,6.188064
-40.200066,97,6.194085
-55.07941,113,6.194115
-55.32956,88,6.240346
-260.96295,94,6.243796
-48.490585,76,6.253071
44.996365,128,6.256476
-83.1194,130,6.30712
-49.14293,65,6.317065
-99.04718,86,6.322201
-261.14325,101,6.33272
-178.5392,84,6.35823
-125.20581,74,6.365388
-110.58914,108,6.403559
-97.51405,87,6.423635
-79.97194,75,6.444569
-82.873024,73,6.444612
-213.9457,89,6.495573
-106.771835,74,6.508289
-25.443075,81,6.518358
-164.5177,85,6.52942
-188.70282,58,6.548602
-85.01179,93,6.566462
-266.21774,86,6.591057
-94.42714,88,6.620407
-108.78241,95,6.631892
-51.534897,80,6.661484
-245.81714,108,6.677828
-81.58803,74,6.684072
-96.151535,59,6.687225
-69.920654,86,6.699638
-215.01164,85,6.718626
-199.3616,68,6.747912
-53.12043,71,6.747949
-336.14258,135,6.801127
-68.863815,77,6.813097
-109.749794,100,6.827975
-116.85716,75,6.871546
-55.151604,91,6.884224
-194.62848,75,6.914967
-185.95857,81,6.918344
-207.63953,95,6.925057
-204.51807,128,6.959448
-220.7498,74,6.985569
-96.48469,81,7.008772
-83.76345,97,7.012078
-12.166561,92,7.015442
-66.23064,113,7.053375
-75.86876,121,7.076711
-112.534454,67,7.091674
-106.75432,85,7.107781
-11.348774,73,7.161813
-89.86582,84,7.165406
-71.08675,113,7.175145
-102.37767,77,7.215814
-125.740295,70,7.219358
-193.42052,124,7.222804
-119.64653,64,7.265028
-137.72346,78,7.268765
-79.62067,64,7.302302
-44.985367,70,7.305853
21.012413,88,7.30588
-18.544136,116,7.309303
-93.45783,91,7.312655
-96.0632,67,7.33026
-130.99286,137,7.376317
-176.57855,70,7.403507
-104.078735,67,7.434265
19.16613,91,7.458842
-62.866394,94,7.471478
-17.817394,69,7.493531
-196.36949,84,7.496736
-59.48461,86,7.5005
-201.3484,76,7.513578
-61.202095,67,7.525332
-239.40364,74,7.546343
-71.690216,75,7.546378
-239.27628,79,7.565953
-156.36874,76,7.576301
-95.78525,64,7.580795
-87.6672,59,7.627041
-271.7753,114,7.686689
-327.18573,90,7.696467
-119.553635,66,7.712673
-116.736534,85,7.770199
-48.161266,86,7.780667
-30.494867,96,7.784222
-74.35599,86,7.794208
-133.74152,70,7.797812
-115.325165,106,7.804536
-88.762764,72,7.814369
-72.18994,82,7.817729
39.673805,87,7.864225
-157.49632,112,7.892962
-20.220806,70,7.91413
-85.964615,75,7.954994
-2.3765144,128,7.964743
-146.33905,92,7.996734
-211.346,70,8.013962
-83.358795,67,8.017561
-106.55892,84,8.079103
-296.6867,91,8.093665
-120.1252,98,8.093705
-39.460915,148,8.111495
-81.68596,72,8.127073
-14.473621,107,8.131524
-137.6973,88,8.156704
-97.57448,64,8.171622
-52.66371,66,8.189702
-84.37915,113,8.193815
-110.7948,63,8.232447
-169.29764,73,8.248866
-123.35261,132,8.259667
-19.038021,70,8.259696
-116.61396,66,8.320079
-124.641365,128,8.347234
-21.406551,64,8.387869
-23.749569,83,8.394986
-90.652145,72,8.402873
-103.89319,92,8.406446
-58.90632,98,8.413381
-270.48752,85,8.423372
-21.617115,68,8.423417
-109.29126,53,8.433167
-77.538216,76,8.446504
-90.5591,65,8.471601
-109.996826,129,8.567946
-73.30273,98,8.575739
-74.03332,104,8.579453
-59.682472,63,8.606946
-31.777946,81,8.626864
-37.236263,66,8.63755
-33.22404,96,8.653003
-115.74623,66,8.656768
-50.010227,63,8.669373
-23.639027,85,8.691894
-99.64525,75,8.69786
-170.46829,94,8.737739
-167.8338,93,8.744144
-337.1415,107,8.80132
-67.92224,94,8.808132
-282.8405,85,8.867529
-248.73926,98,8.920429
-105.77165,71,8.933139
-188.5131,85,8.940395
-89.09265,84,8.940422
-12.0329895,78,8.960313
-33.12013,112,8.96392
-291.20374,98,8.970768
-51.92936,96,8.992857
-41.861904,109,8.996385
-247.34036,88,9.026625
59.89798,128,9.042591
-276.2502,97,9.114749
-36.01297,62,9.13549
-313.8376,104,9.144672
-119.4693,69,9.1447
-268.67844,100,9.191788
-113.663536,138,9.19183
-119.662476,74,9.198291
-167.8552,72,9.201763
-23.820648,83,9.208748
-74.38496,69,9.216892
-190.05083,82,9.229892
-389.19077,94,9.245008
-194.46742,89,9.309146
-63.989475,92,9.336493
-28.465117,67,9.35915
-80.88234,59,9.381106
-185.15202,88,9.416672
-350.17877,137,9.437387
-67.017166,78,9.459845
-157.3693,69,9.466393
-11.973785,79,9.470012
-79.85408,114,9.482264
-185.09985,103,9.533641
-9.3110695,110,9.547114
70.80745,132,9.569481
-39.97516,116,9.57325
63.513973,122,9.621419
-54.839596,64,9.624728
-79.93117,86,9.640773
-96.88942,73,9.675515
-142.80473,69,9.684712
-112.49687,63,9.688401
-140.46661,120,9.70226
-48.577835,101,9.712986
-211.15186,74,9.713017
-28.58842,91,9.765227
-0.041988373,131,9.765276
-45.971455,82,9.813194
-63.425293,89,9.82261
-54.427357,64,9.831905
-79.73775,68,9.893814
-26.646214,66,9.897379
-97.97987,102,9.903991
-44.109005,67,9.904019
-194.57718,88,9.907319
-25.374462,111,9.928032
-170.51193,77,9.948241
-86.835754,98,9.955969
-90.086655,79,9.965718
-37.56737,60,10.025435
-66.20794,84,10.031627
-35.3633,102,10.038119
-45.38111,102,10.089262
-104.779724,70,10.117452
-64.37688,60,10.120718
-142.3698,72,10.133575
-100.62634,102,10.139686
-103.349655,58,10.150499
-163.27414,105,10.161735
-71.22838,85,10.177538
-98.65775,86,10.184648
-42.642036,78,10.202165
-131.84956,56,10.221891
-136.07861,87,10.237022
-93.61734,128,10.309779
-37.684372,56,10.322437
-50.649788,63,10.325756
-187.68275,105,10.366259
-72.30274,69,10.387006
-50.47426,72,10.387057
-17.649387,79,10.393937
-64.88597,113,10.40112
-88.6873,75,10.429015
-111.22423,76,10.448224
-153.9871,83,10.448252
-48.362926,115,10.465074
-117.343925,85,10.496658
-51.85754,123,10.519436
-101.23044,91,10.532571
-53.091747,81,10.575185
-63.974598,86,10.604593
-9.629623,69,10.624757
-104.64023,92,10.628357
-306.34445,85,10.665342
-57.225586,76,10.678919
-79.86902,99,10.710845
-37.181656,63,10.726696
-171.71297,114,10.771711
-143.5998,100,10.801978
-82.026985,92,10.809683
-146.54092,109,10.816755
-71.508965,128,10.889621
-206.27225,74,10.893868
39.13506,66,10.904685
-118.28163,95,10.912174
-349.3896,108,10.912202
-108.248474,91,10.929033
-8.002949,113,11.019424
-30.331398,64,11.032014
-243.35373,105,11.044173
-356.79706,95,11.044205
-63.43799,83,11.05919
-214.43988,96,11.06267
-35.518272,61,11.089735
-242.59004,81,11.093518
-193.16008,101,11.146506
-70.3716,77,11.156494
-266.57538,93,11.20153
-124.33937,86,11.211406
-62.28898,97,11.230763
-74.063705,100,11.240819
-121.61127,69,11.274111
-180.63086,69,11.274145
-6.066845,80,11.284812
-146.03404,78,11.291932
-53.090355,92,11.403297
-91.07012,74,11.47807
-133.07492,91,11.506698
-196.93701,108,11.510423
23.083164,135,11.514095
-41.23316,139,11.529389
-76.83395,96,11.532699
-59.924263,93,11.552296
20.238392,121,11.561747
-75.68745,89,11.581125
-102.98955,93,11.584396
-295.54877,149,11.591676
10.60844,114,11.670335
54.582874,128,11.700788
-68.674446,83,11.75147
-191.10541,83,11.776644
-119.69453,67,11.780723
-332.4479,121,11.798857
-94.06801,83,11.80587
-10.599785,73,11.835216
-64.230736,92,11.835262
-114.20401,78,11.845215
-93.373474,106,11.906002
-66.65186,120,11.913606
-70.88829,74,11.920929
-49.25903,109,11.94922
-181.21718,136,11.966228
-213.70227,90,12.006985
-95.91599,71,12.025737
-49.540604,62,12.05908
-148.27528,76,12.068991
-286.34604,77,12.098527
-38.67714,77,12.098568
-123.367065,87,12.098578
-288.3234,118,12.159126
-264.31348,123,12.204211
-90.37003,86,12.240686
-67.132866,90,12.269669
-93.037415,107,12.284953
-58.001907,119,12.310852
-14.56842,70,12.334848
-85.61398,83,12.338764
-99.65642,125,12.338795
-32.96095,59,12.353899
-103.573906,100,12.360173
-19.242447,79,12.365036
-0.2691536,79,12.365062
-173.04062,110,12.377953
-10.70797,96,12.390969
-150.0012,50,12.449677
-101.2771,90,12.499225
-88.66495,64,12.51702
-205.97433,82,12.539549
-20.285969,57,12.549504
-120.62709,60,12.560084
-182.1342,65,12.58916
-108.4081,108,12.595159
-95.91939,80,12.598449
31.038715,80,12.614117
-46.065216,77,12.641005
-105.07257,94,12.644361
-150.358,91,12.658153
-160.15385,102,12.667371
-52.43918,66,12.765327
-88.97528,76,12.768587
7.8841743,61,12.797782
-54.038456,108,12.801332
-54.20012,63,12.819468
-218.35349,77,12.840096
-102.97954,87,12.843701
202.28867,740,12.843734
-144.62547,64,12.854182
-30.023998,113,12.869928
-134.39935,64,12.877992
-86.40158,68,12.881903
-106.62714,109,12.898693
-163.30943,97,12.913776
-45.79464,88,12.929181
-159.31625,72,13.007958
-48.033375,69,13.075527
-51.916485,65,13.097889
-90.2147,78,13.10762
-32.25048,66,13.13849
-23.052116,90,13.147128
-139.52916,90,13.177267
-25.34608,122,13.177312
-65.51357,89,13.184398
-83.07384,121,13.209522
-95.628815,93,13.213241
-51.01268,111,13.231425
-113.224915,129,13.235008
-186.77199,97,13.263906
-35.27266,131,13.268118
-187.36331,80,13.284564
-50.87062,64,13.326627
-80.601944,88,13.37727
-82.66319,86,13.427869
-102.87614,72,13.457896
-52.936165,70,13.470855
-119.39026,89,13.483762
-97.29431,117,13.494033
-32.524685,78,13.494061
-199.17548,70,13.501116
-214.75763,100,13.515098
-149.39824,63,13.536949
-266.69016,97,13.536984
-90.15138,87,13.551536
-181.18146,120,13.579907
-265.47638,95,13.598291
74.89755,140,13.616549
-31.52353,75,13.627422
8.145981,74,13.757323
-117.21509,89,13.771453
-101.48009,81,13.771489
-121.406715,86,13.79995
-163.75633,109,13.813969
-60.075462,82,13.850667
-31.710539,98,13.892415
-309.57715,112,13.901715
-65.62548,122,13.90576
-30.93821,104,13.91243
-233.00511,92,13.915956
-48.600765,90,13.930059
-280.754,89,13.943035
-435.5808,123,13.952662
-62.00869,114,14.036402
-24.832298,61,14.057532
-62.61838,78,14.068233
-98.116,110,14.147148
-108.590645,106,14.147192
-45.69526,68,14.167595
-31.636774,112,14.167636
-74.61964,87,14.216333
-165.20305,93,14.229793
-61.11293,121,14.23978
7.62994,94,14.243767
3.3133583,87,14.248
-67.50301,87,14.258445
15.137596,65,14.268547
-109.30154,132,14.34791
-54.179367,85,14.357614
-65.86038,136,14.371671
51.90804,96,14.404896
-42.73008,61,14.456577
-92.56161,95,14.463649
-118.88791,86,14.498878
-111.32361,80,14.502608
-54.36634,108,14.525333
-13.087383,89,14.537847
-61.972103,87,14.551066
-239.89175,94,14.551092
-193.74454,129,14.573202
-84.323395,128,14.587846
-22.514395,62,14.60293
-258.212,76,14.617327
-54.81528,134,14.668339
-259.95517,98,14.67488
20.32526,73,14.694469
-87.41182,113,14.715216
-12.428436,76,14.748451
-11.338501,65,14.751649
-69.27568,68,14.796892
-356.9755,107,14.812576
-22.509762,85,14.828609
-152.83585,102,14.83541
-92.99024,73,14.842575
-103.268814,100,14.852906
-32.05078,73,14.917483
-67.261246,93,14.923876
-35.097816,119,14.943487
-83.772644,114,14.96575
-75.71917,85,14.976515
-259.25238,98,14.992059
-34.807575,76,15.002525
-155.87447,78,15.068675
-201.84369,99,15.074034
-98.685486,85,15.077821
-122.64386,82,15.115429
-21.582222,121,15.115467
-73.04474,85,15.119941
-18.515663,66,15.135818
-108.73282,93,15.13923
8.557957,68,15.149314
-40.329292,68,15.169515
-187.61714,62,15.183159
-228.55891,109,15.216655
-165.52925,79,15.231426
-23.796453,73,15.251238
-84.98935,87,15.289939
-60.503532,66,15.306963
-62.324844,50,15.315542
0.24998474,77,15.341431
-114.0339,73,15.375348
-102.11745,77,15.384448
-266.3719,89,15.423986
-167.61383,79,15.44477
-108.16014,92,15.455259
-34.16256,89,15.491282
-87.61043,122,15.495101
-192.89136,71,15.495127
-23.697306,63,15.505074
-124.9265,88,15.521659
-468.47903,120,15.561466
-76.17868,79,15.574105
-56.246933,105,15.590015
-46.63283,77,15.596918
-74.94808,99,15.648758
-66.927795,84,15.656282
-86.60419,82,15.699135
-111.55335,64,15.709155
-73.695984,88,15.73819
-9.931118,79,15.75349
-131.30371,98,15.77904
-71.57594,56,15.782356
-42.972725,66,15.792154
-161.2034,84,15.799349
-168.13045,131,15.817534
-31.683989,118,15.880689
-48.519436,76,15.892558
-64.08197,121,15.899137
-87.64486,73,15.941612
-72.98377,118,15.944909
-141.58287,95,15.962017
-69.27342,58,15.976724
-106.39543,123,15.989887
-35.30741,81,16.012902
-112.16444,74,16.034099
-181.94234,109,16.048223
-131.51141,107,16.080171
-103.22835,98,16.092886
-211.93748,68,16.121398
-151.18687,97,16.13424
-355.16278,119,16.177258
-98.15175,98,16.209825
-174.14491,103,16.237251
-92.275894,90,16.249295
-76.40359,89,16.279175
-39.412663,76,16.306212
-42.119057,98,16.319267
-134.76033,110,16.328714
-31.838734,91,16.344371
-45.455597,124,16.3629
-26.734226,57,16.37042
-39.87308,74,16.38131
-114.84775,59,16.409699
-82.92181,125,16.437536
-57.605816,112,16.478261
-56.040527,67,16.503733
-194.66699,132,16.527718
-4.1543655,73,16.550155
-52.316288,95,16.553711
-89.533394,126,16.558888
-75.4323,93,16.558914
-112.57856,70,16.565542
-54.5812,78,16.583911
-43.182804,77,16.602267
-19.656956,68,16.632108
-51.199448,92,16.667054
-23.987976,100,16.707379
-72.150055,60,16.750783
-160.30762,121,16.766286
-53.636375,66,16.777302
14.234898,107,16.790331
-6.998501,99,16.828162
-40.766968,93,16.835407
-10.649349,83,16.883399
-31.688839,98,16.883456
-82.9544,89,16.883472
-102.6279,55,16.898429
-124.48125,79,16.901944
-71.9349,131,16.916211
-110.773834,76,16.922699
-88.844376,116,16.947729
-3.4898338,138,17.026679
-216.19325,82,17.029889
-28.275585,80,17.057783
-73.52781,85,17.061108
-98.8531,72,17.07705
-176.36263,98,17.094898
-70.47439,91,17.133899
-175.7276,78,17.137969
-22.272202,93,17.20926
-302.82788,92,17.228827
-85.56875,105,17.231889
-21.648518,63,17.238156
-0.56412125,109,17.244291
-66.41244,106,17.267701
-205.14146,67,17.28549
-107.3775,62,17.289038
-121.77495,79,17.295565
-212.59915,121,17.298886
-20.688671,61,17.340294
-91.58595,63,17.34964
-81.300514,87,17.353158
-91.26256,84,17.376639
-167.56181,134,17.395428
-69.51703,60,17.444919
-52.266033,79,17.471615
-59.875515,79,17.501081
-22.362991,59,17.55994
-61.86635,86,17.563113
-24.502384,80,17.57097
-187.37183,82,17.582577
-40.55674,93,17.611128
-163.03964,68,17.636857
-151.88069,78,17.653801
-73.46111,121,17.657677
-83.257416,131,17.680118
-52.482433,69,17.690082
-21.79509,124,17.713815
-58.895546,121,17.761237
-81.32358,122,17.774022
-95.40431,75,17.835576
-41.797306,76,17.865545
-84.6752,74,17.882499
-148.8626,59,17.886092
-126.03046,120,17.886125
-328.14548,122,17.915676
-64.78632,105,17.91572
-93.878105,106,17.922682
-59.65698,82,17.926293
-65.066,88,17.949162
-80.72689,112,17.949204
-186.81064,92,17.983716
-136.9205,68,17.996896
-134.08417,72,17.996926
14.569092,101,18.047056
-54.11929,68,18.10611
-92.78613,60,18.111279
-122.86032,81,18.1314
-68.6835,77,18.138211
-70.54022,69,18.147503
-51.610428,73,18.164405
-136.7619,82,18.18336
-169.64696,82,18.216436
-22.742748,83,18.220511
-44.976784,118,18.224079
-21.930634,69,18.224102
-121.83342,78,18.242158
-199.56682,125,18.295805
-123.20212,99,18.327377
-103.40036,70,18.348999
-207.01537,92,18.35541
-176.179,87,18.399598
-106.71135,79,18.412115
-33.83393,84,18.445995
-26.464508,71,18.461457
-15.794125,76,18.471834
-12.632851,82,18.512565
-60.527905,115,18.5126
-146.49677,109,18.548242
-76.74205,101,18.557979
-76.234695,104,18.57071
-105.00882,61,18.5991
-61.03928,83,18.599134
-191.54735,140,18.602474
-89.619156,77,18.605885
-127.22199,108,18.654257
-137.31624,71,18.703324
-302.36435,110,18.706694
-86.963326,76,18.764274
-55.183544,67,18.767942
-188.51147,101,18.792415
-59.896942,66,18.814348
-79.67671,93,18.817525
-102.58823,65,18.81755
-138.02637,125,18.82077
-55.710022,93,18.861436
-144.93562,82,18.873099
-77.23015,136,18.892269
-341.29233,104,18.911568
-119.91577,107,18.953705
-60.94419,92,18.957742
-162.23671,60,18.991287
-118.32708,95,19.016662
-136.78273,65,19.035809
-29.027035,75,19.069738
-154.99846,77,19.081784
-106.59485,123,19.118276
-16.183548,105,19.118313
22.152573,64,19.129063
-105.908325,112,19.13864
-65.553894,83,19.143198
-109.20885,78,19.157244
-296.4774,116,19.209251
34.64882,111,19.243038
-50.263756,103,19.294998
-84.28903,85,19.301209
-152.80678,97,19.313305
-61.275345,57,19.325346
-5.5967827,89,19.329338
-39.99638,78,19.335429
-48.75685,117,19.342267
-47.34803,82,19.386867
-38.079903,107,19.418431
-29.828655,104,19.478376
-192.066,86,19.487782
-106.9521,59,19.487824
-122.81685,114,19.502764
-154.44336,118,19.506502
-45.403126,112,19.52448
-46.04209,89,19.541112
-231.09828,75,19.594458
3.1738968,78,19.597932
-71.35895,75,19.601096
-50.562626,55,19.612
-133.59618,87,19.6264
-58.49379,81,19.664857
-31.885231,58,19.691763
4.9810104,74,19.768362
-21.8181,142,19.80357
-253.92604,146,19.80363
-71.44024,102,19.839988
-76.27281,88,19.850257
-15.181408,74,19.885251
-105.5934,111,19.896164
-66.87768,119,19.908321
-59.608147,116,19.93312
-340.51587,96,19.936401
-107.23677,104,19.955679
5.830555,75,19.955717
-112.6263,112,19.984642
-50.396133,62,20.012643
-125.93019,73,20.016582
-36.092194,123,20.032932
-41.32166,107,20.032978
-4.114544,70,20.068925
-71.4289,63,20.0898
-107.494644,67,20.123583
17.350742,64,20.139095
-69.18184,110,20.165605
-22.793037,74,20.191761
-122.97247,108,20.201039
-237.111,84,20.201076
-227.47612,83,20.220246
-84.18944,78,20.261269
-3.1398659,120,20.28045
-52.296165,78,20.280481
25.293987,79,20.28387
-56.621056,95,20.318944
-68.90697,56,20.347503
-198.95161,92,20.368414
-116.8808,62,20.396325
-68.28204,65,20.432691
34.646755,106,20.43273
-256.52774,93,20.442653
-133.99173,145,20.452451
-70.82666,60,20.45836
-41.761433,90,20.49371
-183.83977,98,20.518645
-66.17153,126,20.531589
-30.928743,79,20.540302
-5.177265,86,20.560774
-62.67246,84,20.591468
-53.90168,82,20.630394
-54.553726,118,20.662123
-57.986065,67,20.671661
-37.322617,73,20.675257
83.83589,81,20.692608
-3.3312607,108,20.695914
-221.63327,103,20.725556
-230.75333,94,20.734545
-100.49296,94,20.751896
-84.525246,66,20.770071
-106.45369,81,20.776831
-274.50867,108,20.874639
-39.089104,69,20.89038
-79.64332,82,20.890426
-174.4148,75,20.902241
-53.953148,115,20.962446
-169.20282,137,20.980616
-123.76384,90,20.984398
-278.07196,91,21.018979
-45.652725,75,21.022772
-91.70576,107,21.022813
15.86694,171,21.045739
-60.133747,95,21.080792
-63.45153,75,21.123585
-83.83203,73,21.133755
-83.69427,138,21.140364
-0.37176132,83,21.177644
-35.856613,134,21.189792
-317.1488,145,21.205075
-183.96396,111,21.255956
-3.8101692,76,21.26953
24.428288,72,21.278956
-96.709076,100,21.28774
-123.98333,101,21.315073
-132.93413,96,21.335258
-79.7853,73,21.361693
-11.624035,106,21.365101
-180.67683,121,21.378614
4.7823296,69,21.431067
-88.45648,120,21.474145
-63.100834,115,21.509062
-165.21056,109,21.535282
-24.740656,70,21.548502
8.08569,85,21.561892
-56.074135,131,21.57182
-40.31888,64,21.591556
2.7759209,69,21.594958
-122.26061,103,21.610602
-61.689835,137,21.641456
-112.36861,64,21.644805
-131.92624,87,21.650854
-19.753223,110,21.654462
-69.85477,128,21.679069
-35.046383,71,21.707583
-93.48381,114,21.710981
-173.81808,60,21.787838
-120.655716,85,21.79208
-48.16192,88,21.855032
-74.794464,97,21.858911
-11.431557,72,21.88448
-97.67252,88,21.888426
-122.99327,58,21.90323
-90.52278,114,21.925091
-153.7503,87,21.928377
-19.11953,86,21.940217
-63.790165,88,21.943847
-123.75867,100,21.943873
-330.1826,114,21.951391
-33.55899,101,22.022219
-64.74813,100,22.056504
-106.50522,80,22.12954
-26.654152,73,22.136702
-40.407143,70,22.145379
-5.6024933,107,22.160536
-80.926346,83,22.172346
6.6698036,70,22.189171
-117.87979,71,22.198863
-76.897446,109,22.228954
49.624043,131,22.237914
-121.418625,88,22.249778
-107.23418,57,22.249806
-96.77756,76,22.289591
-99.84691,107,22.307077
-54.86277,63,22.369157
-38.442936,122,22.36921
-129.18544,127,22.376163
-96.758736,74,22.399228
-89.79442,68,22.399258
-37.68147,70,22.415175
-23.752262,90,22.443859
-35.32849,69,22.486333
-207.38718,99,22.522423
-68.55103,87,22.531434
-132.6947,108,22.561662
-186.05716,63,22.57268
-214.84859,95,22.603392
-180.91634,70,22.603435
-108.334496,63,22.651002
-237.48167,125,22.651053
-268.49542,119,22.651069
-360.29633,90,22.665328
-144.26495,84,22.674834
-48.575455,84,22.674868
-98.56828,120,22.808372
-69.50953,105,22.829819
-59.02488,83,22.837098
-67.20589,73,22.844182
-381.03412,164,22.844208
-114.04912,81,22.869178
-108.83549,106,22.874126
-52.652283,71,22.883808
-38.230034,117,22.919995
-82.181915,85,22.930205
-66.65488,82,22.93345
6.108654,83,22.945473
-65.772675,118,22.960972
-135.42413,100,23.002489
-51.006332,66,23.053366
-86.14584,66,23.060286
-11.898895,126,23.063455
-101.327484,95,23.117924
-120.58385,69,23.15872
-93.36618,75,23.175887
-231.80833,97,23.19427
16.680267,109,23.205212
-93.44623,88,23.211875
-57.541115,77,23.218766
-81.291534,114,23.246067
-156.08662,57,23.253205
-187.33942,130,23.259941
-94.940636,127,23.303393
-136.98607,113,23.31918
-88.06748,66,23.380783
-67.12398,111,23.423787
-311.48956,129,23.486609
23.802082,89,23.504504
-157.19237,100,23.507937
-58.3528,79,23.507978
-30.551785,119,23.514376
-154.52051,98,23.52622
-301.27072,163,23.539837
-158.95842,108,23.549416
-72.331894,96,23.567535
-104.588196,103,23.59601
-17.859093,69,23.602333
-80.58757,92,23.61866
-136.1171,104,23.642493
-241.24242,131,23.645784
-162.16,72,23.655416
-204.67743,49,23.673521
-98.63585,70,23.717684
-115.1382,67,23.727782
-65.37658,75,23.752899
-33.86454,83,23.775102
-177.84076,82,23.807064
-24.976337,85,23.828166
-73.53602,102,23.858975
-70.65866,90,23.862934
-86.49522,89,23.888114
-69.09205,85,23.898966
1.5190582,77,23.909388
-1.3615036,73,23.912479
-107.77074,96,23.961009
-84.50374,126,24.015429
-89.386086,119,24.031081
-64.00956,99,24.038355
-114.79309,75,24.051096
-235.95639,103,24.061159
-22.071945,97,24.089285
-25.874317,73,24.096364
-120.00246,115,24.125961
-80.13976,70,24.136518
-138.95209,85,24.165852
-6.3436394,98,24.223948
-86.40696,82,24.236142
-31.048725,61,24.247358
-85.63218,131,24.265499
-36.935783,123,24.276229
-46.56173,109,24.279715
-48.682667,55,24.283329
-52.60876,87,24.352956
-38.02751,62,24.356783
-153.06244,76,24.363838
-75.459,70,24.373221
-70.96209,101,24.379697
-190.31934,45,24.383853
-116.88948,110,24.39446
-62.081207,66,24.401223
-82.25121,103,24.416154
-244.44312,77,24.499683
-66.09467,77,24.539859
-75.52179,79,24.551787
-150.92223,62,24.566227
-136.45203,89,24.569919
-116.69161,90,24.582994
-76.260666,61,24.589416
-18.37928,108,24.616828
-127.48793,79,24.640959
-205.10846,86,24.644881
-45.34691,79,24.648383
-47.499107,69,24.651674
-11.791649,101,24.738902
-98.27562,106,24.750534
-311.1094,119,24.765051
-112.50452,58,24.777929
-75.70854,71,24.7811
-94.58411,92,24.810791
-158.673,51,24.817137
-88.15326,85,24.838413
-86.99961,92,24.875226
-135.53891,92,24.878722
-97.390656,77,24.90086
-194.94365,97,24.913235
-52.086426,79,24.913261
-80.23141,59,24.938237
-68.1601,112,24.989691
-27.870516,69,25.006083
-206.00021,111,25.009412
-5.3146973,67,25.031309
-55.86907,64,25.050627
-127.23555,91,25.071707
-88.390625,109,25.120187
-96.03285,95,25.143386
-68.51308,117,25.180287
-79.4348,101,25.220702
-10.528957,87,25.23265
-47.559326,120,25.279897
-10.03521,115,25.288851
-28.69453,71,25.292741
-54.1719,112,25.292785
-57.288208,94,25.326848
-98.80262,102,25.333458
-68.89709,127,25.339637
-25.144127,103,25.353888
-143.9343,86,25.357034
-134.36389,102,25.376941
-60.43294,75,25.385909
-56.91573,96,25.433183
-129.82568,73,25.456761
-50.720222,78,25.488065
-91.62352,68,25.510174
-168.57944,67,25.51021
-180.78275,69,25.517272
-94.86922,111,25.540229
-101.050705,66,25.571427
-72.44298,78,25.592297
-54.463684,80,25.605335
-66.28984,81,25.645216
-1.5514488,99,25.68511
-274.84668,114,25.703367
-42.568954,76,25.710128
35.120422,133,25.716645
-143.06755,82,25.755699
-93.57785,114,25.810755
1.6593361,83,25.81396
-93.385735,98,25.833699
-153.93575,108,25.87261
-48.31562,71,25.875983
-72.33809,68,25.904052
-132.48001,124,25.917545
-62.409832,99,25.927161
-136.39447,122,25.966222
39.26697,86,25.981495
-95.95067,121,25.985511
-15.667343,60,26.026128
-115.41168,71,26.041018
-37.25332,90,26.048184
-58.772377,86,26.088749
-42.010017,116,26.092217
-123.35431,62,26.129144
-120.54533,74,26.145283
-142.94753,137,26.155531
-42.098484,88,26.159233
-19.280975,79,26.239834
-161.58496,81,26.249959
-155.96597,103,26.253501
-27.429884,123,26.27558
-33.9773,100,26.300982
-43.223896,84,26.32906
-91.34738,79,26.367932
-1.2847404,89,26.398062
-56.278275,119,26.436215
34.907993,103,26.495726
-139.43095,96,26.500262
-49.31458,77,26.541562
-146.97601,111,26.558352
-5.6648064,91,26.574211
-70.66463,61,26.586912
-202.20233,157,26.600972
-98.70917,130,26.608528
-134.17085,113,26.657582
-90.79364,110,26.6749
-68.57829,103,26.69731
-65.80105,111,26.700692
-83.025345,67,26.726868
-137.29636,96,26.773522
-46.46647,113,26.791915
-41.079857,88,26.799842
-178.4732,77,26.816762
-131.23192,65,26.820445
-89.78009,68,26.837878
-268.40433,114,26.920373
-62.17263,104,26.920421
-20.88995,69,26.923716
-61.70443,106,26.939814
-85.97395,89,26.953003
-39.58734,84,26.973245
5.801487,91,26.973276
-6.966366,77,27.023646
-29.928251,64,27.027142
-171.64436,99,27.113993
-77.860214,121,27.120584
-61.253128,67,27.135886
-105.581985,97,27.149449
-82.74228,104,27.153102
-85.82084,76,27.167762
-18.955704,67,27.193656
-101.710236,125,27.207623
-24.03776,72,27.212504
-46.347046,97,27.277582
15.970673,106,27.277651
-67.62307,107,27.295036
-42.68729,102,27.369741
-58.520905,78,27.386332
-32.459206,68,27.398759
-30.273151,125,27.439888
-75.46655,85,27.491176
-265.22687,122,27.520051
-94.45151,111,27.524875
-55.2352,116,27.53914
3.1512299,123,27.548824
11.733921,121,27.597307
-168.93115,92,27.59734
-96.621605,71,27.631583
-25.778255,89,27.661731
-64.00918,122,27.677895
-20.70945,91,27.685306
-53.673626,76,27.692502
155.82048,690,27.696001
-260.72485,149,27.710006
-147.19893,67,27.717561
-183.07051,136,27.730538
-102.94863,89,27.824591
-106.994286,85,27.839552
-36.974197,82,27.881016
-110.41356,102,27.88789
-49.667053,116,27.917773
-90.596146,85,27.921108
-79.67572,73,27.95709
-75.804214,109,27.966654
-70.77359,90,27.982783
-51.39543,87,27.986466
-25.650488,89,28.023929
-91.37094,101,28.023961
-39.79302,76,28.074366
-75.250496,107,28.074411
-56.03266,64,28.087179
-82.78645,129,28.125465
-34.07535,84,28.160415
-82.34143,81,28.185078
-189.39038,79,28.22727
-38.695835,86,28.240518
-11.874474,128,28.261728
-95.95279,102,28.32185
-77.38432,103,28.321896
-61.611008,72,28.325392
-61.015953,76,28.32542
13.059021,79,28.334722
-37.48535,128,28.34176
-35.238056,69,28.356097
-30.467066,101,28.359823
-165.54865,109,28.3859
-79.72735,70,28.414862
-62.818604,65,28.439755
-15.78743,70,28.470165
-109.265755,70,28.562151
-36.62214,124,28.565583
-81.87297,76,28.569226
-43.39934,76,28.573421
-76.54912,72,28.592981
-78.13527,84,28.596473
-36.522552,76,28.603143
-88.66019,109,28.617872
-26.288303,72,28.621323
-68.406334,86,28.624554
-93.13052,95,28.637481
-83.983604,65,28.654037
-33.794334,72,28.817557
-76.050476,80,28.84851
-29.110275,70,28.852465
-16.14191,114,28.864632
-92.33124,140,28.894603
-57.368256,87,28.903882
-13.162239,88,28.903913
20.213985,99,28.920602
-55.73646,104,28.978272
-57.703087,119,28.981973
-90.60383,97,28.992743
-64.728134,110,29.006044
-17.806435,114,29.029394
-63.96623,69,29.044829
-21.096554,131,29.069592
-71.00025,68,29.09207
-76.8243,58,29.101397
-5.427414,68,29.130509
-3.414154,80,29.130546
-214.50374,90,29.167418
-34.13332,67,29.252672
-67.4252,84,29.302783
-56.97833,79,29.314766
-74.8961,120,29.351572
16.606781,64,29.357861
-85.58801,82,29.39745
-153.23906,96,29.404496
-121.4554,78,29.429553
-110.69777,138,29.429587
-2.5452614,78,29.429597
-62.192867,95,29.455986
-79.55526,127,29.520727
-354.11932,154,29.542817
-60.753525,72,29.556241
-86.89062,116,29.581276
-83.62273,89,29.645327
-25.194225,66,29.645375
-120.68158,109,29.667639
-57.64019,87,29.681362
-2.5593796,99,29.684454
-114.658195,140,29.728963
-163.47449,98,29.752464
-193.90761,67,29.779805
-42.523415,74,29.828714
-142.84148,131,29.835567
-5.095352,119,29.848532
-49.31211,57,29.858087
-49.27779,105,29.893547
-8.042603,65,29.90035
-111.58038,146,29.9189
-29.096357,89,29.94873
-99.626854,89,29.94877
-38.476265,135,29.974084
-137.48775,62,29.991889
161.31226,682,29.999726
-53.088497,93,30.005388
-36.163834,84,30.018743
-73.100296,97,30.083656
-78.78439,73,30.1494
-14.668404,93,30.153961
-79.83161,94,30.164093
-113.58082,77,30.170118
-23.151707,66,30.176673
-105.26464,54,30.201072
-78.615715,66,30.201103
-108.67082,64,30.220946
-63.259293,67,30.22914
-232.64853,97,30.247533
-29.57872,92,30.261543
-137.87709,127,30.294011
-276.18927,91,30.300565
-29.504906,140,30.327144
-105.746506,73,30.330581
-148.39091,50,30.333791
-136.57541,63,30.381716
-40.84246,78,30.416498
-132.92886,67,30.440928
-147.17516,63,30.453147
-128.5231,96,30.462735
1.500473,83,30.472085
-81.09384,105,30.493752
-89.517296,97,30.515925
-63.94845,81,30.523646
-38.010918,73,30.52988
-64.083496,74,30.539463
-54.793106,116,30.605491
-269.6011,93,30.635464
-171.37962,95,30.639479
-105.6868,97,30.653304
-58.794434,73,30.66046
-46.95723,68,30.68004
-18.53286,68,30.698146
-37.50764,101,30.714721
-158.33049,75,30.775388
-96.07394,81,30.789153
-19.522308,105,30.789181
-34.351074,89,30.792384
-17.442139,78,30.888594
-342.27905,132,30.894689
-116.239365,114,30.90543
-114.73698,79,30.917458
-104.38145,67,30.938391
-89.90918,84,30.959765
-91.46006,108,30.971784
-51.11917,134,30.993876
-69.19574,60,30.993937
-44.518127,111,31.016841
-90.47682,101,31.047312
-52.622364,125,31.080856
-19.777637,90,31.100146
-79.31325,95,31.103569
-99.27934,94,31.117717
-120.152084,58,31.166986
-31.00391,79,31.181
-40.270164,89,31.207843
-120.03412,95,31.240723
-150.21179,79,31.285989
-60.637302,87,31.2921
-51.769745,76,31.302174
-79.28854,106,31.306124
-166.93921,112,31.309769
-112.16193,73,31.325682
-121.8745,115,31.365894
-75.73482,76,31.373352
-62.963688,117,31.392457
-104.019,71,31.403344
-49.92785,101,31.436791
-47.570747,59,31.494802
-0.8856468,62,31.494843
-62.29587,97,31.498394
-81.03854,91,31.505526
-94.180115,124,31.516124
-36.619102,74,31.549027
-15.715195,69,31.598891
-96.060715,91,31.608245
-56.973816,70,31.631097
-132.19662,119,31.634546
-38.728714,95,31.638332
-40.08134,127,31.705264
-90.50415,64,31.709149
-66.95299,107,31.719041
-30.870132,116,31.776298
-20.439793,95,31.821285
-32.166885,118,31.828343
-80.429016,99,31.84454
-125.883194,107,31.854772
-124.64323,110,31.863665
-374.66577,104,31.946189
-10.14447,95,31.949749
-5.848789,98,31.962349
-79.03921,103,31.983835
-91.284225,67,32.000879
-66.26281,90,32.020481
-88.545296,148,32.043298
-41.69493,133,32.052685
-43.52226,106,32.058859
-6.067726,122,32.114181
-106.22473,67,32.205761
-106.58659,111,32.215166
-76.985886,116,32.215204
-34.158543,110,32.221988
-73.869,79,32.225025
-29.186329,124,32.234713
-111.435524,114,32.241331
45.447483,85,32.301426
-69.48256,81,32.311589
7.964382,84,32.331487
1.5657234,106,32.35289
-70.28585,74,32.362572
65.95532,125,32.368191
-42.958836,130,32.38636
-81.272316,96,32.386414
-22.891777,69,32.477677
-65.49589,78,32.480776
-101.28435,95,32.538703
-93.120804,112,32.58387
-34.738255,68,32.599652
92.1553,86,32.606781
-117.497345,116,32.630986
-28.22017,122,32.640251
-8.504612,87,32.651134
-12.704884,82,32.661633
-42.84088,131,32.667977
-0.4519539,63,32.690961
-38.33172,116,32.699472
-103.02112,71,32.783002
-7.7835503,129,32.810623
-6.289528,128,32.824831
-13.67775,101,32.831506
-55.82553,148,32.845536
-42.28085,76,32.873051
-92.07503,81,32.883725
-41.717453,94,32.912756
-56.493412,85,32.936907
-53.67626,70,32.936944
-19.402328,83,32.940462
-88.23822,76,32.964323
-37.174362,98,33.007683
-217.29306,104,33.021919
-6.4001427,113,33.021972
-39.37018,77,33.085455
-151.14792,76,33.089495
-49.69485,91,33.095915
-207.42899,69,33.115913
-68.312485,81,33.120585
-125.56525,84,33.156386
-178.46663,94,33.237355
-34.986347,88,33.240568
-63.841713,126,33.244351
-76.12039,92,33.261297
-6.483658,71,33.274433
-50.637714,107,33.317288
-45.866524,91,33.34602
-131.52821,76,33.360015
-50.236847,109,33.395077
-77.966446,77,33.398511
-95.38491,86,33.398535
-34.500156,124,33.402379
-124.20336,71,33.492119
-120.39123,113,33.496157
-120.919,105,33.533697
-17.049652,80,33.543957
-45.880974,68,33.578595
-13.911118,103,33.598013
-45.905296,142,33.615829
-79.64252,69,33.634948
-18.540855,69,33.638859
-241.4285,122,33.672836
-53.823883,82,33.676729
-116.40967,93,33.715039
-44.81729,123,33.736091
68.16266,135,33.739402
-94.9013,59,33.743122
10.381813,118,33.762354
-129.19287,81,33.771512
-112.568756,69,33.810663
-87.39301,84,33.814306
-51.90193,99,33.826732
8.454155,68,33.863028
-63.871933,86,33.887337
-89.794586,87,33.907017
-34.247215,87,33.924484
-31.68224,89,33.971161
-98.4727,77,33.991599
5.8817215,79,34.001634
-118.599625,79,34.023004
-21.38525,107,34.073139
-61.54361,129,34.103767
-42.24117,115,34.127629
-84.76388,81,34.137655
-66.58495,113,34.15382
-6.4317093,79,34.178001
-70.607254,111,34.189263
-56.858852,107,34.192451
-6.0233116,113,34.199093
-52.524933,94,34.208323
-10.12289,64,34.243002
-59.74461,103,34.275902
-102.91063,102,34.33554
-5.8627663,65,34.348152
-76.27334,116,34.367099
-122.603714,70,34.376863
-155.36768,74,34.40325
-94.97493,65,34.416094
28.354534,125,34.425574
-41.44928,69,34.475142
21.183395,116,34.495158
-290.94263,126,34.4985
-96.4746,102,34.531318
-162.33098,98,34.535223
-111.54859,92,34.584774
-10.745346,119,34.588437
-78.23333,74,34.624099
-93.60727,133,34.624143
-32.06473,77,34.624156
-50.920662,74,34.663445
-59.25716,87,34.693179
-55.981857,104,34.697017
-17.782963,118,34.732231
-56.87491,66,34.750827
-43.492218,82,34.770023
-57.237865,89,34.7738
-14.848858,84,34.781151
-14.374847,116,34.813995
2.1199913,89,34.835927
-28.129448,62,34.872434
-63.429596,58,34.891633
-6.7808533,81,34.895581
-28.401548,96,34.905399
-33.780663,75,34.94536
-134.69528,72,34.975662
-193.80316,106,34.980471
-43.52566,107,34.984692
-66.00482,67,34.998342
-227.70288,150,35.090648
-48.136845,77,35.095751
-76.91428,107,35.11513
-133.41759,105,35.129797
-103.8432,96,35.139763
-124.93141,65,35.167827
-91.37161,80,35.180599
-48.298656,123,35.202117
1.1630478,65,35.205898
-30.940445,106,35.236413
-22.632774,112,35.27609
-60.042988,126,35.325062
-54.855717,98,35.331671
-104.416046,106,35.338043
-31.159582,75,35.351471
-142.89615,91,35.406769
-36.070663,130,35.433025
-138.90314,75,35.44211
-10.729858,94,35.473
-173.02252,107,35.501338
-71.824234,81,35.534929
-112.129654,118,35.563448
-94.466324,116,35.598682
-53.265266,71,35.602667
-95.59102,89,35.614511
-65.00581,76,35.627228
4.442108,119,35.645885
-46.661945,131,35.683868
-16.993835,67,35.69592
-59.723,86,35.736437
-182.02014,108,35.745979
-100.77484,107,35.755057
-187.10065,94,35.81701
-110.22887,75,35.824126
-75.753746,106,35.831697
-75.36204,69,35.838436
-56.38909,96,35.845589
-21.795311,65,35.84868
-108.75218,72,35.859467
-50.202232,60,35.88624
-95.520386,105,35.902231
-53.36101,65,35.914091
-156.1733,95,35.923993
-127.30553,69,35.965497
-29.250214,111,36.025222
-54.383595,70,36.074487
-80.009186,70,36.085116
-175.48299,55,36.108741
-57.98355,82,36.12203
-186.01694,114,36.138244
-104.931564,120,36.147888
-122.178406,84,36.168627
-296.24576,109,36.190935
-3.9042892,115,36.204814
-159.34647,94,36.220047
-91.61674,60,36.22566
-245.83899,94,36.232653
-70.1871,95,36.28582
-68.70466,138,36.296202
-149.15848,144,36.342968
-72.34675,63,36.349559
-185.77011,79,36.373231
-136.39224,74,36.395522
46.97268,111,36.457503
-117.17416,70,36.457572
-20.010262,87,36.461636
-0.66077805,87,36.521597
-126.56397,95,36.539536
-25.76561,139,36.543249
-5.28788,127,36.550803
-60.769554,117,36.599873
-7.340069,70,36.63082
-26.06221,131,36.630862
7.2637863,87,36.642127
-68.101204,104,36.645618
-57.15456,110,36.656251
-13.593403,84,36.740086
-69.38256,85,36.743806
-50.912327,126,36.771645
-25.639717,92,36.776212
-20.804958,76,36.815509
-135.69812,131,36.826024
-44.255054,83,36.833361
-154.36086,74,36.896083
16.701977,75,36.899913
-42.90996,111,36.910033
-8.162704,89,36.913422
-106.99696,82,36.935246
-32.66082,90,36.970348
-20.85239,75,37.006138
-35.49355,60,37.016057
-136.63776,141,37.023473
-74.067726,79,37.046252
19.743336,84,37.06072
-82.282974,121,37.060772
-53.95378,70,37.060783
-71.21856,100,37.08766
-123.71654,64,37.106508
-30.033325,74,37.142668
-37.555275,76,37.164674
-72.33268,68,37.25461
-57.47962,125,37.254658
-84.44632,104,37.257981
-55.704666,87,37.265177
-16.989159,65,37.281809
-128.58641,85,37.304216
-78.56458,110,37.304247
-104.82826,88,37.304257
-26.075485,62,37.316411
-65.98773,85,37.332878
-103.75371,83,37.369436
-17.97541,105,37.413986
-113.470665,111,37.432355
-58.405396,80,37.432389
-41.21426,93,37.454823
-78.1039,69,37.488013
-33.975212,71,37.551947
-52.051834,80,37.569741
-75.96355,92,37.587729
8.993305,70,37.601257
-85.22228,106,37.607976
-73.90962,97,37.628598
-43.192272,61,37.642392
-157.90417,120,37.662972
-66.25295,99,37.67618
-156.3436,127,37.702825
-136.23503,77,37.732159
-51.111057,98,37.761744
12.447376,58,37.768052
-9.830669,146,37.813628
-113.45741,72,37.832284
-90.63154,70,37.842129
-108.28206,101,37.845855
-112.22374,121,37.859991
-28.08597,65,37.876171
-22.137016,88,37.920052
-167.26047,84,37.93435
-4.3817253,88,37.973297
-39.10451,79,37.976774
-54.80554,108,37.993984
-167.02817,92,37.998125
-91.308815,64,38.060532
-62.04939,69,38.080151
-10.63052,84,38.099255
-44.145103,87,38.156692
-48.754353,116,38.163656
-45.800007,84,38.163689
-124.28328,121,38.175239
-31.151632,65,38.199437
-57.46515,111,38.22004
16.996925,149,38.252898
-112.4861,79,38.27492
-113.67823,87,38.299514
-83.18981,106,38.302902
-23.697891,114,38.31788
-59.279884,108,38.351634
-16.36792,73,38.355371
-72.97924,60,38.37615
-99.54721,98,38.427234
5.267269,78,38.450256
-15.234966,121,38.483227
3.317688,67,38.528452
16.177395,106,38.532105
-103.45221,91,38.557272
-109.013565,106,38.576163
-21.514652,119,38.603451
-13.714287,100,38.636875
-55.157932,145,38.656771
-79.798004,92,38.666169
-32.645065,119,38.675621
-68.25136,108,38.679274
-105.41944,104,38.705669
-73.43467,104,38.735991
-92.05097,88,38.75591
-49.678215,95,38.755946
-50.124134,68,38.818807
-6.6230774,97,38.862176
-61.976383,113,38.868596
44.35333,80,38.913313
-19.102238,68,38.94196
-36.36949,121,38.948558
-91.78848,84,38.958468
-2.6998749,81,38.962372
-48.72879,69,38.968986
-125.764465,87,38.978929
-44.628246,131,39.008503
-28.311642,119,39.014769
-163.17,106,39.024149
-98.74484,81,39.028113
-73.52718,89,39.053324
-54.280155,78,39.124859
-96.22357,63,39.178867
-47.57444,71,39.185119
-31.071362,79,39.204551
-46.996117,104,39.2181
-96.76779,121,39.221564
-39.2602,65,39.239062
-48.71244,68,39.242752
-52.241882,86,39.246273
-112.80348,84,39.28675
-69.44976,106,39.310725
-87.82415,101,39.35687
-71.432556,116,39.360796
-2.0708313,101,39.386901
-105.188354,142,39.386936
-97.61176,80,39.390669
-17.054405,68,39.404241
-53.945824,70,39.454249
-10.279629,63,39.454304
-20.93911,102,39.525067
-89.609566,93,39.531311
-49.659317,98,39.53134
-86.57022,96,39.564096
-72.8036,64,39.598346
-148.9389,114,39.614513
-25.97164,100,39.618339
-66.75949,66,39.622239
-51.956367,95,39.628473
-169.60684,94,39.676021
-29.456076,88,39.68025
-10.604221,100,39.694963
-46.300995,73,39.695004
-22.236034,82,39.725914
-37.693176,127,39.820023
-36.150146,98,39.85808
-14.167755,83,39.909516
4.7312317,102,39.920784
-77.35222,82,39.920831
-53.43695,66,39.931045
-83.23623,124,39.966142
-34.53791,97,39.970094
-30.64228,141,40.026064
-68.2637,87,40.039073
-42.791016,119,40.042315
-53.286774,99,40.048388
-18.530548,129,40.05582
-74.981064,107,40.05915
-98.45276,110,40.07401
-143.88278,81,40.110351
-16.180592,79,40.138197
-22.796715,66,40.148886
-107.95814,69,40.172655
-293.38675,84,40.210346
-113.37056,74,40.222771
-165.58281,62,40.234779
-8.836761,68,40.293301
-80.92777,64,40.293356
-74.62212,85,40.331732
-104.02524,123,40.335213
-195.65652,90,40.346397
-35.27911,89,40.352986
-168.46028,114,40.356485
-65.87492,65,40.365553
-7.10664,66,40.379464
-38.957466,89,40.414597
-22.747753,78,40.438216
-16.734364,72,40.484532
-51.400444,62,40.503123
-83.335846,67,40.520581
-14.668209,139,40.531159
-80.42594,99,40.560549
11.918251,77,40.609063
-40.108055,75,40.632478
-81.524826,124,40.635705
6.0956993,92,40.648741
-67.30315,101,40.678179
-106.46365,55,40.707396
-31.535608,79,40.707437
-59.020447,68,40.713517
-53.244156,107,40.730399
0.48647308,111,40.734846
-36.83598,97,40.74749
-178.89859,74,40.790612
-59.616905,141,40.843637
-98.05577,111,40.891936
-35.961082,107,40.933298
-126.577896,92,40.956391
-53.520996,96,40.96716
-48.62233,106,40.978818
23.591663,71,40.982274
-95.705475,80,40.991652
-19.801136,81,40.995088
-38.22075,77,41.004444
-37.38135,108,41.035018
-181.80136,115,41.081311
-17.280571,96,41.123727
-111.69094,87,41.145664
-129.49496,124,41.149146
-156.69415,84,41.177794
-176.62207,61,41.186994
-133.88252,130,41.19858
-96.342255,66,41.211376
-113.947784,78,41.258544
-68.84837,70,41.265428
-222.27133,84,41.275581
-55.49734,103,41.285864
-415.94672,110,41.331975
-356.8889,111,41.372965
-99.97739,69,41.373003
-91.78507,57,41.386494
-153.1564,142,41.44603
-31.620815,83,41.461651
7.531864,88,41.469237
-24.871792,74,41.521684
-79.455055,79,41.528269
-80.4691,124,41.536259
-60.23938,100,41.543234
-326.14307,139,41.546713
-162.64894,94,41.574353
-27.388195,88,41.580758
-57.736652,131,41.587468
-133.28049,97,41.65724
-37.96409,94,41.690546
-24.779457,72,41.706297
-30.443233,112,41.750228
-18.264454,102,41.789514
-118.77087,83,41.811543
-287.99338,131,41.827678
37.373955,77,41.838228
-103.33461,109,41.838266
-41.24743,94,41.856676
-53.05476,85,41.869329
-36.21178,99,41.875384
-63.18222,114,41.900881
-61.414295,99,41.900916
-29.339428,117,41.918426
-72.999954,82,41.962012
-193.68094,97,41.978219
-55.55097,95,42.018931
-64.72546,65,42.040614
7.8998528,81,42.080233
-50.79902,70,42.086483
-79.48815,76,42.086516
3.0391045,103,42.090035
-51.889526,73,42.109524
-121.26451,85,42.117035
-47.215797,101,42.1276
12.387844,70,42.140175
-89.95766,85,42.168144
-10.839432,88,42.228196
18.892792,72,42.359689
-48.714596,134,42.380038
-123.16222,120,42.394779
-59.14796,75,42.401607
-55.43656,87,42.414501
-47.21111,82,42.417791
-85.26006,109,42.43967
-19.955322,121,42.460044
-60.435112,106,42.471762
-75.69408,85,42.478625
-242.55096,99,42.494092
-14.910664,144,42.498127
-71.043594,87,42.541012
-105.35638,62,42.605538
-52.536385,131,42.609123
-75.65317,77,42.622604
-29.8529,78,42.64837
-76.90875,76,42.678123
4.0523834,68,42.708977
-32.95545,91,42.712846
-4.57777,86,42.755403
-14.217594,103,42.771127
-75.888794,85,42.786639
-22.545094,102,42.816897
-70.19012,66,42.828766
-56.71447,88,42.835189
-118.027756,118,42.838573
-86.931305,60,42.850492
-32.83231,109,42.86189
-44.37657,98,42.960911
19.040363,74,42.967774
-80.38216,67,42.995316
-119.706314,75,43.039979
-50.40336,65,43.040023
-150.10583,115,43.073553
11.621235,62,43.077995
-6.9349823,72,43.081322
-288.51773,141,43.093787
-10.131725,81,43.118544
-16.909832,79,43.125722
-12.952507,121,43.125759
9.6574745,122,43.176095
22.687107,120,43.257271
-18.116161,78,43.346708
-115.9564,78,43.350179
-62.059593,72,43.375576
-55.15298,110,43.37885
-22.415764,124,43.395753
-42.41042,103,43.399537
-11.690258,91,43.409269
-218.2053,143,43.452988
-128.72606,85,43.466446
-108.98648,103,43.480752
-88.1194,111,43.499087
-21.1072,137,43.513008
-222.56169,86,43.547031
-93.422455,60,43.574345
-51.803543,82,43.620382
-195.18648,162,43.624029
0.7277756,76,43.647531
-146.0568,104,43.698724
-103.47477,74,43.698781
33.131344,73,43.709321
-212.24121,93,43.721224
-94.43939,75,43.731421
-135.10399,65,43.731453
-86.17583,109,43.764482
-37.116383,125,43.798894
-54.38023,79,43.886196
4.038372,97,43.899195
-126.68788,124,43.915086
-116.693954,62,43.918498
-36.83921,68,43.927981
-136.09598,95,43.943838
-34.65844,125,43.966913
-48.78625,87,44.013837
-32.464333,75,44.01711
-15.98151,87,44.086975
-78.42104,109,44.094861
-41.55668,118,44.094891
-8.488098,112,44.105888
-138.06023,69,44.150337
-60.90885,72,44.169812
-41.679825,87,44.211528
4.8410187,80,44.218517
-128.17097,94,44.221786
-284.98532,170,44.225213
5.190254,99,44.225238
-40.885708,78,44.282426
-0.641304,92,44.28246
-68.81088,79,44.372326
-81.14658,66,44.407904
-106.01581,115,44.415684
18.625443,93,44.419395
-36.62336,83,44.445988
-99.23005,71,44.46396
-223.73917,109,44.483073
-57.912422,75,44.494887
-109.649155,80,44.50685
-13.636673,114,44.513096
199.58922,709,44.546839
-35.147533,89,44.598701
-8.956783,94,44.615225
11.467232,129,44.672038
-41.074196,83,44.70033
21.204563,76,44.706742
-81.15833,59,44.711706
2.8517761,82,44.746326
-232.1074,149,44.746372
-46.321663,79,44.754593
-155.34769,111,44.761167
-7.246525,79,44.766419
-163.03949,116,44.808534
-110.723,120,44.834058
-26.268085,112,44.889125
-60.82363,104,44.901461
12.730232,67,44.905183
-194.0964,108,44.970734
-76.769104,79,44.984567
-21.830158,73,44.997345
12.256107,84,44.99739
-49.08892,61,45.017831
-70.19653,78,45.022802
-4.2433014,137,45.084843
-51.103996,113,45.129993
-12.319622,128,45.136282
-26.831459,111,45.140084
-60.81742,73,45.147097
50.113266,99,45.167147
-80.43273,80,45.174086
-48.78149,131,45.205111
-22.050076,82,45.271225
-78.63861,94,45.283279
-64.75451,88,45.289989
-40.889538,72,45.32408
-244.0643,132,45.332601
-97.771835,94,45.336348
-90.22827,68,45.360309
-76.771805,116,45.374341
-46.855553,129,45.450735
21.721626,76,45.460184
-5.125965,86,45.463642
-96.172104,99,45.469823
13.9717865,116,45.55799
-38.864075,73,45.580993
-45.703922,135,45.593586
-93.14626,134,45.597727
-10.555317,67,45.59775
-3.3269653,90,45.633165
-20.914581,110,45.663343
-15.390049,118,45.669715
55.465168,117,45.681173
-10.213238,111,45.700691
-81.20955,76,45.721003
-66.111404,114,45.746343
-86.887115,93,45.768226
-16.065762,93,45.778799
-36.643974,99,45.808117
-14.976135,65,45.821422
-73.134575,90,45.865581
-10.115799,82,45.874912
-3.252781,92,45.911399
0.94649124,76,45.936545
-61.293518,112,45.962799
8.735867,96,45.994821
-26.898077,118,46.033917
-84.113495,89,46.04331
-189.31494,98,46.049905
-188.87558,86,46.054802
11.607677,79,46.072355
-10.87212,93,46.087572
-26.979568,117,46.096033
71.67666,76,46.127183
-148.05179,96,46.140142
15.897358,154,46.185227
-26.093897,84,46.221745
-60.974884,61,46.251243
-94.34553,105,46.26602
-18.275398,121,46.273308
-46.31528,71,46.292182
-92.59236,108,46.326196
-42.228592,65,46.34928
-70.67759,105,46.349329
-52.40856,81,46.36768
-60.187447,93,46.375321
-55.99311,71,46.39135
-112.25629,123,46.457332
-8.85862,64,46.477749
-31.137924,111,46.480927
-26.572483,79,46.498645
-23.660183,132,46.528302
-52.98189,103,46.544558
-49.54084,84,46.561451
-91.35923,86,46.594786
-114.30696,104,46.640665
9.17384,88,46.666487
-87.50466,101,46.691273
-102.53398,84,46.691324
-85.48229,67,46.702821
-106.99786,97,46.702858
-40.68024,68,46.72533
55.58064,107,46.764094
-53.310753,81,46.778312
-2.816059,113,46.778352
-70.77445,79,46.819724
-98.371826,83,46.846974
-14.14859,119,46.93355
-47.681793,117,46.983485
-76.21126,107,46.983526
-64.164185,97,47.043557
-52.3975,95,47.048366
-109.77557,59,47.063098
-57.465843,99,47.063144
-80.736595,109,47.06672
4.8587036,70,47.072952
-159.8981,91,47.0887
-21.510311,88,47.094643
-38.9635,124,47.094676
-106.32363,131,47.160893
6.969719,113,47.179117
-208.1616,135,47.209193
-17.022102,66,47.223082
-1.4330597,85,47.362708
-38.38031,121,47.362757
25.421543,81,47.377347
-25.864916,100,47.402443
-63.56967,101,47.420717
-76.34038,92,47.420756
-61.338337,122,47.424698
-47.153492,107,47.424723
-9.642452,94,47.427933
12.990643,73,47.468116
-26.944466,116,47.474934
-76.10728,92,47.501437
-37.63497,101,47.516818
-222.064,129,47.523298
-123.02237,94,47.548776
-64.32903,74,47.627038
-36.46203,88,47.65914
35.146606,76,47.673657
-10.324333,67,47.697388
110.25818,100,47.700377
-101.01754,85,47.711149
-149.53491,95,47.721238
-25.105732,96,47.743847
-1.2635918,102,47.762068
-91.32522,112,47.796279
0.34836197,110,47.888541
-9.786205,131,47.90075
-61.565662,108,47.907914
-87.30664,132,47.943218
-1.7537575,76,47.953794
-53.392464,86,47.961376
-48.975716,75,47.971479
-35.923832,94,47.974792
-23.510103,69,47.974816
-116.846664,62,48.003712
-8.842464,149,48.013246
-76.76554,118,48.021882
-42.710094,100,48.033066
-77.46251,86,48.049961
-123.429436,61,48.109462
-47.398003,127,48.138126
-18.734097,74,48.162748
5.8283005,62,48.185245
-10.183979,69,48.211712
-79.1017,91,48.257816
5.9164658,74,48.270282
-21.118313,93,48.273713
-11.315853,119,48.296043
-10.351059,84,48.308187
-49.225887,106,48.322162
-95.18168,85,48.340736
-12.721573,104,48.362264
-47.951904,115,48.4255
-22.998547,134,48.429209
-108.35548,89,48.444908
-56.516144,97,48.496555
-150.34221,118,48.515451
6.6409492,100,48.555376
-69.84781,80,48.572645
-21.181213,95,48.581753
-68.636604,77,48.622854
-132.88702,131,48.633691
-62.811844,101,48.667832
-55.09122,117,48.671435
-122.151276,120,48.6779
-143.78918,88,48.72313
-67.07824,128,48.742592
-47.887856,101,48.76883
-24.522442,71,48.789207
-73.73099,137,48.802984
-98.823,89,48.812971
2.500267,111,48.816044
-16.735657,71,48.873101
-183.90125,92,48.881676
-63.45515,89,48.881721
-80.63046,118,48.897255
-27.814783,81,48.949854
-142.26918,97,48.957772
-309.11008,86,49.030395
-43.0098,115,49.075118
-64.05647,121,49.109155
-49.09419,81,49.115766
-69.65165,111,49.140714
1.7658539,71,49.140745
-71.80201,103,49.140755
-2.735138,72,49.145192
-98.76373,111,49.189184
-101.29294,108,49.203526
-152.20636,115,49.217136
-80.11166,75,49.227054
-121.801056,103,49.242685
-73.248856,75,49.292251
-80.977196,116,49.308094
-89.693,114,49.351413
-133.34692,77,49.376
-100.77591,82,49.423332
-28.899818,81,49.423373
-4.60524,69,49.453654
-67.07976,92,49.457044
-87.175476,110,49.485979
-63.095917,102,49.492865
-12.006992,87,49.503002
-25.19567,83,49.51232
-50.90534,99,49.529514
20.810204,151,49.601367
-11.255787,93,49.636743
-41.198822,73,49.67962
-47.94723,89,49.690611
-48.64646,83,49.714989
-21.98304,145,49.747851
-47.14222,114,49.751468
-31.216019,133,49.755117
-76.049774,70,49.758889
-114.467964,90,49.771888
-96.953705,86,49.804316
-36.851067,92,49.80767
-49.48301,106,49.823679
-30.918037,67,49.830153
-48.022022,107,49.900411
-35.754906,122,49.913201
-45.629997,64,49.992153
-193.97118,88,50.014575
-93.75499,97,50.020622
-28.790482,83,50.080817
-40.89416,137,50.099509
-133.43791,124,50.099541
-12.269356,104,50.103508
-48.35693,92,50.119685
-28.11299,112,50.129709
-14.958595,108,50.189728
-18.074467,112,50.212322
-212.70361,139,50.230952
-16.25381,143,50.247217
25.541588,78,50.256564
-13.2380295,107,50.278046
13.091389,75,50.339345
-56.624752,73,50.350392
-52.420395,103,50.365668
-186.56514,108,50.388754
-56.71493,154,50.427955
-89.472534,100,50.448227
-77.91014,106,50.465463
-62.088005,66,50.473395
-87.12823,83,50.47662
-74.68493,65,50.504083
-94.12912,116,50.518379
-104.83295,91,50.52572
-32.6595,89,50.535147
22.144726,125,50.55734
-102.29883,80,50.629709
10.258289,85,50.637295
-49.64791,111,50.640659
-65.90825,61,50.640683
-73.557144,97,50.697853
-33.784378,71,50.709552
-11.824451,77,50.738081
-82.536896,70,50.741631
-47.067062,91,50.75888
-44.426018,78,50.781715
-88.478455,93,50.788269
-7.820034,78,50.7883
-47.045177,121,50.801064
-1.4659424,95,50.855783
-109.91371,73,50.879194
-35.324516,75,50.879237
-9.871269,97,50.8859
9.499664,67,50.922276
-88.2203,78,50.968308
2.2487411,73,50.981706
-26.094948,104,50.985211
21.331055,76,51.011899
-37.62761,78,51.050375
-13.95565,136,51.097175
-21.058228,88,51.102655
-97.14059,92,51.102704
7.233761,76,51.11897
-4.664894,120,51.157821
-113.278404,79,51.157876
-47.530586,112,51.171948
-35.47215,74,51.239594
-69.322174,109,51.274996
-5.2839203,110,51.319731
-22.494171,75,51.330947
-90.002495,59,51.337694
-178.08034,98,51.342122
-14.098606,98,51.345543
-36.835342,71,51.36504
-82.10818,138,51.371318
-13.422569,80,51.390045
-33.487106,106,51.397064
2.2899628,64,51.400495
-33.933506,77,51.4318
-127.55795,98,51.457446
-3.5746956,72,51.585646
-10.057518,123,51.589106
71.73372,80,51.592839
-14.47525,116,51.640555
-7.323265,55,51.644602
26.35762,74,51.644642
-23.989532,93,51.661932
-87.23175,126,51.708701
-14.759197,113,51.721867
-53.52444,94,51.755939
-24.741943,115,51.767674
-172.3096,117,51.807315
-28.732216,143,51.822788
-72.7858,123,51.822817
-49.860157,137,51.836884
-45.127422,78,51.863158
-122.33176,86,51.881099
-84.627846,90,51.898538
-36.83961,69,51.89857
23.91217,87,51.937299
-113.528854,53,52.013588
-75.681305,58,52.017558
-28.859295,96,52.037415
-78.62341,67,52.047431
-77.95203,87,52.051877
-62.239502,126,52.074848
15.517624,127,52.078648
-20.885406,68,52.111657
-47.96025,93,52.118741
-56.955658,79,52.165995
-3.6392136,138,52.19298
-108.47035,103,52.248155
-57.42641,97,52.268752
-83.05031,155,52.294599
-208.0451,136,52.327828
-37.03543,104,52.380095
-1.3987808,108,52.389633
-51.219467,107,52.408787
-78.58627,75,52.428772
-44.62149,117,52.450031
-9.497505,111,52.456201
-5.640518,112,52.464705
-46.41712,125,52.480872
6.600979,111,52.501096
-43.59949,63,52.511499
-10.456989,94,52.518066
-4.0558815,121,52.528187
-32.67155,112,52.628648
-98.80231,62,52.668617
-23.838219,71,52.686487
-165.80049,93,52.696408
-55.11186,68,52.706347
1.3814964,89,52.723866
-65.10855,99,52.738608
-69.47032,141,52.748243
-81.10802,114,52.758897
-35.867165,129,52.762904
-43.61012,95,52.775926
-24.073689,100,52.84531
-110.09338,108,52.862461
-89.61994,54,52.879385
-79.25714,109,52.88456
-35.9953,66,52.894527
15.528519,121,52.934921
-7.5745506,95,52.952177
-79.487305,62,52.958413
29.520405,84,52.992275
-28.763775,71,53.018228
12.079269,79,53.027427
-35.047546,81,53.03776
-54.4451,112,53.067594
-67.33766,102,53.071252
-35.53918,100,53.077894
-67.649864,65,53.084437
-76.1794,56,53.141198
-33.763268,80,53.150997
-70.97297,93,53.163758
-18.346035,86,53.176406
-61.870567,70,53.198596
-15.784916,84,53.221959
-36.877617,100,53.235471
-83.199936,81,53.269915
-92.2776,70,53.317817
-62.339146,74,53.325246
10.33979,76,53.349164
-48.44609,109,53.399671
-38.662174,75,53.410166
-48.565083,111,53.419016
-92.68851,115,53.445406
-42.110558,109,53.456391
-6.0175858,91,53.526043
-26.439667,99,53.535161
-72.1599,76,53.548635
-63.44154,112,53.555502
-113.1765,95,53.565821
5.2142525,101,53.602079
24.362862,125,53.61509
-22.436111,80,53.624943
-92.37909,64,53.644965
-57.71589,84,53.659688
-26.478355,71,53.676936
-64.57585,103,53.69644
28.605797,93,53.735509
-36.132362,78,53.798974
-55.032063,77,53.817579
-73.98695,104,53.821805
-9.192997,87,53.838293
16.628376,112,53.838332
5.7248764,74,53.870368
-28.648338,81,53.886431
34.46709,94,53.897514
-4.1256523,99,53.904461
7.5300255,72,53.924726
-50.581238,82,53.97917
-65.336555,106,54.008521
-29.077541,127,54.061672
-64.64284,79,54.074437
-25.905926,105,54.09455
-20.516426,131,54.107095
-30.102732,80,54.115817
-311.89954,101,54.169761
-125.80293,90,54.182676
-88.61065,108,54.195376
11.46294,93,54.213739
-121.5364,121,54.254826
-50.8763,124,54.307706
-107.918564,122,54.317727
-115.056366,94,54.32829
-3.6841774,130,54.366413
-63.72222,118,54.380201
-51.2054,105,54.467811
-74.58949,110,54.47207
-118.735756,106,54.480163
-30.983086,68,54.493162
73.50279,125,54.49319
-51.428543,123,54.501268
-84.98258,97,54.504394
-3.7178192,96,54.514332
-62.765976,101,54.566255
-65.18156,111,54.579412
-211.0506,88,54.628809
-27.455425,112,54.700684
-75.0334,104,54.731278
-18.793816,104,54.744782
-76.74262,124,54.766782
-16.38123,77,54.76986
-23.044842,88,54.789624
-225.21088,95,54.808094
-99.24372,84,54.808136
-41.40484,91,54.812021
-50.591316,101,54.846895
-34.928734,115,54.874806
-58.839066,99,54.920826
-91.527466,59,54.94832
-25.439392,136,54.973772
-8.3465805,79,54.973827
-86.07564,72,54.982113
-49.293037,66,55.017278
-44.078568,116,55.031497
47.33501,72,55.062717
-9.713512,95,55.100233
31.349762,160,55.121317
-22.8194,76,55.13455
10.020042,91,55.159791
-42.25544,116,55.166535
-15.264584,107,55.177139
-55.658237,83,55.211788
-65.064545,69,55.271818
38.22111,88,55.282632
-19.924152,146,55.312739
-71.070076,88,55.322931
-30.701874,109,55.361798
22.956852,80,55.398833
-57.896133,122,55.39888
-2.1078148,101,55.409283
-52.598434,74,55.4168
-118.331314,83,55.458204
62.372494,148,55.469591
-40.638763,111,55.487405
-233.0569,87,55.516292
-72.26616,100,55.526504
-91.27092,71,55.568504
-43.63597,75,55.572158
-17.419785,139,55.623262
-9.736996,74,55.623319
-45.60766,122,55.703732
-41.77978,86,55.707911
-134.60364,84,55.711165
-35.340714,100,55.753573
-80.85316,97,55.760931
-21.37711,139,55.773019
-71.48757,90,55.776497
-112.05292,83,55.779766
-28.89025,73,55.788543
-88.39453,69,55.823573
-33.167152,93,55.845905
-38.221165,77,55.84595
-32.656807,116,55.877809
-86.49565,80,55.90761
3.6076813,76,55.963667
-45.52575,104,55.983227
-173.25839,83,55.993803
-65.098946,65,56.000979
-72.21173,69,56.017566
-33.53682,68,56.076453
-18.662266,85,56.076501
-88.09794,92,56.088763
-44.240482,76,56.106694
18.532536,103,56.110213
-78.87487,121,56.126697
21.500538,69,56.139153
-26.200377,102,56.169251
-34.532143,131,56.209663
-41.29519,75,56.220699
-134.42001,83,56.267061
24.480492,80,56.270511
-225.58676,122,56.290542
-32.500053,95,56.338507
-41.250324,80,56.394603
-94.91311,96,56.40366
-54.246784,91,56.415409
-105.04634,100,56.418977
-87.218796,96,56.43483
-110.764565,131,56.438223
-64.29608,110,56.46082
-20.348911,106,56.497839
-69.67826,83,56.502901
-83.744064,69,56.502928
-14.06543,69,56.506256
-53.28928,58,56.600034
4.1274033,138,56.637436
-10.039017,68,56.668355
-8.266808,87,56.691719
-38.64759,64,56.723566
-59.64342,91,56.727484
-125.19438,129,56.730782
-1.6034966,88,56.760488
-108.97212,131,56.783587
30.551815,105,56.79083
-124.68097,87,56.797792
-51.682594,178,56.815274
-39.768955,63,56.853703
45.403908,105,56.860279
-50.893333,81,56.879635
-24.317898,143,56.904389
-35.96316,71,56.940557
-40.37971,128,56.940606
-49.458256,71,56.977803
-81.652504,76,56.990982
-16.742302,114,57.059006
-142.12396,82,57.066094
-27.629097,70,57.103676
-40.619663,72,57.10374
-188.71341,91,57.108458
-22.742352,88,57.126831
9.272434,66,57.177456
-27.16972,70,57.192786
-74.16673,87,57.192824
-297.54822,142,57.228215
-71.586494,100,57.268773
-19.73471,153,57.310343
-21.099483,60,57.332396
-25.188236,105,57.360877
-26.15253,168,57.40012
-34.02186,61,57.410445
-26.734875,95,57.416744
-21.64301,85,57.434819
-75.14538,102,57.434863
-46.455482,61,57.447737
-35.267853,94,57.451118
-37.38188,130,57.460225
-20.822693,58,57.508931
-127.22978,78,57.53775
-1.2761879,121,57.543889
-159.61467,109,57.573793
0.60927963,119,57.595059
-38.64605,78,57.663449
-96.47363,79,57.67699
-89.06119,73,57.689877
-98.71264,107,57.693334
-68.51637,101,57.703452
-24.635174,85,57.722537
-84.64551,98,57.787592
-73.96685,74,57.794303
-193.07152,109,57.794344
-149.91742,104,57.794353
-4.219345,73,57.797495
-84.96877,86,57.807416
-55.553104,85,57.89539
-76.15482,142,57.960618
-148.30466,90,57.992668
-171.03333,60,58.011853
-142.90404,60,58.015091
-159.09634,95,58.021887
-65.36184,73,58.057167
13.361851,136,58.057199
-23.314438,81,58.085611
21.752934,109,58.0889
-35.676132,83,58.104257
-51.755196,99,58.135284
-2.7479286,124,58.141268
-91.29715,126,58.170398
-80.45686,137,58.177766
-62.217117,93,58.215993
-136.28226,65,58.243026
-211.66505,71,58.296298
6.3654213,68,58.312548
-56.287148,83,58.337902
12.943615,113,58.345261
-43.629417,108,58.382715
-68.350525,64,58.389498
-1.6398811,123,58.408223
-34.956444,89,58.43711
-76.13395,89,58.443658
-82.36252,109,58.45418
-43.874447,133,58.464877
-69.30576,97,58.508723
-39.984848,121,58.516973
-66.142,89,58.523079
-41.548946,91,58.552742
-32.650963,70,58.552773
-55.360744,78,58.561838
-53.76968,59,58.61099
-66.98628,98,58.672999
-8.429592,89,58.686537
-7.3631783,108,58.713405
-46.082924,61,58.717091
-97.91036,58,58.721124
-54.21567,80,58.721156
-79.418396,87,58.737134
-92.75586,81,58.740373
-37.61754,88,58.755541
-21.87732,73,58.761545
-9.28355,64,58.768868
18.725601,74,58.807519
-65.58696,126,58.820225
-40.445457,106,58.926071
1.8870277,85,58.96055
-95.313965,75,58.973645
-106.88455,93,59.005637
-48.765953,86,59.015311
-105.43027,80,59.039234
9.122276,84,59.046299
-29.098108,90,59.046329
-101.95012,93,59.058881
-118.03618,134,59.069079
12.625832,106,59.076193
-55.00425,115,59.111436
-81.31662,88,59.121132
-68.6825,98,59.143682
-31.385473,116,59.172031
-54.36143,91,59.238521
25.157764,70,59.282688
-36.305595,83,59.28614
-26.396513,97,59.307541
25.030056,81,59.314748
-47.467926,69,59.354979
-41.72979,100,59.355023
-62.360004,86,59.362005
-44.64379,130,59.409518
-24.968582,72,59.416885
42.06207,109,59.419991
-49.10135,92,59.428177
-60.4535,104,59.435023
-11.973099,114,59.45126
-35.85688,84,59.522336
4.7868233,72,59.528936
-8.423222,74,59.538691
-62.823708,83,59.593959
-271.02972,94,59.626014
16.436214,149,59.644866
-38.976715,75,59.680574
-86.38819,104,59.71335
-75.28225,110,59.72705
-25.233646,98,59.737237
17.24244,98,59.74404
-150.21422,116,59.74728
-63.810642,68,59.767835
-111.08852,114,59.801393
-8.896732,112,59.801424
-94.67726,86,59.818968
-97.60713,118,59.846648
-20.883163,81,59.869978
1.5517578,120,59.928322
-75.65387,106,59.98857
-16.99548,75,60.02591
-19.597702,85,60.030059
24.387913,116,60.04409
-12.93446,90,60.05379
-57.618183,97,60.05975
-34.795235,113,60.071193
-46.797207,108,60.087127
5.7468224,110,60.13239
16.671417,84,60.144105
-47.581738,99,60.152075
7.0155487,97,60.163088
-53.338722,67,60.170208
-75.45822,108,60.18435
-84.21182,123,60.307605
-28.652927,74,60.310845
-53.936966,74,60.336744
-31.450424,84,60.361367
-101.693375,106,60.400523
-6.192013,82,60.416792
-100.90843,127,60.433603
-67.67774,125,60.467911
-68.92592,92,60.46795
-18.04552,94,60.493677
-139.78006,117,60.497144
-69.18603,105,60.507668
14.122414,96,60.513776
81.17054,135,60.527063
-92.1828,67,60.535007
-23.760254,109,60.538393
22.414173,82,60.590707
-41.4055,80,60.611911
-2.1596794,98,60.696117
0.53375626,83,60.702572
-13.859085,65,60.716006
-115.517654,64,60.72529
-15.814457,96,60.728424
-46.334248,84,60.754667
26.50499,96,60.762216
-72.145256,72,60.772199
-52.913017,78,60.80118
-91.4308,69,60.820213
-28.166695,107,60.829808
-58.776016,99,60.829838
-25.937517,73,60.853502
-114.532684,110,60.907511
-7.055439,119,60.916287
-43.004494,63,60.93658
-18.587887,84,60.996565
-106.574135,93,61.013394
-11.952465,87,61.065023
-96.959595,74,61.082356
-22.504742,121,61.102094
-39.244102,109,61.12383
69.97008,97,61.164856
-78.70754,108,61.171991
-0.31549072,124,61.185613
-54.38446,85,61.198419
-7.814682,148,61.232244
-34.97019,131,61.269462
-30.770775,123,61.277156
-8.493542,119,61.348092
-41.278564,127,61.354833
-27.567696,108,61.373241
-89.1337,81,61.387497
-67.92047,110,61.397486
-120.82351,92,61.405783
28.047955,69,61.405822
-19.354744,124,61.495085
1.9519806,99,61.527643
-82.694405,116,61.527695
-208.36961,88,61.538291
-41.46482,109,61.548081
-45.496983,63,61.590773
-107.040054,93,61.599742
-100.8176,121,61.61683
-94.40538,73,61.644451
-86.82643,95,61.677371
-50.180256,125,61.697831
-106.93694,96,61.72812
-98.20635,107,61.748029
-53.504936,67,61.752442
-35.014927,122,61.763335
-88.45897,114,61.791139
-118.450645,74,61.834894
-107.76701,96,61.84719
-144.03871,85,61.898954
-37.22844,77,61.902718
-89.51009,68,61.906322
-145.97443,110,61.906348
-163.34663,133,61.942433
-48.220932,124,61.96467
5.2569504,109,61.964728
-79.652084,69,61.984204
33.768105,87,61.995311
-76.08431,72,61.998634
-63.330807,87,62.024584
-43.269447,79,62.109854
-76.142944,69,62.144964
-53.703968,75,62.166126
-23.688816,87,62.204014
-23.778435,63,62.204075
13.54948,127,62.228374
-1.5389252,139,62.242966
-25.18229,123,62.274141
-64.21616,111,62.289325
-25.582638,98,62.306941
-48.626038,91,62.312019
-1.2817955,68,62.351637
-9.734314,107,62.381254
-7.0429344,108,62.417708
28.350395,68,62.480543
28.995342,151,62.487241
-86.40576,85,62.51371
37.387337,170,62.571854
-15.9217,87,62.591022
-14.7555275,109,62.594673
-2.2758331,125,62.620597
-34.94264,84,62.620645
-75.29137,89,62.634079
-75.92445,95,62.637729
-20.78001,140,62.653774
-19.034744,84,62.681994
-46.74352,145,62.772897
-25.58901,79,62.80124
-81.888565,90,62.805245
-34.682003,129,62.825998
-18.286007,121,62.854151
-4.0816956,65,62.874422
-51.325153,79,62.884664
-21.858757,89,62.897195
-31.992126,83,62.901381
-63.173958,115,62.901407
-25.777634,89,62.941665
-144.75226,108,63.028209
-47.979813,108,63.044628
-31.669638,123,63.063366
50.223408,79,63.083694
-39.60581,78,63.126915
-76.88077,132,63.155079
-60.29994,120,63.193145
-36.69478,86,63.196159
-44.553,99,63.218713
-21.831459,84,63.237741
-83.72452,127,63.267156
-29.443287,107,63.273877
31.03915,128,63.331292
-34.968056,127,63.346489
-27.51601,158,63.356373
-33.23841,103,63.386483
6.023361,106,63.430367
-48.40715,101,63.434272
-16.63395,115,63.442573
-51.151474,97,63.49066
-36.202797,115,63.523756
-102.893715,98,63.535549
-0.42318726,86,63.565625
-46.934586,70,63.595934
33.579365,115,63.631758
-23.229084,127,63.63663
-25.195822,74,63.639762
4.438793,125,63.649775
-56.85567,112,63.66268
-2.2132568,69,63.678555
-94.075294,78,63.70466
-35.33373,65,63.714906
-33.635593,115,63.744153
-82.44539,124,63.762274
-54.831215,103,63.788583
-22.719795,77,63.792105
21.848629,76,63.927244
-44.22218,104,63.927289
-113.853775,89,63.946278
-61.49366,107,63.970213
-35.76162,91,63.970263
-81.79017,78,63.978166
-40.415665,103,63.997586
-59.570847,76,64.006514
-30.10286,138,64.014297
-51.811024,108,64.017745
-76.10793,93,64.038695
-35.925636,87,64.091242
-48.09766,89,64.100518
-86.498,100,64.107471
-91.9395,131,64.135694
-37.709652,62,64.21215
-87.53265,89,64.236838
-64.72589,81,64.250861
-75.74367,81,64.250889
0.012439728,100,64.279747
2.756897,86,64.279812
0.048610687,78,64.284887
-44.115715,94,64.354312
24.203007,74,64.363107
3.1937027,76,64.388908
-92.90666,70,64.395332
-64.356575,122,64.453597
-12.868271,146,64.466305
-43.71329,123,64.481891
38.46266,81,64.508381
-3.981842,114,64.511447
-92.89087,91,64.56974
-23.736603,102,64.622242
-103.529625,95,64.62685
-38.64709,76,64.631425
-36.02533,84,64.655108
-50.289165,111,64.659056
10.099464,109,64.679015
-127.771706,109,64.679051
1.8266296,81,64.756684
41.175198,87,64.820835
-8.31926,127,64.83772
48.079563,69,64.876632
-46.413807,111,64.876675
12.2198105,143,64.901077
3.5667076,73,64.93033
-106.49776,107,64.946774
-26.997524,86,64.956374
-25.249767,84,64.96637
-11.649925,149,64.979204
-30.224937,98,64.995139
-22.473438,105,64.995167
-65.68644,72,65.00551
-6.4908333,109,65.005554
-204.08884,146,65.026345
-11.459007,89,65.145604
-19.377708,78,65.145665
26.28844,70,65.174319
-52.419083,87,65.177592
-39.009285,108,65.196191
-38.75495,81,65.263755
-21.762882,97,65.295631
-29.171677,102,65.325499
8.377739,96,65.332093
-15.384914,114,65.347427
-69.519295,133,65.365602
6.6375465,113,65.391097
-1.7011642,72,65.452498
-48.296486,121,65.457654
-50.590332,128,65.462556
-4.8094597,93,65.513557
-65.98861,143,65.520763
-39.56137,104,65.524743
-69.87064,122,65.586624
-53.199593,115,65.593696
-14.264568,100,65.630634
-56.265156,102,65.672674
-54.27283,69,65.705705
-2.4642296,71,65.717679
-103.16757,102,65.721977
-126.849396,89,65.722011
-39.234745,120,65.763209
-23.185944,74,65.785932
-36.218117,117,65.789979
-58.208965,117,65.895824
3.2355347,111,65.921687
-80.34251,110,65.926281
1.8928909,110,66.044708
-1.1973686,86,66.048239
-72.22995,95,66.066038
8.61367,129,66.069383
-62.326603,129,66.07767
-54.70505,110,66.084534
-43.05585,102,66.102371
-79.33494,117,66.162476
-82.3827,63,66.162526
-41.937668,108,66.171891
-225.82365,102,66.178816
-33.308327,109,66.198559
-161.79869,237,66.208959
-88.12756,85,66.208994
-157.42215,98,66.277077
-13.205303,63,66.304132
-119.635895,70,66.320959
-93.36847,80,66.347089
-141.30457,89,66.381778
-63.20996,92,66.424012
-2.7919235,72,66.427435
-49.39082,71,66.458737
-19.851063,118,66.465563
-89.26979,87,66.465606
-36.394424,85,66.498366
-143.92072,135,66.522227
-37.730873,122,66.587056
-143.89963,120,66.59039
-44.863342,88,66.613838
-9.633289,88,66.658587
-80.62644,107,66.698997
-5.592396,80,66.705625
7.9295387,132,66.737004
-132.28427,154,66.745672
-95.98868,96,66.79877
73.78168,112,66.821043
-48.52083,86,66.821104
-44.826946,68,66.825516
-21.259106,112,66.855047
-147.61331,105,66.870372
-119.96034,81,66.881473
20.745453,141,66.886321
-29.525587,126,66.915834
-32.928738,74,66.927009
-27.803877,92,66.947859
-31.920837,66,66.984002
-23.197502,80,66.989882
2.9288254,86,67.01622
-48.76783,85,67.05519
-7.873398,65,67.059458
32.121346,68,67.094468
-37.03987,78,67.105257
-4.287838,73,67.126223
-42.893135,93,67.132616
-36.5099,66,67.142479
-83.86605,92,67.246917
-40.636627,121,67.253581
-26.445335,109,67.266558
-99.332214,59,67.266589
-76.732635,83,67.280911
-211.70663,85,67.28095
26.629433,65,67.284655
-102.06506,97,67.288869
-53.518124,120,67.309494
-77.85031,94,67.344306
-65.347824,63,67.347791
-32.442814,64,67.359216
12.901169,84,67.392103
-25.022583,107,67.482918
31.31754,108,67.522177
28.717525,78,67.549331
-28.823345,82,67.549366
-12.470165,78,67.556677
-54.667496,68,67.581859
-13.778549,99,67.608016
14.362877,102,67.608075
18.14373,75,67.61882
-210.76364,109,67.658468
-30.528769,120,67.661761
-50.145493,117,67.682201
5.0318565,101,67.69958
-124.07321,119,67.719214
-8.970112,96,67.722995
-149.69225,85,67.772765
-56.58784,54,67.795404
-77.793945,75,67.809104
32.280407,79,67.830045
-18.260838,76,67.871812
54.207474,86,67.877879
-21.203346,83,67.954575
-20.14626,134,68.015262
-61.929214,143,68.018403
-19.955704,103,68.04286
-31.246212,112,68.04981
-139.57555,129,68.066765
-7.2892075,103,68.077071
-13.439144,117,68.104451
-0.06347656,84,68.121917
-58.414,118,68.132443
-95.012054,76,68.136326
-37.298805,103,68.155084
-23.846401,100,68.158467
39.1842,95,68.219198
-75.75037,71,68.273399
-14.1547165,142,68.28094
-92.675385,68,68.327891
2.785408,79,68.331378
-45.242558,77,68.34772
15.10173,87,68.450004
15.175682,97,68.472445
-23.972542,118,68.472494
-67.46001,104,68.479773
-117.854546,92,68.489406
43.103493,137,68.508264
-71.80927,108,68.523596
75.0011,161,68.527118
33.00601,107,68.542947
15.650074,90,68.596205
30.677197,81,68.610197
-88.32779,103,68.637975
-52.277836,119,68.64132
-11.204781,97,68.671935
-66.19663,79,68.749341
14.371922,118,68.758985
-99.19505,74,68.780981
-46.743477,67,68.826535
-83.03859,98,68.829885
-120.56192,105,68.838669
-184.53316,88,68.845443
-44.255108,106,68.849814
-40.499256,118,68.862615
-19.498669,110,68.891392
-12.752472,109,68.90178
-5.8191376,105,68.975902
-119.34625,125,69.068049
-62.74608,79,69.101586
-128.88635,136,69.109686
-67.12998,130,69.122759
-3.8391,84,69.133261
-19.9656,86,69.149428
-9.712833,91,69.153572
-126.69856,75,69.168087
-65.76463,122,69.178325
-78.70399,120,69.181418
-27.331161,120,69.204682
-14.944283,102,69.208576
-116.87956,101,69.218454
-101.26903,108,69.270649
-17.01537,111,69.359548
-55.098064,72,69.392628
-5.842819,104,69.424649
-1.8984146,90,69.438026
-55.884125,115,69.496206
14.260906,86,69.496253
-93.98743,96,69.500148
-11.002701,100,69.51932
-49.092293,95,69.526437
-105.34285,118,69.526472
-25.835716,128,69.548836
-36.281857,116,69.559474
-20.416817,108,69.584991
40.860928,128,69.588385
-39.35719,78,69.623662
-77.65573,130,69.70781
-47.01569,99,69.759543
-87.31377,80,69.768223
-77.16333,73,69.771529
-35.514687,112,69.771565
-44.792473,56,69.775807
-19.973213,68,69.78051
-74.05322,89,69.805452
-267.49072,100,69.837909
-24.213074,120,69.847558
-31.678516,97,69.854348
-65.91806,89,69.860885
-71.54854,85,69.873525
-100.454865,79,69.895732
-15.44125,119,69.924994
-58.8217,84,70.056134
3.9996147,72,70.081721
14.65485,96,70.08974
33.44424,112,70.089778
-2.4235535,79,70.116327
-101.09573,75,70.116364
13.601452,92,70.116373
-13.061607,104,70.125591
-27.773697,106,70.129469
-25.872807,104,70.133198
-131.41641,107,70.139804
-120.89917,90,70.159721
-73.68975,75,70.178479
-23.65588,115,70.260541
-78.841286,112,70.270307
-47.438377,74,70.30871
-45.02002,71,70.358404
-29.639362,74,70.37014
-62.210835,75,70.397811
-72.366554,87,70.433014
-0.7344475,108,70.452359
-14.425224,112,70.473079
0.15357971,94,70.482748
-21.262947,128,70.527966
-54.667503,102,70.528009
-74.59147,83,70.54877
-5.331543,126,70.548801
-57.96555,129,70.567397
-22.739601,134,70.587743
-76.79576,71,70.616503
39.09093,99,70.616563
-17.929405,61,70.644975
18.926609,83,70.648403
9.494045,114,70.708691
-64.28369,98,70.79159
-31.298285,119,70.809083
14.997181,82,70.813573
-65.7624,101,70.824968
-32.22618,84,70.842721
-15.193703,76,70.88289
-89.805984,92,70.894331
-85.78487,88,70.903041
-192.99895,101,70.906125
40.178566,115,70.933373
-38.238525,68,70.945998
-70.65256,141,70.978878
-45.170933,104,71.012405
-27.667406,115,71.019934
-48.95475,59,71.023559
-116.38091,73,71.05222
-22.698029,64,71.068804
-54.216885,76,71.079628
-121.06408,130,71.100125
-10.929531,75,71.166535
-63.919086,115,71.229503
16.433727,85,71.229564
-70.91124,97,71.243161
-18.845211,106,71.265562
31.486374,101,71.302432
29.515423,83,71.306253
-8.440563,125,71.32654
-38.05438,107,71.362135
-95.46522,88,71.371201
-95.45176,95,71.414849
-38.892235,112,71.431073
-79.50175,92,71.440668
-106.90589,115,71.440706
-65.541824,110,71.478084
-88.23657,105,71.542716
38.111034,78,71.586544
-65.85749,102,71.611138
-21.599941,116,71.644923
-66.12239,123,71.669219
-64.40576,70,71.675507
-48.37856,72,71.67554
2.0240402,79,71.686001
-4.3911934,109,71.68936
-25.797813,96,71.696871
12.61087,123,71.703501
-12.725239,109,71.746565
-59.74182,122,71.753032
-77.957214,78,71.810196
-74.403366,106,71.845595
-49.264473,120,71.85349
24.347126,70,71.896728
-106.4099,96,71.927734
-18.723488,109,72.004069
-48.544765,84,72.011247
-16.78402,88,72.019934
-19.928738,72,72.024054
-40.202995,93,72.032774
45.762672,99,72.052979
-46.04213,108,72.073039
8.943127,117,72.095978
-212.39708,119,72.110536
-83.12326,70,72.150885
-124.12001,104,72.19382
31.620518,97,72.276297
-106.746735,121,72.289857
15.940395,153,72.300966
-20.32489,99,72.366327
-129.40106,87,72.375191
-96.073044,111,72.396294
-34.85247,106,72.403268
-134.57663,110,72.433584
56.13384,121,72.43685
-29.074074,97,72.44628
-2.9280853,105,72.459768
21.955788,126,72.463151
-51.715782,103,72.503695
-52.183945,67,72.517138
-70.029236,108,72.567084
-67.2192,70,72.610321
25.190285,62,72.65378
-71.91529,102,72.659328
-87.75264,63,72.669263
0.9381523,79,72.680243
-1.6995926,71,72.684363
-32.356407,65,72.691272
-77.914955,121,72.701673
-38.311317,75,72.728579
-90.32167,117,72.803467
-48.00872,87,72.814869
47.394268,131,72.830503
-42.454063,76,72.920711
-18.873062,74,72.9365
-11.417828,122,72.947344
23.49691,75,72.95781
-1.8686485,94,72.979187
-36.038887,99,73.016906
6.220413,63,73.016947
5.720104,130,73.016957
-61.733574,119,73.020563
-36.457047,103,73.020619
-31.879272,100,73.031573
-53.106155,108,73.100945
-28.61311,92,73.14924
-7.44289,99,73.156183
-112.6373,72,73.18618
-57.415676,65,73.203265
-0.9673462,96,73.251176
-67.58028,71,73.265399
-165.98802,98,73.285177
-77.056305,100,73.304235
29.234776,87,73.322786
-80.18536,88,73.330829
-49.0278,91,73.338201
-202.99786,88,73.342659
-46.397568,95,73.357579
-97.2827,90,73.459858
11.263069,89,73.518279
-39.69359,121,73.526683
-205.01384,110,73.583033
10.426483,83,73.591083
-77.40732,98,73.614181
-82.553215,127,73.61878
-59.178215,87,73.654277
24.598763,79,73.659686
0.7073288,88,73.67553
12.558392,88,73.679841
-58.33556,113,73.698274
-74.25472,114,73.741306
69.177246,120,73.784435
-62.310806,86,73.802505
13.355675,92,73.887225
13.096806,83,73.965674
14.16637,118,73.971772
29.22639,86,74.008027
-51.818096,115,74.019228
-76.7914,109,74.026807
-23.425892,118,74.039527
-42.065056,104,74.039558
1.2945786,119,74.106773
-9.638912,121,74.113813
66.816956,116,74.20727
168.98042,668,74.240513
-9.261898,122,74.240558
-50.663395,85,74.2671
2.2342987,114,74.289126
-79.38153,98,74.317285
-23.11694,72,74.362807
-129.47594,176,74.366833
15.1511,98,74.370827
-86.8144,109,74.39149
18.392899,105,74.406793
-9.200554,113,74.416515
-15.907204,66,74.438592
12.312626,116,74.451916
1.0172806,70,74.495792
-84.101364,241,74.499325
-47.104763,134,74.598779
10.773827,72,74.631703
23.0321,96,74.642273
-45.916485,114,74.654137
-29.380318,107,74.658206
-51.737522,93,74.661602
-52.852386,70,74.677082
-9.318432,93,74.707941
-34.940266,79,74.775989
-9.627033,92,74.814411
-115.73558,127,74.826445
-47.08882,121,74.841636
26.882263,73,74.853258
-140.75436,119,74.864197
-9.458637,67,74.875191
-31.833996,66,74.884592
-15.022251,126,74.896901
27.821693,143,74.903706
41.82795,87,74.953016
-13.689186,99,74.972607
-186.36345,102,75.011741
22.866848,89,75.08966
26.299557,121,75.099823
-95.17473,80,75.110753
-9.437275,68,75.137519
-123.123505,73,75.14269
-61.481762,86,75.14618
-77.59235,127,75.154288
-82.49421,86,75.178773
-10.581196,95,75.189022
-40.8484,121,75.242034
-28.662502,119,75.28102
-122.75883,97,75.316324
-91.25218,125,75.345335
24.040806,100,75.36761
-17.922508,67,75.374593
-160.4119,78,75.374636
-17.340603,87,75.395308
-16.066154,75,75.405025
7.1280327,85,75.408439
-38.09526,130,75.411594
-28.600933,79,75.428392
-51.12803,98,75.487428
-50.06746,86,75.487473
-40.690018,110,75.557493
-140.07858,97,75.578165
-53.210617,75,75.628089
7.349228,102,75.632103
-18.610985,67,75.632137
-81.743835,71,75.651672
30.834766,76,75.651701
-77.91826,76,75.668349
-29.26322,96,75.697639
-48.380753,98,75.711505
-83.46889,117,75.721699
-69.168396,117,75.749363
-2.142311,116,75.839386
-87.72403,72,75.902649
21.131592,68,75.91344
-79.464615,95,75.931896
-64.05031,131,75.960656
-21.364433,89,75.964528
-28.762793,95,75.984718
-39.598167,125,76.014483
-54.586075,148,76.021493
-83.10474,103,76.048413
46.284912,97,76.055572
-6.3656616,100,76.078689
-6.4589157,134,76.208575
-29.504831,96,76.264088
-76.99592,80,76.264142
-43.573112,68,76.290833
-59.894966,127,76.298246
-1.1929703,68,76.298283
-23.80664,97,76.31024
-23.188877,116,76.323957
-13.325935,103,76.328099
21.297642,122,76.334402
-35.392994,92,76.341125
6.639141,111,76.411505
-64.96633,57,76.487343
-165.11331,117,76.490761
-96.2756,81,76.497274
-40.77743,58,76.527787
-7.0528984,71,76.589618
-9.1824875,92,76.593219
47.912582,93,76.652613
-20.44276,109,76.652662
-75.29402,110,76.683828
-94.67018,104,76.69855
-33.704678,93,76.739021
-97.185104,132,76.763313
-100.264626,131,76.771863
-73.40028,85,76.798511
-30.492044,85,76.802437
9.457451,109,76.88015
-27.072313,83,76.950548
-2.336483,79,76.980766
13.371849,136,77.007284
-28.468956,118,77.01241
27.480068,73,77.02241
16.651833,130,77.050724
-22.911346,84,77.067088
-6.4862366,115,77.089874
-3.4857483,101,77.09664
-9.405102,128,77.104367
11.368275,105,77.162478
-5.6533585,113,77.193275
-0.5892296,99,77.223777
12.504795,75,77.241956
-44.461914,71,77.346089
-15.713451,99,77.369303
30.023418,108,77.387405
-17.513618,136,77.4212
8.581284,123,77.439389
7.905834,108,77.446084
-43.440536,81,77.478186
-3.0735245,109,77.484991
-27.072025,101,77.514627
-22.537048,135,77.517805
-26.154842,131,77.548267
-4.431137,79,77.621506
-70.94935,62,77.638988
-41.05738,118,77.653061
-8.210697,131,77.680797
-100.76457,90,77.680847
-1.5223045,86,77.688759
43.05141,67,77.716873
-86.17737,81,77.716915
-19.416508,77,77.781255
-34.14395,605,77.793824
-90.34866,88,77.819518
-118.93701,83,77.828915
-28.61208,119,77.854073
-102.990524,115,77.874584
-65.60865,76,77.882125
-24.211391,86,77.930828
3.0663414,73,77.934458
-29.702305,84,77.938236
-80.72354,85,77.973502
9.785179,92,78.035751
-44.770042,108,78.095535
25.127758,74,78.095593
-27.260609,89,78.111305
-39.655506,87,78.136979
22.894802,133,78.154038
-97.151985,91,78.188535
-106.020874,113,78.192694
168.38753,692,78.211179
-84.81438,100,78.252827
30.354801,109,78.277938
-5.434456,57,78.358316
-54.421032,109,78.373599
-15.584751,119,78.377466
-64.810684,77,78.38156
7.0533104,135,78.42854
31.465794,111,78.442272
-45.29338,72,78.442305
-5.9501495,97,78.48516
22.365726,70,78.495171
32.81958,118,78.521611
-0.44929504,116,78.529535
-34.213425,96,78.529567
-25.98152,68,78.594463
-54.384853,115,78.610918
-7.6684456,81,78.660828
-26.376461,113,78.670024
-86.92006,60,78.695138
-7.138996,94,78.705045
-25.561235,77,78.711671
-6.7175217,78,78.71495
15.88055,111,78.756157
-71.51929,98,78.768856
-60.355877,82,78.812905
-44.655487,105,78.856073
15.769947,73,78.86319
0.21084213,65,78.895086
-144.8179,109,78.908242
3.5062294,115,78.923235
6.713707,101,78.946338
11.401596,74,78.949525
-61.159386,92,79.025107
-128.80432,96,79.031418
-22.869835,101,79.057634
-53.606705,124,79.086831
-0.44689178,87,79.110965
-19.015457,107,79.123674
-53.85485,105,79.126774
-133.31793,77,79.172001
-99.047455,80,79.201973
-140.3959,102,79.216945
-54.096916,85,79.241473
-86.49469,91,79.26497
-174.50314,119,79.310129
-2.610115,132,79.326274
-22.617489,83,79.32631
-127.25987,88,79.400102
9.13073,79,79.410743
-14.88765,124,79.459161
-1.8712196,76,79.462581
-44.197052,103,79.47245
-9.27776,96,79.506525
32.929123,130,79.514171
-71.64437,86,79.538761
46.602623,118,79.538793
-66.59878,95,79.589932
-53.923176,78,79.589979
25.349072,113,79.602712
-25.14175,88,79.627499
-52.470684,69,79.705326
-67.992294,115,79.709613
25.756653,77,79.730873
-8.604725,96,79.734623
6.2440453,109,79.790103
-58.658722,92,79.796841
-4.2674446,90,79.855079
-48.41461,107,79.882736
-39.59649,88,79.903234
-6.8373337,128,79.96151
8.244556,104,79.991115
10.148327,84,79.998775
-82.822655,125,80.033212
-37.42748,142,80.036466
18.14067,124,80.039739
-23.843143,74,80.052516
-17.079376,93,80.056423
21.797764,98,80.070294
-17.29457,119,80.118872
-25.4035,124,80.221955
2.9084053,92,80.226835
-23.226635,69,80.243547
-29.370564,104,80.247885
-42.688736,65,80.262765
33.651592,118,80.271847
-28.442265,78,80.344437
14.248066,87,80.375305
-56.654938,121,80.405687
-46.9456,96,80.428617
176.28285,711,80.455194
-53.19611,91,80.462135
-51.366947,117,80.46977
55.24398,122,80.49211
25.096687,137,80.499568
-45.01527,72,80.53858
-32.64886,80,80.552682
-21.5685,83,80.561175
-60.51806,90,80.565381
-33.82551,83,80.587364
2.9472046,100,80.605547
21.68388,75,80.622926
11.108101,78,80.691904
21.969303,74,80.767761
-10.250069,85,80.770956
-5.5204315,109,80.774617
-49.41803,90,80.782129
-44.840473,104,80.806977
-12.22208,91,80.823214
20.8274,92,80.890199
0.35143661,116,80.89421
-75.72216,124,80.988288
2.6311722,108,80.996187
-45.804726,122,81.005378
0.25051498,131,81.031822
51.893707,127,81.04257
-62.158752,120,81.053182
-42.30175,84,81.067595
-111.18541,86,81.08269
-25.190853,89,81.089518
-5.245411,90,81.105394
-14.34911,118,81.115826
-50.13819,87,81.119259
-32.525238,91,81.145963
7.5404167,82,81.1777
-26.007061,86,81.194005
3.5403748,65,81.310835
-55.069824,98,81.324802
-36.65429,85,81.324851
-21.213112,94,81.328662
-68.88472,81,81.34706
25.360611,107,81.367083
-94.17494,75,81.378025
-37.16606,87,81.386836
-40.049442,70,81.419533
-24.318325,83,81.433005
14.333576,119,81.460068
-30.495644,78,81.467081
-57.469975,113,81.498059
-42.543724,130,81.508359
-95.323,116,81.519236
25.61222,69,81.579346
-26.48683,88,81.641612
-38.2535,85,81.650709
-28.36855,91,81.693584
4.325165,105,81.703758
-131.40439,113,81.718846
-54.760353,97,81.728034
-33.091934,87,81.735988
-15.33926,79,81.746951
-87.68969,78,81.780184
-17.472046,91,81.794043
-71.979675,125,81.830056
-45.849262,112,81.834651
-7.453945,91,81.845957
-17.820656,116,81.922592
-69.166534,81,81.940975
-27.14611,119,82.001021
-36.10706,94,82.024115
-53.568687,113,82.043535
-18.497738,101,82.060104
-43.61926,91,82.063649
6.3388824,86,82.083262
-47.247982,103,82.083289
-49.606792,90,82.110645
44.807076,113,82.123623
-27.889843,97,82.170614
-49.753822,127,82.177522
-106.47219,80,82.20842
-72.36111,112,82.248734
-78.3722,135,82.320549
84.34439,90,82.327624
-3.9033546,74,82.352925
-74.238144,115,82.355986
-97.71589,81,82.359273
22.51921,79,82.399667
-34.87683,112,82.430555
33.618336,108,82.433973
-29.983284,71,82.440912
-6.0733986,112,82.484028
-12.289082,95,82.520075
26.379086,129,82.527704
-45.07,88,82.527771
-50.280117,93,82.588343
-21.636833,81,82.663368
-0.69488907,96,82.687616
-47.972603,152,82.691376
-26.763832,98,82.724782
-4.3517036,85,82.758578
8.569126,127,82.793229
56.52251,91,82.836709
-1.2801743,128,82.879158
-0.9524231,107,82.927284
-36.766743,135,82.939041
15.739513,134,82.946283
49.293484,97,82.952986
-41.80597,115,82.962212
6.991974,119,82.976057
46.92695,80,82.982695
19.168148,90,82.993971
24.524895,104,83.098871
-15.752995,125,83.136415
-3.5133476,107,83.140677
0.10615921,108,83.178451
2.6376,81,83.231796
-26.742577,119,83.250928
-42.91104,93,83.257917
-25.40673,82,83.257947
-40.37265,101,83.274638
-26.37669,118,83.288572
-30.232302,88,83.295419
-40.558342,111,83.364276
-76.13102,128,83.383774
-32.027218,74,83.392943
21.53365,126,83.396938
-107.595726,105,83.462552
-97.87404,89,83.48501
-29.486355,105,83.49841
-85.940674,72,83.524136
-54.026184,90,83.567905
-1.8093185,82,83.576548
37.931545,93,83.583272
-59.769203,101,83.610106
-96.00679,98,83.639691
-31.773336,121,83.656394
11.279144,84,83.691537
-24.38287,95,83.733428
-26.805038,112,83.782926
31.111008,120,83.789812
-9.598202,84,83.796369
-25.650581,101,83.838226
-87.002594,80,83.890781
-59.54831,75,83.900763
-39.586853,129,83.910924
-3.1305428,111,83.91422
-111.73044,106,83.942601
10.489334,84,83.94263
-21.161583,100,84.031183
-0.7584343,95,84.05568
-72.58267,72,84.081938
-54.72548,150,84.081979
9.478958,90,84.085307
-59.500145,66,84.110385
32.487934,95,84.113595
14.44133,69,84.131271
7.5913506,113,84.169345
-60.768192,73,84.190998
-152.09067,177,84.191044
-41.43547,86,84.204448
-10.050991,79,84.212564
17.452732,120,84.3177
-97.574844,103,84.432942
-15.921532,103,84.432989
-101.29927,104,84.440458
-56.187,121,84.444211
-25.407227,108,84.497158
30.821053,85,84.515656
-18.017849,117,84.525961
2.5206337,94,84.525996
-15.8540535,95,84.529278
-26.437054,110,84.561227
34.92416,132,84.603192
3.627468,114,84.61517
35.47734,158,84.615223
-25.58664,82,84.61935
7.3196487,664,84.706818
-84.86618,90,84.772555
-105.688446,91,84.783823
-56.07666,77,84.813489
-42.957417,64,84.85667
40.194366,92,84.862023
-67.89528,111,84.870841
18.91256,114,84.870879
-76.11966,73,84.883554
-36.310966,111,84.917701
-84.35667,109,84.941595
14.431557,119,84.973228
-141.8791,99,84.996827
15.432491,119,85.017238
59.57808,112,85.04313
32.40223,78,85.085642
-104.066864,101,85.095552
35.81892,90,85.119473
-60.64026,76,85.142302
-9.864967,107,85.214154
-4.7609634,91,85.218386
35.949627,85,85.2824
-15.161774,96,85.290322
-9.447285,76,85.314235
3.0034332,122,85.318598
-15.802723,128,85.331792
-14.370499,115,85.335206
25.054935,83,85.393919
4.933773,89,85.461006
-23.625473,126,85.467969
69.048874,110,85.479728
5.0247116,150,85.542332
38.45771,104,85.600065
-36.436268,77,85.607603
51.90183,82,85.623473
-11.389446,140,85.635011
-5.872326,126,85.681981
-8.194519,109,85.696302
58.085175,104,85.720362
-52.282135,118,85.724511
14.69334,107,85.78757
43.636112,128,85.806525
-89.802124,94,85.817277
-92.99934,59,85.817309
-37.940216,81,85.837649
-71.77992,105,85.847621
13.243057,106,85.867918
-49.515,78,85.874422
15.873875,78,85.908308
-8.981735,83,85.915035
-1.2777901,85,86.016281
-2.5173492,96,86.019687
-21.524189,84,86.078567
-50.621876,111,86.081908
-20.565113,105,86.085073
-16.06736,79,86.10881
-45.989483,76,86.130411
-39.803432,94,86.13045
24.440685,85,86.140929
-99.08234,94,86.140993
26.39603,107,86.184233
37.239025,67,86.244866
17.499527,107,86.244915
45.715626,69,86.319706
35.484985,126,86.341326
-3.2380104,132,86.369778
-43.28414,107,86.387647
21.901176,84,86.40191
-34.579884,99,86.42931
12.735668,90,86.453956
-46.13445,107,86.500676
18.095295,110,86.509905
-27.924114,97,86.520187
40.994743,128,86.520217
-30.428398,112,86.528798
11.840385,93,86.56533
-49.01178,88,86.624138
-5.9278755,76,86.649838
-32.244232,124,86.676983
69.5817,98,86.685811
-69.82947,107,86.778667
21.424854,96,86.79246
-21.516685,129,86.825396
-8.131416,75,86.836432
-33.724834,88,86.836463
-49.802353,110,86.894626
-23.285526,113,86.913635
-7.151722,84,86.927742
55.3424,117,86.946962
-84.718346,120,86.950865
-29.854767,96,87.031534
-33.188015,105,87.062092
-25.61866,119,87.089263
19.887852,86,87.09702
-35.52675,117,87.223474
-70.151855,84,87.240091
36.114536,89,87.244083
29.970196,112,87.249
2.1831932,116,87.262211
35.727417,129,87.299421
-69.37673,71,87.321454
55.492603,80,87.329392
56.431786,132,87.382371
10.193607,124,87.409727
15.167305,112,87.502798
-45.445038,125,87.540018
35.318695,82,87.558589
-49.398815,91,87.573527
37.696594,98,87.593809
-12.89505,99,87.603224
138.8042,766,87.621179
-79.96478,64,87.635372
1.1027908,98,87.649068
-40.58626,121,87.656003
17.710495,110,87.715053
-41.56759,219,87.734584
-17.893948,122,87.747128
-57.90029,76,87.764279
-2.9142609,67,87.771636
-51.277836,124,87.811801
55.481415,71,87.834517
-77.83573,66,87.856701
37.18023,74,87.871286
5.019058,68,87.879423
-91.10362,90,87.909394
-58.28166,107,87.922855
-27.609745,80,87.927028
-115.71555,88,88.022772
-19.637905,83,88.026777
-16.218517,132,88.030254
-86.66239,86,88.070642
-33.16739,80,88.092382
-44.23993,106,88.120173
-80.259094,103,88.123903
21.964603,84,88.130531
-3.6704903,76,88.148122
-69.80075,110,88.258008
4.808609,98,88.268559
-46.750893,99,88.27602
-40.825493,121,88.282493
-20.43681,74,88.282517
27.994316,109,88.293154
-22.01527,78,88.339143
-24.092985,73,88.343394
-29.180052,109,88.407791
-44.310272,84,88.420825
86.63459,119,88.433448
-47.22296,96,88.45364
28.324768,66,88.484923
38.298145,69,88.507009
-27.976387,124,88.580258
29.948006,143,88.619843
27.135735,94,88.623526
-5.6938896,87,88.651004
-19.850586,111,88.664942
9.265327,119,88.702286
213.6178,648,88.726211
65.59219,129,88.738607
40.04199,113,88.741762
-37.489212,101,88.79037
-5.1919823,121,88.845572
42.061333,116,88.861345
10.2909355,107,88.882612
-19.965744,115,88.889525
44.917007,149,88.934862
-45.412968,89,88.986837
-17.830456,70,88.99663
-39.79825,105,89.000751
-29.353905,124,89.03381
30.099876,104,89.033852
-20.776226,124,89.082362
70.78705,78,89.090495
-35.718536,95,89.095843
-40.466164,115,89.139016
-3.9253578,69,89.178499
17.353447,80,89.220064
-54.23072,94,89.254788
18.6963,136,89.262527
-19.17596,64,89.269813
-16.101086,78,89.366637
1.3294373,105,89.378824
26.184624,133,89.393005
-65.00011,108,89.450553
20.317791,114,89.540272
15.856297,128,89.54765
-3.5816917,119,89.567166
47.51496,147,89.574674
-65.28978,116,89.591983
51.537148,102,89.635375
-11.815319,108,89.669774
13.705837,117,89.694245
-19.63435,86,89.697968
-33.608284,92,89.706064
-51.089,74,89.709786
-191.39117,161,89.713875
-6.5680695,145,89.727745
-39.221428,112,89.76668
-68.95009,57,89.776953
-13.483875,168,89.838203
-35.340126,86,89.890656
1.2572212,76,89.897458
23.008324,77,89.937703
65.569145,117,89.948068
-38.498165,123,89.97577
44.81845,125,90.006262
22.046692,70,90.00983
-50.123222,95,90.029544
73.043564,90,90.04566
-21.603256,105,90.071521
-52.390675,112,90.104861
48.940346,127,90.153783
-7.290333,118,90.193538
-38.963776,141,90.209177
-14.307117,92,90.226785
49.54531,117,90.252558
54.86722,79,90.261257
17.455849,90,90.26131
-59.7381,110,90.283278
-10.3573265,119,90.365873
7.872532,100,90.378463
-88.30243,114,90.404238
-71.4626,111,90.427356
-100.334595,51,90.455321
-34.78949,83,90.47828
-26.84565,136,90.485678
-56.18248,120,90.48571
-21.661564,111,90.489058
-17.002254,111,90.53791
-8.472092,92,90.576515
-0.0014839172,112,90.599483
-12.811043,71,90.619019
14.60413,128,90.674054
-35.960453,128,90.697773
-68.13526,100,90.727969
-54.56324,136,90.731764
-13.522167,76,90.745888
-28.12828,101,90.759091
12.201805,70,90.785299
9.470951,108,90.80805
23.736462,112,90.88009
24.184578,77,90.887433
43.78059,133,90.924615
96.11752,126,90.928541
-29.055325,111,90.965646
30.753445,82,90.984506
21.789356,116,91.005582
-17.299149,86,91.027351
-31.298555,123,91.102346
-0.30784225,100,91.10875
-45.465927,92,91.128534
25.222893,73,91.140234
4.8667145,108,91.16181
-19.46352,82,91.165439
-71.81854,129,91.184837
-62.058727,96,91.260864
-59.572723,110,91.347353
-121.68495,101,91.353651
18.613777,128,91.37256
0.8349266,128,91.437551
-51.03472,84,91.440697
-94.546646,82,91.454489
16.238708,105,91.480445
-4.963394,91,91.495645
-81.76643,86,91.495679
-8.505253,137,91.52489
-184.98978,114,91.524942
-17.593002,110,91.532526
-104.36872,275,91.735239
-6.2571487,132,91.750232
-12.344421,106,91.750277
11.767601,106,91.774079
-22.981728,71,91.784598
-38.492004,85,91.810727
39.111225,97,91.819334
-57.703285,102,91.823376
28.188671,95,91.884085
39.627182,99,91.893513
-15.284695,124,91.904944
-15.3959465,149,91.920334
82.714035,121,91.950467
-47.260414,76,92.014128
0.49840546,81,92.045541
-46.611866,74,92.054862
20.949158,167,92.095165
-98.4672,67,92.142325
36.091812,102,92.145564
-3.1033592,113,92.157916
-100.2337,102,92.185274
59.048656,78,92.188704
-7.0540276,86,92.192555
-23.144215,89,92.195828
-5.009094,108,92.203082
-37.404446,110,92.203108
-92.16252,94,92.275104
-114.00772,88,92.321942
-9.229401,87,92.350695
29.12952,77,92.363421
-18.278805,106,92.42523
0.26293182,70,92.439949
-7.009804,87,92.446437
23.158104,77,92.456085
-38.64994,75,92.465753
-8.713978,78,92.470252
-29.984966,106,92.526844
35.38174,92,92.526879
-36.311485,81,92.56156
-70.324,122,92.568666
-37.05113,114,92.590646
-93.687164,74,92.622729
-16.096466,96,92.656873
-76.780975,97,92.688689
-4.546028,73,92.702996
44.42465,82,92.713096
-63.676765,66,92.795954
-55.18012,86,92.829024
24.133408,118,92.852195
-34.218304,86,92.861168
-42.644707,119,92.884184
-30.886415,123,92.887497
-61.335815,121,92.896094
-9.572334,105,92.896121
-74.26162,73,92.962174
-18.386173,96,92.962219
-30.464079,91,92.980623
22.41035,111,92.985389
-69.4202,98,93.059609
-86.37869,67,93.090236
-31.205545,72,93.114572
-52.569798,86,93.192658
-48.638702,84,93.196988
1.9431839,98,93.2376
-83.774376,132,93.266895
-83.66754,125,93.274176
-42.264904,107,93.277686
-140.32567,169,93.287513
171.17975,790,93.30209
-49.78104,93,93.311177
-54.796604,115,93.371926
-20.700035,94,93.395995
-46.029953,122,93.396035
-40.952522,131,93.440442
-26.532734,105,93.464173
-118.74254,98,93.53857
-5.0221825,125,93.558574
-23.526917,55,93.590126
-24.514385,92,93.605352
-82.47577,96,93.631779
-23.721027,113,93.642089
-55.275967,70,93.646041
2.8782501,98,93.652467
-152.80414,115,93.683759
-55.580776,89,93.687634
-16.155048,119,93.691188
-119.3448,74,93.731626
14.259457,158,93.761214
-67.9939,146,93.841067
8.082531,111,93.849113
3.9457664,69,93.903591
27.576717,81,93.933326
-20.270027,107,93.937215
30.156208,100,93.959822
10.350204,90,93.986341
-45.226498,80,93.990106
-9.690338,119,94.001381
-78.59911,86,94.00824
-45.80261,100,94.01431
0.22866821,90,94.017518
-9.8951,120,94.044709
-95.35341,86,94.075768
-41.072624,101,94.100664
-6.114189,76,94.114664
-49.28043,68,94.171497
4.919857,94,94.231465
-22.140278,107,94.231513
21.81115,79,94.283066
33.60204,88,94.297833
-12.250256,104,94.325853
-63.837616,77,94.369076
16.478977,86,94.376415
-3.4067116,126,94.376457
-89.466644,122,94.440291
-35.533657,114,94.443783
-14.512474,131,94.443809
-56.349648,74,94.487147
37.368782,144,94.502288
20.271961,102,94.52596
27.212738,63,94.543335
-20.219093,124,94.547339
8.092571,158,94.569283
-61.268066,82,94.584379
-42.241005,106,94.602788
-13.92392,70,94.617554
8.692608,80,94.659616
17.274433,84,94.672115
-16.542072,114,94.681772
-47.535835,67,94.725515
3.2567635,112,94.831245
10.242123,114,94.841705
-54.213146,105,94.869272
-146.42735,114,94.940436
-20.101799,120,94.944196
-52.171555,84,94.947319
-37.088516,146,94.950479
-39.425888,114,94.964167
-44.927025,72,94.97109
-20.410995,109,94.97783
-30.507486,111,94.996066
47.750835,138,95.02207
-14.092659,101,95.025304
-11.08794,131,95.033157
14.715126,114,95.058459
6.2611923,86,95.133396
-34.615116,99,95.165723
35.5398,81,95.24367
14.960899,94,95.295634
37.900764,107,95.315921
-51.914787,104,95.336525
14.016819,98,95.364089
-36.17424,129,95.397052
31.55117,135,95.407286
-53.554417,107,95.436201
18.00103,77,95.44027
0.321949,144,95.444514
-1.683773,129,95.448391
-4.5352097,121,95.453091
-11.95612,124,95.474157
37.47987,97,95.482418
-4.3501053,107,95.62024
-34.4847,79,95.649297
-46.888298,95,95.656889
-35.295425,110,95.686979
-40.05779,88,95.721925
-94.375305,82,95.743557
-26.057777,115,95.747112
-23.888386,109,95.784529
-8.793663,94,95.807595
-12.874508,108,95.827587
-34.351982,111,95.830996
-20.99289,116,95.845656
-14.416428,119,95.889099
28.810753,73,95.911385
26.500896,137,95.928025
8.136425,75,95.95118
-173.29634,90,95.967028
-73.60713,82,96.040381
-15.648731,126,96.076857
44.83999,83,96.116327
-22.963104,97,96.139536
-24.924679,111,96.150501
20.332233,82,96.155285
-54.46884,66,96.18492
24.059345,126,96.189626
-18.892761,104,96.230733
-22.830112,108,96.240808
48.9154,107,96.314259
-9.330791,99,96.34957
50.111053,128,96.417804
-34.53766,129,96.477123
33.26893,128,96.544039
23.487755,110,96.548189
12.746143,97,96.566775
-58.56587,114,96.593914
45.033596,112,96.615581
47.0805,147,96.643486
-15.694824,130,96.654483
-13.851215,91,96.682294
31.852718,118,96.689728
-46.108894,143,96.693075
-11.7494545,134,96.73252
-109.04103,94,96.754778
-60.96031,79,96.758397
-49.317398,123,96.761741
-25.860445,80,96.828698
-18.192574,87,96.848869
-70.31129,84,96.859086
8.137856,73,96.910324
8.381771,73,96.934233
27.888264,73,96.944939
-151.75848,105,96.964192
-8.887859,113,97.017188
36.59172,113,97.043092
-43.36817,83,97.053217
17.061142,113,97.085434
-32.817574,71,97.112192
-94.286964,624,97.119103
-19.157543,82,97.139857
-13.7161255,118,97.146433
5.350754,120,97.172514
76.628716,106,97.200492
37.04799,127,97.200533
-36.508884,109,97.29294
38.11409,100,97.296801
11.594997,70,97.296856
-32.6093,86,97.31479
-33.130188,113,97.332397
-76.67883,69,97.35973
-12.65469,116,97.369099
24.864452,68,97.382625
2.9893951,90,97.397774
-20.080158,70,97.417633
30.608807,101,97.462006
52.062683,124,97.474034
19.874004,85,97.497902
-10.969208,86,97.501125
-18.216278,69,97.530323
-3.9098473,116,97.539987
16.290401,69,97.568396
2.762497,97,97.633258
28.012154,104,97.654504
-8.452328,74,97.721325
-37.999783,101,97.73556
-19.613152,108,97.735607
30.480885,122,97.740124
-27.841599,115,97.77146
3.6214561,77,97.771492
-31.28228,111,97.78382
-41.81012,115,97.820694
-83.54715,102,97.851806
-37.419632,81,97.851842
19.881763,111,97.858728
-14.842869,112,97.932453
-7.3499794,96,97.990811
-44.34281,80,97.99805
-31.401012,72,98.019119
-2.0863152,86,98.034149
13.767418,75,98.045262
25.657562,148,98.048886
-35.3171,91,98.055132
13.551075,126,98.071173
-49.43098,104,98.092255
-103.9088,83,98.101414
-51.087025,99,98.109825
18.984657,68,98.167856
44.112877,91,98.167911
-40.564552,105,98.232516
10.05706,124,98.296844
-47.96662,78,98.306249
-16.413574,87,98.309937
-14.103001,115,98.423823
6.142063,111,98.458929
47.50366,114,98.465487
-29.337667,105,98.487236
-100.18498,120,98.497837
80.006035,108,98.515312
-69.60286,122,98.525238
-50.560936,100,98.546812
-17.558884,118,98.546856
-46.147503,145,98.567002
81.54561,115,98.597023
36.00356,103,98.610376
-117.05723,60,98.672472
-22.284126,110,98.709179
-38.158962,114,98.712418
-32.994736,120,98.740493
12.282822,65,98.774653
-79.99027,103,98.788743
-78.07544,80,98.827802
23.533783,66,98.832766
25.104301,96,98.839809
-45.914062,122,98.899158
36.157063,83,98.906765
28.347153,102,98.929219
6.008274,132,98.957829
36.506126,128,98.971153
20.348682,89,99.020853
-3.5291977,105,99.043121
-27.208,77,99.06196
9.745174,110,99.099273
17.65271,83,99.124228
-23.706871,105,99.196308
26.725018,140,99.23182
-25.935692,133,99.24223
-83.8575,90,99.27348
-18.908894,114,99.301463
6.557808,106,99.342495
17.362011,119,99.346426
-4.5937157,96,99.362728
30.331646,77,99.374553
63.25136,144,99.414698
-14.483711,119,99.465517
60.846264,115,99.46905
35.18749,70,99.490639
-1.3322601,78,99.546911
-28.158585,131,99.58832
-0.51018524,72,99.61825
12.925732,79,99.625378
-11.648102,116,99.644367
-4.7970734,127,99.648911
13.474251,86,99.678262
-44.778385,103,99.713767
2.3538208,128,99.753127
11.394901,98,99.761315
22.437286,87,99.798768
-9.421837,97,99.809161
-29.46947,76,99.815194
-61.25216,103,99.824961
-23.55949,72,99.866972
-74.73449,69,99.889413
-13.715004,81,99.957708
-152.13797,322,99.971159
-99.0293,115,99.989148
33.46912,92,100.071186
-10.283722,109,100.091043
-56.06242,138,100.105262
-11.518627,135,100.116268
-37.581146,104,100.160113
4.9544983,82,100.175529
27.161098,119,100.175562
-56.4022,108,100.187502
30.577385,114,100.216011
15.452381,119,100.242573
13.565659,102,100.332335
-4.615448,117,100.370573
-48.608036,121,100.416132
-19.832699,85,100.416177
-25.232395,103,100.455055
-24.422062,109,100.459796
-5.119076,107,100.486028
-77.0877,90,100.49958
-54.00081,101,100.555193
-26.69199,113,100.576921
13.703117,90,100.576966
80.661736,105,100.604905
-6.4818764,67,100.626415
60.162273,93,100.762744
83.78616,105,100.843319
32.571083,89,100.896065
-12.147434,154,100.89612
11.118504,130,100.896138
-112.97208,209,100.941552
46.964108,137,101.006791
83.37509,150,101.020615
-32.716732,109,101.024163
-42.272972,124,101.058909
44.643993,137,101.062181
-76.85864,103,101.139145
-14.881256,163,101.167124
3.654976,89,101.170666
-18.34373,85,101.209581
-100.56729,89,101.22717
-26.379517,100,101.304346
121.55249,779,101.308387
9.28669,124,101.352235
-15.445267,84,101.358717
55.459965,97,101.369664
-91.04405,89,101.379355
-35.095005,73,101.444579
1.0313911,134,101.501005
-49.590214,88,101.501049
88.55629,150,101.574674
95.42456,106,101.61571
-10.308407,112,101.622931
-80.64885,133,101.631092
14.46529,83,101.665333
-36.17803,103,101.686207
-44.616043,117,101.73241
-7.112583,100,101.748196
78.65097,114,101.768322
40.818832,88,101.814312
-21.301628,83,101.912563
-4.16848,152,101.916302
55.02161,136,101.92469
38.693584,120,101.924719
69.92643,82,101.976348
-57.92298,109,101.999368
16.775246,112,102.145317
27.350437,113,102.171274
0.79758453,161,102.199926
53.149803,112,102.210575
15.683151,143,102.239253
-72.9068,75,102.27018
25.10579,106,102.297082
-43.371647,111,102.311489
-0.55812836,184,102.319343
148.92838,686,102.342434
25.678654,104,102.348399
-67.09161,537,102.434208
-38.496284,93,102.476685
73.35197,93,102.500733
-48.197567,86,102.518613
-1.637455,114,102.602424
15.571659,106,102.613682
-45.845634,118,102.683199
-40.812157,107,102.687548
-29.086922,118,102.713719
10.982307,107,102.723255
-79.602684,84,102.775806
-7.726734,122,102.784299
-15.0217285,131,102.788308
-36.97895,112,102.840331
-8.265999,93,102.854235
0.12547684,112,102.906794
12.029655,96,102.955498
-30.935732,74,102.962641
-37.819344,74,102.988785
-19.814957,119,103.046836
-37.455902,108,103.077861
4.278408,94,103.122344
-1.8673897,106,103.164094
1.681263,86,103.168198
-20.741512,122,103.171879
25.297264,106,103.223969
-15.984501,135,103.272964
-36.238323,72,103.307507
-5.3547325,100,103.321995
-72.016426,103,103.326224
16.145115,77,103.359451
11.790394,128,103.366594
31.787407,76,103.435713
-8.958664,80,103.458898
64.93559,130,103.458944
19.410069,89,103.544485
-37.631386,80,103.567285
-29.001005,115,103.580185
-117.94603,70,103.618295
13.578381,146,103.660941
-45.641705,98,103.671114
-86.55521,100,103.695538
10.558662,594,103.710101
7.177513,76,103.736235
3.9402847,86,103.769572
-160.64346,127,103.783376
75.835625,82,103.839531
-44.98753,73,103.84351
56.166553,113,103.843541
-16.275208,75,103.917379
2.5698624,155,103.921282
-57.766922,69,103.931741
13.483654,113,103.965422
-16.20734,106,103.986307
-54.19768,94,103.994239
-35.88891,87,104.037726
45.38964,80,104.122149
-45.778736,122,104.140021
-97.9122,90,104.167997
212.0374,632,104.200586
-28.402939,124,104.215566
51.334915,130,104.248389
-12.727467,117,104.262086
-24.831448,76,104.265292
-21.158108,100,104.281183
-29.9292,84,104.34338
17.06813,118,104.355084
10.584637,107,104.38083
255.67308,689,104.398334
-55.23367,127,104.4225
-1.463417,76,104.477584
-23.3396,95,104.498851
6.8292923,60,104.554883
-46.6894,124,104.564887
-57.143097,91,104.581669
6.6991386,127,104.588052
-0.20892715,119,104.619157
-23.492912,105,104.637851
-12.133404,69,104.668502
0.22454834,120,104.672006
-39.0947,91,104.678862
-19.71606,120,104.70688
-49.323532,99,104.749117
39.581825,116,104.793955
-161.8487,92,104.808522
-80.0935,76,104.830081
-98.68385,98,104.8575
-72.86133,61,104.861448
-13.144951,81,104.879598
-24.554394,98,104.949438
32.803833,80,104.970518
44.746674,113,104.983292
45.416473,86,104.990153
-99.584366,81,105.015205
0.6310692,108,105.022964
-16.783218,83,105.06885
-21.12922,105,105.077455
-10.578316,67,105.12878
23.232956,92,105.139591
4.8256226,86,105.174607
16.046906,113,105.225982
91.22662,109,105.229132
-99.041565,72,105.238911
6.761444,91,105.278826
46.724796,87,105.282105
20.469753,91,105.312363
-1.3080559,137,105.355845
11.601131,95,105.403034
0.5388832,113,105.416477
8.545383,85,105.424161
-66.0998,72,105.484857
43.72836,135,105.492532
-65.99126,109,105.52578
-19.011925,84,105.525815
-3.2843704,100,105.529475
-58.685455,83,105.536692
-7.6195793,139,105.560594
0.7914467,81,105.574931
-92.429184,101,105.675548
-1.8191948,103,105.723762
11.049572,135,105.759447
-97.74188,74,105.794039
-114.76984,79,105.808581
20.904617,88,105.848249
10.579887,127,105.860665
-108.5863,65,105.957685
18.610718,136,105.980283
38.397457,114,105.98032
98.64498,157,105.983858
87.331406,143,106.037067
-53.84051,138,106.051669
50.769768,83,106.059704
63.272232,127,106.129964
60.37713,100,106.149951
5.197731,112,106.205262
-44.161705,78,106.23385
-2.7778206,114,106.264224
13.040108,85,106.278667
147.15085,663,106.29664
19.884598,123,106.412945
29.834148,131,106.495168
33.88445,70,106.509362
26.19284,102,106.558587
19.622429,168,106.56889
-15.739929,98,106.572822
-1.1848335,90,106.589694
46.21583,131,106.606565
-57.670017,137,106.606604
-22.574299,172,106.651816
25.288483,128,106.743048
11.262791,97,106.749493
-37.13163,76,106.759191
-13.502289,82,106.8489
-12.2236595,91,106.891075
-22.561913,87,106.913723
0.6561699,97,106.918275
-3.4173317,121,106.934416
-94.331055,321,106.986838
7.046093,126,107.04691
18.106537,132,107.083122
20.34497,95,107.097609
20.342049,96,107.111793
-57.10449,133,107.132403
-88.23656,59,107.152667
-60.71901,73,107.25964
22.070786,102,107.275228
-17.691772,96,107.275291
32.533756,149,107.296783
55.67215,122,107.309047
55.76868,112,107.344713
-51.673473,72,107.388428
33.713726,112,107.471509
27.682137,110,107.497982
28.142796,101,107.536631
12.555775,120,107.549054
8.404991,77,107.563732
75.91646,80,107.589639
15.919289,127,107.605927
5.75819,84,107.614313
-31.686285,99,107.640812
-40.78876,83,107.644784
7.014351,121,107.708825
233.8054,634,107.714017
-56.38886,103,107.76483
-4.83519,93,107.831057
-0.2967987,501,107.865026
84.58661,99,107.892843
36.173473,84,107.892882
55.02483,106,107.937587
-11.938259,70,108.006573
16.477573,104,108.013372
36.59493,133,108.020529
-10.176796,128,108.071697
28.305729,123,108.077702
-72.62912,111,108.096747
-33.387165,110,108.096794
9.522259,146,108.124282
-45.600178,87,108.134783
33.440823,83,108.181665
175.0631,754,108.190775
23.279625,86,108.196141
-15.229389,123,108.303959
8.450748,102,108.307552
-32.58826,73,108.343157
16.390903,102,108.38426
-62.146286,79,108.388234
37.987736,110,108.420456
-49.427223,87,108.443692
3.4852371,89,108.461514
-41.266865,114,108.48329
42.37565,136,108.497151
40.256016,87,108.501129
-60.71388,110,108.595631
38.626373,111,108.595689
-3.2687569,138,108.599232
-22.47536,73,108.647918
18.43322,101,108.669497
-18.590946,102,108.706982
-22.481838,115,108.714361
50.148533,113,108.78694
45.051636,82,108.792662
-9.291752,97,108.811039
-35.4941,95,108.824545
49.284893,121,108.852992
-4.752495,114,108.853034
15.156506,118,108.923062
-104.3771,95,108.938059
-30.015598,97,108.941883
38.730537,97,108.941907
29.996109,86,108.955115
-38.15273,57,108.994279
-17.252659,82,109.005422
-83.66147,100,109.026455
40.328346,83,109.08462
-53.901806,89,109.166329
64.8483,107,109.201967
57.060886,79,109.21651
-53.388733,121,109.238985
75.578064,84,109.239016
20.480011,96,109.281989
54.03033,106,109.300848
61.31628,126,109.300878
10.902168,170,109.321979
-8.323582,112,109.350781
-76.68892,102,109.385963
29.533146,111,109.392892
-109.31667,87,109.392923
15.894287,122,109.426176
-77.04296,74,109.432718
12.078323,75,109.476513
7.3011093,71,109.500588
-45.98234,576,109.542111
-29.861362,92,109.560757
-11.263218,81,109.606439
11.254093,108,109.646545
-58.39847,82,109.670597
21.85807,91,109.670634
-28.677645,101,109.68667
41.000008,85,109.724555
41.8179,90,109.741616
-6.6091347,137,109.794553
4.077709,98,109.804683
13.266979,123,109.848979
-0.7785797,98,109.864891
40.373676,112,109.893591
-15.170509,80,109.897033
92.00667,94,109.904153
-46.429573,130,109.911148
-20.032394,118,109.972815
-25.652767,87,109.979866
28.426308,119,110.067477
-14.678032,99,110.071179
-22.45222,68,110.088216
-9.043198,123,110.101298
-2.9524155,89,110.104646
-26.106289,123,110.115074
-56.39242,116,110.14775
-71.06448,76,110.165664
-25.97974,102,110.228154
-27.58654,92,110.240055
4.0826454,76,110.243583
10.905281,113,110.305331
-49.578472,150,110.338864
50.73891,130,110.356622
-7.261692,84,110.372227
94.204575,115,110.386322
-15.899155,87,110.421116
-17.737411,88,110.438935
10.92738,87,110.4664
4.8383865,109,110.483001
-58.917877,111,110.503079
21.27898,128,110.526976
-44.175022,92,110.558619
-22.910297,105,110.615991
-88.578255,90,110.657535
-58.282364,80,110.657574
7.4630165,138,110.657584
53.890293,130,110.698869
-30.901073,112,110.75146
44.775646,82,110.751534
-36.43699,79,110.758622
18.928635,99,110.768497
-49.068825,77,110.796796
5.7589417,116,110.796832
22.237675,104,110.801476
8.51556,144,110.815607
-54.110107,81,110.838756
12.081837,74,110.922867
44.97597,118,110.922919
85.78499,105,110.995695
2.4922256,83,111.05443
10.371544,99,111.057729
1.1920586,101,111.116222
-54.400375,87,111.116263
-41.12326,102,111.128471
-8.622917,135,111.142169
1.4511414,63,111.149684
53.23722,86,111.155643
-36.116974,102,111.169857
-82.70749,112,111.177926
-17.249226,100,111.182144
7.4409866,158,111.226545
-27.579529,118,111.226581
46.61149,100,111.282835
19.410488,92,111.318679
-49.283524,76,111.39514
-39.75315,85,111.414148
3.0086708,78,111.420564
51.720345,78,111.424923
-72.98251,106,111.424952
62.843067,107,111.434816
-23.022182,97,111.461106
17.707905,82,111.464511
11.284718,95,111.510945
22.284649,111,111.532649
50.379612,101,111.576275
-37.864853,124,111.599486
10.225727,70,111.680566
-17.628006,78,111.69983
35.084084,122,111.712699
-42.9524,87,111.729543
31.6105,118,111.739899
23.154041,78,111.744777
-7.1562805,107,111.784646
24.623909,117,111.852643
-44.577564,186,111.895628
-10.566635,85,111.895674
52.966244,111,111.941114
82.451614,145,111.954083
-107.48305,122,111.957764
-42.26114,96,111.957803
-3.3351936,87,112.024451
84.12057,78,112.032137
67.79129,105,112.124148
40.668556,109,112.127496
-32.94794,132,112.19532
25.481316,84,112.195374
-35.289238,92,112.223098
23.449062,82,112.25119
18.47129,95,112.278286
28.004147,122,112.28991
-55.643997,142,112.294303
6.0097466,76,112.294328
30.887966,110,112.351431
28.381035,100,112.487009
-19.823185,88,112.512475
-4.8630943,109,112.516047
-24.84451,157,112.519233
-83.52575,231,112.52245
18.980316,138,112.526268
57.30092,107,112.607878
6.433937,89,112.615267
-17.848434,93,112.625748
29.635075,80,112.640114
4.730774,97,112.644227
-39.647266,124,112.693418
-25.09935,146,112.71532
36.642296,124,112.721529
-49.38147,76,112.772357
-160.76416,86,112.818197
-8.323196,97,112.826031
-11.508923,90,112.829448
-58.020035,97,112.860564
-23.85128,107,112.900805
-57.832024,79,113.002252
20.924557,90,113.014246
54.188175,117,113.020546
48.46582,120,113.038368
55.0577,114,113.041834
39.330215,98,113.065963
98.553894,134,113.127038
-5.616291,102,113.199908
7.663311,117,113.20308
-39.25762,162,113.2071
-12.562492,108,113.215934
-75.12434,106,113.219424
-53.797966,87,113.222469
-38.003437,105,113.246842
-19.244995,76,113.299443
-4.6986313,81,113.340778
-55.78667,98,113.361593
-53.264122,66,113.436635
41.069523,124,113.463682
14.022179,121,113.50356
54.828342,85,113.516467
10.549496,90,113.542526
63.85347,118,113.546179
13.438145,148,113.574371
-19.55249,103,113.574404
31.077656,97,113.593888
6.7055244,106,113.598138
-55.044487,115,113.617923
-7.4956436,87,113.659186
-105.2912,85,113.672526
4.93713,109,113.695603
20.634552,88,113.752486
-47.334824,71,113.80051
-54.543983,78,113.828812
-8.829067,117,113.888643
30.598343,71,113.926789
27.22948,65,113.931388
-43.981277,110,114.008813
36.148785,135,114.020913
-31.883392,112,114.036126
84.9117,127,114.054642
26.475868,79,114.059076
25.200104,108,114.062821
50.354477,76,114.095126
8.977818,135,114.102533
39.88042,88,114.164658
-123.14522,76,114.180713
145.38065,752,114.189491
28.153278,83,114.338119
12.1089325,93,114.348536
-0.3077469,114,114.358209
-60.34909,102,114.39235
46.709034,132,114.420825
-22.15281,100,114.424499
37.749996,113,114.462788
33.144352,82,114.483831
-27.050156,115,114.507786
9.299015,107,114.551094
92.803566,134,114.585186
91.007675,120,114.615
35.401367,155,114.618388
21.761398,75,114.661056
53.235035,88,114.665061
-3.3037376,105,114.731695
-2.0529594,77,114.735357
27.810036,121,114.77417
-93.845856,100,114.777482
3.4662209,86,114.794047
-17.887905,75,114.822309
-73.82797,111,114.822349
-86.16466,96,114.851383
18.64487,73,114.874789
11.895531,83,114.882745
77.12814,86,114.926855
22.934368,86,115.045687
16.27061,119,115.095894
50.68869,95,115.123259
-60.85286,86,115.135908
77.306244,130,115.135936
75.43079,95,115.139289
6.3954315,122,115.221908
2.0699234,107,115.246218
22.29797,116,115.307615
-17.56631,115,115.345313
45.177975,129,115.34538
-72.595055,80,115.390564
33.834644,97,115.400183
-21.001396,76,115.410852
-38.63659,79,115.42144
22.154758,103,115.506838
58.031914,124,115.567436
14.730938,83,115.598224
-29.171915,120,115.647094
-43.397346,113,115.647135
15.436653,90,115.66489
-75.89155,94,115.720457
-54.214466,103,115.761276
-21.935684,100,115.761316
-169.49556,98,115.765254
38.378555,121,115.772585
23.909294,96,115.915301
-42.458115,73,115.93125
-13.984581,93,115.93806
98.17799,96,115.990616
47.263126,80,116.009075
10.878544,140,116.009121
-15.32703,82,116.070975
23.755356,87,116.078891
-63.86708,130,116.116232
80.95569,111,116.171604
83.33397,121,116.217395
188.42003,756,116.261644
10.836742,94,116.279809
-69.055824,105,116.30786
-15.110813,89,116.350364
41.568394,90,116.354185
-19.3773,115,116.369412
47.55579,92,116.46577
82.43442,134,116.495072
14.162876,112,116.495116
-0.624321,120,116.534508
37.57406,92,116.619825
9.221783,78,116.6367
65.6129,115,116.643615
1.9330597,92,116.688831
-46.933353,95,116.71404
-34.288578,112,116.717762
21.26287,125,116.720908
-24.862223,87,116.811912
5.3521385,101,116.832315
-12.007862,99,116.85619
212.65216,901,116.86704
-59.20768,69,116.892471
-66.73165,79,116.920499
18.670856,69,116.938929
-6.940151,89,116.944355
-96.11889,147,117.061663
73.2558,103,117.090518
-18.547768,106,117.094521
-71.29797,88,117.171655
-31.869732,65,117.176074
-111.63853,103,117.183286
-31.082878,143,117.235057
5.557831,100,117.28562
47.61095,116,117.290362
46.030598,110,117.295031
1.9760704,135,117.333107
40.996586,79,117.389279
23.790863,132,117.421842
28.894375,103,117.444993
-8.719135,73,117.456554
194.25256,746,117.461797
-23.618874,99,117.465782
-10.875111,86,117.495251
-68.57039,62,117.515365
196.36826,747,117.546868
-35.146675,100,117.546902
-20.721535,63,117.616118
-41.372353,106,117.626496
75.524864,88,117.647815
40.279903,108,117.684176
12.645443,121,117.736118
-1.0242996,83,117.747159
39.829937,84,117.766453
54.18759,107,117.817673
33.13756,84,117.826479
-25.572746,114,117.880315
7.4596977,122,117.920975
-0.24568176,79,117.929916
6.4145126,101,117.929968
1.9962578,111,117.96824
-3.3779716,85,118.009461
2.255787,97,118.01635
-32.8108,81,118.048529
8.120327,117,118.0589
-33.32342,83,118.084607
31.363876,102,118.13264
21.18414,74,118.23618
34.924267,88,118.251342
51.38272,90,118.258133
57.892406,105,118.270108
22.33971,125,118.28617
-20.351902,78,118.307231
-11.78265,134,118.329042
37.166924,118,118.358083
33.69874,89,118.378418
43.003853,88,118.41557
70.31113,124,118.479359
1.8618279,94,118.497197
38.85695,74,118.527155
-20.134232,69,118.558792
15.609272,135,118.572715
-24.162912,83,118.576182
18.743122,84,118.599719
-49.451996,68,118.643171
-18.818127,83,118.650497
23.426899,107,118.673905
-73.24097,97,118.681774
-22.233852,96,118.737233
46.78569,92,118.774589
36.689373,93,118.894707
-70.17144,89,118.909774
46.46922,113,118.925138
204.8731,738,118.938247
36.179283,93,118.94157
69.28044,120,118.962786
71.69868,81,118.999527
-16.250717,107,119.015691
38.48431,80,119.077613
104.24443,137,119.096845
53.893925,110,119.096879
87.28532,126,119.129994
-22.854897,126,119.137017
30.307613,75,119.239824
-12.544899,99,119.28328
85.34579,107,119.297026
53.70964,123,119.344386
70.704315,109,119.397038
20.876026,133,119.425276
-21.204948,119,119.446578
-42.019466,97,119.450421
-9.683853,142,119.45462
20.850788,111,119.482171
-14.788521,101,119.492655
-5.739235,94,119.572843
-29.042015,131,119.602314
-110.1003,94,119.616242
-25.731407,63,119.616286
-85.95369,104,119.666929
17.54486,84,119.719544
-82.9781,80,119.731775
65.60955,120,119.769889
-18.261795,86,119.786613
147.88525,629,119.837358
-14.599224,104,119.862903
5.574444,74,119.883614
40.714348,128,119.902336
-27.98976,84,119.919665
0.085048676,94,119.941935
-21.034172,145,119.970365
18.722767,78,120.048619
24.615551,116,120.085054
42.772472,127,120.182702
49.199905,133,120.213752
86.32588,104,120.213786
79.747406,100,120.223925
37.685917,96,120.230726
31.460407,92,120.254779
73.74484,88,120.289083
37.640194,71,120.306518
61.682426,101,120.306549
99.21086,152,120.456378
49.23155,90,120.553714
43.207203,95,120.566054
52.734966,115,120.59441
48.247814,144,120.606759
18.985386,87,120.623871
-21.903225,95,120.652838
-85.018555,105,120.67284
39.467026,128,120.681346
-38.56285,123,120.703611
33.009228,74,120.849151
-43.417328,118,120.893238
77.02668,88,120.930479
23.024967,88,120.955082
36.847,106,121.008837
-42.333027,88,121.034975
-12.341717,108,121.05832
12.8823395,125,121.142491
-11.080933,159,121.146733
38.229183,133,121.165782
28.095085,80,121.18686
-15.653965,102,121.221787
-205.03076,460,121.249069
36.553684,97,121.312006
-39.05025,110,121.334709
-0.63674164,93,121.348589
-7.026455,86,121.372915
179.05722,721,121.377106
-42.556202,109,121.431403
0.4825287,86,121.461784
173.5279,654,121.478428
47.910408,115,121.584243
-63.145813,61,121.59237
-47.648064,130,121.661454
-14.598217,98,121.668617
74.9599,121,121.696724
57.515312,104,121.716111
28.96833,98,121.789047
-20.814598,113,121.789086
-3.3930511,106,121.864167
-93.54165,214,121.935003
96.49536,133,121.94946
37.907284,113,122.01047
-6.592308,95,122.057198
24.748154,112,122.072628
-28.705114,81,122.079753
26.595528,121,122.129615
-3.6534004,151,122.13395
237.88742,645,122.140155
-46.125626,136,122.149791
30.557735,102,122.154279
-20.02069,69,122.190744
-44.845947,74,122.193904
-13.565079,105,122.240951
-52.4372,72,122.308614
15.898182,73,122.333237
1.1226807,77,122.353544
13.384956,85,122.44364
57.64453,126,122.456065
-52.70481,96,122.472986
16.858322,119,122.576377
-48.245228,126,122.583755
147.7652,651,122.583785
37.34959,120,122.583795
-11.231991,123,122.633451
46.805588,84,122.655958
-29.416424,135,122.67131
60.36814,102,122.696073
-82.19231,73,122.702712
-43.23223,116,122.723812
12.044453,104,122.82496
18.569649,103,122.841851
65.88953,75,122.846885
-22.651276,80,122.87522
0.59410477,81,123.007398
40.722977,117,123.023184
49.051254,99,123.033276
-36.09453,109,123.055599
70.98561,124,123.05964
84.52443,95,123.099677
26.154743,111,123.136317
24.509937,82,123.158801
27.242294,132,123.182098
1.3313217,109,123.272389
29.201183,116,123.324085
-92.77879,581,123.353097
13.361454,79,123.425351
-43.57563,152,123.428927
-3.2033005,104,123.43934
-45.768497,82,123.45598
-11.748222,109,123.45601
69.395195,122,123.481847
-35.08727,131,123.498505
-35.880554,138,123.543606
9.63274,128,123.565641
-2.7001991,110,123.581524
-3.8950768,82,123.620291
177.71426,641,123.693712
-35.402092,104,123.734002
31.61396,70,123.737484
16.72639,102,123.816826
95.29535,104,123.84003
-10.435112,118,123.860893
-1.1848755,85,123.885047
34.84741,80,123.921134
-31.887865,101,123.921168
30.914734,142,123.977181
-16.40614,78,124.020427
61.327744,147,124.042604
43.319866,128,124.05883
-28.621136,98,124.103433
8.143612,79,124.111456
25.949234,83,124.14862
37.824333,125,124.164442
-10.421265,108,124.327768
45.992786,97,124.344312
46.958736,91,124.364761
-43.095234,130,124.369063
-21.97419,91,124.384964
13.240105,126,124.392767
25.465393,82,124.410891
-3.3516426,83,124.421824
-30.09961,120,124.507879
-7.2120705,100,124.537083
93.04651,142,124.675473
-12.994648,88,124.692473
41.13433,91,124.720662
85.15431,108,124.723793
-40.36155,109,124.744529
0.96658707,109,124.771714
46.768703,102,124.785499
-3.6972275,105,124.806705
15.087822,117,124.820908
12.564819,108,124.928177
5.804184,73,124.938752
43.94662,125,124.959282
7.9395027,90,125.015991
-34.400566,94,125.062093
48.05764,100,125.080875
-118.35894,86,125.121301
41.990692,119,125.222808
-18.551754,135,125.243248
27.697212,128,125.243298
79.251175,84,125.255188
25.751266,98,125.295991
-5.0376053,97,125.329914
18.970577,79,125.386465
165.95728,849,125.390408
-7.410511,86,125.449273
96.27409,110,125.480083
-18.725487,79,125.552168
34.92377,103,125.627638
14.940136,104,125.631585
26.073025,111,125.639528
1.3884354,168,125.64717
77.15456,97,125.683447
23.34922,103,125.76849
-3.672432,106,125.774725
-0.71559906,263,125.796641
79.15483,135,125.796679
-35.557106,101,125.818215
-13.107182,87,125.871311
21.701702,90,125.963152
58.778976,132,125.967178
43.553432,89,125.967222
8.150787,90,125.979995
182.26447,743,126.019241
2.836834,91,126.023239
-5.2924423,87,126.094128
63.590538,145,126.158647
-2.7042198,117,126.192708
1.409359,118,126.223049
-4.934017,100,126.229644
17.475113,74,126.229676
-24.912807,61,126.233179
209.98157,786,126.331932
24.668041,142,126.335467
17.010292,104,126.352584
-6.644554,154,126.358829
53.076168,111,126.371839
58.349804,125,126.415683
15.995411,89,126.480233
56.540195,134,126.5041
-53.061123,88,126.510223
24.756859,116,126.510248
-37.82592,84,126.534978
243.83522,741,126.588437
4.778496,105,126.613324
35.30381,77,126.632111
-2.0784912,117,126.655877
29.875164,120,126.660179
89.94321,90,126.660207
50.982906,88,126.67218
-15.500786,89,126.737624
48.30137,102,126.737664
-25.151764,123,126.777481
2.0124283,99,126.86786
2.2788582,72,126.917176
50.55836,96,126.982382
-45.787556,114,127.004101
-17.468792,108,127.007473
87.68715,139,127.007507
32.801113,134,127.021439
-5.8602257,79,127.021466
-37.68421,100,127.03307
39.413925,110,127.059015
38.764942,116,127.079287
22.013214,164,127.105444
43.519585,72,127.132332
-7.086876,114,127.149999
58.57623,117,127.201783
20.727299,81,127.279509
76.13115,106,127.305434
11.8903885,83,127.309922
-32.922382,83,127.386016
72.64792,100,127.390769
77.06284,111,127.420999
-20.327473,113,127.443846
3.6812973,111,127.448061
26.42899,97,127.469183
60.11003,135,127.513567
71.56969,109,127.543837
58.006973,139,127.581249
37.764862,120,127.603326
30.920822,100,127.667262
32.157604,109,127.733507
2.043293,119,127.763525
14.391281,99,127.770519
54.326904,104,127.791801
-18.852348,104,127.838665
-3.6355553,107,127.852981
25.759617,91,127.85646
15.289314,114,127.898717
11.930103,87,127.904769
-26.412155,133,127.921518
53.030277,81,127.958791
-0.9019928,97,127.962742
-15.982475,80,128.076487
30.882183,149,128.089762
48.27736,90,128.089807
-33.898827,110,128.121057
53.105465,111,128.163513
30.271149,93,128.175231
-7.4868393,94,128.198354
40.316483,107,128.297595
-12.090305,126,128.425549
-136.1343,334,128.444732
94.63936,155,128.46886
-2.7496681,106,128.472884
10.62682,76,128.480405
-74.520515,105,128.484607
81.49734,86,128.49485
31.585957,120,128.535925
-56.423813,103,128.543621
-10.725765,125,128.58945
-2.9362793,82,128.600432
-125.36232,195,128.639019
9.446182,77,128.749401
-71.15847,72,128.757005
-50.068924,82,128.778317
-18.535168,72,128.805696
6.1102943,99,128.83151
19.171837,111,128.851655
60.557644,121,128.925153
22.175087,96,128.949876
-66.54817,90,128.964282
0.038532257,118,128.968385
26.916763,120,129.021339
52.34852,98,129.099984
-93.305664,193,129.123992
2.5404625,77,129.124029
-38.01691,84,129.131808
-93.33924,62,129.141085
-24.05846,109,129.144704
167.74498,728,129.150428
-53.640205,112,129.181103
-76.9414,104,129.181152
91.45748,96,129.480856
-18.272636,94,129.494536
57.043507,113,129.515906
43.906464,154,129.522908
94.07425,154,129.52675
8.658447,100,129.550316
63.18241,116,129.553767
-7.4122276,124,129.612127
51.535923,133,129.627696
35.64599,143,129.719193
-23.105412,79,129.812912
56.878204,96,129.871847
-88.38697,85,129.881686
4.761078,87,129.920523
57.148632,102,129.943693
-16.1409,96,129.956412
-26.498291,108,129.981668
23.509956,96,130.029086
69.573044,78,130.156361
73.31868,84,130.285458
24.421684,85,130.312487
42.399124,136,130.318206
28.275692,81,130.333
110.12846,121,130.401612
69.542885,127,130.434829
-34.982964,130,130.519303
60.23771,130,130.57905
-25.066418,86,130.664762
-26.10323,85,130.66481
43.95484,97,130.682983
210.99396,744,130.72203
29.52832,147,130.758215
12.407444,121,130.818887
50.566025,114,130.855582
27.665562,100,130.914206
270.02942,771,130.953691
-41.289043,107,131.019337
33.736572,90,131.038959
107.2142,156,131.072285
51.227642,102,131.110937
61.504562,120,131.16291
12.828461,109,131.225336
55.961014,87,131.230034
-19.252808,108,131.282389
-24.00745,99,131.342441
89.46876,90,131.347207
4.364128,76,131.486067
16.452538,106,131.519502
2.004547,133,131.575459
31.814144,139,131.619078
-32.1651,106,131.673103
-45.47471,95,131.678164
-28.092531,84,131.687794
86.60715,124,131.748097
38.780884,152,131.752615
12.45364,69,131.809557
-5.6823044,84,131.842734
-7.452896,122,131.860983
-11.322433,83,131.992895
30.131641,109,132.067371
27.013,75,132.092454
243.36928,765,132.106323
26.025394,80,132.120569
25.60572,100,132.134038
71.795265,131,132.273163
16.297619,88,132.273212
123.4494,631,132.336435
44.759605,133,132.446847
198.35095,790,132.462817
57.77038,147,132.482783
56.63566,124,132.551302
42.172817,106,132.579737
84.220795,110,132.584775
70.37154,116,132.635001
-12.944675,118,132.6557
-37.401268,80,132.686597
-218.9913,878,132.699101
-82.30489,98,132.699136
31.37613,159,132.770756
41.31836,114,132.770808
-29.867523,79,132.828318
25.716454,86,132.840792
96.47099,101,132.895357
41.410873,75,132.984695
-8.325218,99,133.012645
34.83772,115,133.074006
-40.389793,96,133.114878
15.265976,113,133.124963
10.763367,102,133.14054
71.14993,87,133.14576
27.604702,107,133.150882
43.45619,146,133.189035
28.29977,98,133.268316
-51.09407,610,133.375232
85.86865,141,133.383482
27.25866,92,133.383508
42.75392,78,133.492704
12.341389,86,133.517908
9.020424,164,133.535977
-17.179539,100,133.576381
-12.055428,123,133.605372
0.067848206,148,133.645017
-53.878113,67,133.661727
37.552082,129,133.666148
54.39055,135,133.75891
4.991371,131,133.826479
27.068382,118,133.883934
-13.29126,120,133.899201
-26.057552,98,133.913358
47.092667,71,133.962975
111.261856,97,134.000108
-0.07362747,116,134.018634
21.068317,120,134.055114
1.3539543,91,134.06547
-9.564224,107,134.073023
-78.1113,63,134.293996
2.9758797,105,134.306643
13.974205,148,134.342315
28.210167,87,134.361554
56.63992,140,134.400246
-16.985535,108,134.404648
-47.112167,115,134.419942
-65.95992,122,134.433565
-94.00843,86,134.457443
-20.491562,97,134.457481
-20.58134,113,134.562923
-5.13813,123,134.623293
48.652035,80,134.700722
-71.15938,80,134.737058
32.17407,88,134.797532
44.54148,118,134.845776
40.146423,143,134.927509
-2.4225197,149,135.051872
76.40161,140,135.069409
92.97247,104,135.081531
26.802479,108,135.17294
61.708126,141,135.177775
-82.27872,527,135.19509
56.186604,115,135.297864
46.04168,92,135.321179
30.056683,112,135.329279
29.463097,140,135.346276
199.09924,851,135.433888
-75.95535,537,135.474104
104.2305,101,135.610814
85.73398,131,135.632574
83.43808,137,135.639768
21.61457,138,135.674898
-20.56023,119,135.709866
39.163857,106,135.754677
80.12463,138,135.775297
-30.462013,113,135.919126
28.858185,138,135.943247
83.76964,143,136.083534
51.155674,103,136.150717
31.023975,113,136.159829
45.534027,132,136.199678
90.61977,125,136.288421
23.853958,164,136.308847
-42.510246,117,136.426295
-22.78637,83,136.450362
14.748268,101,136.647666
33.287205,119,136.677586
-10.566101,126,136.842482
68.06589,126,136.863041
-8.695503,98,136.871221
-101.47871,569,136.893001
-15.197918,133,137.001779
53.48197,125,137.18048
203.39005,720,137.400488
67.35482,137,137.449518
52.06001,136,137.45407
51.402126,107,137.458624
46.79693,141,137.495972
38.120644,159,137.521547
34.808216,90,137.558214
16.51548,87,137.822775
6.7277107,89,137.837001
8.510113,84,137.854809
11.262672,81,137.8689
190.6355,795,137.891022
1.7601814,120,137.922269
23.265633,119,137.969787
38.596092,109,138.036411
66.318886,92,138.243243
-13.857658,119,138.341677
45.138603,114,138.352913
125.90752,703,138.358057
74.633484,117,138.396684
-92.65175,113,138.410802
65.385635,135,138.459998
52.8799,102,138.476919
-30.84459,124,138.50079
237.4667,726,138.783775
84.60354,125,138.79177
17.392765,88,138.842459
99.71214,102,138.85527
155.42976,816,138.862304
225.87323,721,138.894977
46.565887,134,138.934921
15.496208,125,138.947066
66.44545,136,138.952064
240.4185,720,139.06196
221.80981,679,139.109243
72.31948,117,139.293594
-2.4124718,92,139.297451
-64.59801,89,139.322562
-7.2886543,114,139.358716
76.30373,119,139.363811
13.3355255,141,139.402182
-17.717861,89,139.446021
8.512905,121,139.470305
149.14793,654,139.495044
73.37559,138,139.537154
16.01183,133,139.67112
-12.456863,91,139.67964
1.6754646,98,139.706448
68.012115,93,139.750396
50.924225,103,139.83426
22.324429,87,139.838038
-19.791656,123,139.879733
-9.361179,107,139.897266
5.2232018,90,139.920755
74.01362,113,139.977314
76.89963,121,140.230518
-24.37883,92,140.243738
18.828236,132,140.243774
46.09525,95,140.298295
60.308598,123,140.370678
81.29736,122,140.430269
-17.043968,129,140.478922
67.76756,89,140.621011
28.058533,165,140.688875
-57.996048,245,140.728323
-36.39891,119,140.733394
44.84687,128,140.78608
-6.7991867,116,140.790611
15.023052,117,140.874418
71.80212,121,140.953001
-89.88403,68,140.992381
-28.205914,118,140.996938
69.9433,108,141.095101
22.372002,80,141.143465
2.905384,110,141.215551
17.124893,96,141.291721
55.24014,118,141.307719
16.973305,136,141.327865
25.731564,90,141.341379
22.331764,83,141.345469
10.232063,91,141.38967
-69.63945,72,141.405573
239.71184,689,141.45292
248.45277,753,141.606122
-34.39723,123,141.663035
-40.30271,80,141.66872
28.883865,77,141.668746
228.10191,736,141.677549
-43.032883,72,141.690139
-55.61326,95,141.716435
-31.054987,119,141.725552
22.548927,77,141.73521
-64.388725,91,141.739593
2.7375145,110,141.764034
9.456268,100,141.885054
57.481937,91,142.088909
44.97581,117,142.179136
52.083916,127,142.265236
241.87315,796,142.293421
76.88646,137,142.331683
3.6519356,104,142.335753
35.74391,154,142.335778
111.203705,155,142.343558
22.890957,139,142.363035
8.843708,73,142.400715
33.116592,75,142.502063
30.062443,77,142.662504
62.22129,84,142.704575
-3.230915,94,142.736147
-171.22069,110,142.73619
5.5606995,106,142.742564
10.633377,107,142.787427
30.679745,91,142.787464
189.4377,708,142.797824
248.73271,817,142.828012
15.014301,81,142.838528
13.094715,115,142.847335
-91.17226,60,142.975617
86.606964,102,143.075371
50.755196,87,143.168414
11.404133,103,143.176565
37.33505,122,143.25316
-72.553665,96,143.25321
64.27643,111,143.261166
14.841969,135,143.273119
-12.564934,109,143.292295
8.992592,129,143.336777
58.034348,116,143.345116
5.884369,101,143.413243
-4.483444,97,143.589705
-13.253178,119,143.593252
-35.930626,107,143.622345
-6.409649,90,143.650208
-47.9108,111,143.719248
-18.918736,98,143.749489
13.956486,138,143.832311
74.75276,142,143.86233
5.798378,115,143.90847
22.443695,107,144.107673
25.475506,127,144.164127
98.471436,134,144.164192
67.683205,198,144.184212
76.109406,83,144.188826
48.597256,92,144.250409
28.896809,85,144.528054
29.821934,81,144.532942
-3.892334,81,144.537848
-109.82114,186,144.5477
7.340107,119,144.685163
-26.599823,144,144.732113
38.075714,81,144.882716
248.09828,752,144.900254
-5.0043755,84,144.913279
32.49677,102,144.97659
211.2914,767,145.012382
0.4562111,78,145.072193
43.18532,129,145.10223
18.685871,120,145.205966
-63.456207,76,145.249306
-45.078964,87,145.281939
252.69392,831,145.299041
-42.295967,101,145.325848
214.91,872,145.357177
22.799007,86,145.460003
-17.681957,85,145.5965
90.55356,110,145.606161
62.801674,96,145.742731
-14.781464,77,145.805731
3.9608955,117,145.8169
3.5107079,110,145.864607
51.390602,108,146.071297
51.566643,84,146.102829
-85.976524,652,146.13264
34.352512,129,146.157241
-35.421486,99,146.24241
42.7517,107,146.31417
-161.22182,236,146.367424
0.893795,107,146.608924
10.897194,122,146.621228
76.76879,111,146.717013
-22.701813,143,146.745253
210.60144,791,147.02633
49.05237,110,147.091732
130.67659,657,147.127196
50.24574,90,147.13761
3.4044228,127,147.188075
13.260319,81,147.506439
-30.563032,76,147.537718
38.3049,97,147.541733
23.909405,119,147.582548
218.58908,885,147.608775
266.06635,927,147.993666
-11.246193,699,148.082615
-13.607334,106,148.082663
31.350029,130,148.126601
56.220745,132,148.130801
-85.130486,212,148.439237
-30.474815,117,148.487539
46.297623,97,148.494568
134.9518,735,148.494596
-20.769753,97,148.494606
-18.622887,87,148.498606
197.03406,799,148.534422
-129.0209,229,148.57353
7.0078316,136,148.702715
150.95633,547,148.724401
-13.764256,88,148.808174
12.711937,82,148.834297
-30.549042,95,148.891194
-16.870659,100,148.912457
5.9226646,97,148.941134
-1.9529572,107,148.941174
194.37845,752,149.089863
18.927284,101,149.131986
11.584534,154,149.152055
61.219215,105,149.260123
32.34057,81,149.264109
64.49237,125,149.383077
24.976925,109,149.426546
36.25438,88,149.517016
2.921112,132,149.523546
38.740406,149,149.543191
-23.614529,113,149.581455
204.59964,806,149.595014
-63.771973,78,149.6076
259.05035,772,150.110855
7.445137,126,150.153821
162.01501,945,150.500137
189.07101,804,150.652614
-115.999756,260,150.742109
-63.191525,573,151.229494
-57.39552,490,151.421376
176.48755,568,151.648625
30.245079,98,151.657727
44.279266,100,151.848425
42.73509,91,152.051437
-282.3319,364,152.109277
41.84254,110,152.133064
173.45038,634,152.209744
13.136799,100,152.297178
-35.10327,85,152.482946
195.65009,910,152.560852
54.00012,127,152.774529
219.18892,740,152.779921
2.8486404,740,152.784389
71.621216,187,152.888799
-133.94159,513,153.017867
200.90672,794,153.079562
14.592041,141,153.187658
-7.794445,103,153.23071
170.78342,587,153.257757
-2.9153252,85,153.26198
70.38266,118,153.289842
30.947144,91,153.409328
214.29842,886,153.439044
-3.510765,75,153.505642
242.68523,953,153.558135
42.163486,114,153.567211
-29.100876,84,153.640522
237.67708,809,153.649424
-32.634308,98,153.666524
9.6812935,99,153.676198
67.43988,134,153.799174
-20.211235,95,153.812464
-1.2753906,94,153.837524
-109.055176,273,153.956873
216.44304,881,154.003211
44.190678,107,154.300967
-64.5311,512,154.372502
62.0867,170,154.419097
83.1664,114,154.519642
40.90615,133,154.555199
-44.124825,68,154.6161
-56.28527,83,154.737297
40.43042,106,154.886612
21.116669,88,154.900625
35.949554,117,155.393872
230.44406,777,155.713475
6.4742775,112,155.904566
-21.659248,529,155.987983
-44.3395,810,156.044522
-147.37209,521,156.110121
45.299866,114,156.203506
219.70483,582,156.36457
72.79245,121,156.425716
70.47423,89,156.429875
208.22249,703,156.605502
49.896595,129,156.692309
74.31491,99,156.807869
232.42792,745,156.84247
43.891846,145,156.850727
81.37459,110,156.917596
47.71636,117,156.952617
228.09413,757,156.98655
4.039856,754,157.006712
203.79358,797,157.07806
11.253151,138,157.204422
230.06538,612,157.242195
18.688496,106,157.297693
85.80174,90,157.30331
25.21246,108,157.318708
9.257355,124,157.347211
77.47165,94,157.390435
28.125137,90,157.394528
27.125038,135,157.534423
43.266075,115,157.581864
198.70473,659,157.640498
-22.868065,88,157.696044
39.65582,109,157.72389
224.34322,712,157.742891
17.55532,81,157.750329
-16.069881,101,157.764941
1.113266,93,157.951374
-88.60826,71,158.064754
215.23935,720,158.073838
5.495838,114,158.083369
76.42641,83,158.131356
108.790855,91,158.146742
69.66766,128,158.281625
-32.16734,149,158.342656
-3.2976608,91,158.452235
-4.58366,131,158.509981
-23.112099,107,158.52921
7.512123,107,158.538057
4.0839195,71,158.587234
5.1357346,125,158.685721
48.774063,145,158.75444
11.269817,117,159.066099
-89.827034,599,159.318497
229.58977,761,159.337083
83.90827,139,159.675776
26.05587,116,159.822363
-36.802284,612,160.037195
190.38092,690,160.230155
43.397297,124,160.352974
-40.12876,485,160.658417
87.999664,117,160.730906
-64.54556,777,160.781077
254.80339,750,160.912772
78.247635,138,160.948095
63.4734,89,161.034363
-97.27292,563,161.148935
187.94595,889,161.187972
-47.395504,626,161.191905
-1.1922188,117,161.240294
28.54741,115,161.285104
24.367138,99,161.345223
185.5969,653,161.365334
7.222023,99,161.378604
-190.00153,494,161.468051
235.73427,727,161.510919
-70.05945,640,161.544923
40.27316,100,161.573574
1.1354828,109,161.651724
51.046436,99,161.660377
-5.052582,712,161.69083
-14.152889,102,161.721535
109.21762,101,161.779987
15.895607,81,161.815081
-41.861183,113,161.85099
8.357906,130,162.066944
66.63667,100,162.078871
95.73256,127,162.087832
24.092735,100,162.087857
9.758625,95,162.095706
62.77078,128,162.120494
-37.798943,119,162.224001
-69.46953,99,162.270266
180.49622,546,162.388302
84.7937,103,162.542546
-3.6823425,675,162.606887
99.26557,140,162.712111
92.654625,153,162.765768
69.653595,114,162.783478
55.013092,138,162.845402
98.80374,101,163.212724
1.3192673,133,163.295848
-116.079895,576,163.709706
-40.258266,620,163.75119
3.0552635,125,163.845292
36.32467,167,163.946317
-117.84821,502,163.979269
-2.2387314,111,164.178795
101.0594,115,164.240306
40.233917,86,164.305427
-89.116,112,164.321879
36.55867,92,164.368856
-12.81237,82,164.666797
50.42823,89,164.682949
-24.31282,605,164.753935
219.27919,783,164.774362
53.612034,102,164.805001
60.28666,149,164.880803
9.551659,648,164.893157
232.60065,661,164.980834
-58.31077,567,165.000386
180.76419,742,165.04049
-107.42598,89,165.05562
-15.739246,96,165.098322
-137.34212,538,165.111345
4.7304916,604,165.212386
48.121914,120,165.319054
76.44206,89,165.37905
-11.428154,692,165.391208
-2.7565956,128,165.439945
205.97969,619,165.516731
103.00563,127,165.601425
-16.97787,81,165.681649
-6.4743843,174,165.80617
-53.88945,540,166.545968
74.9319,79,166.883678
-101.47868,457,166.888586
-75.26326,474,167.055227
54.63702,77,167.218672
16.12954,66,167.346065
205.32202,596,167.371849
55.37775,141,167.485061
216.90656,631,167.533395
-52.472687,63,167.607537
-28.700829,520,167.718543
-62.639984,608,167.761817
-66.295166,541,167.766486
-26.081268,525,167.831919
-2.5628395,99,167.974091
-109.51239,657,167.995217
-94.94094,529,167.999353
48.41187,108,168.094443
25.904396,89,168.162313
70.98828,115,168.235642
88.79701,114,168.278877
8.633507,661,168.289996
210.48288,572,168.318886
155.91245,631,168.385649
-28.407137,101,168.44776
-4.918133,108,168.452746
33.35269,245,168.566304
-144.97247,279,168.591515
84.77025,129,168.655362
65.90451,148,169.075963
35.962906,126,169.102584
-29.681818,113,169.135964
28.337662,129,169.140717
34.107254,1000,169.591547
55.311665,131,169.676271
28.643211,156,169.823735
-43.055107,631,169.963743
-54.985874,543,170.357476
-83.22555,581,170.362906
-7.790268,498,170.452619
52.970036,113,170.461722
-14.32589,181,170.61417
-134.22766,573,170.729381
-22.053421,622,170.874626
8.33123,589,170.885206
21.380112,91,171.018667
-28.450993,98,171.161716
-0.09176636,647,171.200135
-37.17367,526,171.385932
-28.709572,119,171.393423
83.51975,120,171.409932
-130.86432,546,171.537633
-220.26523,277,171.585902
252.81346,721,171.597725
24.652042,76,171.731317
31.094799,142,171.829693
67.83112,106,171.87667
17.401905,90,171.936174
52.87683,90,171.983036
191.61348,867,172.062862
-0.97919464,595,172.199121
116.421036,95,172.295167
-30.724586,601,172.324244
81.11948,134,172.651911
55.97521,105,172.663188
-24.019974,600,172.993494
-23.249191,589,173.041795
-8.43029,101,173.104408
-34.702713,605,173.119877
-236.34222,354,173.277133
46.814224,564,173.480353
-31.790123,588,173.719959
-66.10216,296,173.92775
39.61812,168,173.99853
209.93134,601,174.003505
-90.52278,553,174.00353
14.984734,531,174.142094
-10.352585,499,174.158758
56.269104,81,174.36128
89.716255,96,174.430492
-2.2853966,84,174.730234
5.3149567,638,175.091702
69.59697,87,175.100915
-30.602634,219,175.105867
190.23691,746,175.184526
-25.506882,672,175.219441
-110.802826,523,175.386117
6.6687393,105,175.665679
-35.472282,637,175.801232
13.366402,650,175.81593
15.934532,168,175.905362
65.91164,150,176.027574
-0.7672653,588,176.02762
124.51988,120,176.174652
201.56754,758,176.376604
55.74593,143,176.405887
-83.02948,473,176.459947
248.7746,657,176.561282
-125.553795,359,176.639986
-89.97898,642,176.698929
101.590675,167,176.745088
-14.17609,113,176.95663
86.771965,118,177.083756
-33.67106,687,177.108371
159.08398,743,177.221532
64.161606,127,177.260169
-157.7914,210,177.554313
-139.16171,302,177.691458
32.50275,104,177.717999
-55.87795,640,177.852209
15.748039,691,178.087917
73.69352,114,178.185865
113.1514,114,178.211726
-3.8791046,591,178.460526
-12.2356415,617,178.477287
-46.853485,498,178.567
40.754402,127,178.745355
-48.87138,635,178.937451
-19.753044,512,178.984394
-33.326866,473,179.032492
-24.98925,450,179.065246
83.559975,113,179.096386
178.55533,959,180.23459
9.469093,532,180.449334
-1.870575,656,180.45333
-30.781555,759,180.564558
-83.15981,479,180.611889
48.127544,94,180.646718
-2.7060547,808,180.67134
0.3199005,576,180.765742
-123.380486,442,180.987392
84.28278,82,181.031102
76.47728,100,181.053449
84.01149,94,181.062312
-7.870514,613,181.180897
-107.530525,498,181.191139
84.6743,111,181.252082
-81.23889,808,181.437443
107.541565,83,181.437497
16.29784,89,181.593297
-33.05976,126,181.617679
105.47121,125,181.740363
-14.132317,727,182.156239
42.06124,134,182.195248
66.94701,113,182.232305
-33.588875,794,182.257586
-24.817947,761,182.408723
-24.459206,795,182.576846
-76.04659,473,182.626996
47.79703,112,182.633972
5.9276276,105,182.671787
72.10447,117,182.742797
26.251106,94,182.794432
53.473297,106,183.082006
-100.99017,475,183.484931
72.92699,105,183.549336
-42.292065,714,183.564723
27.65464,173,183.564779
-14.012062,756,183.746288
4.260498,641,183.81341
-124.94987,569,183.89972
75.46211,139,184.091848
50.015102,150,184.213588
38.283005,76,184.226164
29.961262,115,184.248593
-26.212257,706,184.319817
-7.9462013,115,184.319862
17.43129,690,184.585467
49.128834,80,184.603952
58.683567,93,184.626856
66.33087,130,184.665009
125.97804,114,184.734162
-34.29718,527,185.047183
1.1450119,155,185.25399
-46.627132,618,185.261802
-68.30191,713,185.282373
43.52012,1000,185.33468
-43.993217,640,185.458735
-14.716507,650,185.462737
88.03597,88,185.635828
97.831436,135,185.855998
-5.939636,99,185.899347
150.50665,581,186.079209
-53.92045,626,186.290319
6.0486565,124,186.389221
47.39747,117,186.401318
36.35204,100,186.508348
-15.761452,579,186.826782
-56.61653,550,187.040125
-30.676926,647,187.125024
-30.37001,584,187.151026
-17.589554,571,187.200397
2.7255936,627,187.314118
78.41733,107,187.613818
-43.095997,533,187.764451
-112.78124,656,187.887413
-1.7929382,611,187.938907
-6.541336,620,188.035638
87.374146,181,188.114358
-69.71483,600,188.246927
27.5826,103,188.348317
-23.605423,120,188.462481
-51.263786,497,188.667838
-67.75697,658,189.139312
-12.579056,696,189.40948
-296.26883,437,189.520634
-180.18024,578,189.565678
-69.29013,645,189.643201
-31.91703,577,189.715081
158.64761,834,190.020218
120.643845,698,190.159526
-53.865696,478,190.318695
-13.639679,538,190.444835
-75.05583,565,190.481546
42.04249,104,190.612152
10.261467,691,190.782299
50.180706,114,190.822224
73.86781,117,190.99479
23.349262,95,191.030203
-18.216476,463,191.158086
104.289474,137,191.613577
170.82848,737,191.657062
-33.947983,533,191.715818
-50.807816,794,191.774884
-119.387436,553,192.027471
-50.16406,612,192.163759
-57.43961,608,192.182819
133.64023,122,192.238941
25.63905,124,192.312949
9.790558,103,192.466903
206.44016,901,192.569831
200.75815,692,192.718464
-21.161972,528,192.739954
-107.163025,660,192.892234
-316.5945,428,193.011344
-54.676598,530,193.294552
-46.354218,599,193.376746
-25.554657,593,193.391841
-160.51959,487,193.776733
-57.63868,501,193.799396
9.6214905,186,194.117862
-8.55101,484,194.296688
-88.08216,521,194.4793
-30.269394,462,194.50911
-44.168015,501,194.522401
47.919895,134,194.708508
-24.6549,491,194.74106
-71.9453,493,194.888325
-82.74875,490,194.89781
55.75846,111,195.233252
-22.631508,532,195.356442
82.977875,197,195.396187
-61.88736,500,195.591255
-48.65882,801,195.762533
-30.0112,715,196.01592
-44.308727,534,196.135208
-55.713737,454,196.264987
-77.98314,489,196.598496
-95.372665,473,196.753765
-26.305351,538,196.842927
-51.4804,474,196.934361
177.88045,787,197.217408
182.86867,902,197.314824
0.07878876,571,197.368875
-47.197678,488,197.49825
-19.938538,484,197.681563
-51.538097,604,197.830663
78.36635,113,197.848478
-11.381401,487,197.861236
-53.971592,494,198.138909
-52.11025,492,198.249843
51.740704,101,198.275537
-73.937294,476,198.319548
-17.165527,476,198.894565
-94.21778,501,198.910778
-80.93208,484,199.011042
-84.34892,507,199.390858
61.77435,107,199.47243
32.834763,147,199.538182
-146.2188,690,199.572403
-84.57398,494,199.616402
-25.076006,1000,199.654037
-12.338272,492,199.934062
-93.17717,637,200.028318
-127.63852,531,200.116274
-92.90028,494,200.241439
-108.40497,495,200.354408
-112.27181,505,200.415087
-64.108955,531,200.566934
-54.590748,89,200.614547
-111.109665,517,201.060667
168.20407,839,201.215428
-51.008408,471,201.343542
-102.55911,516,201.701668
-100.34678,494,201.717868
-67.34349,516,201.730701
-43.721924,543,201.746549
-7.5395737,482,201.953447
-45.636223,487,202.075668
-75.4419,611,202.174915
-74.44052,501,202.226399
-27.703835,166,202.451059
-62.3519,505,202.481717
-95.548584,493,202.648789
-91.62178,494,202.693979
119.561874,87,202.840579
-29.782959,595,202.918326
-86.56406,490,203.283246
-84.45725,504,203.476562
-73.02949,592,203.555735
-28.908653,460,203.63934
-105.90195,493,203.813336
-61.669464,531,203.959746
-82.419266,473,204.068255
105.00943,106,204.088737
-71.46322,501,204.291335
-87.40136,510,204.384596
-107.49212,480,204.477422
-92.69924,663,204.751072
-85.20615,495,204.789266
-95.88443,517,204.832274
-59.22721,481,204.957165
-65.85309,512,205.009695
28.895565,106,205.198163
-37.975094,502,205.406265
29.96996,113,205.473254
-135.08643,491,205.544941
-54.47021,501,205.664356
-17.850807,470,205.775224
-56.76909,481,205.974147
44.549217,141,205.994761
-5.9845886,480,206.099812
-46.268723,511,206.209522
-63.539963,63,206.264697
-66.306274,472,206.269921
-50.551525,485,206.413628
-40.101677,83,206.459353
-65.506546,489,206.530153
-233.82129,389,206.834998
-133.79027,493,206.908063
42.091206,125,206.955096
279.89734,297,207.054533
-92.4431,498,207.063531
-44.438133,550,207.111828
-84.29234,505,207.620729
-80.49779,495,207.649845
-136.39972,507,207.820792
-61.345207,500,208.1176
-92.81865,486,208.30218
-129.734,519,208.493053
-48.18573,488,208.558413
-1.0716858,587,208.784641
-83.45777,565,208.950581
-90.77224,497,208.962936
4.3899994,111,209.020672
43.25631,130,209.041608
-76.36599,502,209.05492
-77.34326,493,209.059504
-24.54908,472,209.124201
-41.747086,484,209.124238
-83.229126,508,209.213898
24.121387,120,209.566523
61.894257,113,209.612353
66.43497,131,209.62301
-18.430176,477,209.673248
-114.28085,503,209.805564
-37.422153,483,209.895221
-82.24558,497,210.230287
-52.286007,480,210.340064
-34.99019,506,211.15684
-49.598267,554,211.286743
-63.870525,528,211.352734
-55.159447,619,211.655247
-63.22219,583,211.679193
21.551292,131,211.706492
-34.131607,658,211.737741
-58.534424,512,211.771001
-155.06378,508,211.800254
-102.11473,497,211.894081
-51.879204,482,211.919127
-34.571083,560,211.92311
-47.587635,575,212.025836
9.3834305,785,212.093403
69.27779,122,212.313989
100.038086,153,212.353786
64.183876,82,212.37394
-76.91262,489,212.389578
-100.920525,538,212.48967
41.39424,276,212.514288
89.63573,85,212.750491
56.487076,118,213.038145
-106.73502,493,213.396296
-23.933495,486,213.741317
-115.446945,487,214.010031
-64.23122,530,214.04291
-107.53153,511,214.083957
-73.23338,506,214.093491
-128.28262,505,214.265256
-53.16346,618,214.381673
77.45232,101,214.527936
-94.52905,516,214.534742
88.187225,126,214.54705
5.786537,143,214.697954
-58.155663,540,214.71603
-82.63345,522,214.741816
-28.958504,507,214.942761
-27.0606,612,215.010083
-74.745895,514,215.272221
38.04867,1000,216.010546
-81.14207,695,216.409093
-70.38795,589,216.599827
-113.95463,542,216.622821
-63.74956,521,216.653032
-34.84281,496,216.684841
-79.496666,506,216.751181
-42.318413,714,216.832363
-114.33062,498,216.913551
-89.45845,510,216.922908
-50.906788,510,216.939065
35.648354,114,217.182839
-65.60179,518,217.182889
-43.093334,136,217.190969
97.78056,91,217.229487
-51.19111,80,217.263701
-48.43576,528,217.293182
22.202015,76,217.50175
92.70735,96,217.585032
75.338104,82,217.633888
-61.951508,792,217.971403
-101.21515,715,218.365391
-83.46946,538,218.742993
-105.250885,653,218.837123
34.995922,109,218.846053
-117.005516,515,219.183931
-122.54964,655,220.126643
-93.33537,745,220.183704
-96.3053,614,220.204955
-131.36673,511,220.227978
-87.52489,827,220.269155
-63.52746,612,220.279816
-68.44513,825,220.356468
-84.18726,771,220.561106
-126.87153,779,220.62939
-61.25716,966,220.833776
-113.63882,501,221.034067
-132.61885,850,221.371041
16.05056,126,221.395382
-87.23421,508,221.411287
29.35276,144,221.669917
-136.61786,703,221.920188
61.52751,126,221.953158
60.54819,99,222.376253
-86.70876,841,222.423491
-112.9998,510,222.489166
-112.01348,541,222.538728
-105.049706,548,222.741761
-141.668,510,222.851049
-112.48817,602,222.899871
-86.00326,682,223.165575
-219.15283,715,223.234596
67.3777,119,223.359136
-91.57645,728,223.379247
309.0458,249,223.48467
-45.7428,682,223.51432
283.39294,204,224.258121
-132.86963,494,224.538426
-130.12285,700,224.726323
-90.02269,511,224.731043
268.98074,307,224.89187
-73.5126,805,224.891915
61.675667,95,224.956882
-91.49114,846,225.116439
60.610577,110,225.208992
-59.039455,797,225.399456
-80.614456,608,225.566221
-74.702545,689,225.765146
-87.065956,818,226.141205
87.44464,128,226.149254
-113.68013,631,226.182423
-77.16512,665,226.442558
-80.26893,74,226.465651
-87.85116,506,226.508285
-266.10773,759,226.521846
176.24707,787,226.716811
34.4127,114,227.224413
-104.67528,520,227.41424
-84.53685,530,227.553705
66.59676,119,227.932004
-132.28458,502,227.989982
50.118187,104,228.009198
-81.16133,787,228.203211
-98.30307,650,228.273401
8.580708,81,228.296639
-138.1547,830,228.566315
39.59099,97,228.705033
-118.048386,525,228.826707
-92.87985,884,228.860635
-78.98926,905,228.88242
-108.46689,644,229.013542
279.29742,251,229.309447
173.70839,176,229.325589
-1.3054848,94,229.720063
258.59906,353,229.822643
-121.27687,836,230.101155
-149.76962,877,230.303111
-29.08514,1000,230.531877
-166.84833,940,230.647928
85.87876,105,230.76613
-35.320427,821,230.811043
209.99136,661,230.886098
-125.685074,780,231.425598
-57.94111,572,231.517018
112.88121,87,231.799257
38.776554,91,231.901919
264.7169,580,232.245753
-82.50593,789,232.278578
-79.67717,787,232.300614
-118.761986,847,232.500746
85.60855,100,232.742096
-54.195393,669,232.749724
-93.38459,528,232.838624
-100.83964,961,232.894418
67.47851,94,233.156716
-136.10492,887,233.166973
31.621185,80,233.180207
5.0351257,282,233.470971
62.342056,84,233.516637
49.973354,93,233.574877
254.91422,460,233.788445
-108.708984,850,233.80331
110.78208,86,233.900421
99.48624,77,233.916298
184.14784,300,234.041332
24.498184,106,234.257653
89.88157,101,234.33331
298.25134,563,234.342211
-86.44332,825,234.385749
94.41467,118,234.41887
-126.723206,843,234.422562
-134.54715,920,234.621905
107.22639,81,234.674051
221.39511,234,234.792303
33.28801,113,235.125238
-66.2169,985,235.154829
-106.74966,678,235.229395
204.11356,465,235.505154
82.286255,97,235.585068
-144.93057,653,235.722247
230.61636,254,235.927872
110.22055,90,236.128291
-146.70956,696,236.202796
198.6507,535,236.607022
93.146454,104,236.644708
-112.0198,983,236.789882
-118.40618,569,236.879384
94.33211,74,236.957818
73.07446,98,237.02012
-113.223145,574,237.192414
-1.5550995,98,237.308904
-138.33812,755,237.342826
274.50775,288,237.377163
-147.31915,696,237.474755
31.745583,108,237.50643
-156.11102,547,237.630502
65.53323,93,237.748611
47.62768,109,237.851546
-149.20938,529,237.902171
-112.54209,828,237.970464
323.61353,660,238.023049
302.0436,825,238.039414
89.4829,107,238.335456
-37.77117,82,238.340435
251.88379,235,238.529167
282.25354,203,238.546547
19.140915,82,238.874708
316.39307,356,238.884428
-132.80139,537,239.153356
-125.67427,520,239.254381
53.98107,125,239.430173
-168.55972,521,239.499644
-120.69133,843,239.625514
-89.85844,952,239.68749
12.851028,93,239.834901
298.783,554,239.935957
-121.07417,506,239.96894
32.45368,104,240.287207
-141.60431,533,240.374885
-213.17612,491,240.484821
95.91116,121,240.902665
-145.0776,583,241.072379
-153.0376,523,241.151883
225.54108,302,241.251663
214.87482,499,241.322604
-19.92596,79,241.489526
-105.24088,810,241.557636
33.10925,82,241.5976
-102.07606,871,241.707709
-97.363846,786,241.763607
278.67197,531,241.813234
-187.75919,509,241.907442
-162.39493,533,241.962369
91.34503,79,242.122553
46.106354,82,242.180016
-173.13983,532,242.304343
106.39349,90,242.30439
-185.58765,516,242.55203
216.42436,308,242.69305
-22.139362,75,242.889572
247.07455,305,242.966731
-96.52689,849,242.979439
69.3096,90,243.100788
-205.62656,504,243.139416
311.68314,208,243.24402
301.65607,250,243.244069
329.8788,208,243.244078
281.79303,491,243.261669
80.7921,108,243.374755
-21.607864,105,243.45388
-166.24823,698,243.567064
-17.578526,110,243.583746
99.22877,126,243.687016
-160.05743,535,243.955255
-152.77997,522,244.053353
-269.70953,545,244.399777
224.02591,267,244.44862
-5.272751,114,244.577831
319.25757,379,244.689484
-175.26364,563,244.714895
287.34918,298,244.805981
108.83484,84,244.822957
69.11037,82,245.183023
304.94568,341,245.232209
87.122826,82,245.608207
229.96582,204,245.625653
282.51666,548,245.704863
-188.9526,559,245.771866
-63.940292,57,245.856883
-240.78018,524,245.946686
94.53621,1000,245.978369
215.36183,466,246.054983
-123.9335,700,246.383136
105.42897,107,246.461648
-103.84517,510,246.681075
-59.642418,757,246.956356
-217.73978,546,246.998935
-181.75441,541,247.083231
238.15427,576,247.362946
-117.641815,534,247.557276
-65.49449,966,247.693803
-162.23943,518,247.998532
-210.24066,555,248.084219
37.91555,293,248.304285
-186.11943,523,248.369103
-37.130234,109,248.489946
293.23804,184,248.518625
349.94513,355,248.546843
296.09537,470,248.546881
248.94739,585,248.551939
6.393669,102,248.978433
-232.25201,557,249.135404
325.9532,468,249.158207
-91.36009,777,249.209691
-177.62476,525,249.678566
-134.83777,866,249.683372
306.36804,283,249.781808
302.4296,454,250.083047
296.82324,408,250.100539
-44.186005,96,250.105552
119.331436,74,250.110029
-119.90729,870,250.219744
-134.25555,506,250.585535
-25.88586,130,250.678402
-142.77333,541,250.869739
-243.91881,539,250.889732
229.32765,227,251.089668
89.98729,82,251.247214
-235.72803,513,251.40073
297.4475,555,251.431389
293.37518,395,251.43143
310.31427,301,251.431439
-90.85452,515,251.431447
248.50117,658,251.435939
-157.14606,526,251.530538
266.6714,220,251.861946
14.017353,104,251.923173
63.054733,111,251.951918
51.839314,1000,252.00809
25.576748,101,252.319656
-139.71335,509,252.513189
-19.868992,93,252.924109
294.1514,357,253.067798
308.92004,234,253.067843
318.38828,369,253.121116
-90.366714,752,253.481841
-94.26541,532,253.490637
-95.68962,496,253.490682
335.68195,674,253.716238
337.27026,510,253.738791
211.2182,440,253.901668
-257.5345,535,253.953398
65.094604,113,254.451193
-43.65984,864,254.477226
-111.75244,748,254.771217
300.31982,252,254.868287
271.4231,653,254.877152
299.33588,310,254.877209
53.95897,113,254.988977
73.066666,79,255.132277
-99.05441,507,255.334295
302.72815,682,255.380998
325.33505,509,255.392437
282.02597,334,255.397137
-378.92725,564,255.452096
304.86508,389,255.461749
-65.881096,170,255.638281
-26.612892,103,255.841699
81.93082,95,255.865574
-166.48059,538,255.879266
-170.60226,545,255.915224
-45.27202,67,256.153087
53.01966,139,256.438876
325.24844,522,256.746728
-126.36827,859,256.856672
289.79102,216,257.091006
323.50638,343,257.121446
-149.11278,523,257.158594
-216.12898,550,257.286889
-157.32416,539,257.351492
-124.758095,510,257.360248
293.921,352,257.421279
-195.04555,523,257.625281
-26.093212,68,257.660321
297.67548,295,257.750142
-119.8426,540,257.75878
-254.83142,542,257.836535
-183.69432,543,258.310354
-151.84036,840,259.088953
-181.86517,524,259.198697
336.47955,363,259.286206
-189.5943,511,259.382864
-230.29706,518,259.480659
-141.27286,500,259.528673
295.73627,515,259.733549
-152.5635,530,259.746443
340.49213,497,259.853096
309.1444,484,259.924556
77.95453,97,259.924604
323.3801,482,259.924614
-182.7248,536,260.238098
-120.24974,754,260.494312
307.79785,191,260.565691
303.34695,290,260.569478
322.09216,310,260.573979
272.25845,269,260.574005
-223.0284,544,260.729061
-102.53757,937,260.910468
-145.47768,347,261.244165
-494.54977,528,261.396825
-172.43256,523,261.803999
-148.33884,502,262.09753
332.64178,360,262.129521
-210.43771,534,262.229494
-278.34714,543,262.268666
279.08722,319,262.291399
-179.90477,531,262.534218
-124.952095,483,262.657447
-31.460682,69,262.840171
-193.24841,534,262.888054
-47.912956,64,262.938469
277.48083,566,262.947009
-176.47421,530,263.030473
-160.27869,536,263.578745
284.26282,325,263.687511
-328.27246,540,263.755404
299.7675,261,264.075019
109.09654,1000,264.202963
-364.4527,551,264.22482
-133.63588,520,264.37844
-116.7493,525,264.437188
-153.38844,531,264.566241
-102.317986,379,264.694704
-62.72876,973,264.813897
-508.90024,618,264.996483
-167.01971,512,265.073159
282.9518,509,265.169403
-211.9326,539,265.239849
290.82645,291,265.342201
-124.32121,511,265.910558
-189.21902,513,265.980111
-284.0912,563,266.021474
257.0459,187,266.034112
193.68419,429,266.212244
318.6548,233,266.345082
-248.0154,521,266.4664
-242.63524,526,266.509426
-247.74661,538,266.770347
-138.4065,531,266.873904
-234.68112,521,266.957812
-90.940285,511,267.039851
-399.43097,556,267.413871
61.989727,120,267.475487
-121.15946,558,267.597395
264.35223,265,267.662878
246.49606,383,267.717338
300.03513,421,267.821406
-40.455135,71,267.961706
262.62207,413,268.022024
305.52393,697,268.098333
-170.3422,538,268.249022
224.81137,208,268.304865
-227.15958,562,268.466472
-110.31096,514,268.698283
-329.48486,561,268.797458
-245.51474,553,269.161956
-161.7116,521,269.287186
295.102,261,269.394286
320.21518,333,269.417946
324.7376,320,269.42331
285.6585,588,269.423352
-275.46393,550,269.863413
-155.08502,524,269.998045
-98.47323,525,270.111871
-345.36414,580,270.121165
193.15163,356,270.258165
-220.43639,535,270.441711
-145.95253,512,270.556089
-287.24,560,270.949577
-155.53656,522,271.099912
254.03525,479,271.285558
-64.942154,72,271.605784
256.5631,341,271.643996
-271.6543,169,271.697315
-147.5775,535,271.787925
-107.1791,550,271.856419
23.830795,71,271.955689
268.94907,586,272.016797
340.826,437,272.05643
281.9583,637,272.113157
-228.58202,544,272.420515
262.02603,321,272.527232
-145.63478,511,272.535837
329.20206,205,272.697052
-181.56381,517,272.740474
318.44812,210,272.789344
269.15024,217,273.025842
-240.11752,558,273.048305
163.79364,825,273.552343
128.58516,1000,273.849853
-127.92444,527,273.961808
-338.14484,552,274.154991
-133.26985,525,274.347558
-39.092594,545,274.376158
-46.46815,528,274.750928
-84.051315,544,274.922743
-86.582504,498,274.935111
245.39694,653,274.995502
-186.88171,532,275.035652
-181.36977,537,275.144843
-96.520546,526,275.323847
294.95908,278,275.556263
-54.8009,714,275.675953
-79.40225,508,275.758671
299.57776,374,276.006372
-120.880165,491,276.091589
-242.23355,538,276.181842
74.15297,125,276.647456
302.2868,413,277.151839
246.5326,265,277.174808
-102.56222,498,277.187618
-101.39547,515,277.305052
-186.98749,543,277.308967
96.27759,1000,277.434513
63.94409,85,277.522619
-60.613716,488,277.826007
-171.94077,559,278.241602
18.245338,828,278.421907
267.05148,658,278.491548
290.55988,422,278.546977
149.1307,1000,278.576188
222.66629,784,278.647596
164.3163,1000,279.379242
-148.72945,477,279.449692
-152.39209,531,279.692936
260.49573,575,279.752959
-187.75977,334,280.0519
296.50546,360,280.091588
307.3875,504,280.095442
266.13937,649,280.095469
264.123,593,280.099472
237.1531,329,280.104249
286.24426,203,280.286426
-66.88597,924,280.314033
-40.722588,515,280.545123
-74.8948,521,280.740737
303.02148,231,281.124136
10.276085,918,281.608548
253.40073,369,281.701676
316.3966,267,281.701721
-125.403275,525,281.752196
-106.493904,508,281.971052
-100.568436,532,282.028498
269.8816,404,282.07156
221.13342,464,282.086017
221.75064,808,282.100553
-73.50582,509,282.33406
77.727036,98,282.469289
289.8461,548,282.505989
-69.41394,524,282.583268
231.63501,612,282.789438
-109.18103,516,283.002175
-84.39732,528,283.440527
275.30368,299,283.815355
-130.8721,517,283.974135
293.08685,448,284.036786
-156.34839,526,284.062032
-124.57009,541,284.07729
347.30768,292,284.280537
298.81003,388,284.28501
-149.04984,501,284.295404
-116.14421,502,284.312622
-108.04524,537,284.348577
22.395813,113,284.544093
-106.34242,527,284.645711
286.18628,199,284.694404
292.71674,287,284.699022
297.34238,702,284.699054
-85.30149,510,284.708611
-73.91524,491,284.934558
76.370636,88,285.067966
287.43036,352,285.596625
244.20828,308,285.622394
346.87198,252,285.627237
250.75949,325,285.684447
254.35934,274,285.822647
58.24391,297,285.9757
260.50433,220,286.017823
-68.17828,500,286.250431
-108.70953,523,286.544454
-109.844826,519,286.553815
-94.65379,518,286.592133
-83.66298,498,286.861759
-74.3776,504,286.87719
-45.18132,874,287.761074
-50.69639,532,287.898327
-111.440125,531,288.116057
-87.082596,511,288.18316
-28.856506,800,288.387159
319.6872,562,288.680614
307.82513,494,288.689411
301.214,222,288.727885
278.98416,429,288.727928
-38.786972,503,288.763149
-50.534657,733,288.803565
-48.40336,507,289.043631
258.71744,770,289.347492
282.99493,864,289.422673
322.5203,252,289.781087
-59.063786,775,289.898505
183.2743,1000,289.948171
-108.229065,515,290.125064
315.81915,380,290.322248
276.80154,370,290.322296
293.54523,450,290.330574
256.23395,513,290.335911
-102.8899,527,290.462661
227.43405,239,290.813858
-109.7894,521,290.980612
-36.21497,527,291.048865
284.71753,224,291.104783
-22.926605,531,291.104824
247.7288,390,291.121522
288.08847,440,291.261037
-103.31798,534,291.364978
293.0551,248,292.166345
283.32385,262,292.171512
-121.14091,546,292.258029
264.79822,255,292.354007
-76.74662,519,292.564224
-88.84822,526,292.595361
226.52237,613,292.595406
-115.26625,535,292.648074
233.72398,560,292.752784
-56.003582,537,292.784008
81.466446,90,292.982116
-84.84345,518,293.043411
-52.306282,496,293.111079
-68.865326,494,293.23328
-181.3674,501,293.249784
256.83685,257,293.26784
293.29474,257,293.273288
-74.87384,513,293.566159
266.16507,238,294.009842
-128.54759,508,294.44699
-171.84552,522,294.607675
-127.601,497,294.800982
-70.92762,513,294.817033
-109.324486,529,294.855902
-164.35818,530,295.047222
-74.11892,527,295.065945
290.04523,513,295.279227
-67.76211,510,295.331259
-59.526848,501,295.431495
255.70628,228,295.444482
-109.43136,504,295.467808
-75.868744,517,295.485715
-34.729454,550,295.672057
-107.35878,516,295.813243
87.771164,108,295.906008
-75.15023,513,296.24678
311.50708,229,296.329055
326.88373,228,296.432892
251.99194,290,296.739662
-65.87224,505,296.794535
-113.43292,504,296.995192
300.1679,515,297.02739
-166.2239,521,297.10612
-100.774185,503,297.242742
-95.29971,517,297.283765
298.23346,205,297.31257
-58.94996,506,297.464166
-59.694,517,297.706835
291.5443,435,297.791555
-40.039482,516,297.90257
-46.148014,528,298.098196
266.06247,280,298.333638
-63.674156,493,298.385243
259.97107,264,298.397852
322.24704,142,298.407536
63.68151,238,298.507571
-42.58187,522,298.59135
322.14185,232,298.721033
216.17856,362,298.905548
-48.3715,513,298.989165
-95.22264,511,299.038196
340.15454,262,299.05529
304.93045,234,299.133332
-19.86203,513,299.245513
-72.99248,510,299.261511
22.452427,78,299.379786
267.07983,244,299.399308
258.27307,251,299.48504
265.8744,250,299.492541
-58.521797,517,299.539063
307.1267,217,299.839407
284.5427,292,300.672283
316.65112,329,300.689309
-68.12891,528,300.700251
-122.059265,498,300.775369
-65.750175,535,300.850248
246.71214,480,301.076561
332.1424,415,301.076612
283.93713,281,301.081588
294.01566,363,301.085847
-72.69878,517,301.285461
202.10033,480,301.591029
-65.14105,524,301.683959
-77.71496,512,301.776269
15.451469,742,301.954786
267.99158,191,302.431005
311.0144,189,302.608926
-79.98982,508,302.887046
-57.825302,518,302.914478
-4.906288,876,302.939675
-102.23868,500,302.944219
-41.939796,518,303.09741
-96.436935,496,303.223835
-140.41463,514,303.299174
-64.346436,514,303.30809
-76.08334,533,303.385562
-77.049484,498,303.441349
242.60114,656,303.536403
331.98514,222,303.86814
-114.56969,512,303.903332
-85.35718,499,304.110958
318.77847,332,304.312099
-72.71959,522,304.6784
346.47586,257,304.989239
-115.18248,523,305.206348
-65.3018,527,305.225809
-50.60422,498,305.254887
-98.12032,512,305.448998
-70.92765,512,305.536523
30.794662,98,305.658935
-61.456814,493,305.683036
-43.926327,669,306.224129
-88.17912,503,306.329076
286.91446,665,306.354953
-36.752964,892,306.496101
-66.086494,515,306.584238
-11.723015,665,306.829097
299.60364,791,306.861439
-64.77666,524,307.013138
-93.02762,515,307.275656
248.50795,371,307.313902
-38.280685,497,307.466017
-83.33569,511,307.481676
297.6016,260,307.489873
-82.17917,504,307.701996
-77.19459,516,307.837742
-45.546318,515,307.9777
316.33905,335,308.334884
281.77057,231,308.477901
311.01495,226,308.477953
308.4037,283,308.559365
306.76944,198,308.559422
303.87296,292,308.559434
-88.237045,528,308.564154
-81.88322,517,308.642233
-82.80873,509,308.746662
-48.49954,513,308.854408
-89.771614,488,308.986093
-34.07653,506,309.2277
316.83765,255,309.683947
334.2846,274,309.688416
280.39746,257,309.696452
290.49213,191,309.701407
325.06488,260,309.706372
-79.26181,521,309.770511
-89.543236,496,310.004102
276.4721,193,310.072765
6.3366013,524,310.26334
-95.83005,524,310.627991
287.80585,236,310.718539
291.79645,241,310.726612
-31.390846,516,310.731384
-131.10834,530,310.94705
-84.20697,507,310.951506
-92.70951,526,311.295569
-109.84422,491,311.822807
-98.296135,754,311.862032
-29.333923,504,311.903266
-34.34797,529,312.102909
-78.75871,546,312.11153
-30.174072,465,312.328641
-59.72853,527,312.334273
315.80206,438,312.681415
328.7154,399,312.736354
270.04327,605,312.745554
310.52954,205,312.781219
254.08386,339,312.79529
-45.02885,497,312.83594
-43.16456,491,312.904757
-42.21058,508,312.990336
33.729996,105,313.145486
-44.72725,506,313.205314
184.81589,290,313.375435
273.60867,332,313.375488
314.29706,266,313.50275
289.2602,211,313.76852
-56.86856,526,314.413797
-55.61729,517,314.593934
-44.952576,682,314.830324
-33.54808,496,314.952674
-44.147003,512,314.978439
-23.105568,513,314.994334
-73.25195,518,315.07221
-75.70007,517,315.169563
-63.75673,530,315.306762
-5.7041016,502,315.39998
-83.217445,517,315.404812
251.15424,442,315.431251
-45.014336,498,315.55899
-40.69999,516,315.639932
256.86618,512,316.004812
225.0224,365,316.581773
-88.56681,512,316.654823
292.12686,324,316.823117
-46.78729,509,316.827966
-76.6978,490,316.986581
-36.51501,499,317.139378
-88.131,502,317.190786
-43.416656,504,317.263744
-19.30381,496,317.327424
-30.970306,519,317.571213
-16.44706,491,317.575721
294.30188,179,317.608114
-46.33248,512,317.639816
-5.5030518,497,317.72827
-13.3442,511,317.875399
-62.13877,509,318.235985
-41.156162,507,318.869004
315.444,457,318.969419
-79.38978,500,318.998559
-48.464054,515,319.382596
-40.201336,508,319.403086
-41.8096,478,319.416025
-31.526955,496,319.428475
-25.84893,470,319.621116
-44.215168,493,319.72117
-38.10547,503,319.801205
-66.68175,507,319.848532
-75.05101,494,319.880636
316.05615,411,320.012401
270.08295,151,320.076549
-71.722595,511,320.103788
331.12857,177,320.214528
340.12537,325,320.295793
214.60925,853,320.310011
331.87048,211,320.31493
19.72784,133,320.467246
-15.046425,487,321.12331
-48.587925,511,321.199451
-106.73576,502,321.587201
91.83894,336,321.659446
-39.320953,497,321.777664
-17.696991,479,321.793236
-30.771042,498,321.991654
-134.4482,524,322.057677
-18.498505,488,322.189813
-3.2763367,502,322.229721
243.97217,541,322.345097
-43.174732,478,322.355916
-24.699417,478,322.361039
-108.038155,515,322.503751
-20.957764,491,322.571488
-40.190506,506,323.373163
-60.42302,525,323.381222
337.42328,237,323.596592
-79.05037,506,323.760614
-105.77344,505,323.829028
-33.868027,490,323.884601
-55.91162,536,324.104568
-79.0349,507,324.185719
-37.180477,504,324.236191
-70.63957,514,324.44628
-67.414055,524,324.446331
-109.89331,498,324.493839
-57.322174,510,324.562639
-66.185005,521,324.612989
-49.460606,508,324.705665
-79.34056,503,325.564927
-23.55188,511,325.592266
-108.785484,490,325.721283
-84.25596,507,325.950306
-116.73951,498,325.981012
-6.4433136,505,326.070041
-58.314487,505,326.281368
-53.872406,498,326.33742
-117.44275,497,326.384266
-88.67078,493,326.629732
-72.3855,518,326.69662
-76.50523,492,326.734874
-50.629482,503,326.739846
-45.88475,484,326.794019
-164.96028,216,326.892753
286.9776,577,326.966288
-144.05853,510,327.771348
-108.67219,517,327.828225
295.70584,290,328.002471
284.02026,529,328.018254
-61.451614,502,328.170878
-67.727066,527,328.369454
-48.815598,504,328.484716
-58.96247,494,328.494069
-116.24162,506,328.592267
-36.87171,99,328.789887
-74.96911,501,328.81144
-61.776924,485,328.850468
-72.9923,499,328.871373
-32.7153,481,328.989307
-61.983547,527,329.098847
-82.07651,502,329.153934
-65.37125,483,329.87257
308.52924,331,329.936456
327.66565,265,329.953023
-48.618908,505,330.023496
-40.834545,479,330.079965
-46.114017,501,330.187009
341.46057,407,330.575628
-15.377586,490,330.605805
203.35262,569,330.635342
-71.02905,477,330.914529
269.8637,219,330.966535
314.77606,206,330.970958
333.35876,242,330.975694
-86.91362,502,331.056404
-51.184093,489,331.106929
-38.089214,487,331.204936
-8.760544,481,331.236294
51.293655,102,331.56634
37.677574,77,331.584456
-53.330227,475,332.017066
-47.094273,504,332.066682
281.31912,251,332.077677
274.55923,339,332.096767
-81.32416,474,332.261938
262.6152,321,332.379738
46.51937,84,332.390394
60.399788,79,332.415682
275.72284,405,332.702051
274.7845,488,332.720404
-28.724236,501,332.833364
110.615486,1000,332.952964
-14.162613,488,333.186667
-96.09502,511,333.213129
-19.595245,495,333.357753
267.29224,230,333.380701
264.35892,246,333.447682
-81.70169,505,333.760936
100.626144,88,333.773474
127.75915,80,333.798125
312.48816,390,334.407531
308.90802,338,334.434258
244.81949,461,334.434297
328.69043,278,334.438828
253.62323,543,334.460688
-101.703186,514,334.518556
204.2988,676,334.540291
-46.443417,619,334.811649
-3.335411,481,334.829344
97.24989,99,334.876053
319.9743,242,334.87611
239.53354,342,334.880446
210.01942,398,334.943401
83.87473,97,334.963717
286.62274,301,335.104675
340.92975,209,335.751871
322.62317,303,335.779779
268.25623,254,335.940997
246.9031,231,335.994982
315.36713,357,336.044355
304.08694,322,336.320185
272.02698,313,336.350692
190.55356,328,336.350739
234.7559,582,336.36017
278.78436,439,336.398176
28.808262,92,336.417485
-12.851326,495,336.614136
314.45917,283,337.201148
293.79327,321,337.213944
313.65588,481,337.249448
106.852554,1000,337.255097
239.15979,262,337.512684
244.99164,286,337.675622
318.21735,335,337.876114
339.09485,286,337.881466
-120.05485,495,337.966125
-118.10214,499,338.269561
-5.1172867,500,338.563369
-27.764954,510,338.577984
291.0589,275,338.748705
-86.128494,549,338.792474
55.77756,1000,338.970112
254.23056,328,339.137825
142.44441,1000,339.319763
-83.8815,494,339.404988
303.03342,364,339.861425
332.6566,443,339.911605
-2.4099197,633,340.051012
-37.656605,509,340.12063
12.917145,513,340.143263
318.98596,228,340.414127
218.96507,534,340.920791
-75.873085,493,340.952578
285.96683,249,341.160185
296.9734,281,341.165149
275.86707,292,341.165181
245.4996,500,341.169379
298.88675,477,341.244142
270.94852,604,341.249287
155.19238,1000,341.632851
-122.23328,662,341.663491
118.317154,1000,341.680017
-50.27312,503,342.346284
197.64886,696,342.39319
-57.00923,518,342.443411
-33.4895,76,342.692851
77.247284,85,342.76961
243.65211,608,343.097702
-7.8477325,500,343.126706
-32.180504,509,343.20113
-109.28851,498,343.350375
-62.522625,502,343.362369
-32.802277,505,343.380438
-51.548237,490,343.387537
-44.933983,507,343.387564
-67.50174,502,343.44332
15.434502,90,343.481006
-126.68981,512,343.92191
311.35263,210,344.298101
296.211,633,344.431256
209.7793,413,344.561884
273.68094,288,344.651503
301.19293,303,344.682123
340.46228,357,344.682173
302.25073,340,344.682183
297.99573,282,344.68219
-35.40811,516,344.696205
-28.94706,485,344.806931
322.96756,226,344.915518
-23.651058,85,345.054433
100.78175,113,345.192391
-63.86348,490,345.510289
-27.357765,498,345.574761
-86.98236,503,345.689692
127.1024,1000,346.013578
255.72778,415,346.123304
299.5636,276,346.123347
277.02472,212,346.123356
275.63184,357,346.136934
266.18665,203,346.457412
275.17456,289,346.759933
-178.1535,491,346.818084
282.89117,413,346.848252
305.75098,582,346.978819
254.89679,525,346.978884
-163.67043,533,347.137829
-162.06511,713,347.766135
-98.41309,524,347.961518
341.07123,425,347.977335
227.54395,287,348.074442
-147.06528,510,348.227933
-84.62036,499,348.293016
272.93298,269,348.306059
246.28497,506,348.325734
249.6131,508,348.335426
275.1109,837,348.33968
224.53215,339,348.339737
-41.12626,164,348.708561
-90.46635,524,349.064485
-77.08723,483,349.090734
-60.67588,487,349.111969
18.817047,139,349.323603
227.92006,251,349.454542
297.65836,269,349.491361
-142.2738,361,349.690334
334.44525,150,349.744705
240.8938,347,349.869665
311.79138,355,349.890068
338.28625,191,349.949379
304.15924,427,350.127035
274.73276,406,350.139402
-6.1187515,898,350.408976
-208.60538,515,350.619027
236.17241,324,350.760814
276.96503,297,350.769148
342.0454,215,350.838977
305.61472,392,350.859818
291.39758,656,350.881708
248.6586,707,350.899942
264.41714,344,351.404067
268.12863,313,351.532327
326.92578,177,351.656705
253.2307,383,351.661433
-167.63214,501,351.726668
-134.90897,513,351.961868
-198.65912,524,352.066211
319.99405,284,352.100359
294.92523,279,352.117341
-132.29124,535,352.509221
-101.1677,501,352.624194
-112.726715,513,352.883961
320.14215,196,352.956099
263.17593,356,352.959954
-138.04791,504,352.997066
-88.983734,484,353.029931
-186.52332,516,353.03867
318.4994,228,353.113923
314.93243,364,353.120989
59.961956,98,353.47298
-83.53019,485,353.791204
272.76733,416,353.795662
283.8977,189,353.802376
-101.94322,499,353.849489
286.2143,166,353.863463
-41.9557,508,353.960494
31.26033,69,354.103878
322.53537,400,354.278797
-42.739048,525,354.387943
293.50446,156,354.49074
274.09393,317,354.533185
288.8354,447,354.612336
280.4433,395,354.645436
18.782494,126,354.667266
244.60721,197,354.672151
214.2963,386,354.716526
62.190308,98,355.081805
106.136734,96,355.147283
339.59235,268,355.157984
300.7099,177,355.180439
20.027874,137,355.229002
-73.96246,512,355.329082
262.31735,418,355.356158
174.30658,574,355.539984
317.93762,372,355.540035
225.73918,201,355.587298
343.82495,242,355.587348
281.21906,302,355.651263
55.296875,126,355.669471
80.16962,78,355.890935
-16.422295,91,356.060175
116.44472,91,356.077354
313.60477,254,356.378547
276.52518,275,356.40525
241.38577,593,356.519881
-0.38469696,117,356.583673
270.0886,305,356.727902
322.76505,255,356.727952
255.96133,315,356.745
231.33347,271,356.753036
-70.40016,471,356.79508
219.80728,368,356.842635
-153.6513,185,357.218468
217.24146,610,357.261469
272.21912,381,357.27442
208.22711,576,357.731516
289.0833,287,357.790183
-32.12947,472,357.991161
-110.77155,494,358.271947
224.1864,401,358.519612
281.06293,522,358.718867
318.02063,323,358.723362
277.38388,479,358.727494
279.1093,448,358.732104
247.44278,444,358.732135
235.62811,323,358.736119
270.8172,443,358.736144
257.22543,424,358.740146
48.61997,100,358.957291
329.10284,230,359.736735
-94.93309,504,360.210765
226.68854,616,360.452854
-59.5916,741,360.502131
-155.86388,511,360.521916
259.23883,918,360.841627
274.86584,500,360.889525
256.29697,501,360.897695
-70.11214,711,360.914166
-111.05698,504,360.918607
-205.0937,518,360.977236
-212.73035,519,360.977278
-93.097244,520,360.99023
245.05202,534,361.050591
-196.13112,507,361.166193
-103.98183,479,361.820072
262.7227,397,361.940159
305.00397,208,361.960269
277.9052,332,361.960298
241.01006,297,362.133599
40.690144,71,362.266714
-91.55695,492,362.655691
255.50067,457,362.922989
248.82828,222,362.945271
-23.640427,467,363.030442
-62.244915,495,363.092438
324.87054,264,363.106037
237.9968,509,363.133753
-140.89427,513,363.142286
243.90825,620,363.163644
-138.2982,497,363.163682
44.119453,79,363.265609
-111.12384,523,363.449522
109.46278,83,363.513937
283.0502,308,363.629632
-21.055534,622,363.719519
245.01572,157,363.779991
312.08353,213,363.878818
-84.85202,519,364.093412
250.99693,347,364.538334
-9.551537,117,364.611107
273.5458,579,365.198457
302.186,383,365.215761
-93.036934,500,365.304791
-166.07677,502,365.34685
-125.11038,510,365.372504
-68.02572,518,365.546359
-41.70186,511,365.70115
-57.933674,483,365.749587
-45.62333,488,365.91426
-22.83841,503,365.923863
-80.696495,502,366.074911
247.17867,700,366.230669
113.36316,1000,366.526407
52.611313,150,366.727612
-99.84968,506,366.762744
-62.672863,495,366.780102
283.93973,388,367.379907
-85.01771,505,367.398916
243.50027,485,367.402862
-54.424026,521,367.449473
300.16696,227,367.501494
231.6766,500,367.510017
-66.57174,517,367.617401
-21.313675,499,367.70816
-79.10627,490,368.035829
-5.7866974,497,368.074349
265.67468,569,368.214082
-83.696754,499,368.39031
-65.33297,524,369.068964
245.89233,448,369.436656
260.93018,462,369.448061
236.4996,618,369.448098
219.56342,614,369.465566
-34.874374,478,369.498717
-76.31568,490,369.573942
-45.364273,487,369.664031
-27.322647,477,369.725612
-73.508224,506,369.754492
-125.13446,494,369.89393
319.88568,239,370.167726
-14.146027,489,370.283528
71.170975,187,370.297171
-2.0932007,508,370.330449
-154.21556,506,370.498681
304.53177,273,371.517113
-123.0951,496,371.683791
-169.98462,503,371.706474
252.96992,743,371.74738
-124.51422,521,371.819232
-133.87103,507,371.873533
-28.395088,503,371.946461
-40.02918,522,372.113278
-74.38295,518,372.124399
258.7334,583,372.160323
-48.244854,499,372.185171
289.24112,379,372.22999
191.67258,514,372.50291
-70.77814,502,372.571163
-15.149361,501,372.611817
287.8314,243,372.838626
233.8876,234,373.294286
313.90158,325,373.316849
264.70038,429,373.498436
323.00626,294,373.863626
331.02597,432,373.878
8.424713,363,374.240798
13.211716,142,374.502793
-207.3605,547,374.686052
-46.915627,509,374.944422
-14.720406,523,375.22648
272.84827,775,375.30788
-142.5154,516,375.68412
193.03894,786,375.752961
-150.68669,506,375.814334
-7.6634827,572,375.911486
8.036995,829,375.911536
152.7722,1000,376.265862
-209.85535,532,376.282364
245.26648,953,376.455168
156.13016,1000,376.513575
317.48993,272,376.531195
274.21527,455,376.55702
319.4995,369,376.609718
256.68185,166,376.660941
237.05727,247,376.858196
-17.31939,514,377.007491
-243.386,543,377.671048
329.17743,350,377.831569
302.46207,452,377.836692
262.7504,310,377.845687
-89.985435,525,378.033256
-197.05383,504,378.165795
-182.62866,353,378.45507
230.55518,464,378.611682
-75.923004,488,378.735132
124.17353,1000,378.76015
246.224,479,378.774599
-91.45765,497,378.807776
265.35492,398,378.811897
279.73245,407,379.667545
-8.277008,256,379.752738
185.31804,911,380.375433
221.1436,418,380.6322
268.98065,542,380.638113
273.40897,575,380.650751
232.2063,657,380.656117
268.96988,492,380.681668
165.51341,1000,381.177618
211.03542,818,381.538571
232.33878,311,381.806779
234.2474,475,381.835869
254.66869,682,381.844517
226.6818,684,381.870221
237.98865,683,381.901682
279.95886,283,381.962048
12.624683,77,382.313067
204.7486,569,382.347785
23.40405,1000,382.386317
277.19342,397,382.451981
299.38892,320,382.996789
289.2611,959,383.151424
268.40472,556,383.165418
1.6881027,187,383.192514
229.4174,303,383.24212
276.59302,292,383.701445
295.01373,711,383.848971
258.9129,292,384.308043
204.16383,567,384.367585
-37.15786,131,384.433579
-48.272182,89,384.704886
248.39594,384,384.876777
237.20255,583,385.088847
282.62122,988,385.10768
253.3691,625,385.138274
312.64362,419,385.138303
86.6242,1000,385.699171
-221.91925,852,385.746011
234.55063,624,386.000335
-145.17279,669,386.179402
262.49673,249,386.252696
39.140858,1000,386.348179
169.71729,1000,386.35673
57.545483,99,386.443491
348.39453,196,386.567437
267.53137,322,386.571805
278.8278,494,386.584679
-55.282345,486,386.613733
215.57568,221,386.722246
-104.81401,492,387.066299
17.632614,122,387.109962
292.29456,231,387.60636
-113.454666,874,387.624376
281.66962,202,387.634073
253.49286,567,387.638612
-5.368965,352,387.921227
285.53674,464,388.494739
-171.26747,546,388.598039
158.46992,909,388.771027
255.24957,281,388.887864
225.832,612,388.99244
-55.932037,375,389.365994
276.6208,311,389.37622
86.47307,1000,389.631053
102.997025,81,389.761931
104.620766,87,389.780491
-224.33316,208,389.793381
148.10426,603,389.911092
252.05345,236,390.032212
190.79556,811,390.056704
278.99548,311,390.474929
278.57776,420,390.498325
189.2268,747,390.528517
236.86351,899,390.740882
233.72972,247,390.765944
80.44117,1000,391.144359
285.66025,204,392.084336
239.85065,972,392.100278
152.59808,1000,392.209736
222.95811,550,392.571306
248.20093,487,392.721793
202.51387,644,392.859829
225.81656,983,393.174357
77.96503,128,393.316367
332.43555,330,393.631379
268.6148,629,393.636051
234.95331,840,393.640587
306.835,625,393.640618
246.57672,700,393.745497
218.60548,712,393.745546
270.52527,271,393.831266
43.55874,144,393.844634
174.4978,836,393.875254
288.5177,420,394.030298
69.23627,99,394.099047
266.6312,956,394.189294
70.755684,1000,394.356741
69.10231,166,394.591425
306.958,244,395.218521
197.81914,323,395.372703
261.92596,427,395.710455
306.19138,479,395.82914
288.18793,552,395.857394
246.72256,385,396.128156
-59.825233,501,396.151169
229.84511,233,396.292502
331.53207,379,396.345123
47.593086,116,396.403702
265.85367,612,396.458764
205.1839,792,396.516263
309.9489,526,396.608254
15.651642,122,396.735625
107.87552,1000,396.847422
10.667282,148,397.402862
-127.0382,515,397.741474
216.74902,899,397.777698
294.88348,387,398.086479
329.83545,405,398.272296
157.55185,1000,398.360437
230.7344,959,398.453849
299.6239,325,398.903417
303.1056,497,398.907699
326.77557,452,398.915853
84.06352,106,398.938192
217.61748,724,399.054053
279.8158,231,399.326581
196.1784,789,399.466523
341.35175,331,399.593209
242.4844,708,399.597908
302.36438,670,399.597942
316.99744,683,399.597952
323.8951,252,400.047823
296.10593,508,400.057656
222.78387,266,400.103115
67.05095,143,400.239046
322.76254,290,400.243947
284.29095,204,400.243987
314.31174,298,400.243997
246.65948,317,400.482
41.976696,98,400.551154
143.8565,1000,400.715089
107.96925,103,400.72017
55.830177,126,400.825448
48.365074,117,401.036654
268.46112,187,401.12002
230.56299,238,401.169157
292.12817,390,401.263243
23.798103,93,401.267581
182.81717,771,401.31912
-230.52374,168,401.342414
242.56975,215,401.714621
18.813232,108,401.745271
308.23196,240,402.200696
168.64745,1000,402.914647
223.19556,768,403.095996
-73.808945,795,403.22482
261.53534,747,403.463559
259.04428,471,403.472275
286.85147,712,403.497827
296.49405,394,403.497881
298.42175,395,403.534464
247.94974,493,403.547723
37.62985,101,403.953228
226.45782,971,404.01349
292.9999,676,404.094362
294.9025,242,404.18538
157.32895,681,404.24552
241.03157,340,404.457217
280.92465,713,404.488394
-3.3420105,146,404.611501
9.09845,116,404.621196
203.57373,868,404.663603
331.44818,281,404.730913
318.76395,333,405.044538
267.8823,423,405.421823
309.53986,215,405.438529
121.70746,122,405.620852
314.5668,339,405.794412
227.62592,566,405.794471
295.21967,386,406.242129
11.831207,123,406.343709
238.43825,950,406.51528
205.29907,528,407.008979
225.88086,586,407.320633
189.41537,698,407.359132
266.0784,850,407.39345
270.7965,410,407.654439
249.13715,489,407.658672
273.01434,802,407.663409
240.05447,669,407.668979
243.55072,495,407.669017
284.68408,291,407.673758
254.50388,454,407.678569
309.78607,315,407.678603
138.09113,1000,408.008838
79.372635,146,408.021416
72.20696,142,408.034919
61.954517,97,408.110199
-63.664284,99,408.119105
48.013958,119,408.199613
39.159184,79,408.359198
-9.519592,90,408.421028
303.64282,246,408.764281
95.949776,90,408.826946
134.01556,125,408.919204
120.319214,1000,409.259655
252.64096,449,409.348714
27.613754,118,409.357411
240.86227,440,409.654575
274.072,341,409.660119
4.218586,79,409.717161
247.7101,456,409.727317
219.98071,724,409.79346
273.56842,446,410.048101
200.63522,677,410.073952
50.236835,107,410.142332
294.0882,269,410.146666
260.3753,183,410.195201
240.59732,473,410.249477
314.5041,221,410.268058
53.70974,68,410.447627
12.582161,87,410.530982
69.24739,80,410.611803
263.3813,242,410.812707
100.42419,121,411.002204
345.05045,186,411.108001
2.15839,118,411.141655
322.09943,263,411.384588
106.60902,130,411.398143
258.4394,626,411.599038
309.6388,428,411.988769
229.63152,861,412.09621
168.4335,1000,412.174004
-26.22095,1000,412.179068
292.7221,257,412.551028
289.56604,319,412.555811
286.83606,551,412.576252
30.766708,126,412.753091
206.76001,739,413.005695
115.60231,111,413.051171
80.70019,109,413.06637
-3.8098297,113,413.066402
235.43486,760,413.232268
44.08312,133,413.360257
214.40259,811,413.409461
18.562576,74,413.414301
295.41315,442,413.414327
297.69812,318,413.446394
321.7152,278,413.450289
249.26958,506,413.455279
271.86975,641,413.45532
-27.791767,117,413.610182
22.624382,148,413.741122
80.812805,108,413.741169
33.453064,360,413.746372
88.707184,96,413.853534
13.189846,95,413.887056
14.644104,119,413.992369
-1.7414742,126,414.018744
74.968285,90,414.1615
76.92799,100,414.207269
33.88486,101,414.211524
21.102371,131,414.219814
278.48508,225,414.444578
326.04013,312,414.449069
282.46826,237,414.453689
26.677734,103,414.495394
45.887016,85,414.548791
311.55795,152,414.58716
281.32706,257,414.596279
323.06183,255,414.624109
-3.1654243,144,414.65274
39.10077,130,414.796307
64.26602,88,414.855355
65.24963,98,414.891456
53.288612,153,414.905275
-41.354546,91,414.961293
65.56934,119,415.034013
34.240448,87,415.046552
16.410732,103,415.059854
50.7965,94,415.220796
21.86444,70,415.220849
254.73575,223,415.229673
86.98717,83,415.411742
257.2389,984,415.484665
76.62604,92,415.634107
5.5140877,93,415.646635
77.388855,107,415.706227
-25.964756,94,415.842435
41.876415,72,415.968459
21.455368,111,415.994542
94.04301,84,416.038941
56.60865,76,416.058279
206.04253,1000,416.169963
316.1436,275,416.213875
35.060097,89,416.246933
81.29187,79,416.33131
40.17028,92,416.469216
297.79047,360,416.503815
288.41415,413,416.515743
295.83582,360,416.545612
56.984745,127,416.588602
20.091885,79,416.619018
221.55975,607,416.63912
5.7963715,126,416.644025
-4.50478,106,416.66676
47.141426,71,416.788674
57.888153,108,416.826383
-11.466621,103,416.96858
56.542458,80,416.996701
72.161896,103,417.001147
105.44247,112,417.014665
29.52121,93,417.032812
21.333122,107,417.064582
14.871704,89,417.182677
93.4357,120,417.194843
246.88452,612,417.232019
6.1975136,97,417.261713
13.893127,140,417.261752
241.70763,240,417.304103
31.844341,85,417.378855
312.80005,520,417.426561
317.22882,526,417.440234
268.44577,628,417.440263
6.827694,101,417.454763
-34.416824,101,417.516537
20.173111,121,417.571759
47.434048,125,417.571819
28.304562,84,417.571835
-22.944042,100,417.632679
8.965927,88,417.655017
32.908005,105,417.706599
48.06149,80,417.741431
316.9879,177,417.762167
44.794674,77,417.778467
8.831516,111,417.811023
58.057693,127,417.837299
4.935749,104,417.925565
33.2707,80,417.939128
11.449921,83,417.951497
20.507954,99,417.96518
-20.891785,127,418.015256
48.054783,86,418.02256
38.1434,70,418.022587
-49.470303,82,418.027354
-41.278694,104,418.046017
37.60067,74,418.073478
35.234394,73,418.158122
53.119156,90,418.163426
32.274254,108,418.254989
-48.204,111,418.302251
18.000946,90,418.349365
-16.525978,101,418.372624
56.729424,100,418.381424
26.796196,84,418.387291
-10.680195,77,418.387319
234.16263,228,418.462818
57.00522,69,418.472238
-42.288525,122,418.511549
-15.465809,109,418.516324
46.586617,70,418.679798
-47.95552,122,418.720582
41.183643,92,418.729944
54.731293,75,418.738798
33.61607,78,418.748007
52.456635,103,418.852383
-24.60878,131,418.86211
31.492676,103,418.867331
310.00427,186,418.922315
53.960064,95,418.958523
294.21448,208,418.972491
89.24502,73,419.061806
67.11246,85,419.066372
114.35602,79,419.098009
87.183365,76,419.20074
123.303085,114,419.262589
76.41978,93,419.272144
62.754215,88,419.316271
52.210068,108,419.35324
37.97487,89,419.358343
86.71428,102,419.427561
80.88044,80,419.455168
267.64917,229,419.518638
43.33355,126,419.635774
76.25658,75,419.696552
-42.371872,100,419.714086
-2.119564,84,419.736858
-42.90329,122,419.759737
279.9085,280,419.792546
326.08868,290,419.792588
328.938,237,419.796755
312.39587,392,419.80585
-27.15804,135,419.885363
74.02794,126,419.890161
2.630104,91,419.932864
37.805733,123,419.988936
62.095123,129,420.049012
-28.016249,89,420.123418
67.15413,103,420.169938
49.76638,100,420.191847
58.534645,109,420.288937
35.03247,89,420.333397
27.783146,83,420.361424
59.622715,131,420.380915
38.700626,110,420.380959
68.04328,81,420.484227
35.00678,73,420.513381
2.9824142,143,420.529628
60.04794,113,420.5468
32.34134,169,420.559533
60.91078,84,420.655934
-68.34557,101,420.831277
7.6074753,102,420.836089
16.225147,81,420.845959
-47.164635,113,420.873775
79.33763,94,420.956291
-0.14925385,90,420.971947
-2.5117683,121,421.066064
74.1664,105,421.318449
48.153835,87,421.358306
277.58527,227,421.368823
79.77805,90,421.476117
102.535255,81,421.726671
266.2212,238,421.75001
31.265656,112,421.877511
66.5047,147,421.989501
271.46548,578,422.268629
330.4563,313,422.277139
21.639122,118,422.296396
261.93896,315,422.29643
-7.367317,84,422.37598
75.255714,73,422.609404
86.79553,82,422.643536
-21.276203,97,422.73653
37.215515,103,422.763618
115.398026,95,422.809665
269.83746,203,422.809703
238.25555,295,422.828295
262.55292,851,422.928689
48.930588,100,423.107517
284.23428,299,423.107572
299.47058,557,423.107587
265.32446,482,423.195521
75.078995,110,423.256521
17.557606,147,423.29655
-15.563744,113,423.364637
2.6829453,123,423.390476
12.968605,124,423.518549
246.51167,608,423.672421
-6.537678,128,423.698014
24.447289,110,423.798884
61.208473,151,423.947628
100.03101,107,424.005888
103.29907,108,424.189338
-15.811428,126,424.249357
-4.6355286,105,424.282557
161.44183,1000,424.341846
170.10286,1000,424.375856
27.575138,97,424.694399
121.93668,155,424.715375
15.500607,88,424.737318
10.552357,120,424.741559
176.90468,1000,424.74665
319.27728,450,424.837894
305.69702,377,424.837936
273.41962,359,424.837945
305.17294,209,424.902887
67.70068,104,425.202197
47.980156,139,425.466503
47.72386,176,425.490151
101.43796,150,425.517149
79.218285,140,425.534157
321.18784,196,425.727063
315.89697,218,425.733277
214.99992,318,425.816597
83.069305,76,425.868947
328.33258,284,426.040056
320.7141,387,426.045211
80.691055,123,426.286152
90.59651,116,426.390472
336.32,273,426.449494
109.03104,161,426.463826
57.578472,117,426.567533
91.65547,99,426.73334
274.97733,311,426.95177
277.54507,323,426.960533
-12.039021,131,426.992732
86.17983,95,427.006776
160.36534,1000,427.39225
145.91623,1000,427.691034
264.22083,370,427.746073
239.94975,993,427.906804
114.09632,1000,427.961679
310.0928,263,428.176799
312.5133,372,428.176853
43.646793,102,428.208285
79.590096,91,428.321109
49.614178,124,428.531877
316.03717,376,428.734932
323.98468,229,428.734982
328.9713,317,428.844831
30.03653,86,428.91338
26.665089,134,428.922838
72.93416,117,429.249305
133.45282,1000,429.266872
62.302113,102,429.295409
267.05914,515,429.300395
15.119228,116,429.441431
298.67023,295,429.507435
101.255035,100,429.761618
105.6085,124,429.869153
115.33389,99,429.901434
251.68388,780,430.026781
173.3102,1000,430.047183
244.666,677,430.098812
303.30133,259,430.107734
322.4297,300,430.107759
229.94449,736,430.116223
284.3603,193,430.171072
-14.450958,467,430.307726
48.77591,98,430.358308
101.80621,73,430.358351
131.95111,1000,430.390357
3.8817596,487,430.432144
114.19525,124,430.445211
37.254368,106,430.528646
111.60167,104,430.578462
34.47445,107,430.604867
72.96544,101,430.632651
79.88718,123,430.669467
272.26086,329,430.774767
-3.5238533,105,430.790168
42.158474,112,430.879365
44.566727,112,430.879413
38.329494,112,430.952216
34.687477,124,431.025769
75.9182,124,431.175954
0.8130722,128,431.22534
27.337826,110,431.3325
23.406322,122,431.670692
259.37128,448,431.670744
50.03165,99,431.738638
49.30917,112,431.756241
298.40332,300,431.869956
304.55902,369,431.888158
319.35556,280,431.915441
62.863934,128,431.970874
79.70465,89,432.104484
3.1771622,107,432.184049
36.829224,93,432.206292
38.622734,101,432.355979
46.711792,127,432.492906
112.30411,97,432.632919
31.639244,97,432.802414
76.71342,93,432.925127
-2.3921585,136,433.264519
351.86484,291,433.328575
-90.64372,511,433.418351
-59.397934,538,433.472994
-31.80082,602,433.525434
46.926704,145,433.593779
69.85628,105,433.754917
47.913868,95,433.774227
314.0065,220,433.82537
272.68237,349,433.830728
332.9057,652,434.009185
324.9721,671,434.013242
-70.71997,496,434.060449
41.853497,105,434.318791
16.746643,107,434.331876
120.68704,83,434.401394
58.80977,148,434.464481
198.0911,1000,434.506824
-113.45547,522,434.52819
322.85168,248,434.628348
296.672,589,434.667186
273.70758,845,434.696913
24.357666,132,434.925903
80.917404,123,435.234361
83.1703,121,435.479914
-97.77653,522,435.836768
110.972305,104,435.953518
63.847218,110,436.338773
231.92596,518,436.444065
216.58438,422,436.444124
271.05798,407,436.497724
274.65842,476,436.649644
282.57874,317,436.686736
301.66895,514,436.691517
257.56512,638,436.697334
-65.84781,501,436.701722
235.35164,675,436.711049
295.98492,216,436.940261
100.33032,145,437.302896
238.6278,851,437.433649
-65.202866,777,437.567162
278.9555,701,437.741191
324.73962,332,437.978132
300.32797,333,437.983031
-84.47047,509,438.853551
-12.918894,1000,439.30173
255.24405,372,439.307232
307.25473,598,439.445475
-15.168762,454,439.543889
-96.28599,503,439.633966
318.72943,645,439.666013
-16.50066,112,439.817539
237.8541,711,439.977758
-71.044815,481,440.177404
-60.659397,504,440.283237
-24.243652,980,440.852482
272.57373,706,441.004707
268.84058,880,441.004752
346.50348,325,441.171979
288.703,406,441.172027
282.62024,969,441.172037
261.49606,504,441.172045
286.06586,352,441.172051
272.74072,188,441.177015
157.56073,379,441.194062
149.18,1000,441.301367
102.19382,103,441.331815
337.83005,234,442.057881
300.7622,194,442.057935
323.80188,200,442.063076
-59.868416,493,442.22839
-93.57924,552,442.332204
-85.92623,496,442.454163
331.42496,314,442.584749
304.441,314,442.590979
321.2866,206,442.990383
-26.22892,477,443.160949
309.45773,270,443.287609
345.91245,470,443.292097
288.43365,474,443.309831
-96.1987,523,443.542181
322.26065,334,443.58897
-59.465126,521,443.663249
-75.42969,544,443.798363
293.57693,331,444.088769
263.41547,986,444.128619
-77.90286,487,444.457436
317.64978,273,444.540079
-70.91902,494,444.705216
-50.25319,523,444.719236
-50.143616,526,444.98486
279.40125,322,445.002518
296.27393,312,445.007675
287.20587,339,445.35141
282.47656,274,445.351475
324.2997,378,445.396399
307.99716,301,445.529152
316.07172,515,445.537915
-23.351135,502,445.625581
-45.15011,510,445.639832
293.4062,313,446.159023
278.474,688,446.163207
281.85086,233,446.433159
275.97235,357,446.668136
304.83752,358,446.668186
304.268,468,446.705377
339.80362,257,446.718092
286.35626,240,446.727053
247.85654,684,447.602324
294.48907,318,447.613413
-60.385914,500,447.704807
297.0249,491,447.794778
261.6723,390,447.962612
285.03452,334,447.977903
-27.335869,509,447.991684
269.90494,655,448.380481
-74.89102,793,448.38519
284.90137,393,448.528174
325.02008,432,448.684572
285.38788,441,448.688547
355.53497,226,448.732487
2.1899338,849,448.888171
-57.28723,522,449.04519
249.47586,220,449.490853
233.00461,624,449.547387
317.06992,214,449.621121
260.3894,412,449.627626
254.45303,286,449.641225
-12.53138,504,449.873564
-66.049515,512,449.903836
-37.37797,495,450.190194
-15.597,502,450.200421
-64.364876,507,450.234614
285.55673,312,450.275578
-60.547634,472,450.473257
322.20465,219,450.608572
271.29144,238,450.616966
-14.190857,487,450.855696
328.43884,282,450.893171
-77.95674,503,451.299596
-55.72603,489,451.700807
-43.86,497,451.887335
273.9598,375,451.974339
319.04404,301,451.983972
-27.496368,513,452.244494
-80.348564,500,452.469784
-66.16556,506,452.504377
-44.814888,511,452.565351
-28.79612,498,452.742723
272.38422,521,452.980673
-111.988075,509,453.208797
50.013363,1000,453.23322
207.62376,225,453.478785
-47.381813,511,453.612129
-48.41902,487,453.897687
-56.105896,479,454.050846
-71.91759,487,454.178886
-75.1454,510,454.284622
-11.698509,772,454.348142
180.76572,1000,454.400123
-87.232895,489,454.440683
271.15747,286,454.496533
-22.609543,478,454.706297
-64.07875,508,454.782043
-62.959972,507,455.258197
-7.4198303,607,455.471558
-32.73574,510,455.53212
-39.914143,500,455.733005
342.76544,302,455.767737
-37.685642,499,455.863778
-16.500694,483,456.08256
-52.057053,515,456.367052
-45.848186,511,456.470103
-42.80754,484,456.521274
-48.848076,501,456.538121
-88.25354,502,456.700447
-51.453484,507,456.788768
-16.987106,485,456.904269
-28.57579,508,457.07942
21.439522,96,457.134767
-24.107956,496,457.499949
-84.136566,507,457.752655
-99.63538,514,457.855251
1.1711731,489,457.976519
-23.56659,498,457.981481
-35.201508,482,458.042826
-26.267319,507,458.365376
209.53009,520,458.720816
-8.9247055,491,458.761992
-44.42394,499,458.785475
-21.186035,513,458.798293
-5.9333572,492,459.023994
-86.888214,506,459.203592
-100.683464,494,459.325135
-59.82747,507,459.443123
-15.611603,494,459.74521
-31.367752,475,459.916283
-28.110888,72,460.064039
214.27568,525,460.224001
-40.407482,484,460.228524
-30.528778,507,460.265222
-121.980156,510,460.27501
8.813629,507,460.650341
10.549019,486,460.972579
-33.91513,514,461.034983
-42.919994,522,461.137409
-133.6493,530,461.387649
-48.12954,516,461.504361
304.87537,637,461.633616
217.01175,521,461.650901
-45.05127,504,461.688539
-41.90334,482,462.064898
-14.065361,496,462.440053
-66.504745,506,462.527503
-71.38321,516,462.532421
-136.6828,521,462.601703
12.450287,492,462.85165
-63.71544,476,463.154853
-44.20049,490,463.162624
-67.18303,468,463.220736
223.59518,754,463.435335
-69.13314,482,463.537184
5.571594,478,463.634763
-11.391495,477,463.776885
-10.067741,506,463.889778
-105.07456,514,463.98372
324.27246,196,464.298727
307.7436,256,464.303977
-118.07202,516,464.35982
-127.75199,510,464.706205
-129.85869,500,464.757575
-114.93259,513,464.807979
334.20752,271,464.834591
300.8932,240,464.842391
268.23245,297,464.855576
-148.30963,513,464.891637
-64.83207,512,465.131346
49.810856,115,465.221447
-80.82452,505,465.419106
-123.7079,525,465.568002
285.41473,390,466.052032
318.21155,272,466.069002
-38.877045,495,466.109436
300.12378,272,466.119173
318.40057,408,466.144377
326.72516,302,466.211888
-105.042305,524,466.339647
299.45306,353,466.454641
-183.93466,523,466.712222
198.475,443,466.752743
253.97853,408,467.061982
-176.94534,510,467.10628
-91.02985,488,467.338449
-44.10625,486,467.76762
-122.9339,521,467.783376
237.37506,403,467.942569
258.19727,403,468.032163
290.09308,425,468.032212
269.11285,439,468.041779
309.0631,417,468.230214
319.6314,462,468.238842
297.30194,394,468.244276
311.0573,480,468.251403
241.78,387,468.858678
207.94727,398,468.863611
-53.61886,502,468.975421
-17.634392,652,469.701189
-153.3435,533,469.747447
247.42299,419,469.827181
300.04358,356,469.840479
288.07748,360,469.840525
298.2617,421,469.934511
239.4324,484,469.951631
-154.49951,532,470.189363
-113.23762,486,470.226408
-98.736534,514,470.357631
-21.070885,479,470.398537
-19.925095,512,470.551019
-3.3995056,486,471.078622
-34.304367,493,471.103805
-10.445045,500,471.267893
38.83788,123,471.657854
0.4709549,477,471.910163
-76.11195,504,471.983614
-62.653435,482,472.023564
-53.406868,494,472.060808
-32.46318,488,472.142669
-27.365479,509,472.251158
-30.411682,504,472.465092
-50.374012,510,472.532993
-31.349472,501,472.622718
-28.482948,516,472.73179
-40.28938,501,472.818107
40.922382,93,472.952335
78.24401,83,472.992697
265.13278,775,473.339088
-52.162086,512,473.375225
-78.95068,506,473.530713
291.52615,445,473.658766
235.63068,429,474.002472
-40.900463,469,474.027946
223.61368,450,474.061842
254.982,509,474.293004
287.99847,326,474.293054
34.321693,138,474.710964
-47.674637,485,474.94541
249.84467,327,475.040295
255.40141,373,475.097999
257.4948,590,475.163697
268.8532,474,475.163744
312.59784,395,475.163754
284.47266,706,475.480874
-82.49065,477,475.840257
198.0048,713,476.19594
-18.892784,480,476.22156
-72.34822,490,476.245603
312.46823,306,476.549489
309.61548,355,476.554556
0.06351471,496,476.558682
316.73773,323,476.558728
271.37878,256,476.643107
-32.168503,521,476.675757
245.94347,362,476.684445
35.40455,1000,476.70275
205.95047,441,476.712245
-0.40683365,115,477.087592
287.29935,423,477.096532
240.25565,196,477.46982
18.42701,208,477.60727
208.48265,266,477.938023
65.47858,93,478.044204
-52.7046,479,478.058334
244.0278,445,478.266736
260.539,368,478.266785
248.24063,473,478.437182
258.482,385,478.460923
-20.136436,741,478.570091
6.869522,92,478.689058
320.41916,465,478.860802
228.41278,572,478.865675
259.07724,505,479.012346
328.23166,418,479.01743
261.94,236,479.017467
306.91113,534,479.024544
245.82747,243,479.159399
288.14865,209,479.222082
-30.67044,510,479.434712
26.764923,159,479.7393
323.62518,292,479.760274
-69.041245,518,479.830978
7.653343,115,479.935107
-34.8611,512,480.364887
323.596,309,480.395792
-46.158234,473,480.585482
-22.18071,454,480.71663
-114.84329,484,480.734494
-1.425621,472,480.965701
-56.59002,473,480.975662
86.504425,90,481.112426
-28.650528,475,481.132673
1.3213348,486,481.178418
0.41578674,480,481.287578
281.06793,203,481.298363
285.8559,221,481.572249
256.35706,379,481.633145
65.60225,148,481.779949
52.48983,108,481.784876
-39.834457,498,481.988919
316.40002,395,482.142375
0.6510811,112,482.142423
297.9272,260,482.14773
323.59003,259,482.152619
307.36334,234,482.203253
159.10318,608,482.563757
257.17072,177,482.589795
229.702,389,483.336541
255.78606,918,483.341188
270.6981,801,483.341234
247.61407,264,483.346631
295.66125,344,483.351135
294.27408,374,483.897354
293.76318,501,484.44044
255.80154,411,484.450525
5.7321434,133,484.52299
228.71733,290,484.67561
18.95885,84,484.8258
37.955368,89,484.838087
283.27505,956,485.073848
300.0464,545,485.0739
308.50812,647,485.087054
276.37897,696,485.157705
292.23895,398,485.162826
178.56978,875,485.171491
-8.811584,470,485.491791
174.67894,483,485.565902
183.05331,510,485.690965
167.19211,1000,485.8653
98.08646,95,486.008149
347.42065,209,486.04346
258.37854,864,486.094262
267.9004,201,486.094316
239.24567,360,486.166907
277.63953,167,486.447493
294.96295,281,486.767493
246.46799,406,486.933235
247.2355,405,486.94171
343.25436,201,486.949413
319.0534,243,486.958523
23.454422,509,486.999582
315.39258,281,487.367418
19.094517,96,487.390105
34.141342,104,487.419928
20.257553,164,487.686477
255.32811,353,487.700779
48.240154,87,487.793835
59.67208,92,487.793879
15.687939,83,487.802646
196.71744,588,487.850625
245.063,688,487.978132
330.14224,264,487.993243
301.8673,336,487.993291
2.2036018,105,488.287858
11.797901,78,488.349051
49.912666,106,488.358713
76.156075,108,488.499723
237.1126,521,488.564085
204.01602,757,488.66388
91.41798,168,488.777807
82.23964,81,488.874336
306.51575,240,489.398766
-32.72009,142,489.430312
137.78035,1000,489.440035
288.7856,564,489.574669
207.9328,776,489.582016
-132.73274,312,489.787756
29.941635,88,489.798428
305.18796,274,489.820078
11.8948555,102,489.896128
-39.1819,469,489.961835
-180.59116,503,490.028711
44.979828,77,490.138771
249.38971,278,490.143547
78.484634,133,490.188681
26.169529,83,490.281128
119.90408,127,490.393104
88.46747,124,490.402096
-18.051018,103,490.446584
291.66675,402,490.515074
2.1925774,72,490.525375
-8.731407,107,490.651663
58.81583,90,490.70253
32.132587,76,490.742871
-2.4389114,86,490.90116
40.195698,141,491.046514
68.93465,113,491.262533
46.586586,156,491.363718
14.086521,122,491.47603
140.3834,1000,491.618164
5.213394,141,491.694331
10.05574,99,491.818794
2.871502,122,491.818838
299.61865,397,491.86785
240.44513,423,492.128408
252.45004,944,492.195224
64.36552,1000,492.336765
37.66211,135,492.346095
337.46768,418,492.398412
76.4104,132,492.460528
295.24814,667,492.552183
17.71595,151,492.557065
-31.251686,936,492.702456
310.23474,278,492.797049
297.50018,446,492.797096
71.19121,90,492.827694
-16.970081,115,493.006267
98.68123,147,493.042067
27.145065,111,493.068208
-30.9627,130,493.400689
-207.71756,846,493.51879
252.50848,241,493.672294
320.2441,206,493.748468
273.58484,349,493.753777
290.2857,401,493.759307
296.65115,335,493.759343
285.72247,201,493.759353
243.0795,696,493.777474
89.945496,96,494.202248
1.8063087,125,494.365626
40.34589,132,494.374557
69.9485,142,494.423148
61.12091,154,494.468404
272.18256,643,494.637137
-27.884682,105,494.694849
0.535202,103,494.955347
48.105633,132,494.981431
53.160965,124,495.008204
313.87988,358,495.339003
313.37018,353,495.399968
242.0798,513,495.450938
270.1615,537,495.497913
281.8362,245,495.507591
327.09012,539,495.542882
299.6222,688,495.542927
283.525,436,495.542937
58.149506,102,495.80674
17.869514,86,495.894699
262.88965,705,495.964692
-32.386276,104,495.971174
70.664825,125,496.024732
289.54123,231,496.037671
-5.2343903,125,496.112048
52.19223,91,496.384457
314.08398,311,496.419879
305.55798,669,496.483469
330.43048,364,496.618993
27.901981,112,496.628846
63.783905,137,496.653729
2.2330093,244,496.663738
15.557922,153,496.742088
42.675133,173,496.760467
40.224766,103,496.894582
211.93959,485,496.926504
284.6029,225,496.931758
-14.710888,124,496.958961
103.44627,87,497.14411
45.46089,151,497.323425
27.990963,107,497.45382
1.0609703,121,497.4592
231.82806,459,497.658189
238.3285,457,497.914091
281.69434,242,498.430755
299.7343,407,498.490659
303.78552,399,498.595404
-120.12314,478,498.850487
291.97693,434,499.127738
153.89287,1000,499.242171
215.89062,297,499.278237
312.9662,426,499.422617
304.8511,566,499.541786
236.63953,565,499.541839
242.7371,630,499.56498
332.0788,235,499.592891
157.03221,1000,500.020221
102.614586,189,500.162994
277.2719,269,500.666006
293.62982,310,500.6798
323.39825,247,500.679829
295.33246,238,500.679839
243.64598,384,500.906241
262.8715,719,500.968288
88.489975,1000,501.099518
224.78769,431,501.539854
17.561813,124,501.675689
303.7456,938,501.777854
277.50485,386,501.783206
282.47592,241,501.788169
256.13525,726,501.788198
305.10974,241,501.788208
249.66779,247,501.816044
246.45071,265,501.881395
38.251026,82,502.154559
335.04724,279,502.244584
259.42334,207,502.735754
319.07385,255,502.845423
293.1146,273,503.140033
154.85165,1000,503.20939
105.50595,129,503.462849
157.98068,1000,503.500741
42.6349,88,503.586354
318.49884,419,503.774523
312.7771,373,503.97235
255.61612,479,504.124606
204.93625,486,504.13063
283.83325,386,504.135826
111.243805,123,504.223889
154.03629,1000,504.255851
281.50867,572,504.289759
158.38129,715,504.316641
239.50934,893,504.377889
70.39714,132,504.427118
104.382614,104,504.61863
66.254974,88,504.627249
254.89804,607,504.69198
267.76056,351,505.185436
334.87708,182,505.199881
321.2491,593,505.555345
287.97736,282,505.589267
279.1363,337,505.805983
295.4682,355,506.030215
259.88702,450,506.035062
280.8532,428,506.076385
270.25543,437,506.112383
58.59472,232,506.249667
276.7213,368,506.281313
286.77322,305,506.565209
262.02777,616,507.426367
228.51921,605,507.443525
297.67673,922,507.53318
299.556,329,507.546525
277.76056,438,507.828783
168.08804,811,507.955085
129.97253,1000,508.125684
26.808949,142,508.212556
283.16833,497,508.377625
223.22057,489,508.843362
271.7684,563,508.895468
301.78442,273,509.10263
316.78564,630,509.170723
306.6565,367,509.244249
236.86537,695,509.24945
277.07376,682,509.27139
4.738079,110,509.765928
302.6504,247,509.961987
157.65038,1000,510.143481
114.87158,1000,510.184883
198.05902,697,511.163464
223.4202,444,511.264105
221.85089,696,511.570208
194.6694,751,511.663903
249.48235,780,511.718281
316.20227,363,511.860451
127.033356,1000,512.039929
130.35263,1000,512.053269
259.9163,449,512.226279
253.17932,534,512.226341
182.16302,678,512.276232
202.98213,746,512.309034
205.9353,706,512.478703
233.74605,746,512.519
95.889595,121,512.611083
42.47883,127,512.856875
339.49335,214,513.185459
277.77728,254,513.189936
269.68484,711,513.216409
297.64255,174,513.261567
221.6891,406,513.41071
243.12497,420,514.099649
356.87833,189,514.099697
323.79755,206,514.099706
265.24524,649,514.104302
260.9497,542,514.104355
300.02243,216,514.375665
265.1886,465,514.395483
268.51523,422,514.403724
325.06677,621,514.511528
252.74274,436,514.55044
196.39029,727,514.550476
233.63612,612,514.612975
33.775124,121,514.647514
289.10052,449,514.855439
296.7653,202,515.023871
268.28418,461,515.285893
308.2594,196,515.290904
281.96777,284,515.390428
297.4604,286,515.399781
280.349,233,515.439281
354.2041,205,515.453377
296.00995,241,515.494105
293.54675,242,515.734486
326.64264,211,516.005621
240.3498,684,516.301074
268.5994,358,516.306859
37.81814,82,516.385687
270.21637,235,516.391113
280.9899,450,516.638971
345.17734,329,516.931107
322.3419,395,517.23814
-422.1229,467,517.470938
223.5892,443,517.558015
223.70062,767,517.639888
266.77173,473,517.639941
322.6687,293,518.288633
222.72781,430,518.293737
232.95853,438,518.410869
252.50505,439,518.410931
230.34933,803,518.575522
260.57983,540,518.799004
238.7809,728,518.821115
212.93912,496,518.922152
333.57034,369,518.927044
330.10495,320,519.10073
179.38026,1000,519.165727
-2.085289,788,519.36486
299.47647,449,519.615383
299.82626,290,519.615434
-10.701881,477,519.658537
205.56259,474,519.817094
283.6745,342,519.862843
263.8229,382,520.156298
311.7755,299,520.295658
248.32143,358,520.456131
295.28278,465,520.530501
292.73297,429,520.530547
321.3916,238,520.69261
338.66934,336,520.698753
328.82,558,521.467588
231.96613,590,521.491566
-3.8123932,477,521.543453
250.59015,563,521.689518
319.31662,267,521.765467
297.38892,285,521.770766
307.31015,268,521.770794
282.6682,429,521.779797
293.10492,323,521.77983
335.15582,353,521.779845
21.033272,490,521.899153
-37.944912,509,521.942617
-27.580368,489,522.083729
96.710434,88,522.161458
256.02972,328,522.188694
46.6907,97,522.200483
264.03232,283,522.92994
313.8346,199,522.956941
-47.618313,503,522.961411
297.29376,326,522.99412
-106.85286,498,523.704546
-37.777725,525,523.805509
297.07486,476,523.869743
-83.78267,495,523.969772
-31.835587,511,524.034903
294.72168,418,524.050756
312.13202,258,524.152066
311.65265,438,524.152121
-75.03152,501,524.164396
-16.478554,529,524.242858
293.22858,306,524.329411
260.2249,580,524.343846
-76.62367,530,524.513831
106.35066,93,524.656049
258.11847,399,524.711577
223.03778,412,524.806522
300.50378,251,524.838201
305.21915,197,524.852089
275.88034,230,524.898508
333.44128,239,525.220381
343.35706,154,525.35975
304.48224,375,525.501757
258.8791,267,525.924813
321.67682,391,525.924857
273.18027,346,526.08956
322.34436,389,526.10369
255.83127,494,526.284537
327.80298,525,526.420047
-49.154343,508,526.646084
275.3592,314,526.80858
261.36755,435,526.808627
255.10262,436,526.844148
289.63403,313,526.949415
345.12726,161,527.038975
229.53403,763,527.637444
320.30316,354,527.75432
313.0395,204,527.754383
338.72388,358,527.759238
279.43802,393,527.759265
251.11038,551,527.774013
299.71783,247,527.796121
203.60376,674,527.962631
23.205479,104,528.246257
299.48688,503,528.264456
320.84085,307,528.264501
64.66428,174,528.457562
349.69922,245,528.905193
113.28936,158,529.001358
331.34457,290,529.154101
248.84433,302,529.16745
258.1661,509,529.183011
303.3374,633,529.371457
163.95645,1000,529.536279
296.30627,283,529.591727
318.6229,398,529.612319
269.4052,247,529.61238
310.96234,288,529.617538
312.54196,573,529.622105
240.93575,655,530.066644
75.75093,108,530.090563
305.60263,548,530.279929
282.2747,303,530.279997
315.98346,266,530.366447
334.92578,256,531.274415
348.096,267,531.296789
315.70618,223,531.315054
256.05252,401,531.451874
274.3839,497,531.456591
279.50464,409,531.485321
251.10042,532,531.595847
234.53598,530,531.800857
269.19324,568,532.139463
260.9661,552,532.139513
324.73514,684,532.139523
302.0927,181,532.153877
118.777435,1000,532.57035
84.60497,158,532.860812
20.195099,105,533.052692
-82.37697,772,533.132847
257.925,301,533.187626
204.58084,612,533.202492
-114.73242,371,533.847416
223.61487,803,533.987156
301.58765,572,534.086484
283.32727,567,534.086533
296.08228,424,534.086547
297.81982,622,534.13553
326.92084,602,534.218307
255.946,636,534.22354
289.45605,254,534.223575
275.3667,296,534.223585
258.72794,452,534.228042
319.27698,296,534.531965
234.51613,368,534.865143
309.3383,215,535.056174
280.2948,216,535.064127
327.6181,240,535.07434
266.5183,426,535.074381
308.76715,226,535.249945
272.74622,263,535.284102
331.37463,337,535.379671
277.8418,260,535.40413
31.731659,142,535.523293
172.47049,865,535.549407
324.28864,303,535.603229
291.9852,307,535.614277
331.6714,325,535.614311
280.54352,309,535.627431
84.01889,113,536.111722
218.17328,312,536.472065
233.36566,433,536.494483
284.814,258,536.684003
271.5688,322,537.060257
265.46924,324,537.070012
318.14264,445,537.084558
-260.00763,529,537.474894
-70.92658,514,537.589269
278.70837,554,537.601014
314.71686,450,537.601043
261.5302,433,537.601053
161.00945,516,537.634892
223.63654,521,537.77758
-177.7893,541,537.840962
61.456367,99,538.040908
-172.53633,526,538.514658
328.688,345,538.663272
290.51215,233,538.663321
309.14935,349,538.673501
313.27573,235,538.673531
268.15955,448,538.741867
-179.8413,505,538.786086
326.5423,222,538.791075
291.47256,370,538.791135
289.3218,230,539.077269
265.72217,359,539.099461
265.18164,310,539.237116
293.2119,240,539.750433
241.66974,722,539.784455
318.20407,231,539.826244
297.0349,230,539.826288
289.49255,269,539.875844
-139.70457,508,539.906431
309.41016,279,539.99985
278.5707,287,540.083108
309.5038,217,540.088035
267.32935,317,540.102611
295.12006,189,540.102657
121.74034,87,540.471728
279.35593,160,540.540847
242.16803,664,540.632272
265.327,383,540.79913
-98.889496,528,540.89047
324.52216,267,540.979262
240.61996,535,541.070032
334.5601,266,541.070082
284.4328,279,541.07966
289.14963,358,541.51669
276.59515,443,542.11986
307.1334,324,542.119909
322.88074,267,542.124052
316.37848,445,542.128989
277.6656,237,542.16508
246.82516,477,542.170482
285.79834,320,542.464896
270.07635,301,542.473981
285.3747,598,542.482521
-114.13669,513,542.888243
296.2815,485,543.038305
304.79712,307,543.548449
289.67007,309,543.560535
270.33365,236,543.570172
275.82623,462,543.664838
295.10675,327,543.682272
245.52985,277,543.748205
20.129906,178,543.866582
281.6145,648,544.075649
307.43103,253,544.08064
323.90173,356,544.138906
34.13459,125,544.151869
295.88043,459,544.265249
35.77676,110,544.403777
264.2519,477,544.403828
295.48004,186,544.564619
178.2319,1000,544.705844
223.85648,628,545.052339
170.11769,1000,545.106471
268.68115,254,545.266876
262.77795,242,545.271332
277.19818,243,545.288429
322.03497,197,545.310722
336.19727,265,545.320617
226.05383,456,545.658188
-18.164803,461,545.875306
-52.100494,503,545.881509
-14.383194,500,545.970469
43.29943,166,546.007632
322.02112,191,546.132571
333.062,245,546.22032
301.8952,362,546.220379
232.73691,331,546.220392
342.39407,262,546.247458
58.249043,92,546.318401
300.2982,285,546.624301
339.67322,242,546.788137
344.72522,177,547.157591
349.77985,258,547.24245
275.53748,233,547.247597
294.33606,316,547.385134
272.8234,449,547.385185
285.346,445,547.389572
300.69373,247,547.398984
285.7671,249,547.407133
323.72165,195,547.714674
316.9375,233,547.73916
230.83487,763,547.824761
321.7399,161,548.122684
348.67786,210,548.127524
277.72748,406,548.127554
261.55728,220,548.408021
317.66943,264,548.602503
267.65027,294,548.602555
269.80325,295,548.611627
270.1612,513,548.646519
296.5087,276,548.670591
330.50964,209,548.696637
262.61212,300,548.765909
260.47192,648,549.000071
126.95955,1000,549.031121
261.55414,223,549.147504
280.38446,292,549.156564
292.62994,318,549.166069
31.387909,232,549.185838
288.14243,194,549.473468
288.23102,234,549.478275
267.243,368,549.795463
274.71912,409,550.460221
307.4339,217,550.460271
334.30695,290,550.46903
303.79648,379,550.483001
261.81653,295,550.504086
343.53302,225,550.504115
255.15802,325,550.504125
302.5118,332,550.504133
338.27744,405,550.504143
286.23962,299,550.504161
308.79385,424,550.52722
274.56857,403,550.527247
323.54163,534,551.09333
304.30457,218,551.526236
289.10107,218,551.526288
279.3545,245,551.64641
311.74994,400,551.651311
255.95374,258,551.689105
48.329853,90,551.940849
297.84027,326,551.993629
357.58926,196,551.99857
194.71194,378,552.264026
305.7574,239,552.637342
-146.59233,491,552.74539
-126.08951,506,552.81029
313.8023,514,552.908959
307.90906,318,553.117831
215.75043,577,553.182386
321.27652,271,553.192
256.47958,580,553.215447
275.15228,337,553.248196
64.966125,162,553.557648
334.06873,196,553.644512
320.70575,226,553.66764
74.95829,104,553.720808
69.16295,1000,553.792993
280.7817,505,553.992906
-37.919357,177,554.006299
288.27994,454,554.098848
115.02988,101,554.124615
222.1709,229,554.280619
151.96179,368,554.623834
248.50417,886,554.623885
202.22621,359,554.794508
249.46265,186,554.881209
297.83307,235,554.900069
351.9124,367,554.909393
236.91043,288,554.914452
89.296005,152,554.995995
101.81104,106,555.299421
71.35002,108,555.42179
34.793358,118,555.460463
116.7367,122,555.574031
305.68384,254,555.817554
358.05792,254,555.817622
322.7079,457,555.817639
85.09909,117,555.839368
54.84834,95,555.859244
292.4143,379,555.899363
145.88754,408,555.906253
303.58966,223,555.924443
39.747177,91,556.271726
57.014,108,556.332181
231.95233,203,556.509546
238.04294,525,556.548451
127.71179,1000,556.649467
34.75442,104,556.761151
0.36639404,97,556.788513
238.42313,234,556.898457
199.82797,1000,556.918121
-126.899124,249,556.970721
64.13753,86,557.049866
61.96863,118,557.059705
75.05896,98,557.216316
22.594734,120,557.33842
328.0586,541,557.428919
287.27213,442,557.509582
307.3675,376,557.567502
39.12836,91,557.860959
203.5995,426,557.910233
284.75488,297,557.936098
89.249146,85,557.962759
299.8608,197,557.970621
250.82603,229,557.991947
228.60336,248,558.127772
265.99667,489,558.176799
204.78131,968,558.25228
329.2206,170,558.303483
313.58755,210,559.117864
298.65405,227,559.151778
312.51578,279,559.169666
245.0401,213,559.251873
230.953,305,559.311084
265.50763,354,559.565858
327.3643,319,559.697862
316.33377,515,559.715866
227.07077,550,559.75582
136.57224,134,559.802014
289.53928,846,559.815764
238.75464,636,559.839955
179.30272,606,559.858313
95.79593,114,560.103971
29.862648,105,560.228627
104.44852,116,560.248741
24.789612,95,560.287679
15.613472,112,560.309125
98.600464,90,560.510685
43.56278,104,560.700804
75.36956,92,560.700855
222.38248,323,560.739624
57.499294,107,560.995117
298.32068,724,561.29189
63.445267,136,561.319768
47.380398,112,561.510122
316.67526,418,561.733732
331.5666,218,561.733782
-12.510189,116,561.81796
267.4013,267,561.915788
276.70044,890,561.920757
337.58484,369,561.924449
311.3135,608,561.93511
126.32048,1000,562.548809
15.23465,199,562.7419
288.42358,316,563.186613
184.98515,686,563.435912
216.37491,995,563.67759
2.629898,871,563.681963
115.00261,1000,563.889137
30.040638,93,564.108217
263.41406,301,564.119246
335.4394,519,564.1193
299.2771,478,564.11932
270.49173,950,564.15781
313.50787,578,564.163262
335.74426,491,564.178439
235.07777,495,564.211594
-43.419815,509,564.285687
-24.424755,125,564.480727
82.8842,104,564.595627
299.21515,199,564.600485
326.5912,310,564.612338
94.17792,135,564.73963
55.447502,156,564.872065
132.412,139,564.90903
311.74402,833,565.130224
312.01935,228,565.144193
306.33276,216,565.153531
333.73315,378,565.16648
43.09427,103,565.337511
344.15454,171,565.37392
329.0052,170,565.378398
269.23926,277,565.416101
39.91202,124,565.700632
274.00665,350,565.797926
230.46321,204,565.837469
322.3169,276,565.852698
74.26462,116,565.905551
73.886154,117,565.949586
79.042046,195,566.228374
329.01996,412,567.056733
284.647,415,567.056783
295.7917,369,567.069786
105.39028,1000,567.116309
294.35968,314,567.138032
301.16077,303,567.184786
319.7354,627,567.592003
311.16272,536,567.592055
263.98346,382,567.592065
28.386398,129,567.637754
83.3067,127,567.752053
276.77206,417,567.801411
15.385872,109,568.088188
292.89233,217,568.096357
-121.29904,505,568.139325
212.27356,828,568.250516
-93.603806,512,568.284829
275.75745,308,568.450579
286.35565,306,568.455647
299.35425,193,568.468641
240.23859,169,568.571238
247.39558,978,568.571285
314.72986,342,569.147102
313.26385,246,569.585476
277.98846,323,569.761797
-20.0755,781,569.795032
300.3001,346,569.831374
320.44144,276,569.840287
328.5296,457,569.844818
266.8479,385,569.849909
320.99835,304,569.849943
333.19,278,569.849957
234.66098,485,569.854732
336.23468,307,569.859303
44.704414,154,570.30162
50.47409,115,570.319414
117.84032,108,570.324544
63.54568,108,570.34766
97.38776,113,570.373367
79.23628,113,570.378381
-191.39224,510,570.431564
272.70715,514,570.488522
276.37125,744,570.530155
96.14455,169,570.535261
-48.85494,172,571.224048
285.61102,358,571.949735
-43.98571,469,571.998842
323.84235,194,572.108407
-92.49407,521,572.232656
276.17633,419,572.257953
-38.3423,520,572.741862
-119.546936,501,572.772049
319.34335,820,572.897437
291.2192,566,572.903786
271.26926,674,572.918075
313.66196,570,572.927634
312.32147,210,572.945546
315.01273,564,572.953552
213.2732,559,573.095055
238.9578,753,573.312307
286.50882,269,573.353065
316.94653,281,573.538961
238.62747,380,573.699807
268.61636,380,574.014855
105.12192,778,574.102581
261.36145,273,574.189522
308.144,241,574.212561
312.67865,272,574.212595
328.2397,272,574.217546
314.19086,296,574.303802
12.318871,474,575.074716
330.852,226,575.22881
222.45695,535,575.228875
331.00787,226,575.232957
327.1598,377,575.242963
229.05281,555,575.28816
300.43365,270,575.442021
241.2505,458,575.442066
280.9447,277,575.450899
-55.78888,493,575.561782
240.9515,634,575.834145
287.36633,343,575.879589
273.32114,391,575.903252
221.21606,483,575.91239
289.19354,238,576.180864
313.4303,213,576.222499
300.61218,167,576.222539
-32.297127,487,576.247595
266.76257,242,576.354779
300.02774,259,576.633972
66.72063,150,576.936268
327.77008,226,577.237884
277.43936,287,577.242506
268.49908,431,577.246843
259.57004,363,577.253768
284.0645,293,577.261786
-34.144066,455,577.549145
265.2695,510,577.621661
298.49994,307,577.657066
250.4873,511,577.678357
-104.81402,509,578.2322
281.58548,554,578.386294
307.2162,291,578.57314
297.0373,291,578.578009
317.31207,355,578.583133
326.5589,293,578.607506
264.54034,216,578.612257
-61.202446,506,578.703654
294.1938,247,578.796525
-2.3696976,510,579.002847
245.03622,423,579.195475
292.75354,183,579.44943
57.098,222,579.717249
263.03754,277,579.870838
301.05023,311,580.061103
296.91333,318,580.061154
-43.046265,518,580.070465
296.5914,612,580.082153
87.79428,95,580.173249
301.06955,416,580.49788
68.5974,132,580.678456
157.83034,1000,580.847541
319.75476,453,580.882742
339.1537,191,580.931687
231.15376,229,581.11106
-54.699867,478,581.421627
178.3691,734,581.630971
53.973827,1000,582.173333
285.0598,598,582.220011
278.14517,278,582.220058
335.81274,289,582.220068
315.2833,241,582.225307
276.28134,832,582.239305
263.02185,398,582.340244
284.3733,524,582.58615
273.9933,413,582.586212
320.0028,776,582.586226
74.100266,98,582.670148
51.610622,119,582.763152
329.0977,266,582.846668
295.6239,648,582.856271
89.550446,142,582.875764
282.16507,250,583.309956
336.11404,249,583.357901
248.69087,502,583.709191
248.83636,651,583.8388
160.73222,1000,584.672948
279.50586,451,584.750208
278.6171,311,584.758787
274.9416,434,584.767439
250.69496,478,584.788327
237.14893,444,584.890612
268.34888,581,585.247849
255.39294,596,585.31103
242.45773,535,585.322166
319.43677,351,585.322198
290.86597,652,585.322208
323.47968,429,585.322215
270.27722,266,585.878645
244.4321,682,585.977523
262.0168,988,586.765348
314.43762,317,586.780053
298.4175,318,586.784902
254.14284,641,586.784931
270.04242,336,586.789968
309.50415,320,586.794918
225.97055,451,586.821284
275.60986,435,586.876081
301.8462,219,586.886154
43.579197,124,587.335391
-12.796341,468,587.471215
-58.193703,493,587.579522
318.8588,210,587.744524
304.3081,212,587.758552
288.29755,249,587.925438
290.85602,426,587.935216
287.94934,744,588.140759
311.05695,304,588.175658
257.98532,743,588.175699
100.50548,89,588.324158
315.516,350,588.416917
293.89697,357,588.422166
239.96887,384,588.646432
335.4356,256,588.753918
316.14178,221,588.772866
301.18085,295,588.827307
312.1853,325,588.827368
133.51465,1000,589.331612
334.80777,314,589.627024
323.49597,265,589.646233
337.6131,298,589.706172
312.44986,387,589.71452
286.61334,341,589.750529
266.92578,251,589.924893
66.56093,113,590.161562
262.66602,464,590.276841
292.76483,425,590.388547
281.01617,820,590.649263
335.7005,217,590.718544
282.96204,190,591.043366
265.26913,308,591.050179
280.76962,314,591.212436
296.20578,203,591.231493
281.84412,280,591.231533
289.3969,397,591.55016
329.0042,182,591.569122
307.0257,840,591.623677
299.52188,266,591.628531
301.2294,211,591.634514
282.37494,261,592.240335
286.01044,281,592.342357
279.87067,254,592.37676
320.51,195,592.509803
318.4408,314,592.67058
304.61212,327,592.725874
260.81256,261,592.739575
322.0053,249,592.764242
226.23914,888,592.921209
201.42181,892,592.939091
232.70377,933,592.947094
154.23845,1000,593.356758
55.276894,209,593.691083
150.48825,1000,593.925549
336.03436,228,593.969637
308.6446,571,594.227486
306.10754,288,594.227536
82.51368,75,594.309238
282.2882,626,594.417014
249.66531,374,594.428296
194.5433,515,594.593221
-12.656113,472,594.808703
314.92914,329,594.847101
295.2329,469,594.898549
358.37848,195,595.111846
264.8896,484,595.145298
309.9469,322,595.15431
280.48108,233,595.486125
332.33264,231,595.48618
258.82846,733,595.85995
256.29114,772,595.873345
292.53647,313,596.555784
246.52821,917,596.564693
278.7634,366,596.582274
237.80429,515,596.587653
258.64276,588,596.621955
311.8244,365,596.836469
314.82645,552,596.848318
313.0429,258,597.064417
294.185,485,597.064461
320.5021,412,597.06447
306.65656,339,597.064478
301.83545,271,597.137067
301.6864,529,597.295409
270.0771,186,597.418736
312.3592,303,598.035521
297.38354,312,598.040441
284.93436,260,598.056287
243.94376,754,598.084412
274.2301,328,598.122933
267.38022,362,598.745074
287.2854,286,598.76307
328.03146,320,598.792914
313.625,373,598.797363
269.53644,373,598.797419
298.84564,381,598.834155
258.81964,476,599.067855
236.61719,313,599.487581
280.67877,314,599.487627
269.90085,297,599.492573
292.1832,510,599.492597
235.67043,945,599.867471
323.10974,231,599.893903
286.2807,265,600.019751
272.57678,269,600.034885
252.27872,420,600.034927
296.1797,276,600.039775
317.3747,244,600.200952
306.98566,486,600.312269
337.1283,176,600.31828
246.15012,344,600.338685
256.72885,813,600.353371
286.82025,185,600.35753
86.02783,157,600.770521
200.21268,259,601.225244
211.77472,532,601.247557
322.33875,216,601.313153
308.33896,315,601.328359
301.57916,290,601.539524
271.3931,301,602.727095
273.35498,599,602.80799
310.21582,353,602.887655
338.46796,367,602.929708
266.37955,655,602.929759
292.29532,566,602.929773
295.52454,742,602.929783
267.84955,631,602.939046
301.80695,561,602.944126
260.84613,353,602.948508
258.55972,567,602.957536
53.64832,77,603.287055
51.22396,96,603.317843
268.81155,829,603.322665
83.656845,89,603.32814
-45.419846,91,603.364802
264.3548,437,603.548924
159.64706,674,603.869817
306.42517,225,603.974137
273.85083,259,603.98623
273.04208,236,604.004577
284.78528,794,604.00895
318.626,237,604.008992
305.08105,258,604.749938
18.901627,173,604.798659
337.92447,197,604.928257
260.2892,350,604.940905
288.5212,435,604.94095
272.95206,372,605.049402
298.8979,374,605.101631
316.56787,271,605.129098
308.12863,391,605.142439
199.94049,504,605.255773
248.50937,225,605.778624
298.7019,418,605.934643
286.47958,268,606.025272
240.81348,262,606.248481
281.5608,227,606.287752
274.79883,509,606.323756
237.20486,505,606.348019
279.82294,267,606.35691
247.48566,312,606.379078
347.1349,252,606.938784
254.2378,980,607.225922
301.86105,506,607.248307
305.92395,228,607.387409
231.41101,536,607.400998
34.42433,74,607.588105
312.7227,299,607.620428
344.2519,286,607.637242
306.27686,545,607.642101
254.45256,282,607.647321
292.9972,154,607.64735
303.64362,372,607.64736
270.7139,556,607.652501
277.6433,290,607.70854
186.35948,1000,607.889584
-42.020424,112,607.897805
78.07138,120,607.947013
38.661312,91,608.035551
29.73368,88,608.045572
87.721634,90,608.05
67.50766,89,608.054824
244.67561,389,608.072299
233.90764,473,608.186316
93.83549,136,608.260295
97.97545,112,608.453621
332.54037,251,608.725826
324.33853,232,608.752594
331.01367,247,608.752632
314.7246,189,608.752641
306.79453,336,608.752648
337.82233,159,608.768561
290.7571,265,609.302943
269.66327,362,609.31646
282.8757,291,609.39586
279.2572,300,609.430097
285.9324,173,609.546257
338.60895,260,609.66689
287.05774,197,609.679377
271.2089,322,609.679422
255.56667,388,609.679432
291.3224,201,609.698518
268.44086,343,609.84468
251.20712,242,609.879608
289.829,204,610.224198
204.42139,354,610.408165
226.082,560,610.61425
311.83832,210,610.631273
317.00958,215,610.641171
308.39203,265,610.889328
334.33295,349,610.906976
272.22693,272,610.920446
305.8585,303,610.925629
322.3321,331,610.934091
274.00165,272,610.938834
301.36804,249,610.9869
297.28833,264,611.096689
246.40337,376,611.113428
59.960247,113,611.459696
39.230392,126,611.505756
328.03925,290,611.564116
312.54004,263,611.623923
264.07416,172,611.679908
219.67905,692,611.946699
318.07855,293,611.993624
60.25202,249,612.246252
325.12537,286,612.265131
314.59448,296,612.278366
278.6469,342,612.563606
317.3675,249,612.712079
47.46105,106,612.764184
320.08167,362,613.128964
295.297,314,613.133133
319.97107,225,613.281086
293.42657,296,613.316084
317.215,393,613.316123
243.00177,290,613.334493
297.3797,231,613.854136
342.3354,343,613.867674
274.31274,626,614.026428
285.8852,732,614.039414
299.62164,198,614.068506
336.5998,158,614.068541
236.69684,764,614.169746
302.09894,205,614.310114
269.1088,345,614.331275
278.249,581,614.331318
73.581345,81,614.693144
289.17508,340,614.863279
25.300098,124,614.867572
184.51782,867,614.939392
296.35187,255,615.019577
302.7785,217,615.029026
299.8169,318,615.315039
298.59497,473,615.315091
339.69934,277,615.329113
311.4448,437,615.339407
299.6128,251,615.467402
307.95825,216,615.865081
-2.7034073,151,616.019706
248.04053,261,616.233042
263.44952,471,616.233092
337.72083,212,616.315937
312.7146,354,616.324867
331.88153,212,616.324893
258.89072,542,616.522268
302.24957,343,616.530263
338.96127,282,616.629942
239.3353,400,616.713646
287.4061,269,616.72287
264.51294,369,616.726852
255.64355,573,616.812827
140.95682,1000,617.201332
290.80203,213,617.22597
317.08014,196,617.230548
-53.56172,134,617.336218
323.27075,190,617.399688
243.87973,313,618.089741
317.78513,378,618.089792
326.37488,261,618.616514
172.3446,494,618.626527
282.95343,408,618.626554
328.37805,301,618.626565
249.4653,498,618.839035
295.81726,354,618.845224
256.1631,674,618.996032
272.62744,638,619.190435
283.74957,240,619.190487
255.07788,403,619.199253
260.87976,432,619.225606
257.2641,523,619.23129
181.07867,571,619.362997
210.40652,727,619.38616
301.52716,185,619.460334
290.6219,183,619.460377
206.13995,459,620.180488
317.16077,186,620.232871
312.19067,230,620.237192
323.72632,222,620.237226
267.52246,307,620.242709
296.30133,222,620.242751
312.72433,173,620.247439
303.52325,196,620.256315
321.78827,237,620.270767
257.4431,379,620.352274
107.65793,115,620.698951
273.79813,323,620.91551
325.59232,158,620.944389
13.143814,513,620.949349
-14.602531,467,620.953468
312.56982,156,620.965795
9.224869,465,621.087184
318.45596,250,621.348171
322.48553,301,621.585063
291.4898,285,621.618513
269.79468,366,621.877513
314.81775,265,622.131259
308.6277,263,622.131305
281.03876,233,622.136334
9.973022,456,622.286864
300.15765,512,622.549073
305.54324,509,622.563291
337.78738,206,622.578634
191.45152,864,623.129136
290.8174,215,623.141825
-98.63484,513,623.25944
227.64137,538,623.413919
-34.1922,470,623.514946
333.65646,330,623.664062
323.11505,296,623.664108
245.02179,450,623.664118
295.34253,242,623.664125
314.06277,388,623.674187
317.62405,291,623.908712
228.33244,719,623.982358
9.241119,122,624.226134
35.983,731,624.301251
-111.318665,497,624.422921
280.54193,292,624.476772
328.13,224,624.542125
74.80968,97,624.775236
332.50043,312,624.857848
248.89992,259,624.87269
246.90897,299,625.061705
310.05585,418,625.07308
329.7385,239,626.153225
333.40753,347,626.153276
277.88,279,626.153286
282.0983,360,626.153293
270.0785,415,626.158879
300.719,454,626.53808
288.44037,386,626.554027
55.263092,132,626.767822
274.49866,819,627.066363
84.4695,1000,627.194236
285.08643,516,627.450718
287.4454,818,627.455126
312.9527,279,627.455151
291.8772,281,627.459568
292.9666,283,627.46768
310.35736,567,627.476595
107.53877,158,627.499659
58.965496,80,627.559807
221.30838,793,627.592883
310.0383,799,627.694101
325.44397,249,627.699697
69.802536,1000,628.279542
330.48495,459,628.67045
302.83148,266,628.6817
331.04932,264,628.690687
305.53177,270,628.695812
335.87543,254,628.727116
241.69766,560,628.744684
120.77282,128,628.883846
232.41704,327,629.1941
29.268036,145,629.343086
72.19949,117,629.730068
150.68324,467,629.83706
261.05157,521,629.8584
241.28036,312,630.099574
279.10037,558,630.144765
320.22247,577,630.144811
223.46384,315,630.163016
312.83063,283,630.172231
305.43127,326,630.187225
274.5719,689,630.217094
-26.578697,632,630.348222
243.21884,244,630.462084
81.345566,85,630.573386
197.11523,428,630.696063
85.56828,126,630.718735
335.36316,236,630.806859
289.87994,498,630.975492
33.19235,102,631.2846
-20.085995,128,631.297691
305.027,366,631.567062
301.00592,352,631.753982
279.23325,338,631.75403
280.34988,345,631.769936
308.26837,278,631.780986
312.14038,282,631.917148
272.98077,378,631.955042
319.74963,454,631.964441
154.62395,1000,632.090338
299.7021,452,632.341658
84.09533,158,632.511875
326.9583,410,632.651519
321.77655,295,632.672446
337.7199,238,632.672492
38.262894,155,632.672502
312.6854,498,632.677528
331.03186,202,632.700739
308.96564,362,632.995569
304.2787,233,633.026723
324.57904,276,633.031008
314.29794,292,633.103745
266.9876,271,633.165327
-33.975494,497,633.299252
314.1814,229,633.569621
311.35428,219,633.696419
283.71182,199,634.232785
308.99704,338,634.247962
248.4806,340,634.261593
253.77463,265,634.265757
279.83875,266,634.265783
238.58441,395,634.510343
309.11554,405,634.535942
251.98334,496,635.006358
296.66656,311,635.015716
313.61307,344,635.287804
299.51672,494,635.29295
293.29623,639,635.298442
294.28992,472,635.298486
-145.30176,489,635.43605
319.65417,307,635.653004
73.64516,110,635.794241
241.51791,397,636.089221
-11.498871,495,636.537546
295.33167,214,636.624996
7.9966354,516,636.634091
-165.63885,304,636.678389
293.41663,529,636.687263
163.72202,1000,636.696492
-14.22187,500,636.800291
19.509201,458,637.106208
268.94962,398,637.110809
-25.783524,476,637.605014
233.96758,608,637.779414
284.01062,341,638.086745
297.85187,323,638.092201
240.26575,321,638.092251
300.0398,309,638.102227
280.50977,323,638.147802
284.4965,307,638.198798
-36.445442,648,638.248001
-52.488464,488,638.296631
197.12119,836,638.357276
4.8086014,564,638.362843
279.8495,295,638.458809
301.56964,287,639.091191
326.3343,261,639.285495
-38.27257,490,639.344963
127.49809,106,639.774207
289.8216,371,639.796578
294.59525,303,639.850342
290.8689,382,639.850384
-96.69419,518,639.976689
274.51636,420,640.032752
324.74765,382,640.112029
263.32144,381,640.112073
-5.41214,750,640.121309
307.3339,456,640.299566
16.190231,484,640.382365
3.1747513,489,640.501441
247.27466,401,640.932441
309.48065,308,641.193001
311.7265,264,641.193053
284.63187,427,641.312996
251.72491,318,641.313055
339.94855,204,641.313065
262.56705,262,641.318297
236.56436,661,641.336458
290.8431,279,641.392604
292.8353,314,641.467783
258.69574,367,641.53019
294.7125,300,641.856519
296.35266,395,641.927423
337.71057,466,641.932711
305.1712,205,642.119114
265.8932,353,642.547934
246.10487,286,642.641403
295.6456,292,642.650898
248.39935,527,642.710135
309.32446,337,642.734063
235.8881,311,642.734096
282.58173,284,642.843893
267.18353,359,643.1389
294.68716,399,643.157774
263.72086,262,643.157821
323.7038,220,643.157831
216.72021,437,643.330782
257.49707,426,643.363091
300.2741,252,643.899302
-39.449802,509,644.205045
292.04785,427,644.592782
308.2591,320,644.599752
293.61487,275,644.599779
247.723,612,644.733943
-10.751366,500,644.851462
-15.59404,496,644.931323
248.97882,401,644.97762
2.0108414,505,645.026568
-35.872925,506,645.151665
-35.625984,534,645.181795
257.291,304,645.284045
-62.963165,491,645.385643
-101.73928,516,645.482979
-5.554535,513,645.661193
315.03915,251,646.066111
344.58456,240,646.066158
-8.927139,540,646.67732
253.36906,425,646.798739
247.26851,449,646.798788
269.4518,358,646.798798
277.33478,480,646.807692
291.36642,260,646.860025
309.81653,324,646.880759
245.09662,495,646.880791
289.5655,403,646.880801
287.71265,369,646.880808
262.92444,352,646.903427
253.93106,309,646.907843
15.34967,71,647.146562
272.2282,297,647.452031
232.02298,627,647.488067
280.92523,261,648.017093
226.31958,421,648.02992
306.59344,291,648.038956
278.76483,259,648.083168
333.452,254,648.087508
278.1675,267,648.101204
240.58084,322,648.290692
283.2829,321,648.387039
256.2761,330,648.405902
284.5273,331,648.410805
284.81244,332,648.415547
-20.767117,96,648.453924
306.17767,220,648.499941
292.75946,171,648.819239
121.84889,120,648.939437
286.83276,304,649.487947
289.0246,441,649.495812
295.82147,352,649.716852
282.36346,558,649.727456
319.67712,283,649.731478
312.5461,285,649.735788
292.367,312,649.740797
251.84825,405,650.277689
243.5557,478,650.312873
260.1474,401,650.312914
93.61836,87,650.713305
324.31122,275,650.761992
10.724339,114,650.816946
-47.17219,619,650.890445
264.31744,491,651.109134
236.12935,465,651.109182
311.64084,298,651.130214
309.53802,321,651.229351
340.54956,324,651.238756
287.7093,380,651.260246
244.0709,363,651.41226
96.23528,1000,651.440792
283.1183,253,651.49274
262.4344,663,651.596302
307.5024,187,652.110026
319.5738,250,652.273697
320.42743,220,652.286406
235.79654,560,652.323425
288.9833,193,652.341503
280.0321,256,652.602323
332.8199,234,652.673198
275.06372,417,652.706061
266.09293,402,652.766191
288.65503,420,652.771377
47.58539,84,653.159107
285.35495,271,653.37173
302.5323,255,653.528045
282.46695,507,653.592133
317.19992,299,653.68508
280.8595,549,653.691611
319.57648,209,653.691668
314.42767,293,653.699175
327.88123,218,653.703924
69.86742,138,653.832532
268.14062,261,654.005826
112.476974,111,654.062191
323.12946,259,654.597937
309.69724,192,654.602839
260.08148,512,654.680217
170.00427,766,654.701346
326.57666,375,655.369414
287.62347,332,655.388351
317.9441,169,655.397445
297.25754,363,655.40661
227.39655,1000,655.410434
319.05124,203,655.55583
269.8797,336,655.640258
106.877304,80,655.759851
-25.364845,480,655.93671
-7.578903,483,655.954919
211.87482,967,656.025501
308.40778,253,656.571214
284.2032,259,656.581007
341.21564,256,656.589599
347.4334,175,656.832985
-41.092033,466,656.845946
272.78302,288,656.968359
265.97992,672,657.130666
157.95576,1000,657.279127
247.01898,477,657.766852
306.60294,390,657.7669
306.5777,271,657.840307
313.71716,422,657.900517
306.76285,547,657.905947
345.02316,179,657.974116
337.3594,241,657.974161
288.0661,302,657.984363
288.7486,227,658.032897
-6.8585815,511,658.137639
238.66992,358,658.262305
219.35861,315,658.307753
139.77737,1000,658.382318
263.47125,299,658.688785
333.96732,182,658.700838
352.5348,190,658.861262
75.91001,89,659.124078
312.15085,281,659.229608
330.1773,237,659.254752
134.89662,1000,659.365156
300.79858,364,659.478323
303.95883,336,659.847267
300.5543,412,659.972639
275.8576,502,660.33496
289.2104,339,660.464779
312.35742,458,660.464832
308.1148,233,660.470061
292.9929,574,660.474699
306.0067,260,660.486395
331.51013,289,660.486433
-119.14334,543,660.547057
-24.76976,498,660.728588
-31.09188,476,660.922464
-112.771164,99,660.99393
286.68317,255,661.647509
296.46765,388,661.780744
298.07693,498,661.807954
15.3098755,489,662.124509
310.03046,388,662.284903
296.93372,294,662.289443
253.99666,424,662.434261
278.18295,423,662.44275
2.853588,98,662.58006
131.53725,1000,662.580142
271.14603,487,662.728485
332.99063,201,662.747251
317.14832,438,662.757515
263.20282,240,662.767716
77.97659,87,662.86104
130.48355,98,663.197261
309.59982,653,663.380702
281.92484,513,663.389758
322.61444,203,663.389805
304.6847,627,663.39522
334.59122,237,663.39526
55.571312,154,663.576753
338.0819,282,663.610129
-62.22234,948,663.66785
325.6264,221,663.798799
67.437,194,664.288625
273.39005,572,664.456904
299.29095,366,664.480593
265.63617,460,664.736543
309.11032,293,664.762785
343.1932,255,664.769521
271.13147,300,664.793369
222.18219,258,664.860934
12.354118,506,665.553383
251.83264,383,665.582056
202.77957,469,665.582094
300.70532,202,665.711505
303.5005,450,665.716427
269.10834,309,665.733399
-56.180115,523,665.839322
75.11775,106,666.080167
312.33185,304,666.193033
296.83215,372,666.19787
258.77222,398,666.732233
248.87848,273,667.028457
304.92352,208,667.070683
318.88507,315,667.076165
294.9938,288,667.080975
296.89417,499,667.088984
296.86377,292,667.095775
170.81657,1000,667.282594
203.3284,548,667.374433
179.42218,1000,667.441953
285.14197,323,667.7195
291.31772,327,667.743113
309.6435,215,667.752753
-106.84851,502,667.920538
315.27448,225,668.127055
298.4436,231,668.163805
295.54163,239,668.189339
-96.33754,506,668.22046
259.74542,278,668.386659
288.0886,218,668.386714
310.35648,222,668.473493
258.1272,190,668.630974
231.00217,888,668.640849
264.13495,280,669.43728
287.0682,262,669.446722
264.56573,270,669.451908
298.8031,275,669.451957
267.30826,228,669.458964
292.39615,520,669.459003
79.656815,122,670.054879
286.75122,376,670.440628
305.37152,242,670.628884
262.5728,450,670.628933
232.49013,475,670.656093
311.01187,656,670.852959
249.51694,688,670.980505
255.51709,648,670.995281
322.5218,180,671.281138
297.45636,403,671.355412
118.32658,131,671.451416
329.4815,470,671.690846
329.09973,224,671.696162
48.04858,1000,671.787229
77.40065,108,671.872182
112.24568,1000,672.002872
286.79706,440,672.13575
5.0998,115,672.416173
290.71625,241,672.595692
250.18594,420,672.595747
306.38327,352,672.630742
266.88995,432,672.654461
307.66623,753,673.013439
319.74234,217,673.013489
267.86536,433,673.018353
250.37532,985,673.286144
340.20258,189,673.290979
274.13123,250,673.29588
266.26834,323,673.295919
270.10782,383,673.48943
282.38382,194,673.494301
295.07465,224,673.693894
318.93445,237,673.698911
-47.112186,969,674.045376
31.37394,80,674.091974
329.07758,171,674.105878
259.23044,193,674.216335
-89.244446,541,674.241674
289.1163,283,674.357039
311.43887,287,674.372182
282.7615,373,675.045483
352.82162,292,675.067482
290.20898,485,675.573338
222.33792,632,675.585644
253.73671,333,675.590414
344.94498,335,675.643673
-27.145851,511,675.881225
-87.660706,520,675.917129
131.6849,1000,675.962282
-53.800964,490,676.377823
-39.437435,493,676.507456
257.16946,328,676.596685
231.08992,486,676.613437
-69.78852,512,676.624392
239.5657,505,676.716186
102.55638,124,677.173537
293.80475,395,677.405032
262.58765,319,677.438689
308.0412,401,677.438737
244.62587,952,677.443002
266.20584,519,677.443034
269.63303,333,677.460834
321.2563,274,677.635484
302.87308,230,677.643162
275.62085,274,677.759383
252.59158,261,677.811862
-97.93718,511,677.924556
-69.8931,505,677.966009
301.1601,241,678.26377
-77.5477,537,678.343707
293.00632,249,678.584809
228.25516,410,678.58957
334.27957,291,678.793672
273.36862,248,678.941209
285.04587,413,679.312356
222.23625,414,679.511688
4.7277603,480,679.626432
285.31912,379,679.692947
239.05878,389,679.693007
277.64706,503,679.698187
289.94977,296,679.703241
-27.995903,502,679.728102
297.70236,253,679.737797
-49.28275,482,679.952263
129.52719,92,680.099989
-9.863663,480,680.452681
279.83347,325,680.811076
328.94202,244,680.82989
274.7868,287,680.843613
262.71515,699,680.843652
296.65155,258,680.882868
-24.719162,512,680.925471
239.98145,301,681.016354
-27.239998,469,681.090002
257.937,376,681.465752
-80.31688,494,681.975352
331.2397,332,682.002799
324.97717,218,682.021908
255.1748,251,682.039366
188.44421,724,682.109802
-123.389854,483,682.182768
277.18854,236,682.563208
284.9365,394,682.643257
-6.1593437,143,682.717215
305.2986,437,683.143211
230.83784,549,683.39119
320.5127,316,683.465585
328.8211,190,683.465642
329.3371,191,684.010945
305.25607,203,684.308667
253.90367,755,684.337461
167.66328,1000,684.353207
303.16162,205,684.393482
-93.92229,514,684.407597
-79.04196,494,684.407636
238.83499,927,684.407646
-73.02803,498,684.497979
125.08832,85,684.739541
153.04623,880,684.985572
231.76575,524,685.127216
163.39467,556,685.212651
124.07104,1000,685.486449
256.927,234,685.506326
265.87997,781,685.644919
261.9909,289,685.66669
261.00357,273,685.692798
267.8524,493,685.746967
299.2502,268,685.75514
229.57608,300,685.815148
309.7151,227,685.815186
282.5981,322,685.844953
265.19983,219,686.025383
69.24619,75,686.030062
290.95956,509,686.377463
290.62616,433,686.416785
82.724335,153,686.549659
303.0382,183,686.653946
289.2517,242,686.764236
294.72098,358,686.898483
315.5915,232,687.126763
272.32785,201,687.32356
309.66602,394,687.331135
42.883396,76,687.49129
269.74918,518,687.576966
279.6825,246,687.822074
252.47235,449,687.84594
301.6821,230,687.850978
312.66968,449,687.914117
309.74744,484,687.927084
316.84082,465,687.927111
279.8228,325,687.941024
287.09436,408,687.94105
45.723648,95,688.281379
27.439907,130,688.433144
234.16333,423,688.519474
313.3741,260,688.519535
258.14032,395,688.726864
190.25444,697,688.744638
299.11682,278,688.847013
290.75113,310,688.912505
151.2346,392,689.18052
251.97514,297,689.354078
-210.20245,334,689.424142
-167.52911,248,689.741118
273.52856,296,689.868081
341.98956,207,689.868133
321.9103,231,689.876326
288.81824,394,690.15297
304.69046,469,690.153023
16.457985,473,690.172111
234.86006,350,690.193303
-119.80347,495,690.24201
343.79385,176,690.537422
293.28488,222,690.89275
-98.666595,487,691.037691
116.28624,91,691.455088
225.3605,780,691.58608
285.8182,516,691.586125
-37.260773,493,691.701061
93.997475,86,691.999335
265.3522,639,692.318844
-96.742165,506,692.507861
319.49493,585,692.583055
319.5455,541,692.682638
322.672,529,692.700512
299.90112,551,692.711536
284.25488,542,692.711569
281.02234,278,692.745941
337.33786,540,693.018339
307.64294,237,693.053909
212.70314,385,693.440664
120.19859,1000,693.557691
340.18555,214,693.669096
290.5965,233,693.732942
269.957,239,693.781818
-157.6668,488,693.815726
250.92984,280,693.846815
284.97186,170,694.449106
107.07092,1000,694.45379
302.84955,390,694.481597
304.57065,322,694.49973
313.30743,439,694.499758
349.3007,207,694.518334
277.6762,409,694.606294
288.1493,320,694.915443
-102.421234,463,695.173087
304.8211,348,695.317597
243.73296,977,695.357962
311.44592,376,695.489403
325.19672,429,695.793555
330.4038,297,695.793606
259.08804,295,695.816007
297.85077,893,696.356265
293.67786,149,696.469507
305.3438,301,696.53395
287.96478,244,696.592664
259.29657,472,696.633783
-22.906738,507,696.745935
-34.693756,475,696.745984
301.21225,374,697.01431
317.60168,365,697.014384
280.1966,299,697.182809
222.29494,594,697.200431
-92.18113,531,697.324244
325.5436,241,697.632065
-212.9061,771,698.006622
291.75397,285,698.040777
5.5023994,102,698.087845
272.86765,943,698.092961
306.98932,213,698.147465
239.56958,429,698.568644
63.147552,124,698.6452
268.29358,650,698.742543
306.4739,509,698.77709
-90.21042,495,698.837513
316.50903,586,699.020727
259.02274,408,699.020781
289.4355,444,699.025546
209.65268,501,699.025592
328.78436,377,699.030836
291.18967,467,699.12774
77.33209,88,699.141962
308.37994,248,699.217779
314.15283,274,699.279411
294.5614,249,699.764864
297.55048,274,699.804414
204.79842,370,699.815145
299.22818,333,700.622838
282.40332,302,700.62833
293.0194,317,700.628386
336.64722,362,700.632936
254.4212,406,700.651641
301.38983,366,700.651668
294.4766,350,700.691894
266.5728,452,701.061469
248.89621,732,701.314031
298.04068,365,701.476449
203.94867,500,702.088824
302.84845,322,702.146632
247.88776,248,702.20552
324.9294,361,702.303913
315.48093,350,702.308787
301.34613,373,702.354322
281.13867,741,702.397795
210.35474,746,702.415532
309.78574,295,702.670297
62.79277,120,702.924042
302.313,323,702.941848
286.55652,508,702.974789
275.92468,198,702.979293
306.07135,550,703.153569
177.40587,1000,703.326605
279.61862,263,703.505804
224.43216,244,703.522914
309.55408,293,703.638317
286.3982,312,703.772892
327.31497,295,704.01409
250.67673,292,704.265417
330.34457,165,704.269677
266.1848,801,704.300068
29.562696,1000,704.325069
272.2039,540,704.607772
320.73816,359,704.635881
284.0041,368,704.640515
285.58804,273,704.869157
283.31335,425,704.91111
299.2724,166,705.002159
310.0905,452,705.363008
301.54358,261,705.499659
263.9649,201,705.499707
299.04895,270,705.51276
277.51407,526,705.537131
218.47531,452,705.546433
270.5082,445,705.775544
291.3484,377,705.968518
300.66486,236,705.97719
301.09857,236,706.557807
326.3446,241,706.595128
304.60602,352,706.595171
310.39215,443,706.612278
79.76983,1000,706.722229
288.32367,414,706.731881
290.48584,196,706.850495
266.18646,494,706.85054
279.8054,306,706.924137
286.31235,374,707.218416
306.34442,413,707.222813
320.48395,281,707.239561
303.35815,283,707.891895
331.41238,211,707.891948
307.48376,283,707.891958
261.70453,229,707.899928
306.58643,293,707.899961
279.5932,536,707.934075
54.587822,93,708.309623
334.41797,258,708.412893
291.3963,346,708.417289
257.065,399,708.423506
321.72314,374,708.427938
45.000824,1000,708.520934
332.39658,185,708.708356
290.18677,212,708.845797
9.031467,97,708.858978
315.31067,230,708.968542
271.33966,384,708.968592
348.8008,152,709.109515
68.00012,100,709.182938
269.75415,198,709.3398
283.96167,258,709.593913
297.57986,377,709.593963
88.59406,105,709.649233
345.0828,186,709.712088
308.91687,315,709.970832
305.83002,222,709.986035
317.12177,367,709.990835
306.64557,225,709.999825
328.93414,290,710.17634
293.8645,195,710.223838
160.63687,1000,710.318229
286.89218,282,710.401608
13.70797,152,710.924586
242.56409,287,711.291413
150.71095,1000,711.291464
204.94415,891,711.300597
326.68195,363,711.32751
282.66022,300,711.381437
333.06512,279,711.464892
308.46484,321,711.464939
-58.008694,507,712.328002
183.79352,1000,712.477335
277.03198,300,712.729949
276.1534,677,712.734558
310.5541,272,712.741969
250.7251,389,712.741994
311.2837,291,712.742005
290.25662,503,712.742013
291.57147,275,712.754902
269.02356,444,713.336322
320.0158,181,713.568934
221.09357,861,713.690172
234.43091,264,713.948456
279.42676,357,714.125482
147.97269,1000,714.22063
216.69173,682,714.463731
299.25812,389,714.536393
313.11237,423,714.683869
-2.454113,149,714.907218
161.24931,1000,714.944346
301.4392,485,714.971339
-112.57039,517,715.116866
281.26617,221,715.142878
351.44345,259,715.142912
325.8737,571,715.358472
336.9534,362,715.358536
238.12433,437,715.35855
197.56989,1000,715.916079
295.28857,230,716.024688
-68.49666,827,716.133534
292.20148,373,716.155677
289.11444,417,716.586204
273.3872,288,716.682797
315.37848,365,716.814201
299.4456,177,716.965106
111.88631,69,716.991813
285.1349,393,717.15477
346.52216,486,717.159635
314.01547,407,717.218861
313.99078,469,717.280651
194.68266,722,717.821498
321.44687,187,717.845391
261.78546,649,717.868262
317.30927,297,717.935826
331.9496,170,717.935868
309.11914,185,718.065776
142.8636,1000,718.165843
301.47607,224,718.307818
260.8534,703,718.323644
45.005783,132,718.42243
277.31815,555,718.442832
101.45938,103,718.89957
285.8463,212,719.032616
241.07211,759,719.48396
270.8989,622,719.656643
293.23297,590,719.666241
338.39276,439,719.85534
240.45143,851,720.0251
293.32092,627,720.025149
332.17078,375,720.042976
303.0247,261,720.089381
316.52182,422,720.089413
279.608,390,720.089423
291.8769,247,720.156087
327.17786,391,720.227464
299.82718,534,720.296029
320.9141,255,720.628124
319.2558,594,720.628172
328.28387,217,720.628182
296.4554,182,720.660326
243.48181,609,720.694435
330.47583,248,721.21555
304.39746,263,721.215599
307.08826,251,721.229183
305.54718,257,721.258611
260.9287,242,721.264904
335.1003,269,721.534544
266.79395,285,721.534598
248.33888,355,722.297274
241.70084,389,722.422696
299.09412,613,722.812649
310.78366,475,722.812701
274.66913,374,722.930784
278.59,313,722.967626
294.2613,403,723.121807
-96.366394,349,723.145143
315.77765,195,723.338462
327.0037,469,723.385448
257.41583,728,723.385493
61.99807,94,723.41701
-12.5185585,120,723.501108
293.76022,229,723.890508
269.82666,577,723.894564
226.83978,588,723.980588
307.70233,363,723.996811
320.79474,232,724.227257
294.79276,302,724.236308
329.15622,239,724.236348
97.41539,1000,724.255286
345.45444,180,724.731148
287.53046,299,724.775151
322.9065,310,724.7801
264.20306,303,724.794424
271.1977,176,724.798576
300.71176,298,724.802562
271.72067,182,724.836643
69.47081,163,724.978179
322.3341,177,725.064651
281.22235,276,725.166764
294.86768,204,725.166815
129.01575,1000,725.250969
191.63446,1000,725.318202
345.6057,207,725.67599
322.7446,200,725.685344
289.76257,194,725.685389
266.0153,199,725.700174
348.55963,194,725.722134
321.10593,286,726.35616
303.4599,359,726.398235
289.9664,272,726.398277
315.248,272,726.398286
39.717773,166,726.445234
243.55293,365,726.450319
307.05994,264,726.454704
316.5818,210,726.625451
303.72043,526,726.62551
318.90625,207,726.65062
327.52625,217,726.650661
255.7009,297,726.669789
73.81129,98,727.060251
321.3053,191,727.272329
305.74847,193,727.28207
288.41687,204,727.290929
267.91458,200,727.313082
345.32138,194,727.32656
238.81476,377,727.390077
233.06964,232,727.7436
70.41878,156,728.007346
141.34692,1000,728.099643
51.445267,201,728.23983
102.58671,97,728.460319
281.69226,179,728.57561
286.76105,417,728.585499
289.15417,383,729.103749
310.5963,576,729.1038
298.68103,394,729.108665
271.7448,973,729.425848
299.25522,220,729.451526
317.41928,302,729.468154
298.43817,198,729.477645
214.39812,659,729.477675
308.9759,458,729.500214
286.44562,529,729.509315
281.40875,287,729.53937
253.85287,260,729.749464
11.332401,131,730.13277
275.12637,229,730.549061
314.33356,240,730.583356
251.75601,850,730.588578
241.20587,319,730.592939
318.28482,250,730.602174
323.2343,240,730.611511
307.3193,336,730.669013
250.76433,883,730.716637
295.7166,267,730.791925
319.84598,369,730.812798
323.04208,281,730.817846
310.15594,315,730.946303
284.65588,259,730.964046
109.47032,82,731.158292
341.84674,175,731.334575
287.40765,296,731.473467
292.61743,181,731.617568
340.4994,233,731.631571
317.93158,234,731.631611
326.07355,232,731.636574
302.84943,248,731.778173
316.67715,193,731.833693
319.79102,275,731.84691
146.84229,1000,731.920083
263.13477,259,732.361662
315.71594,217,732.652061
304.78064,172,732.657919
315.3141,256,732.672475
275.31387,288,732.672509
299.08344,198,732.764826
331.68152,241,732.768939
313.9287,457,732.808688
281.76898,255,732.812943
309.53662,260,732.848586
303.01038,293,733.127236
276.22983,480,733.136414
271.17004,268,733.149963
231.0218,514,733.158963
309.57858,150,733.331754
316.76465,252,733.763411
294.13593,251,733.773644
292.29657,231,733.773682
272.58868,161,733.845489
279.80597,334,734.140579
320.27618,402,734.155663
307.5894,361,734.428445
233.66788,257,734.505192
241.08212,346,734.691316
319.14648,438,734.817245
305.7917,374,734.85374
175.16202,1000,735.120125
286.86273,458,735.215411
306.57727,241,735.237747
293.09933,260,735.334506
303.06393,343,735.339622
329.52713,206,735.352869
295.40738,450,735.81364
320.4829,169,735.879251
249.0733,312,735.905871
294.59985,236,735.910618
317.8003,244,735.915639
299.93958,198,736.242457
303.5164,218,736.330711
292.38135,230,736.405365
308.5169,256,736.405423
266.90424,641,736.71302
325.04553,192,736.810425
302.77124,240,736.9957
322.32373,240,737.025028
287.87305,282,737.122072
278.75665,717,737.131592
325.11096,174,737.140086
255.59663,971,737.173153
258.33197,963,737.18424
293.31775,303,737.315192
282.05884,459,737.328706
296.3653,246,737.543792
318.6233,352,737.87766
332.7872,233,737.890035
335.0176,255,737.895355
250.9705,738,738.078051
296.99673,202,738.078111
328.87958,228,738.083126
295.16724,216,738.122705
238.52502,496,738.692008
286.66196,340,738.692079
310.45154,302,738.709443
268.7308,376,738.718347
312.375,308,738.722436
307.83783,340,739.670496
277.59283,421,739.809175
11.450195,482,740.091828
221.1154,475,740.253804
275.61005,681,740.30687
334.92633,349,740.331178
304.15646,491,740.336132
279.1761,494,740.344547
303.13623,377,740.429762
291.84973,370,740.429801
298.599,377,740.429812
302.99747,627,740.429819
310.80786,163,740.429826
322.66782,375,740.439403
342.02957,220,741.115618
337.91766,285,741.649084
294.88907,302,741.653422
120.42175,1000,741.792472
326.20895,296,741.804308
248.67755,374,742.151931
325.1499,376,742.160931
321.23865,419,742.346433
333.12796,419,742.346488
319.80975,418,742.351164
325.0805,439,742.351192
160.5036,1000,742.46257
302.22186,610,742.606926
326.38177,231,742.687842
-7.613106,364,742.777219
268.62354,228,742.833659
261.53888,251,743.521398
309.43866,196,743.533306
292.85876,293,743.817163
290.49835,225,743.822021
316.7331,321,743.830324
297.9572,501,743.947701
297.5969,366,744.50298
288.1955,480,744.542584
270.07928,248,744.640557
287.20178,202,744.723754
320.81143,541,744.819392
124.3415,1000,744.883009
303.846,306,744.902117
123.5901,1000,744.910394
22.714,106,744.991936
310.42297,633,745.040489
312.5177,286,745.244305
283.37225,170,745.613025
308.43527,248,745.690938
294.92987,242,746.025451
247.72821,487,746.060871
239.29362,741,746.09604
282.06702,334,746.187626
311.69452,294,746.267418
188.39069,1000,746.366588
280.718,380,746.48502
287.71872,313,746.485084
316.6943,280,746.53542
295.21588,336,746.540047
328.23938,360,746.54496
194.88599,966,746.589
299.0722,243,747.11349
269.5296,191,747.216555
297.9342,160,747.242112
316.91412,247,747.582516
323.26166,302,747.617343
301.1488,234,747.622405
238.58679,424,747.968771
343.92084,231,748.267419
229.47403,982,748.280756
336.95413,193,748.512917
312.35602,309,748.522764
318.96445,251,748.769674
322.524,198,748.87064
285.874,283,748.875738
264.73984,524,748.908047
251.49136,761,749.142055
285.96033,433,749.217926
123.90965,124,749.335665
289.36853,326,749.748301
245.70631,280,749.779901
281.31738,796,749.789091
235.60382,347,750.089882
133.19556,1000,750.148171
320.1413,195,750.214317
217.04202,863,750.390845
275.44327,996,750.609905
-74.769905,517,750.632068
348.6849,207,750.725324
223.88031,963,750.897597
276.23285,373,750.907015
352.87988,170,750.923682
289.31717,282,751.363693
268.50092,363,751.388787
260.09662,357,751.402612
296.86356,268,751.422925
295.76703,564,751.428181
304.41138,201,751.797695
282.17383,339,752.118227
288.61182,272,752.13208
274.9234,332,752.388479
302.05206,824,752.872181
335.7204,494,752.953395
287.0636,517,752.967263
273.10825,348,752.967299
315.24878,342,752.980602
246.2923,405,753.195895
307.31403,407,753.242907
156.63593,1000,753.402536
135.71832,1000,753.436965
280.0661,294,753.471074
281.4524,240,753.48554
294.80093,689,753.507489
305.34183,215,753.850678
314.5771,206,753.893709
300.44232,199,754.108141
274.52612,179,754.29565
294.77448,308,754.375881
333.55023,254,754.402311
284.29022,578,754.434708
294.58527,503,754.434748
279.911,323,754.434758
330.70178,204,754.434766
269.13916,219,754.434773
235.5338,366,754.63704
291.73907,321,754.93698
315.45782,236,754.967416
308.95352,210,755.068817
244.07973,320,755.302339
309.93463,213,755.404038
288.14612,258,755.61142
242.67148,999,755.970108
318.60504,355,756.023698
300.32104,312,756.054681
301.12833,369,756.066793
301.59705,358,756.07156
354.18848,224,756.31636
267.59253,388,757.18286
268.49554,244,757.18291
269.30118,602,757.189996
260.45956,465,757.19508
289.80023,257,757.203418
294.6305,470,757.772982
244.29282,616,757.793165
199.62633,1000,757.99255
268.65692,201,758.12854
338.69556,238,758.317673
244.76544,748,758.388368
341.85614,291,758.552312
297.45856,561,758.571041
223.92468,909,758.624127
247.19833,558,758.643437
264.79956,325,758.716727
321.31653,328,758.721734
339.7185,210,758.763646
307.78708,529,758.788857
141.08676,1000,758.913395
246.7619,243,758.936121
101.93625,80,759.295641
295.03647,258,759.527004
304.7291,213,759.709504
331.78064,230,759.713547
229.28757,287,760.074512
69.6565,93,760.124863
-78.68619,494,760.269835
305.67148,360,760.278144
261.2161,418,760.478887
248.66449,376,760.506052
322.5698,345,760.506094
315.1137,463,760.506104
289.93445,427,760.506111
199.27551,307,760.676206
93.86059,1000,760.68139
299.9607,220,760.704785
332.91425,170,760.851652
-78.22844,478,760.900815
306.1466,191,760.984837
300.29407,192,761.138574
328.99908,201,761.169706
317.365,198,761.717734
327.59824,282,761.931794
299.19534,173,761.936545
296.0368,236,761.942949
246.7991,342,762.032464
238.53928,346,762.051497
320.0476,314,762.073371
220.12259,358,762.081984
84.240036,132,762.633183
33.570663,1000,762.651191
307.69193,442,762.948621
271.89365,815,763.16789
29.089546,279,763.19387
-65.430786,606,763.217409
286.46637,335,763.227691
322.10522,290,763.241387
283.2348,617,763.26762
275.83118,488,763.322611
295.79507,318,763.363599
318.57184,306,763.409876
232.91443,344,763.642059
323.31458,350,763.659494
301.018,196,763.852573
301.55615,189,764.281341
286.02716,232,764.339515
236.51265,393,764.448421
203.07126,403,764.513687
268.75342,285,764.518704
305.94275,254,765.02864
317.00015,297,765.028684
302.3156,371,765.037466
294.42847,363,765.043897
279.76816,343,765.219216
136.15823,1000,765.231066
309.20416,180,765.338068
55.159916,104,765.508631
51.390213,241,765.538578
324.2723,242,765.61177
86.23107,92,765.648322
318.13086,333,765.87205
216.17459,657,766.202091
289.5455,327,766.541885
322.6688,503,766.604504
291.2492,238,766.617763
337.5849,371,766.730124
262.4261,307,766.746245
335.55383,375,766.746278
282.04156,779,766.806667
228.20166,829,767.021517
271.67276,346,767.190905
271.3203,245,767.307392
-158.13654,493,767.471851
315.3766,254,767.69482
203.37164,1000,767.83255
300.01324,244,767.842875
275.4257,502,767.847721
323.73383,241,767.847758
307.95233,441,767.891544
278.1525,507,767.978834
314.7226,153,768.017914
44.635635,86,768.238639
302.921,231,768.937815
346.5979,243,768.950636
316.10327,308,769.097713
311.80167,251,769.117135
288.3428,365,769.139325
310.31348,287,769.139368
326.62366,247,769.139382
243.14095,464,769.144461
245.45584,543,769.284316
332.55347,458,769.289871
198.6303,570,769.341926
285.12793,337,769.377138
194.44316,616,769.400638
-12.438774,701,769.789107
35.555557,118,769.9045
328.65436,222,770.152014
334.3518,223,770.152066
299.77747,230,770.161796
288.4748,224,770.316895
309.48407,291,770.618928
245.54538,414,770.830556
296.52582,352,771.016891
281.28662,459,771.461548
265.1791,727,771.571407
292.8412,313,771.607837
-26.60765,563,771.734708
2.455902,69,771.887373
313.19885,420,772.093399
321.70303,237,772.112381
297.01575,278,772.117912
277.35855,657,772.117949
274.7849,391,772.117959
277.8943,326,772.122679
-97.11932,479,772.126745
209.72726,701,772.170709
341.76178,180,772.558686
111.84619,103,772.590828
287.91324,176,772.6952
278.35083,306,773.012266
320.3136,203,773.059796
330.62024,203,773.070686
321.47626,254,773.280694
279.2805,483,773.705265
114.59406,1000,773.768709
290.63803,379,773.892061
286.1073,474,774.326967
305.65686,480,774.351099
312.03754,288,774.360658
136.45409,1000,774.432847
337.2199,391,774.515879
287.94226,317,774.542428
350.32068,327,774.581398
363.7283,206,774.714622
138.90434,1000,774.806049
-121.31791,499,774.881225
-66.90332,495,774.89616
247.83139,379,775.037424
334.15485,205,775.268996
285.0454,181,775.402106
303.4911,234,775.425775
302.8932,227,775.577056
56.735336,204,775.812125
250.58678,325,776.179139
319.9043,173,776.20441
252.39117,304,776.397143
242.33118,921,776.401707
278.4012,423,776.702038
283.7104,210,776.754574
303.55127,264,776.763755
-64.39629,512,776.827947
-182.29349,539,776.873701
303.62778,662,776.895199
-453.21643,566,776.917924
205.36551,730,777.028599
299.11905,399,777.213854
354.65424,236,777.253347
270.98166,230,777.253396
-201.70432,556,777.388861
316.57104,219,777.393938
31.764969,170,777.520544
-72.450676,518,777.598159
311.45816,301,777.767632
342.4736,222,777.773605
323.72635,196,777.782609
294.4272,196,777.910012
292.12885,229,778.289682
267.10345,202,778.307053
286.5298,274,778.851507
282.89374,472,778.851558
292.48535,426,778.851568
341.4152,353,778.851575
320.03278,245,778.881821
308.6064,374,779.234963
298.61285,323,779.261092
300.0442,242,779.395901
295.2436,358,779.412674
285.99615,329,779.417819
280.2887,242,779.417845
-0.0438385,163,779.607457
265.81485,616,779.649094
80.156746,117,779.793706
288.6953,666,779.914778
233.22504,569,779.991696
-11.034046,196,780.127995
287.84253,341,780.411816
311.301,223,780.429475
292.23965,362,780.508062
248.281,364,780.548909
324.23273,270,780.649315
287.04272,302,781.173832
268.45776,336,781.177628
332.1565,180,781.381383
261.5237,430,781.381447
318.6042,195,781.409707
321.61847,395,781.414108
326.01816,332,781.438817
313.24316,251,781.579118
296.6422,488,781.645009
299.60684,968,781.645059
273.5112,216,781.653905
325.91498,364,781.670871
292.4979,336,781.687868
270.92514,620,781.711341
276.18692,311,781.871573
295.5237,174,782.358504
315.08502,216,782.363906
223.21487,253,782.559703
332.3933,312,782.593909
249.72963,277,782.660415
258.80295,244,782.732247
321.10425,284,783.652787
319.56,500,783.714162
326.714,254,783.723961
226.71193,570,783.781899
302.26984,424,783.790963
-57.430428,470,783.833093
-96.9349,483,783.837982
290.68677,342,783.923113
306.05188,505,783.970454
298.2755,570,783.975554
339.97382,288,783.98042
296.8129,542,784.124788
250.01813,339,784.273406
267.83557,628,784.488782
312.17,179,784.528932
317.80676,185,784.62414
-116.354614,501,784.865489
330.9336,207,784.895019
333.06854,255,785.113968
246.29428,316,785.137961
311.99805,192,785.138
283.3472,272,785.138011
298.7915,236,785.177974
292.899,316,785.203382
-99.85063,354,785.240798
310.5262,179,785.317618
273.2928,159,785.616356
52.725067,100,785.778936
244.40662,456,785.895413
301.41986,220,786.191706
310.75616,293,786.204994
291.61627,254,786.285119
288.67444,226,786.285161
283.0701,250,786.289968
290.38055,268,786.439217
266.1734,245,786.738392
261.88452,266,787.110492
286.55963,439,787.146735
301.17184,332,787.29827
315.0055,215,787.41994
276.01645,278,787.46086
275.07025,262,787.479043
251.17055,512,787.483666
262.80457,268,787.508543
248.89569,652,787.590484
302.17383,304,787.681329
138.52544,1000,788.382644
178.40323,1000,788.523451
328.25027,264,788.619617
244.0701,258,788.659519
296.83282,272,788.699567
310.33957,327,788.790656
281.9981,319,788.95711
182.71225,1000,789.036219
320.41476,414,789.036269
271.6698,346,789.056486
303.9748,352,789.189962
307.26703,539,789.20232
313.56335,462,789.219793
331.02585,340,789.224769
298.00244,192,789.488998
324.74194,262,789.973705
317.11365,292,789.977891
311.7552,322,790.497303
267.99426,472,790.52993
285.67538,407,790.546739
329.25082,335,790.699961
302.93723,328,790.700019
329.93646,386,790.705296
120.6589,1000,790.753559
243.14435,360,790.853977
284.08243,373,790.890182
305.0558,210,790.937033
286.91248,352,791.084023
270.10226,312,791.376847
296.4762,226,791.71727
330.16602,242,791.84073
302.47247,293,791.846167
300.70306,221,791.846205
278.08014,256,791.857964
300.2959,304,791.867814
296.08484,252,792.030299
315.2602,254,792.091367
308.0727,317,792.145539
294.6698,221,792.402982
279.16205,311,792.509865
144.42555,1000,793.085787
267.0542,237,793.137301
290.74042,273,793.142441
336.25223,286,793.182479
258.70493,909,793.205889
310.2221,317,793.327524
295.71082,392,793.549506
264.91827,365,793.558198
44.202877,1000,793.606594
343.75735,260,793.611994
280.5313,379,793.612031
331.3933,180,793.979144
330.86932,177,794.032614
310.96344,203,794.037747
291.83148,419,794.043134
277.45404,329,794.048242
348.12485,195,794.053057
288.9317,192,794.08106
296.43878,245,794.45287
309.37955,235,794.698149
306.64615,251,794.714464
314.68323,575,794.813254
306.60754,175,794.844908
284.99683,222,795.000117
138.76236,1000,795.151089
53.35621,152,795.160598
288.52664,399,795.456052
276.83337,197,795.607244
309.3664,479,795.76078
-107.69697,500,795.923258
296.6861,184,796.004228
325.37854,285,796.30617
289.29108,496,796.332869
336.77246,494,796.350194
312.3631,341,796.41063
302.99368,222,796.474372
92.764275,84,796.858761
4.715748,112,796.923617
327.8456,634,796.957515
267.77173,304,797.000553
321.57538,218,797.000588
48.63919,114,797.384436
311.9731,234,797.4227
275.10092,639,797.662375
274.2061,328,797.820143
293.59418,451,797.83909
246.25989,200,797.932495
307.58435,236,798.04652
294.41168,272,798.185801
331.76666,176,798.236341
310.38177,192,798.540565
303.85233,166,798.594711
177.38438,1000,798.628362
169.74962,1000,798.634354
278.13434,812,798.879577
285.88416,216,798.918524
332.04306,242,798.928171
239.78146,207,799.123293
292.85995,238,799.132831
261.95715,481,799.211015
-9.853558,132,799.229628
297.63263,404,799.234129
28.708603,159,799.269039
91.03807,151,799.287741
8.219769,92,799.347703
139.22131,1000,799.406675
60.12711,127,799.498491
210.90863,789,799.546716
78.625656,100,799.594474
47.80636,104,799.743129
26.924324,117,799.764901
56.96283,110,799.909372
112.92932,92,800.015348
266.54178,240,800.229771
326.41925,177,800.356143
351.53876,233,800.35619
325.91382,245,800.361706
46.98606,78,800.378434
238.88152,227,800.823857
113.743904,1000,800.938729
343.03784,330,801.310253
334.83154,200,801.324581
291.95184,682,801.414128
337.6985,273,801.53654
306.88452,247,801.549647
303.76508,252,802.032015
296.01685,452,802.050333
311.85443,236,802.068551
250.3735,748,802.13135
342.6659,218,802.350166
319.06277,419,802.377006
327.64023,313,802.779968
279.456,322,803.058496
319.729,433,803.582577
182.3736,1000,803.582625
318.46988,459,803.582635
306.42865,325,803.593742
254.92926,264,803.602929
318.21854,324,803.610317
211.17969,873,803.624666
91.742424,1000,803.93116
181.62415,1000,804.05676
248.98651,892,804.565079
22.011803,142,804.570117
317.2875,549,804.603446
252.89932,530,804.615211
312.81104,393,804.62002
251.49503,218,804.625582
323.53284,228,804.635567
301.24786,336,804.635611
280.52124,271,804.846623
324.55072,309,805.029636
293.3509,335,805.119667
285.57556,395,805.384355
304.367,293,805.384417
276.1507,256,805.733574
342.26794,248,805.744694
331.0573,263,805.763889
265.06088,254,805.790833
282.72083,186,805.873039
309.4096,228,805.887157
282.19318,282,805.918075
309.2685,198,806.313566
335.2127,388,806.399626
342.9881,211,806.731607
309.96912,349,806.731656
311.7693,347,806.994885
168.68042,1000,807.011274
320.8723,282,807.074031
327.98602,567,807.213232
328.20633,343,807.376528
296.64493,358,807.394681
327.60876,220,807.409361
294.6773,322,807.409401
300.18182,272,807.558613
266.60742,369,807.576948
301.7552,193,807.616221
357.06885,316,808.190049
149.10861,1000,808.198504
276.44836,272,808.278601
307.5094,229,808.283961
342.1783,245,808.768463
236.94116,622,808.783234
281.4233,300,808.81462
289.63693,361,809.082102
130.82306,1000,809.2427
330.76996,245,809.344522
339.3059,504,809.432772
334.6886,400,809.44257
301.80072,433,809.442597
287.3546,442,809.454619
276.79413,233,809.907517
296.18698,399,810.072687
307.97736,276,810.072739
310.75824,214,810.085866
265.0618,405,810.171038
339.9335,179,810.180501
279.69073,302,810.180537
331.2549,168,810.229982
329.16492,566,810.230022
319.89398,250,810.598977
224.90176,303,810.667991
249.26584,308,810.872661
296.9035,168,810.96081
309.85254,234,811.280664
290.62952,647,811.315227
310.7146,231,811.319656
275.06662,266,811.323794
342.95422,144,811.542742
258.28766,980,811.576209
298.61203,341,811.684768
235.45613,270,811.86838
102.30776,94,812.11231
334.63458,190,812.194216
285.46564,271,812.21722
337.30206,197,812.231186
330.08423,260,812.482549
303.29926,231,812.645624
296.88373,525,812.68119
321.73407,247,812.692337
314.50928,179,812.703084
323.07263,301,812.712922
264.30603,667,813.02721
139.32642,90,813.113703
342.8321,243,813.373333
307.98798,182,813.505665
281.22784,281,813.518193
271.41025,309,813.571373
258.68658,731,813.602516
74.13664,105,813.862096
271.3057,265,813.937541
308.40533,294,814.07753
171.03802,1000,814.099716
292.59308,349,814.110418
286.21606,242,814.143888
202.44943,243,814.620682
297.1702,245,814.689484
142.02638,1000,814.73081
278.76898,196,814.764091
330.60132,296,814.966038
341.4152,186,815.0085
270.79932,324,815.0142
326.28372,221,815.108765
153.29187,1000,815.339915
309.10236,303,815.355955
338.5073,266,815.363644
292.50656,572,815.369348
277.56134,262,815.853083
354.566,234,815.862392
303.59235,252,815.877147
338.98477,170,816.123297
236.8167,850,816.184484
307.14438,312,816.194426
304.9348,262,816.194476
328.59607,254,816.200984
288.13824,235,816.209914
281.354,268,816.599095
17.31628,88,816.599157
292.90796,281,816.650538
284.51593,831,816.978829
326.0854,259,817.43057
310.52884,168,817.458807
-127.33122,485,817.638298
194.30573,582,817.754535
282.8453,346,817.819733
287.4743,412,817.819784
323.3796,456,818.002265
276.55014,384,818.006971
276.43225,297,818.01521
294.0265,228,818.497851
301.01108,251,818.63381
297.10202,450,818.728545
299.80292,238,818.747142
334.05817,203,818.764942
156.84248,1000,818.789867
211.06807,672,819.011812
218.66049,436,819.030234
294.62637,263,819.045934
317.61243,225,819.056978
276.95654,225,819.066387
292.3933,273,819.276466
296.69446,328,819.285684
313.09592,269,819.885865
302.3405,276,820.297358
193.01578,402,820.36731
298.33188,353,820.385839
288.95148,350,820.390562
271.22147,290,820.390608
296.37524,286,820.390624
262.7266,268,820.509839
319.3109,317,820.741028
173.64636,1000,820.793759
159.14528,1000,820.855093
252.40437,302,821.280525
-81.9986,500,821.344531
252.8191,515,821.442783
299.0904,248,821.51688
256.20453,252,821.552914
283.9719,256,821.575866
312.352,282,821.605425
-44.580612,77,821.903948
296.6931,266,822.077849
307.12073,324,822.421596
326.59677,239,822.445889
217.45041,231,822.476176
319.41888,187,822.476231
87.47627,94,822.531382
300.24158,381,822.578967
279.55786,459,822.579031
261.0227,214,822.631421
304.91364,175,822.752926
15.126686,281,822.816892
319.34186,193,823.370681
303.84436,171,823.416052
63.06,1000,823.476004
135.21849,1000,823.537938
296.71533,223,823.720106
340.6488,265,823.739235
294.28723,261,823.750987
259.76157,274,823.813372
299.63635,281,823.903687
333.957,257,824.072899
309.0208,229,824.552956
311.5539,187,824.667034
298.69238,225,824.667092
276.24103,219,824.845335
280.16205,211,824.880146
301.13947,194,824.885356
314.06088,226,824.892213
326.13873,161,824.896616
300.55722,490,825.192377
-190.23233,533,825.230457
121.363815,1000,825.273641
166.46896,1000,825.407188
301.86688,197,825.549043
305.73804,445,825.593383
332.48828,216,825.746101
-38.21397,73,825.953998
306.01886,261,825.967789
327.4828,255,826.161713
323.95172,250,826.430061
324.05313,243,826.430119
327.12143,312,826.434654
281.6551,340,826.528264
193.6805,1000,826.557358
279.5104,340,826.570415
334.1336,238,826.570449
310.12573,162,826.728695
227.8183,245,826.733576
279.52786,303,826.743222
331.04013,162,826.743248
284.1582,384,826.76296
325.82907,220,826.803935
322.61298,195,827.079394
251.5076,173,827.228096
-0.38626862,175,827.241832
286.49213,260,827.72349
234.01411,898,827.83549
291.02222,244,827.868067
316.45782,290,828.06771
315.77515,224,828.113338
312.51718,297,828.113396
259.8533,295,828.123479
337.73346,377,828.173892
321.30072,296,828.17395
297.39508,347,828.173966
331.48865,205,828.178785
286.05377,317,828.203098
333.24786,217,828.246904
292.28265,472,828.759577
280.07355,479,828.776846
356.08472,237,828.942024
309.3502,179,828.951483
325.3193,182,828.975005
301.40338,185,829.03806
281.41718,239,829.280702
310.88672,247,829.324501
302.9211,242,829.324545
314.6147,263,829.340181
73.133766,99,829.780747
350.41785,263,829.976047
305.66745,226,830.023372
295.30173,318,830.433208
329.26996,253,830.535015
245.22034,266,830.540173
338.7645,490,830.544342
291.53467,258,830.544365
262.32303,379,830.554191
237.16937,330,830.585252
292.04944,562,830.709533
266.54855,251,830.970994
266.77576,299,831.383636
316.68896,186,831.397828
316.3263,210,831.411829
314.29276,295,831.411855
252.6351,545,831.50003
295.38715,219,831.560553
272.17072,199,831.625317
308.0379,246,831.685825
338.60648,261,831.799914
257.3745,271,831.799954
281.6128,255,832.143664
316.66937,177,832.31929
203.07716,1000,832.39114
102.376175,1000,832.531304
289.4231,254,832.556408
319.53964,256,832.596328
274.1138,185,832.651791
311.7945,307,832.818599
164.12346,1000,832.83285
309.00073,291,832.911714
307.8974,277,832.911773
315.18616,232,833.230528
287.36118,343,833.395765
292.5514,230,833.465895
304.70203,176,833.479718
317.235,230,833.647215
304.65558,229,833.998336
243.49942,165,834.022219
313.37012,294,834.211766
316.90662,275,834.211815
318.50348,291,834.211825
276.09665,402,834.211832
297.5789,360,834.233037
257.30737,364,834.315448
287.42746,206,834.446155
313.35806,648,834.450592
334.66547,189,834.880034
342.9793,256,835.226249
297.40366,370,835.231753
160.22868,1000,835.236402
274.21317,223,835.26583
319.0086,206,835.287589
292.59982,220,835.48189
-15.604935,102,835.698712
331.17932,292,836.240127
133.69412,1000,836.359731
-109.84494,479,836.441865
312.18262,192,836.583203
280.97968,245,836.608084
-159.26932,518,836.640777
296.10934,479,836.665418
298.1913,364,836.900722
286.51083,205,837.18717
314.40442,226,837.406613
323.43512,172,837.406668
339.83698,212,837.429163
247.07962,831,837.516967
-97.31198,497,837.56277
-26.614876,505,837.572059
283.70392,196,837.579957
286.1601,223,837.672966
-232.29208,528,837.722354
305.40164,237,837.990568
92.30564,1000,838.043319
316.30298,230,838.470672
323.65073,203,838.479956
296.1153,301,838.560338
281.4356,263,838.604743
308.01477,250,838.710699
273.40222,981,838.749297
116.566216,1000,838.832425
321.584,259,838.899649
286.71567,515,838.943044
308.11108,228,839.026577
24.978401,150,839.149199
325.02127,189,839.441362
306.42413,200,839.450637
264.7388,316,839.462362
281.32385,421,839.467391
270.06702,441,839.660836
-52.497856,485,839.708372
331.3279,277,839.717156
333.4519,226,839.717201
305.47406,198,839.717211
319.6504,185,839.725601
290.3341,198,839.910075
251.70172,276,839.977855
-40.777122,90,840.301238
298.92706,211,840.405498
46.439747,87,840.683918
318.2373,221,840.683969
218.35672,743,840.730419
267.51166,411,840.762133
309.1355,406,840.962316
321.78473,281,840.971676
323.9502,341,840.975636
328.2631,346,840.989193
291.94757,289,840.989227
225.40677,312,841.042153
266.50455,191,841.261255
276.7223,207,841.901505
-119.36194,504,841.972906
295.30377,254,842.13028
305.715,341,842.32055
318.28247,293,842.325362
251.39166,594,842.386047
311.13672,362,842.386095
284.13922,373,842.386105
289.06305,373,842.386112
275.0573,654,842.418285
80.45416,115,842.43111
101.99187,94,842.555867
250.69821,386,842.732285
295.893,322,842.736808
291.25998,443,843.063971
290.68277,250,843.11367
304.9224,196,843.304504
340.85474,193,843.304569
319.76318,230,843.434509
269.2932,260,843.568831
314.57834,186,843.577157
253.87976,278,843.581644
339.82257,264,843.586525
261.17078,597,843.706269
275.69586,338,843.857177
323.97604,251,843.87511
309.36523,179,843.875142
294.8242,172,844.083258
285.21835,243,844.217668
283.70746,220,844.308106
306.8797,183,844.418049
309.4884,157,844.437998
311.8119,192,844.476432
147.76334,1000,844.519569
280.28836,235,844.658971
285.1464,288,844.919393
299.8289,324,844.928142
272.34363,562,844.961303
299.12726,194,845.286901
338.94855,311,845.297995
320.8791,277,845.35289
283.29965,258,845.486361
323.13864,331,845.740873
342.6584,282,845.75459
306.90005,245,845.776546
285.52835,267,846.135538
293.27197,379,846.167543
240.88065,504,846.177621
285.93805,294,846.272649
320.661,227,846.548442
317.4929,277,846.647225
306.06918,302,846.708966
259.15198,305,846.713645
300.47473,163,846.92694
288.6476,171,846.931869
92.83242,1000,847.151558
284.0739,335,847.316804
302.197,524,847.385435
337.75964,272,847.538458
324.44794,214,847.64018
284.37097,284,848.01367
113.59018,160,848.363721
73.518005,88,848.415885
303.93903,284,848.446981
162.21643,1000,848.480077
312.33655,347,848.529379
251.05974,438,848.562527
307.90576,273,848.562578
281.13818,517,848.562588
290.8779,264,848.588251
315.6149,414,848.823698
298.8232,674,848.849649
-8.792881,93,848.978664
125.41584,1000,849.095279
3.5348244,125,849.140457
-4.2634087,86,849.362057
50.392853,129,849.421122
238.0817,243,849.579297
305.54364,253,849.592818
313.50195,283,849.703428
322.5207,252,849.703481
-101.14328,501,849.810444
284.73056,303,849.899019
317.61755,182,849.932341
-137.49452,384,850.109232
321.21878,185,850.211239
130.41449,1000,850.363576
289.12744,193,850.458983
326.01532,190,850.459033
306.1653,233,850.491266
320.55524,369,850.499912
304.62036,185,850.544873
290.3281,196,850.599266
329.84546,208,850.766462
-73.80298,509,850.886844
322.62604,195,851.012422
260.56113,941,851.018286
54.35513,124,851.176162
286.5323,172,851.289629
326.93848,190,851.346437
317.27542,253,851.531911
332.52112,215,851.541548
218.64346,289,851.54609
277.64703,238,851.599844
85.08299,104,851.649658
340.02545,205,851.702883
256.6513,589,851.843328
329.5871,192,851.886157
328.91193,191,851.886213
273.3781,235,852.423456
271.15778,273,852.542312
310.8155,183,852.551448
305.19666,219,852.551486
299.42725,222,852.551501
-1.0799255,169,852.665179
314.95953,234,852.674021
233.18478,486,852.701914
324.18036,186,852.742626
281.89795,259,853.045249
312.75195,216,853.429283
322.25815,189,853.434328
262.86133,646,853.876627
293.55322,191,853.945526
317.06375,272,853.945572
284.87848,299,853.945582
248.73035,868,853.950524
302.77,312,854.01285
254.22435,563,854.280942
309.9944,195,854.361347
351.90894,352,854.366331
-37.406845,103,854.439435
145.0833,1000,854.540167
342.71167,291,854.791153
324.01898,172,854.812975
46.976543,90,854.847433
298.51202,496,854.870902
308.73425,226,854.987645
54.40463,94,855.207885
328.5694,294,855.290644
323.25916,242,855.459177
288.3065,337,855.49754
303.54962,268,855.502666
308.57034,369,855.580649
224.21529,188,855.671954
326.1366,311,855.785224
64.644455,114,855.82399
25.226276,104,855.934715
307.55188,189,856.082687
197.6118,1000,856.158707
317.29742,281,856.26859
276.8797,331,856.351081
266.4771,401,856.360203
110.59696,119,856.360235
262.8037,335,856.392077
313.70367,181,856.40138
268.02783,238,856.572682
278.47952,865,856.656083
293.44565,271,856.873428
202.64264,958,857.13571
316.7953,180,857.153738
337.05927,242,857.153775
318.05237,232,857.187791
264.0632,319,857.20339
300.01343,381,857.203417
321.9101,286,857.208059
303.7753,213,857.213007
269.3681,214,857.295946
295.88794,242,857.751735
269.55145,368,858.047543
274.73578,271,858.116229
276.40326,213,858.129837
307.5044,209,858.166938
334.92694,248,858.278665
297.21017,213,858.283302
304.51437,232,858.283345
300.28815,421,858.304893
317.99084,256,858.330732
310.287,262,858.412394
285.22025,443,858.585325
74.59647,120,858.679533
295.09064,546,858.826346
272.9176,404,859.036948
272.3241,459,859.306025
305.48816,178,859.396852
279.19556,240,859.396899
268.0656,415,859.656061
292.02344,351,859.785882
305.67352,326,859.843864
295.09857,199,859.975139
322.18472,200,860.238804
320.40717,338,860.243278
295.68,315,860.29078
214.98651,442,860.320868
-137.35156,482,860.640342
-13.987862,97,860.768025
68.84577,117,860.832766
263.67447,196,860.881056
306.6493,213,861.255453
282.3914,667,861.380396
348.48004,200,861.588006
301.1164,386,861.592105
314.99628,161,861.601085
311.7409,304,861.673642
-159.74597,491,861.704103
283.30417,408,861.744511
332.75745,250,861.94874
-25.380836,133,862.219362
250.3501,567,862.326549
302.7088,235,862.357751
346.0219,187,862.495748
314.4132,189,862.495797
286.25403,158,862.505886
273.89185,661,862.518952
247.38177,347,862.532661
195.61885,1000,862.718205
170.85976,1000,862.787738
131.52176,1000,862.94895
78.29964,100,863.167544
298.05817,361,863.377832
301.44434,309,863.381955
255.36887,289,863.825143
77.972565,100,863.835706
278.3912,213,863.906744
293.02527,313,863.911843
248.27911,347,863.911887
224.47742,373,863.926495
285.58884,254,863.934881
306.44382,504,863.997291
332.0263,275,864.424476
176.05273,465,864.488728
304.56876,174,864.713408
232.77118,483,864.730193
271.38828,219,865.001703
262.93442,277,865.169973
50.78209,94,865.432717
293.27966,272,865.661827
262.5148,414,865.716175
261.33878,428,865.785304
266.37354,419,865.822279
277.76324,433,865.899643
54.082767,1000,865.970846
237.64633,278,865.97089
71.4256,73,866.0421
66.206985,100,866.118462
277.7215,384,866.232018
302.3516,331,866.232065
-5.872982,130,866.412004
100.433044,98,866.416336
254.18967,709,866.616922
256.45132,326,866.662813
311.79147,916,866.675149
311.13278,313,866.853557
333.47186,197,866.872167
356.47385,238,866.872214
305.0095,214,866.87753
172.34714,1000,867.048521
320.95502,215,867.097198
299.5221,172,867.45545
279.31497,296,867.587354
329.24744,255,867.587417
350.4237,187,867.708986
279.00696,240,867.713884
283.87714,305,868.440092
288.24414,294,868.440162
320.2077,391,868.444691
312.2346,446,868.453489
262.1146,345,868.453533
157.08157,1000,868.497556
355.59912,264,868.796975
275.73608,439,868.88908
290.93307,314,869.149689
292.18274,221,869.453344
301.3125,208,869.453394
216.69717,224,869.479916
296.84418,236,869.517398
293.47723,240,869.541712
280.51633,727,869.556049
232.34305,314,870.202759
299.15692,323,870.324899
267.51538,223,870.520429
283.5512,314,870.541843
249.36638,630,870.546553
310.4491,251,870.556195
176.08348,1000,870.578099
230.39322,275,870.730932
294.21652,314,870.857473
256.9403,305,870.898391
265.82935,399,871.216948
24.641685,837,871.229067
325.18777,234,871.242893
162.85628,1000,871.381025
267.4948,857,871.441581
278.8708,251,871.441627
304.87384,249,871.631153
301.38892,242,871.63623
314.11346,260,872.026542
232.31557,382,872.26397
343.58633,186,872.280937
302.42163,354,872.323143
270.89038,891,872.453934
338.47003,230,872.47924
328.1816,201,872.545571
226.41202,297,872.576801
-204.7138,513,872.850097
261.4234,456,872.955009
228.10562,380,873.103949
290.49835,341,873.182661
-80.01693,439,873.207711
294.7781,267,873.25071
291.21198,217,873.276607
293.31488,268,873.688556
294.35773,306,873.727573
332.8927,189,873.727619
336.3233,309,873.968888
304.65472,338,874.041968
330.9725,316,874.042031
334.60706,188,874.060588
301.2841,184,874.109373
286.78992,260,874.16786
241.59065,795,874.19567
99.086784,131,874.290792
306.5021,274,874.368814
79.33783,73,874.386599
253.10251,732,874.557102
336.92816,187,874.574337
293.70547,232,874.768875
308.83545,235,875.01806
331.84402,233,875.40393
-70.50813,498,875.467175
-82.97366,494,875.514241
293.1507,362,875.671367
309.47107,248,875.680722
311.57822,290,875.695583
293.03925,253,875.725305
86.87906,80,875.888918
286.33057,397,876.087045
-65.75389,496,876.297031
282.73584,181,876.530948
-142.33911,516,876.535573
-133.75003,528,876.563496
275.7875,198,876.586854
299.46356,427,876.737903
297.992,186,876.752102
156.8443,1000,876.837124
268.44202,312,876.855698
313.52737,401,876.876597
260.59216,178,877.349834
300.54425,412,877.583031
295.99338,214,877.751694
330.6563,258,877.770623
292.55878,364,877.784236
285.1224,300,877.984566
281.71918,249,877.998268
309.31845,245,877.998312
257.60175,332,878.271088
65.01543,97,878.433775
95.70717,150,878.462529
266.24512,391,878.68413
157.00238,1000,878.688718
41.579353,89,878.873782
312.09726,582,879.236718
228.15955,636,879.243059
274.7214,289,879.331713
341.65564,173,879.526075
280.83395,328,879.555061
298.40167,417,879.565523
295.18378,911,880.002604
203.62933,968,880.016451
296.0988,475,880.021765
351.4878,158,880.027005
299.32324,255,880.568808
319.19238,214,880.573942
328.9257,219,880.573969
328.9475,128,880.632958
326.2064,196,880.936903
316.61044,377,881.074623
215.13263,784,881.07949
321.55457,279,881.343513
299.71393,374,881.347449
264.31097,647,881.367167
319.6525,197,881.504589
345.0653,232,881.675694
37.53587,101,881.819481
97.93742,113,881.892243
291.09485,284,882.26315
346.44086,261,882.290724
161.85942,1000,882.468079
297.4248,239,882.615323
301.02386,340,882.659973
303.55902,236,882.767323
210.45683,890,882.913611
207.90717,348,882.959082
299.5762,249,882.972547
183.80086,1000,883.168398
91.39621,1000,883.601083
297.84595,357,883.912313
322.938,283,883.922302
317.78296,314,883.922326
302.85962,356,883.937405
316.963,228,883.964125
315.43094,289,883.997469
311.29382,232,884.043854
289.44604,241,884.070667
285.84244,300,884.158763
273.00482,241,884.294322
92.74136,126,884.539699
147.0553,1000,884.702932
313.51202,211,884.981162
285.82224,265,885.152718
294.47382,266,885.203788
350.6759,246,885.21873
308.98926,282,885.227754
263.18018,1000,885.237755
336.901,359,885.278641
98.06575,1000,885.291985
309.2032,317,885.392136
101.704056,99,885.434245
332.73898,226,885.721926
305.2977,269,885.757819
263.445,359,885.806724
316.7647,335,885.824515
307.41135,213,886.168543
318.56354,209,886.16859
299.56888,217,886.172766
320.3963,215,886.188972
274.13074,206,886.215704
-7.1361237,949,886.26252
48.317314,152,886.41149
307.61646,303,886.768841
252.92908,613,886.852328
294.6328,267,886.970695
315.42322,263,887.382878
322.88098,214,887.39539
309.79956,271,887.506182
287.12494,367,887.901906
301.4258,376,887.906381
265.46912,374,887.910956
324.02676,247,887.98795
245.34955,256,888.147364
337.25146,459,888.277398
91.090836,87,888.302318
266.09714,639,888.346888
282.55774,210,888.355023
89.274185,107,888.387198
95.50502,91,888.401499
307.4015,255,888.669679
297.0871,440,888.779579
31.338226,94,888.836338
348.0047,185,889.239637
295.7375,294,889.258543
325.9475,245,889.40649
244.44058,246,889.487965
132.98566,1000,889.73725
321.2284,299,889.7419
305.2309,313,889.750392
185.04778,1000,889.849857
292.95856,232,889.903906
317.10913,187,890.105289
161.42946,1000,890.403806
189.5702,1000,890.421241
315.4275,163,890.486225
311.3958,385,890.561438
259.94244,299,890.638339
305.3346,256,890.661099
252.99245,451,890.750082
28.67426,82,890.769488
340.20874,197,890.811525
317.5779,365,891.104488
93.89929,121,891.133537
-23.877445,145,891.16398
291.30655,166,891.19249
221.34543,727,891.508498
330.34665,186,891.531594
306.64062,357,891.753441
297.65167,477,891.930612
130.91234,1000,891.979482
252.85367,266,891.993034
304.42725,262,892.015131
321.04294,264,892.406402
308.5939,196,892.434971
295.86606,201,892.43501
311.90344,293,892.452955
314.66156,391,892.452995
57.61089,105,892.495429
64.29524,68,892.718255
46.351566,88,892.864705
334.94,248,892.909748
-70.65616,142,893.096158
282.88983,240,893.144977
242.93826,204,893.452698
296.6835,215,893.911194
299.9242,235,893.956859
326.2588,435,894.022877
273.8595,902,894.039953
302.39166,329,894.257485
252.83328,403,894.331402
118.0856,1000,894.382707
262.52765,168,894.727303
282.0213,408,895.038096
19.337814,143,895.404584
120.04793,1000,895.404635
321.52133,229,895.451735
304.13403,432,895.456807
327.12503,335,895.578952
148.41841,714,895.753393
151.90866,1000,895.768049
166.60234,1000,895.795292
131.88179,83,895.826189
312.826,434,895.916693
229.92233,677,896.204973
355.12817,200,896.457305
279.54028,531,896.457349
287.81708,321,896.493067
303.26776,170,896.502533
162.46075,1000,896.546733
260.62762,232,896.861557
299.63806,213,896.867887
-82.8801,322,897.21093
319.62347,217,897.483232
327.57303,479,897.554447
270.60577,494,897.671099
341.73242,340,897.747679
285.1978,452,897.826794
266.7106,328,897.95579
150.56372,579,898.018856
272.3991,255,898.028379
268.59836,346,898.039573
6.2841797,82,898.131772
37.319794,150,898.249339
321.01215,228,898.249393
79.02051,81,898.39272
71.593376,69,898.443973
102.337616,90,898.449243
129.64374,142,898.599845
36.042477,80,898.609753
270.9236,253,898.643666
0.8813858,137,898.651723
298.25555,405,898.702134
305.8289,196,898.718931
165.28912,1000,898.801258
64.50134,103,898.844134
44.009624,96,898.865292
139.38531,1000,898.869769
51.340214,71,898.907735
297.06525,285,898.961375
230.4984,169,898.995195
86.65199,103,899.058494
10.588558,115,899.144915
40.53529,119,899.228591
20.805458,86,899.228642
51.17581,111,899.296119
88.289505,82,899.363742
54.88936,152,899.536433
55.487354,120,899.591361
204.31555,741,899.882046
342.50806,313,900.31918
303.29315,227,900.319234
306.25708,274,900.461763
340.2652,202,900.514182
309.19022,286,900.519191
272.76587,908,900.592476
289.3127,385,900.600416
313.76306,284,900.649622
111.20232,137,901.073441
60.626347,110,901.082536
315.86865,176,901.10444
297.54245,351,901.46086
311.27118,439,901.510381
58.621418,95,901.893424
326.4947,216,902.080259
305.0324,349,902.080309
319.46448,813,902.093426
308.20782,227,902.098477
310.52338,337,902.11654
236.0481,800,902.584174
282.97537,503,902.602108
272.12784,764,902.606331
30.116676,124,902.660836
263.80466,285,902.835855
26.704163,101,903.053679
316.81537,219,903.126029
293.98633,227,903.14396
104.668236,1000,903.17936
277.15186,236,903.199863
75.50491,131,903.218642
109.16495,89,903.251657
187.66795,1000,903.256012
292.40674,603,903.27463
313.22153,159,903.341332
252.77957,330,903.636359
86.186844,110,903.703345
290.5188,654,904.069024
258.74765,235,904.188918
319.8773,210,904.198567
289.15082,262,904.247914
300.35168,245,904.290705
311.53528,262,904.334704
39.612198,168,904.430935
318.43555,414,904.582652
312.35498,284,904.587206
290.94513,247,904.862683
331.99042,219,905.094448
342.07306,207,905.159635
292.96692,166,905.194941
156.83098,1000,905.238387
215.2937,274,905.570672
274.79602,285,905.575897
329.75543,218,905.58391
317.92007,298,905.587985
256.68167,249,905.995401
78.00928,93,906.000069
263.29742,584,906.016925
30.834023,113,906.07336
58.80159,119,906.103889
308.63733,289,906.398517
123.11363,1000,906.481782
319.76837,281,906.491838
318.8238,302,906.542979
317.55914,246,906.679311
288.9052,178,906.882782
299.43378,197,906.888068
316.74512,198,906.900995
268.954,410,907.02309
319.75568,226,907.045654
270.65625,551,907.086023
315.6703,292,907.436618
257.32837,221,907.501051
209.95676,987,907.751262
156.0781,1000,907.757199
40.38508,320,907.858328
303.38367,271,907.91748
263.7508,229,907.927423
41.941265,151,908.103729
322.51715,289,908.189894
321.50537,266,908.24021
73.8595,120,908.40226
316.484,312,908.428133
250.3319,299,908.432828
211.18436,427,908.437665
356.945,211,908.45376
300.17456,186,908.597798
144.47949,1000,908.883898
27.278702,139,909.072077
277.9842,213,909.08378
100.40761,148,909.276373
289.25742,245,909.530871
322.52765,352,909.535773
306.55066,293,909.540602
294.89087,288,909.566979
304.27393,272,909.697669
269.802,386,909.714709
287.16568,207,909.870151
288.80444,316,909.926745
280.60147,361,910.10669
259.8403,776,910.116987
328.429,220,910.117019
341.15936,174,910.38715
228.62747,293,910.445732
319.9491,280,910.586887
155.38216,870,910.871881
321.61218,283,911.429656
239.26797,808,911.495232
325.56607,366,911.62532
285.3959,446,911.62538
263.95636,415,911.630575
244.49638,222,911.630616
323.73785,380,911.634966
320.37488,414,911.640505
282.50897,270,911.645244
287.31555,266,911.690661
298.19592,284,912.215785
-37.68726,131,912.247985
287.22717,597,912.326622
329.70673,218,912.648881
321.57047,250,912.669858
305.38037,269,912.697545
279.9353,246,912.792873
323.53137,295,913.020682
321.67657,287,913.026025
321.87457,300,913.031017
289.36792,212,913.229095
132.94957,130,913.394587
327.78354,379,913.394644
292.16718,277,913.612738
315.67233,425,913.617552
296.48102,312,913.668378
320.84033,144,913.693229
308.6621,268,913.914981
310.2271,198,913.957387
224.96625,947,913.962215
322.79877,172,914.19077
268.8631,177,914.212886
324.8452,196,914.592694
270.12878,223,914.636825
290.27866,214,914.647387
325.45892,224,914.647414
288.9806,312,914.671503
303.50888,171,914.733523
317.94092,180,914.733564
62.24249,1000,914.751415
87.967735,1000,914.761594
284.5207,296,915.29878
255.18843,302,915.55509
284.87497,557,915.576814
288.6728,236,915.722807
258.98727,251,915.818017
262.00677,248,915.866363
289.6272,250,915.901939
9.6973915,123,916.150876
57.13023,102,916.190979
219.98248,783,916.245792
296.95834,354,916.254788
303.98724,330,916.258745
220.65102,354,916.262688
293.90417,342,916.295036
310.699,234,916.628936
255.92679,309,916.711889
-2.5818253,124,916.747411
282.38443,478,916.764796
315.18512,191,916.764843
250.22095,951,917.049436
337.0191,184,917.085279
249.91318,284,917.103264
329.31265,198,917.138211
326.46088,213,917.231908
309.17706,210,917.592117
26.99443,149,917.769176
266.84702,368,917.824869
262.4329,290,918.058336
270.7974,286,918.102528
324.10553,288,918.112224
314.2719,230,918.130066
263.89636,255,918.297608
299.62604,286,918.485177
305.80493,298,918.63317
310.9269,192,918.686166
151.46391,1000,918.816231
214.1101,675,918.985024
285.47293,362,919.275979
276.4884,311,919.27604
256.72137,655,919.276054
317.37207,174,919.276065
291.88632,213,919.276075
289.78247,256,919.285354
292.63202,292,919.469423
291.96155,333,919.586463
337.8596,367,919.777293
328.84924,223,919.815773
248.96428,775,919.852765
276.35266,263,920.170216
307.72443,227,920.310097
296.07532,251,920.611982
284.691,294,920.617395
320.90656,296,920.628235
335.23193,228,920.633404
326.03198,178,920.638385
294.08002,171,920.643011
307.07953,302,920.660044
327.43002,133,920.786457
260.49536,255,920.948894
219.50089,919,920.980844
52.746235,97,921.057558
284.99808,605,921.373356
279.48346,475,921.445388
288.11444,211,921.570757
341.42404,206,921.707632
299.74484,238,921.712366
200.69843,551,921.772005
323.49304,255,921.798415
330.3758,194,921.81299
312.84705,342,921.852245
287.6616,277,921.875371
308.0149,213,921.928743
312.73843,329,922.103237
307.43292,338,922.152984
341.94385,221,922.376575
285.91235,297,922.396371
318.12183,207,922.650566
266.66992,282,922.724033
321.33093,203,922.743344
257.36948,256,923.022966
327.66962,280,923.079079
285.07465,206,923.102989
157.18896,1000,923.220299
294.3165,326,923.256879
321.31073,374,923.266028
298.77313,294,923.271127
287.8711,199,923.297148
310.3131,219,923.369481
299.61798,212,923.66722
293.49545,232,923.690527
280.68994,214,924.025799
255.18597,232,924.051599
282.79254,446,924.115718
291.42108,504,924.146956
267.32135,237,924.151794
288.10464,318,924.162483
336.46503,208,924.196235
308.6063,280,924.553577
330.43958,308,924.647273
332.66602,249,924.836435
296.30847,253,924.836484
310.31384,337,924.903524
284.0556,361,924.909208
68.053925,109,925.058184
274.95856,277,925.369963
327.26196,280,925.430913
304.11154,323,925.51416
278.53348,305,925.534039
270.84705,296,925.53408
243.70987,307,925.539166
317.5882,335,925.544521
286.80673,852,925.557938
312.07343,197,925.701082
310.5971,196,925.768989
321.55096,182,926.326402
299.45764,328,926.34745
309.1097,193,926.417022
317.79108,227,926.441496
253.59367,313,926.441548
-61.079678,472,926.752614
268.71112,332,926.864583
305.3119,280,926.963257
282.9781,488,927.017636
314.59525,154,927.149991
309.32178,309,927.16382
330.9831,164,927.167845
341.16034,363,927.181693
263.0613,367,927.192114
317.6594,205,927.26373
308.86227,186,927.293072
288.31696,228,927.387446
275.51447,458,927.603004
141.86908,1000,927.716524
1.13031,127,927.956653
279.0964,250,928.282037
280.3321,294,928.282085
323.89606,251,928.290866
343.97406,288,928.304833
277.23,249,928.304859
329.07275,345,928.313974
315.76205,256,928.328815
292.04892,163,928.33381
280.4614,249,928.823721
299.97842,143,928.911551
327.04077,147,928.9393
271.92862,468,928.96032
307.30154,195,929.17703
317.4172,233,929.351339
224.94623,514,929.587888
222.31601,569,929.691545
246.5367,420,929.829202
252.13397,962,929.846701
259.2313,236,929.889039
314.5783,222,929.916625
337.54434,216,929.916677
284.41443,213,929.921254
260.38992,401,930.127758
281.34433,409,930.15719
266.84363,420,930.161607
291.71017,227,930.196229
315.95593,217,930.327412
90.096375,114,930.693302
295.99292,256,930.730793
346.0575,184,930.735477
288.93924,211,930.783852
67.23626,99,931.126386
290.596,321,931.251791
266.9799,249,931.251842
326.1844,256,931.251862
310.26965,248,931.251872
269.72025,304,931.257216
53.692734,129,931.306211
281.57336,178,931.588142
138.36748,1000,931.729331
309.62836,327,931.786111
340.63458,237,931.794813
-108.38706,430,931.831905
-84.61155,498,931.913311
185.8711,510,932.153565
258.88235,243,932.333652
290.73373,268,932.449955
306.39212,271,932.457231
285.08887,308,932.621971
127.19188,1000,932.75258
251.05089,255,932.953883
0.62005615,117,932.970909
321.5146,323,933.014029
316.89688,483,933.282493
313.12283,446,933.294025
198.19635,353,933.294068
287.90472,348,933.325227
299.5207,339,933.42327
295.77795,306,933.528632
310.50034,283,933.622176
296.40973,222,933.643439
93.69501,95,933.746583
278.7306,476,933.935307
324.7028,226,933.995786
89.313194,88,934.022322
314.26007,263,934.21929
6.443264,109,934.233222
209.87473,231,934.385359
281.12204,309,934.385419
264.7658,433,934.425283
280.15356,200,934.43796
109.53024,110,934.723466
90.26361,82,934.789822
287.58374,348,934.87474
111.76631,103,934.896784
304.9021,157,934.91918
299.89478,489,934.970031
77.0955,115,935.516247
342.01788,191,935.624836
299.0471,514,935.65449
297.84296,275,935.658734
185.78012,1000,935.798642
264.13898,244,936.04483
271.02332,475,936.173758
268.86084,400,936.23003
305.71387,284,936.248803
270.74533,298,936.265479
252.00764,582,936.309534
247.18367,644,936.385529
9.521851,236,936.597408
292.85663,239,936.740554
341.80853,193,937.065937
297.0169,183,937.078706
296.06073,220,937.770713
261.73734,345,937.861256
284.68964,271,937.861307
207.75058,347,937.909363
282.3521,462,937.923
335.18768,212,938.053987
282.00128,414,938.177516
218.23253,428,938.378459
242.21109,506,938.391737
62.436512,117,938.460506
123.85735,1000,938.540267
83.07298,1000,938.628774
310.7434,240,938.88097
336.35132,244,939.049412
219.66968,428,939.049464
296.35736,264,939.076663
270.36548,266,939.090906
79.18549,107,939.122589
327.9192,151,939.149663
106.01144,1000,939.42024
300.54132,212,939.512156
318.06696,185,939.737884
271.6477,362,940.03044
345.03738,207,940.101376
131.11504,1000,940.240781
109.86958,1000,940.273019
293.33386,196,940.339256
280.4149,274,940.367593
341.8952,223,940.569662
28.12838,92,940.686334
288.89557,365,940.764097
116.06871,93,940.78267
331.85947,232,940.832334
291.46588,391,940.889155
303.5537,165,940.898401
37.172012,123,941.144443
334.34625,268,941.309802
322.19016,230,941.36417
-113.20304,504,941.439427
23.565216,153,941.495286
267.0216,191,941.571511
255.15283,272,941.643152
7.230049,166,941.658181
287.2489,201,941.701494
329.64212,193,941.792295
28.148872,76,941.846337
293.12653,237,941.93461
60.84271,142,941.960974
328.1648,252,942.307148
55.68196,166,942.405272
339.49554,150,942.626033
132.3957,1000,942.692968
153.12929,1000,942.80811
157.74878,1000,943.021673
292.08548,347,943.035668
317.35394,291,943.035717
280.1817,324,943.271561
281.46478,371,943.271606
224.6236,387,943.423619
85.45433,101,943.488193
266.38007,164,943.545972
96.57408,100,943.718019
164.70642,1000,943.742759
-188.31543,533,943.790132
34.524452,69,943.794753
116.864685,123,943.820901
44.002743,67,943.844237
247.51407,391,944.180611
320.94653,352,944.218649
324.0255,347,944.266518
239.34439,432,944.271255
226.49368,261,944.609516
99.265625,102,944.730158
-3.4788857,150,944.87107
278.35468,191,945.094854
243.47751,298,945.159548
352.555,311,945.270252
264.75122,243,945.377003
296.86322,176,945.42111
237.1153,796,945.476691
19.768463,137,945.495495
47.878223,142,945.799185
97.488304,101,945.827755
34.126305,83,945.864582
265.1872,474,945.879787
246.14024,461,945.893233
79.783676,98,945.918838
281.51306,477,945.918867
75.720474,116,945.944723
265.82098,673,946.091655
68.38072,79,946.277608
290.01733,297,946.440481
157.46346,1000,946.50819
50.756424,99,946.540101
111.15344,136,946.559883
326.48883,181,946.659049
296.7991,173,946.659098
349.11426,188,946.780432
74.15819,91,946.960946
96.52368,98,946.967217
-186.72388,505,947.052901
82.753296,104,947.152973
280.9067,302,947.282393
285.629,317,947.36167
148.36319,1000,947.589356
287.08728,347,947.89608
55.58947,125,947.946754
329.40692,333,947.996834
-15.178215,157,948.010332
171.34572,1000,948.413881
24.811516,116,948.419049
4.8989677,148,948.665415
317.5653,370,948.665467
304.9102,336,948.678422
338.38513,462,948.682475
77.054344,112,948.898114
-14.915886,121,948.947089
64.82234,67,948.973317
306.33987,222,948.97789
307.8124,508,948.977932
261.32385,483,948.982166
332.7088,235,948.987113
-38.360607,823,949.025997
40.373917,83,949.053002
311.42084,367,949.254212
273.10693,484,949.254264
286.04578,502,949.258855
133.76555,146,949.330178
96.40399,89,949.388943
77.32911,95,949.68019
103.23708,98,949.697982
351.55795,196,949.875529
282.7386,239,950.134878
301.3205,328,950.143913
339.72845,279,950.297713
363.47052,202,950.302397
275.3786,308,950.308024
291.4883,293,950.316663
270.91974,302,950.326014
169.52481,1000,950.373178
89.76285,88,950.536962
279.37085,276,950.571846
333.90604,200,950.60375
337.26547,166,950.624778
101.212585,107,950.629126
106.789825,81,950.678979
38.49098,125,950.859454
-2.228672,100,951.023009
31.396744,145,951.186931
314.23798,345,951.238117
-100.92091,506,951.278391
318.3863,226,951.318496
-89.73848,473,951.386716
256.37836,541,951.431647
300.3905,190,951.462817
328.27133,194,951.506939
270.5672,262,951.558488
284.26627,163,951.610531
335.27536,227,951.710923
47.554844,66,951.770972
6.2675133,117,951.780317
239.694,266,951.842364
82.249695,85,951.98277
22.450367,104,952.017803
34.91486,122,952.248366
27.78048,116,952.276778
50.67823,108,952.487754
46.63807,80,952.593848
276.71655,331,952.763816
-12.477539,115,952.789285
337.36584,199,952.86817
312.31958,301,953.104911
69.04564,138,953.104957
292.84225,381,953.125871
254.2269,446,953.178952
310.6684,505,953.271903
302.71335,204,953.502655
219.50438,488,953.556876
35.122086,101,953.624946
24.26595,125,953.661597
25.569733,129,953.680833
241.687,534,953.890149
285.0772,229,953.890195
335.41034,273,954.006522
-115.3409,492,954.024414
346.95862,203,954.037076
124.45914,108,954.37138
76.14931,98,954.449331
37.892204,172,954.461562
325.02347,230,954.54886
268.1253,220,954.562443
307.1422,205,954.562475
203.90468,726,954.5757
274.14178,241,954.751182
142.76338,1000,954.777111
75.995705,1000,954.800887
76.8253,79,954.812159
93.28476,102,954.831133
83.68051,98,954.99242
67.39703,103,955.001323
42.958725,100,955.001349
323.6786,231,955.062534
68.344894,73,955.076638
274.48007,268,955.091313
82.595566,77,955.126856
28.522125,125,955.364447
43.414875,113,955.520494
65.5538,87,955.52054
72.55456,148,955.750124
113.395546,111,955.849999
307.5572,447,956.040454
331.33105,358,956.05237
247.1148,746,956.107805
330.88654,175,956.303494
302.10687,294,956.321868
288.71594,336,956.326567
259.5436,294,956.330956
336.89664,192,956.380994
61.470684,130,956.450562
313.2337,336,956.585826
291.75745,452,956.598359
332.3913,189,956.603097
10.320354,64,956.60788
40.482273,78,956.664416
43.85553,82,956.694499
81.20194,82,956.811122
336.9945,214,957.014365
327.26315,216,957.014412
260.00684,488,957.018893
244.41202,437,957.023514
294.2094,209,957.042507
56.899036,113,957.175781
310.56372,205,957.300644
89.531715,84,957.399549
116.85828,105,957.652801
298.66748,221,957.695193
341.15253,242,957.701727
282.98065,259,957.759354
143.74213,1000,957.780665
315.34625,297,957.953223
315.50854,279,958.299656
321.68024,280,958.307666
300.28406,165,958.468291
323.09912,254,958.478184
287.34155,314,958.478216
348.22345,167,958.545267
314.23523,196,958.571071
293.85858,256,958.58801
337.54572,173,958.593536
271.55072,337,958.602865
286.8822,504,958.607828
343.58917,269,958.964101
272.64478,233,959.057051
308.9464,168,959.101814
298.45963,217,959.315855
295.87292,169,959.332227
285.40176,181,959.44615
355.13098,223,959.505183
317.69165,197,959.505225
320.94763,239,959.587767
90.09633,107,959.592351
27.904602,96,959.766573
319.26855,175,959.851135
317.3833,288,959.899061
261.81754,301,959.982118
223.15578,227,960.00332
363.8639,144,960.156652
329.22345,197,960.216746
306.12204,363,960.282878
63.343185,102,960.365197
305.93588,212,960.416123
309.83453,199,960.416171
296.47302,253,960.75914
276.62927,492,960.759192
306.26108,243,960.896966
312.9765,201,960.92066
296.49835,239,961.114256
323.6709,192,961.114303
298.34116,273,961.125328
113.203545,1000,961.214454
230.08412,353,961.224574
318.18024,201,961.352923
116.99094,1000,961.436428
285.1245,258,961.48394
324.67755,297,961.794176
246.67508,336,961.933665
289.78983,276,962.029474
317.73105,208,962.074923
307.4757,255,962.074969
334.78928,254,962.091148
68.942375,162,962.186636
318.57904,186,962.346496
338.66092,244,962.346544
305.07095,348,962.370394
300.704,277,962.405805
290.44156,236,962.444551
88.64513,97,962.638161
302.1417,576,962.844734
62.528286,102,963.130395
324.1228,174,963.194734
310.60083,274,963.222297
331.56833,243,963.222334
301.7367,204,963.8103
282.5786,430,963.820663
296.3136,154,963.852486
273.9841,375,963.864737
330.47766,195,964.107923
-10.550144,88,964.259603
322.03104,231,964.30075
274.43256,404,964.347915
301.76575,676,964.388569
274.5288,544,964.593277
327.52405,293,964.597493
323.78003,208,964.788035
15.763451,75,965.135829
337.11688,215,965.278473
296.7503,338,965.691603
302.28326,298,965.700203
250.60016,404,965.709863
92.414154,108,965.772354
146.1575,1000,965.790648
321.32086,271,965.858159
84.30534,162,965.886996
249.11713,822,965.925047
309.36108,806,966.102627
-11.811291,129,966.25698
35.236107,129,966.275303
-40.042423,81,966.275331
25.583237,101,966.329558
320.02304,865,966.369322
274.8119,439,966.369369
278.94223,853,966.374272
275.57935,549,966.392185
270.27496,465,966.521554
309.47488,234,966.744889
296.4098,200,966.749129
-14.016792,107,967.00463
299.60196,176,967.055725
296.16245,299,967.133184
331.29187,177,967.133249
69.24101,174,967.160411
296.09192,207,967.229398
99.87189,119,967.304049
333.75378,225,967.434343
321.4779,235,967.455691
326.98413,212,967.736203
268.39716,729,967.931569
317.8936,368,967.96462
60.430946,147,967.969685
312.9339,187,967.995493
310.71133,216,968.00543
310.24982,208,968.018436
333.553,205,968.076721
69.031845,109,968.219828
68.3125,73,968.304289
326.07816,197,968.325258
82.26545,74,968.360196
276.07642,528,968.521321
18.660141,123,968.641324
62.192245,83,968.700933
90.629364,119,968.764189
289.62115,205,968.931056
294.05487,389,968.943581
315.2983,236,969.01153
322.38354,163,969.045704
80.62401,93,969.062366
288.55734,418,969.131948
274.43597,190,969.215417
278.87988,392,969.229113
96.94498,97,969.37564
335.3846,320,969.420535
89.78719,84,969.443228
1.7752686,133,969.535755
313.38513,250,969.845307
328.10565,296,969.867086
320.03268,185,969.889251
199.39586,941,970.04503
266.1849,451,970.052398
340.82477,232,970.057449
284.789,336,970.280821
301.24634,189,970.289422
319.87372,197,970.415123
352.7602,223,970.422019
284.17862,265,970.426343
10.688026,152,970.557166
314.51004,329,970.853872
308.1672,229,970.853918
94.444244,133,970.873126
118.047806,1000,970.907398
289.4314,405,970.948833
320.6728,204,970.948883
232.793,387,970.954121
277.5434,205,970.966338
296.50723,251,970.980238
335.6195,205,971.320116
21.124954,115,971.3792
112.25621,125,971.497043
342.483,155,971.637756
280.45728,277,971.657108
266.14526,281,971.673913
285.1717,364,971.682022
321.39386,252,972.116472
-11.543423,108,972.17063
276.5589,307,972.257803
316.51758,140,972.297888
323.0105,198,972.303638
279.82184,406,972.4051
311.0808,195,972.582091
327.48325,236,972.594736
15.465675,117,972.705447
331.2144,248,972.826746
286.78165,429,972.916745
302.80487,209,973.348791
275.93002,268,973.474821
342.5036,196,973.47487
296.9024,473,973.493995
337.98898,269,973.524927
55.19145,150,973.598366
344.0919,201,973.73861
-7.273098,71,973.806996
30.346836,105,973.841798
23.349255,80,973.853004
284.45496,416,974.040785
278.27692,350,974.32582
238.17564,947,974.625409
267.71378,441,974.642298
327.49683,188,974.732343
234.48364,899,974.988154
304.83716,331,975.133182
289.55298,323,975.334502
102.37636,79,975.49924
140.55397,1000,975.504121
77.189415,1000,975.569991
297.9954,336,975.862481
79.77019,128,976.083308
234.71219,456,976.126355
268.2377,526,976.244687
312.30682,334,976.267792
324.49078,546,976.272669
280.1433,297,976.352869
267.85742,380,976.385725
324.45508,261,976.534142
57.440823,92,976.675238
285.8339,182,976.689436
266.01422,453,976.689481
112.90851,1000,976.879035
347.99298,155,977.068915
302.75378,185,977.501098
270.0691,220,977.510612
301.1432,433,977.524164
293.96973,290,977.532832
327.38205,297,977.589255
327.30658,296,977.667162
300.2829,347,977.682272
308.396,391,977.840725
312.84174,291,977.994282
308.28162,259,978.040116
109.65359,1000,978.057346
152.72217,1000,978.087432
297.58582,324,978.133611
228.39609,604,978.216384
313.34525,261,978.228093
320.05493,227,978.540231
299.62347,234,978.56226
290.42242,200,978.566107
285.83868,166,978.570873
17.863693,83,978.600549
99.87137,86,978.600608
319.6091,248,978.604965
273.27667,365,979.124279
273.36487,358,979.169053
286.0175,268,979.169099
33.08136,343,979.183106
316.28748,238,979.183141
275.76495,292,979.331719
55.16237,181,979.368406
80.44794,99,979.576904
286.21597,241,979.650017
301.23767,304,979.967505
300.59155,172,979.971861
349.5387,178,979.984222
320.64676,316,979.993576
353.84784,313,980.011201
324.40622,319,980.031729
286.92242,206,980.115324
288.55554,173,980.161237
274.68958,279,980.858282
270.79,193,980.926466
267.47662,347,980.926514
278.10788,629,980.931196
326.64648,294,981.470661
288.35657,288,981.490597
307.8613,347,981.616702
297.16635,388,981.752176
294.2195,232,981.926842
273.5591,555,982.188168
276.8097,483,982.19704
277.55176,284,982.220661
311.71722,511,982.33764
324.89807,161,982.342737
279.59717,533,982.41339
156.53511,1000,982.58569
18.527912,98,982.638407
328.49347,232,982.803502
286.91745,210,982.882152
329.54083,306,982.882205
321.3662,312,982.892598
282.2326,433,982.909588
69.12488,106,983.078457
336.62012,189,983.086764
-11.117442,1000,983.095322
52.35196,155,983.120207
104.09598,120,983.423528
327.1081,279,983.46049
298.08075,249,983.469543
296.01236,165,983.631543
320.3385,178,983.704719
157.86044,1000,983.763137
337.54364,239,983.900259
303.1891,234,983.981553
308.2346,347,984.238766
54.23748,171,984.251915
284.68372,310,984.51733
274.10602,238,984.746808
310.6797,229,984.775221
297.48996,188,984.785845
311.74887,317,984.953782
70.08102,107,985.275821
48.857437,106,985.279834
111.55414,126,985.335247
275.0329,247,985.411733
312.09262,506,985.427433
171.69223,1000,985.533845
280.01462,524,985.55639
299.02753,479,985.660571
241.45935,250,985.690371
302.94144,406,985.874777
308.64478,206,985.90663
280.47894,625,985.990937
348.1411,159,986.007646
23.15406,114,986.074574
285.86224,214,986.310421
300.8388,205,986.346585
273.95264,254,986.434018
318.7403,172,986.439155
44.07223,85,986.748302
223.47586,650,986.779347
84.73045,74,986.784458
-24.929615,127,986.906765
140.54866,1000,986.95715
287.24158,334,987.064937
289.24695,244,987.127743
279.90192,315,987.127791
265.6342,253,987.147359
283.68805,398,987.244671
46.886276,74,987.290162
262.63214,314,987.514332
-28.506773,87,987.546155
50.76721,97,987.566578
317.4994,254,987.603251
343.22278,190,987.607439
302.5321,382,987.617452
22.05809,129,987.831062
116.75714,80,987.905486
74.3895,80,987.967413
299.2232,209,988.005656
10.276062,81,988.274874
111.27919,97,988.274926
292.341,202,988.430107
277.81885,310,988.539395
323.02576,394,988.571569
288.97064,212,988.584264
209.50992,975,988.725916
40.210445,67,988.848072
9.6418915,114,988.968209
6.3102455,81,988.968253
265.46555,461,989.018437
298.48633,307,989.024312
337.7351,379,989.040606
326.15338,257,989.194621
100.75248,90,989.322665
96.55583,83,989.606221
290.09418,212,989.777462
233.2012,281,989.93784
39.774044,103,990.075015
214.10516,945,990.299259
296.28046,301,990.411376
227.5626,290,990.424664
292.50357,490,990.600158
319.94727,180,990.600207
273.81018,342,990.600217
307.17004,333,990.605023
335.03802,281,990.625848
68.70468,98,990.858522
-65.921265,752,991.078665
25.10276,107,991.083746
336.70374,180,991.119857
62.935463,129,991.204504
18.749657,150,991.278649
172.6242,1000,991.412841
300.18225,234,991.47795
2.5151405,115,991.587229
261.2065,229,991.622783
32.577805,79,991.622837
306.66034,362,991.704734
289.9037,404,991.759978
347.15588,271,991.819427
317.5716,167,991.829458
318.31622,216,992.174327
314.74683,208,992.528707
263.18195,235,992.537887
286.56274,215,992.597476
168.36862,1000,992.632121
314.31177,194,992.696028
282.61926,202,992.744968
329.04135,217,992.745019
308.5288,312,992.819613
131.41048,1000,992.903246
46.855213,85,992.922171
232.99138,410,992.968756
307.3189,176,992.972718
-23.081005,73,993.029551
274.7558,164,993.341147
323.02673,183,993.569778
134.77264,1000,993.615177
-13.634979,147,993.634204
42.522385,162,993.649011
293.25977,242,993.835623
268.5794,295,993.871682
325.7077,201,993.871739
271.08807,244,993.998562
278.12347,266,994.026096
300.5448,250,994.166108
350.40405,175,994.41412
292.69617,175,994.434715
108.5393,90,994.439517
246.75607,808,994.512032
342.4888,190,994.51685
319.14777,151,994.567788
325.68073,178,994.659193
288.48325,289,994.663982
289.2211,664,994.732224
261.67023,463,994.746982
267.4583,225,994.905732
300.1577,214,994.986453
255.66309,788,995.202091
307.23746,189,995.298827
320.55426,194,995.304006
241.28822,383,995.324748
286.40814,218,995.505893
314.66235,188,995.510837
305.8966,255,995.816592
305.46826,246,995.843494
317.5807,370,995.848471
275.1115,210,995.857398
310.13025,323,995.908418
325.06775,174,996.087672
321.82596,173,996.087719
321.2165,245,996.098624
328.48495,274,996.471896
264.0437,420,996.498404
324.80786,257,996.507848
281.53082,164,996.6765
283.71298,181,996.690737
325.42932,218,996.868194
305.01984,297,996.877718
123.8714,114,996.978341
314.37787,179,997.301261
293.93323,319,997.301314
299.60333,266,997.306118
307.22186,202,997.586659
357.36444,137,997.591435
303.38696,247,997.599749
-127.997574,503,998.092813
295.05246,291,998.163536
288.13034,475,998.23768
173.70796,420,998.576229
285.9818,892,998.585464
313.42938,214,998.585507
258.93982,406,998.717949
236.8431,357,998.939805
321.94696,183,998.948702
286.5833,367,998.980911
291.4807,372,999.004007
284.20673,327,999.08569
175.14754,1000,999.29564
286.71506,301,999.549736
303.40314,289,999.568268
292.00238,206,999.883211
177.32635,1000,1000.072659
304.36163,356,1000.217765
330.1295,363,1000.242046
266.22705,256,1000.264849
339.78595,289,1000.330194
172.56174,1000,1000.663682
36.31116,145,1000.75187
222.18216,447,1000.783248
332.16895,212,1000.881313
303.10406,345,1000.906258
280.01984,289,1000.9063
296.50763,303,1000.984951
221.99881,450,1001.069255
314.0719,169,1001.641318
264.48462,244,1001.862964
287.58694,232,1001.953171
245.64285,383,1001.977893
312.16742,241,1001.997968
267.77124,420,1002.16257
13.979731,1000,1002.175851
275.74295,284,1002.2638
245.43289,475,1002.431531
289.80078,305,1002.436768
305.97327,467,1002.464422
278.91296,250,1002.764858
239.39867,440,1002.769768
321.5232,190,1002.832154
301.9428,220,1002.854849
312.30798,202,1002.8644
259.1921,937,1002.869931
329.8025,203,1002.909823
304.78006,205,1003.205809
312.66937,259,1003.361894
144.96935,1000,1003.529308
300.02625,257,1003.639156
327.10568,195,1003.664222
288.8438,336,1003.69357
297.68927,337,1003.963845
276.6101,252,1003.976842
246.4615,339,1003.976888
295.72754,259,1004.030292
362.65958,186,1004.043666
304.8998,249,1004.043701
281.12152,331,1004.383722
321.18942,249,1004.487554
-214.16411,857,1004.570244
297.48016,207,1004.609165
316.7124,193,1004.85365
258.8609,293,1004.86304
327.4565,259,1004.879233
292.24194,222,1004.999787
296.38416,238,1005.129071
234.18054,539,1005.335336
336.7373,423,1005.576478
288.36176,347,1005.576538
73.58969,136,1005.761175
270.15445,223,1005.892114
318.06384,227,1005.897162
339.3638,291,1005.904624
242.0542,417,1006.39325
302.93146,211,1006.53004
302.79596,475,1006.551013
300.47894,366,1006.67093
324.14325,180,1006.719324
237.79175,309,1006.735398
312.78833,223,1006.771092
325.5774,233,1006.948967
257.0622,233,1006.958102
157.10641,1000,1007.314615
279.17224,416,1007.446596
328.15048,176,1007.451575
330.25232,246,1007.50378
312.57098,257,1007.895431
328.9289,264,1007.908071
304.25275,301,1007.908111
306.04675,252,1007.908125
330.83044,223,1008.318501
319.61844,210,1008.393212
323.92062,323,1008.39327
336.58698,206,1008.419095
185.96689,1000,1008.562725
217.17947,1000,1008.572301
308.39786,209,1008.833598
231.94049,982,1009.046939
306.911,273,1009.106493
305.87125,481,1009.111015
335.5597,272,1009.116688
337.76056,205,1009.244031
321.06943,188,1009.271723
271.84515,318,1009.328444
30.236536,1000,1009.366222
308.0368,224,1009.571881
286.4835,312,1009.793341
306.66476,188,1009.957454
329.1469,171,1010.028609
327.1911,269,1010.037718
300.10248,285,1010.326418
341.91394,182,1010.399126
324.1053,258,1010.399176
250.27477,884,1010.498011
118.90141,153,1010.72932
293.76294,377,1010.804449
277.06757,174,1010.813532
295.0289,330,1010.844025
355.31415,203,1010.869284
241.34897,563,1010.918459
272.6314,331,1011.836354
268.58893,293,1011.836403
284.99292,316,1011.841187
238.7996,451,1011.846511
286.59875,317,1011.84655
324.98608,230,1011.876925
161.66493,1000,1011.975446
285.512,300,1012.239987
316.51376,286,1012.253137
328.65692,299,1012.261177
228.69135,814,1012.266037
228.31677,702,1012.30229
115.10326,117,1012.38598
291.33844,209,1012.850236
336.02145,220,1012.863297
298.4369,143,1012.91308
311.37872,235,1012.929963
317.67303,188,1013.123851
297.59222,515,1013.178046
314.711,338,1013.511335
6.1368484,180,1013.715197
314.26343,321,1013.715246
313.40057,148,1013.787398
282.99628,327,1013.787454
288.25217,425,1013.787466
299.16248,192,1013.787474
249.67857,995,1013.854297
313.8054,385,1013.980207
302.7674,253,1013.980254
262.14728,276,1014.091404
316.17456,416,1014.276919
82.51085,105,1014.459371
304.81964,299,1014.529364
290.10016,167,1014.548126
345.5879,170,1014.559991
234.96512,863,1014.676376
256.9346,234,1014.784129
283.02795,172,1014.889506
309.47284,262,1014.984411
305.23267,248,1014.984461
312.86417,306,1015.177585
291.7334,322,1015.177636
313.92212,181,1015.276682
288.253,250,1015.40449
271.78613,368,1015.65183
322.656,301,1015.891189
289.34875,270,1015.896125
306.9375,248,1015.900078
336.02332,297,1015.905011
306.20706,531,1015.920064
280.8753,182,1016.001709
294.1871,228,1016.214795
275.9951,294,1016.218825
270.74774,282,1016.260233
292.65854,394,1016.332636
135.32869,1000,1016.408987
95.764114,96,1016.664117
293.78452,285,1016.711478
331.51154,180,1016.744948
305.90378,274,1016.901753
323.8102,198,1016.907139
313.28796,227,1016.939052
289.49976,264,1017.093081
228.90317,435,1017.249118
312.81268,211,1017.285754
277.11926,260,1017.386776
307.30505,242,1017.826559
309.74908,247,1018.012771
296.73547,181,1018.066781
279.12946,683,1018.066826
325.99677,318,1018.137987
310.22226,496,1018.644311
318.95193,389,1018.657267
283.58615,309,1018.689712
283.57184,572,1018.851406
338.08478,217,1019.061312
334.39468,217,1019.061375
309.21777,452,1019.143209
313.61688,488,1019.147504
245.67392,484,1019.564178
305.04346,319,1019.569107
326.726,234,1019.695389
289.68753,423,1019.728701
294.8749,156,1019.826329
285.34695,445,1020.000599
-24.390537,83,1020.085751
269.64658,242,1020.11418
147.52737,1000,1020.37083
140.69638,1000,1020.380266
-51.14363,437,1020.565508
-105.80789,464,1020.730124
234.82742,385,1020.831335
303.2128,273,1020.900696
306.0028,269,1021.018924
291.17426,331,1021.028068
316.0146,209,1021.045873
244.05502,982,1021.045915
286.18936,220,1021.378395
312.8429,242,1021.469552
325.2998,198,1021.469597
290.18384,151,1021.525147
285.75095,175,1021.829395
235.09837,671,1021.85948
334.0938,262,1021.947528
270.09058,429,1021.947577
338.51688,226,1021.947589
308.76688,257,1022.22361
-33.003815,500,1022.34313
290.42303,213,1022.347501
339.00745,293,1022.378931
297.1267,297,1022.378981
287.9364,229,1022.502683
293.6706,699,1022.68867
308.52148,184,1022.744195
304.5662,327,1022.940373
338.74365,231,1022.962625
292.40247,204,1023.257397
327.38522,322,1023.290853
272.5491,395,1023.308783
270.40723,307,1023.317493
306.99445,164,1023.437957
176.3896,1000,1023.533651
321.03723,283,1023.653083
327.71045,205,1023.684504
90.821754,106,1023.770634
344.73596,215,1023.916585
81.8047,143,1024.170299
338.84564,200,1024.200033
286.91776,412,1024.22801
307.63232,538,1024.237754
304.2261,292,1024.624636
-133.31958,516,1024.665811
329.445,248,1024.764354
289.48322,298,1024.778615
28.584877,231,1024.804054
302.51028,252,1024.812968
-144.4826,533,1024.90355
303.65192,159,1024.944745
344.63443,222,1025.173634
-63.285652,447,1025.275661
309.774,252,1025.352523
343.72,192,1025.551264
60.949516,111,1025.699087
334.5871,201,1025.738945
292.37097,186,1025.808978
305.66586,227,1025.813898
308.24292,356,1025.863778
83.047905,167,1026.044779
225.7229,282,1026.070725
116.07103,87,1026.127284
315.714,281,1026.195754
92.80715,123,1026.36442
107.64098,83,1026.447378
69.760574,94,1026.550385
349.70212,154,1026.558476
25.413197,135,1026.66368
-14.122349,112,1026.711537
319.95062,202,1026.731649
144.96538,1000,1026.757537
289.84964,353,1026.981025
-1.4040031,99,1027.026239
248.47598,699,1027.110793
289.86667,568,1027.227493
274.55438,189,1027.237582
312.58276,211,1027.412588
318.39343,380,1027.424436
303.77057,195,1027.454895
312.73834,169,1027.492382
190.49696,1000,1027.508945
305.42444,169,1027.513568
285.07812,232,1027.711997
313.61066,177,1028.027584
325.14252,190,1028.370974
297.7384,205,1028.380009
309.67047,628,1028.404066
312.9793,271,1028.457985
321.21527,208,1028.45803
331.24213,231,1028.45804
305.4829,300,1028.458047
307.4579,333,1028.470678
317.34033,217,1028.475328
314.34872,330,1028.502205
306.2113,242,1028.515254
299.53217,197,1028.604389
59.251938,100,1028.894924
88.93919,117,1028.894974
35.796207,109,1028.97538
295.5142,166,1029.097559
319.714,148,1029.115263
319.12756,155,1029.131935
312.94385,547,1029.161121
312.19193,164,1029.235693
106.5218,1000,1029.339779
307.88513,214,1029.399971
263.6562,310,1029.400019
323.915,215,1029.421324
303.46783,222,1029.438008
308.59073,241,1029.470251
64.70858,128,1029.689471
117.58815,104,1029.87624
317.67322,227,1029.927868
330.23038,231,1030.039022
279.2837,322,1030.063962
264.07074,259,1030.081015
282.78607,205,1030.086431
288.5534,185,1030.095659
56.732338,165,1030.174434
5.8573074,166,1030.199772
306.84494,239,1030.204125
95.79016,123,1030.274928
326.5952,299,1030.531555
341.6779,263,1030.549586
312.0088,235,1030.549637
30.504574,94,1030.701178
329.736,206,1030.827672
93.18205,69,1031.016626
273.23242,213,1031.029248
286.23553,220,1031.10044
83.97797,85,1031.247917
303.7268,239,1031.331983
350.6752,278,1031.353595
-50.106297,76,1031.653308
319.93628,307,1031.658759
279.54694,314,1031.737825
330.4618,342,1031.743182
230.07098,241,1031.761643
316.8086,352,1031.804862
287.99588,395,1031.862146
301.83405,181,1032.088835
325.75464,210,1032.171796
319.0879,218,1032.19826
70.76919,99,1032.324338
313.70966,216,1032.453877
273.878,203,1032.741226
299.21384,218,1032.746426
277.10822,284,1032.779854
261.29868,476,1032.892994
254.57526,254,1032.90634
310.31567,195,1033.059407
289.0818,172,1033.235687
343.1658,250,1033.240781
289.99664,308,1033.240832
329.14313,231,1033.372145
293.68976,215,1033.72004
350.7586,183,1033.733835
290.81625,366,1033.864479
300.497,182,1033.893006
132.08258,1000,1034.19738
302.0254,203,1034.303745
333.8519,237,1034.328522
290.87244,265,1034.457328
343.35394,360,1034.53684
334.34927,178,1034.541911
326.66998,179,1034.559668
330.75452,293,1034.579578
78.60863,110,1034.812631
25.52089,134,1034.817722
34.73297,128,1035.048862
337.81805,178,1035.148024
163.86284,1000,1035.313519
313.17944,253,1035.702511
313.5722,252,1035.702556
323.59167,245,1035.707179
305.67383,674,1035.867234
302.16095,165,1036.05665
301.52368,732,1036.084199
300.9372,282,1036.09721
316.5691,284,1036.101739
94.50114,92,1036.117006
113.63139,110,1036.190152
118.24159,101,1036.315327
167.18304,1000,1036.380655
212.46437,553,1036.385329
105.100464,1000,1036.469093
-40.78419,107,1036.535469
70.969,92,1036.60462
25.545021,116,1036.623768
84.58565,131,1036.673809
73.19612,134,1036.702007
10.513939,103,1036.938787
302.6569,421,1036.947795
98.36033,94,1036.961565
26.229088,145,1036.970416
300.37805,289,1036.995668
109.48834,120,1037.156109
-5.7677917,138,1037.31304
107.15808,85,1037.313091
-34.475044,105,1037.455087
318.17065,207,1037.523509
234.06808,813,1037.568595
271.48093,267,1037.568629
111.5387,80,1037.672999
279.8935,321,1037.822671
312.00867,275,1037.905329
326.6865,215,1037.909883
290.4179,221,1037.956246
66.41611,95,1038.000828
75.442444,88,1038.064433
28.371998,121,1038.068921
75.2552,115,1038.089586
344.21698,209,1038.094934
230.72546,255,1038.099847
320.17682,148,1038.125429
355.83533,187,1038.151009
88.59064,71,1038.217779
53.248672,137,1038.426538
53.818287,111,1038.486683
-3.3966217,91,1038.497466
109.99814,128,1038.628934
80.12534,121,1038.684551
311.47235,166,1038.68943
325.2774,178,1038.693823
4.95887,152,1038.799351
68.61998,142,1038.85806
356.20074,188,1038.933322
99.76559,119,1038.965878
53.211246,105,1038.974555
168.62323,1000,1039.069788
57.450832,103,1039.103684
77.03884,95,1039.126316
278.21384,236,1039.131204
83.421074,133,1039.287379
51.043694,138,1039.413605
71.49226,141,1039.478484
325.95038,229,1039.516493
229.44592,995,1039.608309
243.61705,220,1039.688892
91.621765,133,1039.723923
256.73853,175,1039.752391
47.92913,162,1039.847812
93.27065,93,1039.898893
88.611115,141,1040.315412
278.322,318,1040.354077
81.93666,121,1040.39394
315.87903,235,1040.477455
267.33066,307,1040.477517
261.33456,318,1040.490359
83.18013,146,1040.555439
145.11194,1000,1040.591546
-30.490887,88,1040.745166
313.92035,615,1040.844735
344.88275,256,1040.867448
24.765003,124,1040.874081
71.78096,104,1040.94557
74.00532,108,1040.981449
97.43006,138,1041.018522
86.888794,114,1041.080265
305.396,407,1041.128756
310.32416,336,1041.133145
324.93378,478,1041.13317
16.67337,129,1041.188699
44.80664,92,1041.307046
61.463478,133,1041.368466
67.0699,108,1041.381431
66.63474,125,1041.430887
80.70503,133,1041.561929
23.548016,96,1041.567188
308.02048,427,1041.685746
81.99826,119,1041.836118
269.95593,513,1041.841045
75.92385,157,1041.891171
106.47745,135,1041.964936
66.64955,122,1041.969527
89.82085,106,1042.027147
85.405426,107,1042.035577
22.566467,245,1042.11562
73.05704,130,1042.250939
60.39709,115,1042.387372
66.93933,106,1042.42599
83.43094,81,1042.593857
85.0246,135,1042.700919
35.385914,89,1042.77307
49.310165,107,1042.892646
-4.2876053,87,1042.979454
225.85632,568,1043.004344
325.5843,241,1043.012527
195.85846,427,1043.012566
259.33633,272,1043.02159
228.24286,237,1043.058816
327.73328,291,1043.103307
88.83632,126,1043.263557
9.45229,116,1043.29606
56.225246,91,1043.30621
283.98727,299,1043.351016
-4.0593834,103,1043.469914
37.83361,120,1043.561183
81.59659,136,1043.666513
55.3572,85,1043.843567
51.483994,132,1043.881889
293.1303,203,1043.890821
82.04898,77,1043.903842
272.2301,648,1043.94917
-25.258629,143,1043.981615
308.6011,234,1044.057265
257.96362,231,1044.133814
83.65307,108,1044.373163
96.096504,96,1044.414209
87.52161,115,1044.419163
71.2204,105,1044.426184
74.23617,78,1044.48785
304.53888,297,1044.638222
28.056694,168,1044.642619
50.13756,81,1044.745587
48.57589,82,1044.791625
283.16058,451,1045.040062
305.20557,321,1045.108923
345.54938,234,1045.115287
51.402435,131,1045.223563
104.09695,113,1045.252913
24.03233,114,1045.307596
130.58577,1000,1045.448871
-22.904064,92,1045.459009
312.50436,234,1045.48425
261.5813,927,1045.506386
53.841976,101,1045.578744
331.47104,243,1045.591817
87.54416,1000,1045.596727
314.09393,212,1045.601405
86.85094,103,1045.92306
87.412476,151,1045.987883
43.328587,122,1046.051223
325.47742,196,1046.105116
20.098476,121,1046.113417
321.3645,224,1046.118108
103.975426,144,1046.12709
318.03696,170,1046.344186
69.62672,89,1046.493198
66.62335,90,1046.519683
279.9397,152,1046.589135
325.9475,227,1046.6032
127.213776,129,1046.686121
92.0208,81,1046.706539
331.60117,345,1046.78826
354.12506,224,1046.970273
317.25702,318,1046.993964
329.8116,202,1047.002451
326.5243,217,1047.007086
302.123,354,1047.016107
74.26623,109,1047.079211
52.157295,102,1047.130987
67.68349,125,1047.136123
51.74478,76,1047.418399
77.7373,108,1047.482921
81.16812,130,1047.561344
126.78984,115,1047.636852
284.95435,260,1047.664013
21.562836,127,1047.698194
97.77259,1000,1047.722472
113.97058,81,1047.775437
16.050713,92,1047.891858
343.50983,220,1047.945786
337.5241,328,1047.945849
284.48413,213,1047.945866
310.4569,282,1047.950801
331.78436,265,1047.958815
56.70869,93,1048.05495
61.806725,99,1048.14231
57.931202,130,1048.146327
62.857002,85,1048.271565
19.077938,124,1048.275834
95.626045,1000,1048.306429
27.109116,162,1048.390632
61.177746,100,1048.390679
89.92595,111,1048.438413
88.79358,91,1048.550057
-0.78842926,149,1048.614301
51.325317,167,1048.699217
1.8775368,145,1048.699265
-31.842743,100,1048.718213
-29.792032,134,1048.734109
178.56786,1000,1048.865744
81.76466,78,1048.892579
89.93943,120,1048.921276
25.997543,121,1048.925901
32.473694,151,1048.93882
-1.3480263,100,1049.05583
48.004612,122,1049.234024
336.5232,301,1049.276756
65.67691,128,1049.297835
90.07468,93,1049.33075
298.03705,217,1049.393277
304.02432,252,1049.414508
-21.068428,118,1049.437209
124.295135,116,1049.446187
27.748062,166,1049.601835
66.84845,70,1049.645627
83.24484,139,1049.668247
65.427666,101,1049.686283
37.021473,98,1049.741194
75.90005,87,1049.813413
25.469986,135,1049.883905
103.25547,123,1050.007758
70.577835,85,1050.05595
22.534718,89,1050.140529
60.998188,76,1050.153371
19.821129,170,1050.163329
235.77245,329,1050.168372
7.4480934,130,1050.232165
-12.147224,127,1050.263305
15.710945,161,1050.330346
19.133102,143,1050.524565
67.5067,101,1050.611669
53.350803,96,1050.65955
65.58017,112,1050.663303
47.27769,128,1050.721982
47.255047,105,1050.726159
48.22263,102,1050.780296
88.91437,147,1050.79719
276.6327,428,1050.807546
318.0533,322,1050.887748
57.077274,93,1051.14383
86.87088,90,1051.201154
0.6184311,130,1051.245613
-1.1897888,165,1051.263844
33.266434,167,1051.365121
86.2007,158,1051.379829
11.606293,137,1051.405495
133.55937,1000,1051.477747
108.40805,72,1051.531662
-198.97818,862,1051.630729
71.68481,113,1051.658
270.94778,370,1051.671064
110.24044,102,1051.711597
92.028984,112,1051.772408
52.330887,92,1051.79376
297.41663,234,1051.862653
60.197422,108,1052.009048
42.50404,83,1052.073368
41.94281,106,1052.120016
82.901695,81,1052.12367
280.61264,476,1052.189025
65.441605,113,1052.372638
312.45847,169,1052.390382
274.6114,372,1052.407176
16.69189,98,1052.519747
-10.450695,112,1052.631122
292.65,303,1052.724509
293.1098,241,1052.750192
16.679874,87,1052.796272
47.251495,148,1052.856026
47.19172,142,1053.00536
306.4466,279,1053.044752
76.54419,83,1053.096754
52.707363,82,1053.11305
72.71794,72,1053.113089
84.22299,120,1053.163783
196.02872,1000,1053.192859
322.8545,261,1053.290459
303.21008,189,1053.346964
217.12137,243,1053.449411
286.4839,449,1053.463299
50.670155,94,1053.510475
51.08701,78,1053.519952
88.23895,121,1053.558657
26.546135,152,1053.655416
287.3847,269,1054.019778
-4.165764,179,1054.06344
53.67903,130,1054.077517
89.57324,161,1054.148858
45.91417,156,1054.237635
311.92053,265,1054.255271
290.62683,253,1054.255318
263.5523,515,1054.271431
239.4086,217,1054.288353
332.17102,770,1054.29305
54.803833,155,1054.32989
55.547768,83,1054.440217
263.71118,735,1054.646851
56.086384,94,1054.691647
29.691563,105,1054.794407
106.179474,116,1054.956107
361.41965,253,1055.186233
123.066956,127,1055.527274
95.98387,91,1055.594646
296.09753,316,1055.670208
302.07367,486,1055.675035
300.86957,323,1055.6838
322.17398,232,1055.688727
297.6484,321,1055.692996
264.77023,532,1055.815135
65.29532,80,1055.88023
247.65625,658,1055.982154
85.89252,73,1055.996374
91.22713,93,1056.000544
296.3628,303,1056.03691
63.960987,120,1056.189672
84.688736,127,1056.232232
38.231533,83,1056.237528
17.91896,137,1056.258559
306.3747,336,1056.280601
332.37268,454,1056.299856
103.68192,120,1056.332094
31.373539,96,1056.4494
322.81653,526,1056.617785
230.17084,563,1056.641945
53.706238,102,1056.759108
236.66689,619,1056.763018
325.7865,215,1056.948417
47.821884,150,1057.021392
322.46918,184,1057.026501
15.534843,120,1057.329124
326.24554,233,1057.361179
335.84412,252,1057.400215
312.98553,318,1057.450191
39.94126,103,1057.502476
-0.59692,120,1057.506951
320.54803,308,1057.654586
312.612,367,1057.672458
84.138,101,1057.786712
304.3102,254,1057.806428
89.964874,118,1057.902962
67.373764,100,1057.906929
69.15173,98,1057.958266
-45.00807,125,1057.972037
326.80264,294,1058.010345
104.59293,119,1058.056067
14.161293,116,1058.311529
54.656593,96,1058.328854
28.62444,119,1058.341805
60.670372,158,1058.37077
49.824562,99,1058.409963
309.57428,492,1058.504704
80.51407,108,1058.530375
281.36847,416,1058.663165
244.45511,488,1058.680923
104.26666,93,1058.776797
72.24242,98,1058.982574
21.302052,115,1059.034508
272.91925,270,1059.127023
295.2506,333,1059.182551
244.01483,283,1059.233653
314.3006,230,1059.389586
340.16376,237,1059.389634
309.43195,818,1059.394482
113.66192,97,1059.47136
70.01326,92,1059.537853
302.76434,199,1059.572278
214.88283,277,1059.579699
98.27421,193,1059.666584
14.9700165,128,1059.805518
87.335754,147,1059.842446
58.542194,108,1059.875021
301.0147,336,1059.936116
294.4591,282,1059.972197
94.50892,87,1059.980395
33.041397,112,1060.085264
305.64655,254,1060.133222
292.55695,171,1060.161388
-10.9070015,113,1060.179636
338.59647,176,1060.184279
87.80997,79,1060.206218
319.62637,200,1060.443891
82.77069,106,1060.607589
99.69881,117,1060.607633
328.87128,220,1060.806571
334.5276,218,1060.920451
242.85535,263,1061.181772
27.782616,129,1061.212394
261.1799,288,1061.292573
295.67404,242,1061.29263
270.23816,274,1061.421572
286.97406,278,1061.465698
61.076454,145,1061.488662
290.60587,299,1061.586389
152.55956,1000,1061.602346
0.7578201,152,1061.63709
335.37503,473,1061.641752
259.1113,845,1061.851306
309.09497,440,1061.891308
64.05138,112,1061.989172
101.933014,140,1062.05069
281.70264,322,1062.087422
91.97037,117,1062.412431
76.85287,131,1062.569697
266.42804,237,1062.651499
271.8833,278,1062.703476
335.36807,324,1062.745144
30.70324,191,1062.912413
66.95902,86,1062.965443
287.003,455,1063.232185
288.07074,357,1063.232233
32.885933,139,1063.367672
292.82935,348,1063.402192
269.6858,233,1063.453688
167.70717,482,1063.453737
68.923615,126,1063.467272
120.97273,164,1063.686187
60.40189,113,1063.727617
-71.72574,477,1063.755682
92.10519,130,1063.801476
53.59431,98,1063.887475
84.80405,111,1063.896788
316.40726,545,1064.011805
326.6514,307,1064.019638
294.6739,465,1064.163708
19.639874,103,1064.220093
119.738235,133,1064.324183
85.15439,102,1064.481562
331.00897,260,1064.530756
68.938995,104,1064.695848
69.90172,118,1064.700953
-102.837135,460,1064.770065
74.49017,104,1064.803122
60.584213,77,1064.832745
149.07562,1000,1064.955104
19.102375,106,1065.009521
306.9778,354,1065.038445
323.0891,301,1065.038482
279.8695,256,1065.047709
286.17508,373,1065.134036
53.782894,111,1065.180502
88.99266,111,1065.187847
320.79803,291,1065.192114
23.826008,114,1065.276765
33.672436,108,1065.28203
19.840359,107,1065.309909
315.13327,291,1065.323282
104.18622,106,1065.513914
100.87102,103,1065.603153
28.930546,126,1065.607699
55.50001,97,1065.631553
43.20215,158,1065.666732
49.93296,138,1065.671779
31.503403,108,1065.678158
151.16774,1000,1065.712011
52.691235,115,1065.725699
-29.159712,100,1065.74304
50.808674,103,1065.756223
111.36661,98,1065.764613
86.571724,104,1065.995561
74.1172,100,1066.091791
83.83863,101,1066.13371
105.43944,114,1066.13376
48.069534,136,1066.223903
88.517,118,1066.241148
62.0171,124,1066.27939
57.655613,123,1066.291383
59.803368,121,1066.300539
57.93344,146,1066.328418
53.65056,84,1066.451442
93.28404,82,1066.659259
310.62933,307,1066.69894
340.5136,231,1066.70791
25.006443,134,1066.716834
21.022587,122,1066.775105
75.94527,135,1066.811449
111.895546,135,1066.882765
258.86542,692,1066.908722
-30.715942,133,1066.913566
342.85315,182,1066.930289
331.97913,269,1066.944546
284.2423,193,1067.130979
75.29191,122,1067.20113
-13.103298,118,1067.230692
333.80408,179,1067.249951
314.95212,284,1067.249979
111.73181,88,1067.276117
85.71182,128,1067.285407
19.08731,149,1067.358663
37.6637,107,1067.400734
41.320145,144,1067.409882
81.19409,115,1067.418418
58.12576,142,1067.537417
68.95559,81,1067.60192
24.780918,109,1067.606823
35.237255,80,1067.626749
78.50337,127,1067.850835
-4.6446915,101,1067.863439
341.3438,223,1067.938569
94.254036,126,1067.970369
66.54706,131,1068.010744
46.475594,112,1068.050876
345.54202,284,1068.082462
8.548004,114,1068.124698
85.85837,129,1068.190712
335.30286,226,1068.24273
107.06706,140,1068.259866
85.59031,88,1068.336088
66.21351,85,1068.393286
340.61578,280,1068.507541
299.14642,255,1068.507589
46.50141,150,1068.529271
299.639,315,1068.616617
91.83142,121,1068.630878
19.846039,153,1068.739012
6.9835587,142,1068.763601
45.752716,149,1068.857271
110.38783,133,1068.931233
119.36879,103,1068.986475
76.81627,90,1069.017204
316.72064,236,1069.031533
24.8381,125,1069.063727
119.180984,100,1069.073358
275.40195,287,1069.152652
46.632874,154,1069.191784
307.3797,234,1069.294071
67.942535,121,1069.306881
22.490738,116,1069.38303
28.013504,93,1069.408549
160.2912,1000,1069.488486
4.154434,140,1069.559012
64.75511,112,1069.578059
24.416687,87,1069.58652
54.740093,117,1069.591486
42.73588,126,1069.596523
74.5041,78,1069.64261
70.63248,90,1069.706395
53.25994,100,1069.935057
51.2402,137,1070.023726
14.574051,152,1070.06658
43.201633,112,1070.085208
16.96872,110,1070.090595
23.476562,115,1070.107903
77.73671,113,1070.107941
277.1088,214,1070.122336
198.22443,427,1070.192749
294.13284,263,1070.210565
21.078125,143,1070.21559
4.596691,128,1070.231884
327.5572,386,1070.475027
62.22249,102,1070.483685
75.54061,132,1070.52847
27.844456,100,1070.550086
44.113113,79,1070.554321
76.474945,83,1070.568589
91.74917,121,1070.603014
42.788036,120,1070.624498
18.068802,131,1070.668677
35.365833,131,1070.691289
86.55344,110,1070.711576
93.766716,120,1070.716568
96.54482,83,1070.843176
33.476772,96,1070.893921
98.27704,92,1071.003279
-3.0738297,109,1071.030159
318.16327,303,1071.056637
100.93362,124,1071.069162
65.93286,134,1071.137815
82.57178,105,1071.146021
-36.56388,123,1071.1598
58.540733,146,1071.209247
312.49835,273,1071.322882
60.06308,154,1071.340116
23.982296,139,1071.452279
84.34431,77,1071.48188
142.19089,137,1071.490475
65.04281,101,1071.501212
88.22281,104,1071.532073
75.01543,118,1071.553284
21.6823,96,1071.584013
15.83606,134,1071.597198
302.89728,205,1071.61339
332.0894,208,1071.631595
14.475258,132,1071.720528
120.30342,123,1071.752898
70.48247,73,1071.815057
-46.562874,113,1071.819146
40.913296,115,1071.844736
-9.322971,106,1071.923522
43.902977,104,1071.962336
31.462933,96,1072.019965
49.49377,135,1072.119443
39.355553,98,1072.14519
-44.814297,125,1072.154407
44.406433,77,1072.154449
57.46552,91,1072.21348
41.89178,87,1072.229572
59.742493,80,1072.315463
-10.350719,130,1072.325913
40.567085,159,1072.330598
16.00534,101,1072.479853
46.615486,105,1072.650383
4.3265266,113,1072.67643
61.9915,109,1072.847857
188.88327,1000,1072.873093
49.207966,118,1072.873143
42.52829,155,1072.882734
306.78384,315,1072.918494
-24.980934,127,1072.927197
0.0028495789,78,1073.041416
20.54427,80,1073.218483
10.674168,82,1073.254745
1.9530869,96,1073.322804
-52.445404,99,1073.327127
310.49902,320,1073.389783
318.11255,250,1073.389829
317.52396,274,1073.389839
349.88248,206,1073.427093
71.05757,88,1073.639951
56.268036,97,1073.644933
12.645428,139,1073.661789
302.33948,486,1073.780642
50.192726,90,1073.785545
70.792725,81,1073.785588
298.65427,254,1073.799209
-53.226486,96,1073.812566
48.741177,114,1073.890004
328.0985,221,1073.904493
32.94732,139,1073.934204
35.763317,87,1074.029684
31.913113,115,1074.142376
43.50597,84,1074.146123
31.524685,84,1074.150008
89.04205,85,1074.167599
61.196625,196,1074.186493
18.48647,132,1074.239388
255.52684,451,1074.258762
72.91844,84,1074.271278
42.876305,95,1074.311601
47.596775,88,1074.324919
57.195892,128,1074.375636
27.03262,117,1074.545433
-30.635448,100,1074.58936
73.33037,113,1074.654831
44.42426,118,1074.68134
41.561337,82,1074.690333
59.7721,119,1074.706339
3.0079002,96,1074.706374
-11.850296,116,1074.710751
-1.3002281,105,1074.715016
-8.9105835,91,1074.719541
30.579685,108,1074.744795
34.156693,93,1074.790215
58.397232,71,1074.999047
57.09997,89,1075.051028
67.03015,91,1075.108418
91.942474,94,1075.127235
34.002495,113,1075.192525
68.285416,112,1075.20946
37.660336,120,1075.23933
77.68772,115,1075.255541
16.401638,144,1075.355939
316.0367,369,1075.423692
293.3992,221,1075.583118
-3.5623703,136,1075.608546
50.53555,99,1075.706674
48.138817,137,1075.749939
71.486176,83,1075.806128
41.08532,156,1075.815412
94.2466,127,1075.815443
8.506802,135,1075.826776
95.12053,104,1075.835697
23.028915,143,1075.846155
247.66003,183,1075.882442
8.142883,999,1076.04118
4.631283,79,1076.059926
62.833496,108,1076.097888
-27.40854,99,1076.19128
93.31938,84,1076.200575
7.7160378,91,1076.223424
43.08879,86,1076.227791
35.11704,97,1076.249588
-3.4481888,155,1076.282592
321.58704,334,1076.295155
9.824146,117,1076.328499
64.59554,107,1076.35745
26.846157,97,1076.479045
83.386,145,1076.483207
37.23199,91,1076.623192
28.351604,124,1076.644056
100.69604,120,1076.723232
9.710289,96,1076.757345
31.275429,128,1076.772351
96.485794,100,1076.805345
22.14724,141,1076.858602
14.831524,137,1076.863691
28.482224,128,1076.869403
267.81818,517,1076.869449
18.66401,135,1076.890915
287.97162,185,1076.895698
13.962109,93,1076.90363
8.769543,93,1077.053814
18.432648,92,1077.075479
35.399014,74,1077.10464
49.000523,72,1077.202957
48.609966,103,1077.24679
68.06686,79,1077.256187
11.615704,92,1077.281011
40.94468,94,1077.301931
20.2555,141,1077.37215
8.087997,104,1077.372205
32.199207,110,1077.395538
190.3175,1000,1077.417594
78.63124,126,1077.441598
43.608303,122,1077.606533
263.40308,179,1077.620842
76.82205,71,1077.691264
42.051357,138,1077.697366
296.38855,272,1077.71438
78.897934,99,1077.728051
-0.07469177,132,1077.797668
93.84511,114,1077.817601
5.356827,127,1077.822474
12.7181015,124,1077.933796
49.042088,156,1077.960795
32.64719,119,1077.978645
63.00238,105,1078.169689
33.836525,101,1078.184019
76.73556,84,1078.19267
12.361786,97,1078.23517
14.530487,98,1078.263091
322.95837,208,1078.33135
56.241676,162,1078.340764
44.154453,101,1078.416026
61.182888,111,1078.68226
23.962883,100,1078.707111
49.308365,122,1078.738152
82.297874,91,1078.814888
96.9601,152,1078.846394
281.90717,326,1078.87231
296.17908,266,1078.881607
298.50854,283,1078.885552
-11.919235,153,1078.913305
26.695347,136,1078.929127
78.28183,99,1079.11247
309.59808,184,1079.150577
305.73337,327,1079.177571
94.69319,110,1079.195285
45.98736,134,1079.407681
53.971973,120,1079.412399
3.9020042,114,1079.417256
60.711674,132,1079.697346
105.46163,91,1079.812311
269.23505,213,1079.828435
347.11084,227,1079.850345
41.842346,135,1080.007641
279.98944,292,1080.028924
270.2328,195,1080.055386
70.04253,121,1080.238066
18.240067,107,1080.304184
2.8377037,114,1080.323339
292.55295,265,1080.328055
291.98547,541,1080.33853
258.19025,322,1080.360132
282.34058,731,1080.36432
81.57317,92,1080.640957
277.22427,228,1081.062685
316.68045,244,1081.084685
297.78677,500,1081.084723
266.90482,242,1081.096909
66.860825,109,1081.12609
281.1694,216,1081.299435
276.8289,478,1081.299487
278.35504,232,1081.346185
318.92273,232,1081.369991
89.84996,128,1081.677002
32.822968,91,1081.714942
260.69098,303,1081.719752
-15.396221,100,1081.75707
258.3059,856,1081.796702
57.716534,102,1081.805201
325.88925,375,1082.045215
322.70404,221,1082.101502
301.6679,230,1082.126972
232.08034,625,1082.209576
322.7116,254,1082.214622
70.88198,94,1082.223882
62.480206,116,1082.237707
45.23242,110,1082.24606
47.815266,104,1082.589351
3.7359009,143,1082.677225
98.81485,124,1082.771881
264.68436,369,1082.785683
323.74625,251,1082.791082
78.2334,137,1082.820425
113.44162,140,1082.828787
303.54703,345,1082.902877
92.6212,74,1083.002093
240.68552,627,1083.121922
314.5593,212,1083.183925
255.8508,218,1083.204952
0.88013077,93,1083.205
332.46048,253,1083.226698
225.78973,763,1083.255126
303.59232,349,1083.343184
302.41296,173,1083.543466
307.34744,219,1083.56665
292.65927,250,1083.940479
339.4689,220,1084.153655
343.09024,341,1084.296541
327.5905,175,1084.336617
321.0542,256,1084.359595
278.9114,373,1084.572643
288.5445,308,1084.580642
281.92804,279,1084.593929
282.4123,284,1084.817894
337.8519,199,1084.840716
273.51987,409,1085.090312
330.91135,197,1085.231965
252.19125,458,1085.25887
-64.54111,503,1085.264161
326.3112,212,1085.26419
-32.12081,477,1085.2642
331.92435,205,1085.297976
289.4807,226,1085.590973
-89.22596,628,1085.637485
329.2511,227,1085.886633
302.30243,288,1085.904289
334.3704,165,1086.028391
238.31564,321,1086.062715
297.50998,174,1086.067241
264.6021,300,1086.183855
152.0399,1000,1086.205601
304.54816,213,1086.266926
272.80615,271,1086.325955
317.2196,176,1086.660985
106.56396,104,1086.778772
342.7346,203,1086.963897
303.03638,248,1086.998042
206.67621,326,1087.103623
208.28922,411,1087.110329
314.76813,240,1087.269588
266.70703,226,1087.26964
-54.165756,454,1087.302352
305.74802,310,1087.555094
250.01907,350,1087.608492
317.85403,163,1087.682657
-69.289505,468,1087.687496
320.15955,211,1087.929505
320.96008,294,1087.965839
314.27573,196,1087.980712
-72.433014,456,1088.051809
90.76405,78,1088.295591
265.16626,385,1088.504185
157.64894,1000,1088.655397
280.61932,313,1088.666287
252.43721,410,1088.929297
316.9379,374,1088.933667
276.44464,159,1088.988836
312.8671,353,1089.264428
330.27545,290,1089.264478
285.53412,384,1089.273681
330.79028,292,1089.287165
273.2323,278,1089.291645
237.48372,471,1089.400345
223.98926,946,1089.469058
255.66356,439,1089.64378
345.6295,165,1089.66153
191.89049,476,1089.726215
292.35425,299,1089.984104
337.48404,223,1090.260792
301.55414,232,1090.289331
293.68237,249,1090.362284
316.32007,253,1090.381478
324.13068,171,1090.401965
335.16348,279,1090.52291
254.75336,503,1091.172363
295.27728,329,1091.194296
331.6623,203,1091.203414
315.83795,187,1091.238244
222.6225,625,1091.282254
281.87524,257,1091.515452
299.64917,342,1091.520083
231.85553,458,1091.713405
240.75572,609,1091.713457
344.9476,155,1092.453332
289.74176,270,1092.458585
250.53346,423,1092.473637
300.25824,204,1092.484234
207.07364,458,1092.492097
286.32675,270,1092.511872
260.6187,505,1092.599125
262.2204,880,1092.651858
37.353416,110,1093.084009
235.01952,838,1093.272526
276.71704,481,1093.383486
316.11652,200,1093.383533
313.0385,207,1093.383544
306.39246,201,1093.383551
332.46207,302,1093.818415
318.01666,309,1093.835143
293.513,271,1093.839497
116.37456,1000,1093.919117
270.90277,603,1093.956429
232.94995,599,1094.011823
287.87762,170,1094.021291
329.05234,165,1094.117086
286.4395,192,1094.237046
328.74396,192,1094.237097
42.83669,94,1094.434317
245.31494,451,1094.506806
295.9683,209,1094.768012
330.05484,314,1094.775652
310.64816,195,1094.786186
328.7341,231,1094.853885
335.03403,191,1094.867814
48.470783,106,1094.920862
301.2917,212,1095.069872
323.8789,194,1095.116108
318.77393,200,1095.143949
276.63757,292,1095.157231
102.67403,117,1095.334535
258.3877,524,1095.439464
314.7785,174,1095.584475
312.66193,186,1095.63659
274.93463,371,1095.641839
48.369507,137,1095.742854
337.17303,220,1095.926447
136.79842,1000,1096.074634
54.249077,119,1096.123096
20.52697,115,1096.160162
279.0366,190,1096.193673
322.74652,296,1096.219949
302.585,374,1096.219981
125.97004,1000,1096.260078
-9.338081,98,1096.361283
333.7402,283,1096.415755
82.01892,72,1096.4347
337.3338,349,1096.434755
315.07,284,1096.434767
295.21582,304,1096.444589
321.46054,225,1096.444626
333.19617,194,1096.599603
93.67009,85,1096.725302
71.42397,115,1096.753901
283.06375,260,1096.780157
37.918053,98,1096.856069
108.03787,109,1096.903111
307.5665,218,1097.03628
104.98915,106,1097.214501
327.6173,259,1097.36846
308.10904,213,1097.368515
281.56744,266,1097.373127
355.8404,211,1097.386692
323.174,222,1097.434
53.87062,164,1097.501196
37.344444,350,1097.776922
77.52525,95,1097.809708
28.666973,110,1097.928131
63.25401,104,1097.963253
49.8369,146,1098.0186
307.09705,294,1098.183844
301.55078,361,1098.215729
352.71597,225,1098.215773
259.92474,399,1098.215783
292.81757,190,1098.21579
306.80585,341,1098.439819
322.20526,330,1098.508209
334.9578,171,1098.568765
103.95541,125,1098.769538
306.80023,155,1098.898429
292.62213,221,1098.903255
290.25653,169,1098.968026
286.2426,195,1099.060483
301.84448,233,1099.067694
276.43008,291,1099.082254
298.78943,269,1099.446036
268.27896,368,1099.630111
328.73785,231,1099.63017
328.90958,245,1099.630184
275.41443,318,1099.888148
334.48608,249,1099.909904
309.13177,199,1099.968443
315.82837,204,1099.994873
288.8778,244,1100.183255
284.36554,205,1100.349674
298.9372,316,1100.401788
322.82568,174,1100.401836
139.40054,1000,1100.636385
293.15222,267,1100.81985
296.41028,426,1100.837147
337.25583,278,1100.874265
74.34698,149,1101.074327
273.83087,254,1101.136172
243.8045,861,1101.253577
249.00946,519,1101.261875
138.43994,1000,1101.29355
323.98834,231,1101.403442
309.43506,331,1101.467115
44.716515,136,1101.501554
330.40204,203,1102.000292
316.20526,256,1102.005073
296.7934,286,1102.124874
309.5587,214,1102.430495
296.1888,218,1102.480226
280.25082,474,1102.549057
278.04266,305,1102.637624
301.6029,280,1102.665531
277.2683,209,1103.041281
-134.81787,444,1103.274394
305.4616,187,1103.296932
310.85577,227,1103.537306
296.38464,349,1103.537368
-63.62024,524,1103.582974
229.39267,365,1103.612777
204.75876,679,1103.678576
251.999,575,1103.707682
329.79736,205,1103.954832
59.532894,103,1104.049315
326.07947,236,1104.322955
35.038696,379,1104.338894
195.05133,1000,1104.361388
130.8275,1000,1104.385485
302.57355,218,1104.518681
318.86298,204,1104.533713
176.40414,1000,1104.659027
311.2414,198,1104.838663
327.5841,260,1104.838712
270.62964,254,1104.838722
20.751595,404,1105.094848
341.24622,212,1105.302391
49.590485,137,1105.444881
196.36543,643,1105.486296
253.49606,246,1105.607143
292.4743,386,1105.769783
293.3533,321,1105.769838
313.02814,258,1105.995138
337.24207,307,1106.215138
153.8326,887,1106.378715
216.6736,637,1106.397185
-73.37704,487,1106.51229
328.74768,274,1106.544674
265.438,482,1106.548504
327.33075,256,1106.6075
323.5141,247,1106.72726
303.76526,468,1106.756252
297.26654,233,1106.818169
349.85547,190,1106.843431
292.1941,392,1106.851701
298.10458,294,1107.081779
105.306564,107,1107.306867
258.85843,526,1107.825514
21.361588,138,1107.921186
314.12357,395,1107.96441
311.13885,200,1107.969427
307.03815,259,1107.99526
316.62958,362,1107.995297
344.31445,268,1107.999689
266.27985,321,1108.023547
146.27087,784,1108.028622
322.20932,307,1108.118709
282.18976,419,1108.41419
86.22934,90,1108.420229
274.07175,431,1108.438349
290.1746,474,1108.664895
266.0755,519,1108.700252
49.40811,154,1108.707079
14.292473,181,1108.749952
48.02378,178,1108.776273
62.910053,153,1108.809987
327.36304,199,1108.902478
311.6969,236,1108.90252
334.52887,196,1108.915004
277.0456,235,1109.08588
216.52931,537,1109.122932
74.41816,182,1109.223
60.58875,134,1109.258136
38.89512,136,1109.313836
73.42423,204,1109.327718
23.283817,129,1109.327765
44.442635,139,1109.400157
3.8385963,111,1109.400206
-10.807198,217,1109.405364
69.04042,126,1109.469279
47.274864,121,1109.798023
86.07651,166,1109.826
298.88806,229,1109.83314
315.7442,259,1109.849902
55.91948,108,1109.882801
15.661865,169,1110.058098
55.49595,94,1110.251777
80.76324,108,1110.260795
48.013348,117,1110.333886
58.249565,115,1110.374602
250.01273,544,1110.393969
315.5683,295,1110.422348
287.98795,343,1110.427112
336.85028,283,1110.576589
332.92755,252,1110.576636
305.05426,306,1110.576646
12.813511,123,1110.605144
261.0159,274,1110.609024
47.12484,94,1110.67669
25.396027,93,1110.680854
35.28286,79,1110.749666
19.789165,98,1110.81481
39.631252,86,1110.951195
249.48059,364,1110.997358
236.40854,393,1111.056448
22.635891,139,1111.182708
16.632431,122,1111.207711
40.264313,120,1111.274993
73.86174,87,1111.336205
303.43988,173,1111.36722
278.33405,238,1111.395144
127.96027,144,1111.453834
77.73384,106,1111.525623
23.205486,109,1111.694008
74.836235,122,1111.723738
43.208115,117,1111.849759
57.318413,113,1111.943388
311.64615,187,1112.220762
283.13757,412,1112.25464
291.50107,413,1112.254684
353.21033,220,1112.254694
299.65027,375,1112.259427
311.43976,381,1112.259461
348.3177,357,1112.259475
310.64166,237,1112.578421
276.09827,358,1112.588237
22.87357,144,1112.592681
55.796604,79,1112.606833
73.34076,83,1112.626843
18.195583,87,1112.650084
49.011456,93,1112.679689
272.7938,325,1112.830722
37.982334,143,1112.878332
74.49779,142,1112.908254
38.24759,144,1112.917346
83.315186,81,1112.98972
293.5722,258,1113.028347
316.20074,295,1113.033353
338.84018,289,1113.038297
55.139877,105,1113.161329
44.9583,87,1113.303412
12.607639,85,1113.536036
362.49564,206,1113.564543
324.2185,217,1113.582075
270.02466,218,1113.861007
306.17096,210,1113.865635
284.82718,196,1113.870399
41.951855,127,1113.875785
55.897022,120,1114.104523
33.869442,92,1114.285926
65.58355,1000,1114.285969
32.97354,98,1114.302629
54.810547,167,1114.335519
306.1729,349,1114.396054
326.124,307,1114.405051
300.43887,308,1114.413965
273.02246,335,1114.524197
280.88422,505,1114.860425
280.33658,495,1114.875198
290.74573,534,1114.985018
0.6344223,162,1115.056997
55.602715,151,1115.072218
331.6763,230,1115.134161
303.427,283,1115.134203
313.90457,254,1115.425553
5.2421417,76,1115.480261
53.876022,93,1115.493265
69.87213,116,1115.515393
69.53817,159,1115.600729
296.28644,284,1115.684673
319.44226,195,1115.749411
-0.93037415,186,1116.297674
285.3457,263,1116.302668
0.92635345,138,1116.352861
272.3722,487,1116.582153
221.307,684,1116.591492
254.73265,464,1116.591519
278.6257,250,1116.599095
291.53506,349,1116.614428
103.37149,94,1116.77385
314.72678,267,1116.783433
225.74245,400,1117.232664
291.20374,381,1117.237597
-17.427948,145,1117.266678
78.95279,111,1117.310657
280.21722,383,1117.414904
208.01376,798,1117.459469
299.08658,717,1117.521737
53.00299,102,1117.709514
100.239624,104,1117.714409
20.403725,111,1117.819657
13.284641,104,1118.003726
274.78473,348,1118.218986
329.34253,206,1118.219038
298.39038,309,1118.219048
246.91345,415,1118.219056
277.89673,414,1118.219063
245.72914,359,1118.265432
309.2611,199,1118.378763
58.89026,94,1118.433598
-37.21434,79,1118.56929
-37.831062,91,1118.621958
-8.987057,107,1118.693131
14.927433,110,1118.749268
99.30655,120,1118.749315
184.02907,1000,1118.823613
40.78183,102,1118.823665
63.097782,90,1118.828645
250.15234,487,1118.845756
28.70277,105,1119.026813
58.643036,125,1119.170077
40.633114,137,1119.29998
248.22006,442,1119.421871
48.275703,157,1119.543632
45.65399,198,1119.646129
277.37714,322,1119.66343
4.0637016,138,1119.663457
305.4866,191,1119.689612
1.0563049,133,1119.77979
23.870747,114,1119.821364
248.65555,715,1119.857734
324.95932,263,1119.933616
266.7111,275,1120.059097
7.2781334,118,1120.204842
8.94733,125,1120.211966
-9.391911,101,1120.224199
62.34487,94,1120.235043
-11.378963,135,1120.23981
95.654495,132,1120.243905
-7.6266937,92,1120.261425
78.23253,76,1120.398312
311.55243,350,1120.413644
16.651249,134,1120.525816
318.63803,258,1120.687624
38.418945,135,1120.812881
62.21045,139,1120.868029
277.4489,175,1121.018511
61.794716,149,1121.074749
56.577652,142,1121.170824
20.392227,198,1121.305302
58.33207,141,1121.322505
-36.120415,127,1121.393482
42.22063,81,1121.436733
34.853,134,1121.481585
13.344513,112,1121.526463
313.77148,292,1121.587659
270.58374,875,1121.665415
322.24854,326,1121.719096
63.922,89,1121.742911
248.87325,338,1121.780598
302.11407,349,1121.802596
7.2222633,108,1121.810458
253.86101,936,1121.929955
51.790134,96,1121.959831
78.17501,79,1122.013051
-73.21437,139,1122.022177
71.40283,87,1122.161108
95.466286,92,1122.208296
96.53802,1000,1122.323669
51.364876,124,1122.356638
82.74712,92,1122.369744
64.202995,146,1122.390499
265.55927,272,1122.399344
33.742756,90,1122.560975
68.372284,129,1122.590127
71.592865,111,1123.066725
313.2442,340,1123.115496
286.42206,262,1123.198912
309.46844,432,1123.386105
340.59814,229,1123.390342
55.96122,78,1123.466358
284.0479,331,1123.695294
308.39032,257,1123.749858
271.48883,304,1123.760054
280.74744,302,1123.760108
229.18996,509,1123.773364
220.75967,430,1123.873462
180.29178,1000,1123.942341
284.3731,498,1123.972429
300.48407,199,1124.113271
77.13974,88,1124.371535
323.3228,215,1124.765833
77.570946,95,1124.800649
260.7035,544,1124.844337
242.69464,585,1124.983168
49.855736,195,1124.996515
326.15082,272,1125.005289
31.431808,89,1125.236237
-1.6432953,480,1125.241109
21.44778,104,1125.257017
248.71558,354,1125.355063
272.52924,419,1125.585753
-84.07462,492,1125.681738
313.50903,157,1125.689944
326.11237,258,1126.124859
281.39807,610,1126.124912
274.12228,528,1126.124922
301.76593,556,1126.410282
276.4403,340,1126.478678
247.42575,706,1126.550689
245.77385,604,1126.568673
303.76508,256,1126.813709
332.02118,189,1126.967251
-132.7568,521,1127.062155
232.04044,433,1127.149279
338.41583,161,1127.195368
-66.03825,475,1127.339961
-72.56091,474,1127.354039
52.85307,87,1127.542228
-107.945305,454,1127.604561
-125.249466,446,1127.678039
354.406,250,1127.685899
276.2741,188,1127.813798
212.48633,554,1127.8197
276.49664,285,1127.829118
338.0647,194,1128.07059
49.5077,109,1128.180605
298.7901,310,1128.20986
273.62186,471,1128.235052
53.439167,96,1128.244585
288.05585,198,1128.248839
296.03226,227,1128.371857
279.9495,302,1128.436985
267.7822,455,1128.463097
313.41614,223,1128.555302
65.391754,99,1128.686033
64.15382,98,1128.691911
326.42725,260,1128.985208
301.49472,191,1129.383595
308.3388,384,1129.383656
229.05826,273,1129.38367
90.44646,98,1129.405717
-31.454308,474,1129.720002
352.52283,236,1129.731489
275.8837,296,1129.740709
309.11005,435,1129.767726
54.7456,97,1129.824869
267.63055,372,1129.905886
348.84073,420,1130.250349
51.23501,102,1130.294039
-49.26846,542,1130.492096
149.38893,1000,1130.609971
327.1988,275,1130.639259
315.12793,199,1130.64855
95.62764,82,1130.668077
349.38495,288,1130.704617
-67.13077,484,1130.862595
285.81763,254,1130.897461
288.234,262,1130.968585
283.4468,560,1130.97995
-24.925163,146,1131.163384
273.96204,207,1131.187292
285.9602,287,1131.218345
55.200096,135,1131.259801
110.683975,131,1131.290876
20.169727,117,1131.488663
-3.2759933,480,1131.573008
23.771969,100,1131.718575
349.906,257,1131.801657
-19.90178,489,1131.912648
315.93433,180,1132.044797
195.80197,1000,1132.660403
-49.857327,479,1132.749612
315.87766,373,1132.799571
293.4393,226,1132.799634
263.05627,369,1132.804338
303.21326,366,1132.818743
-124.849976,514,1132.89074
296.0104,316,1132.974474
-61.729134,491,1133.031711
-27.38192,478,1133.075577
322.29547,311,1133.290116
269.0234,363,1133.660103
211.83066,640,1133.72708
299.3449,258,1133.990804
271.2397,306,1134.183929
199.6131,615,1134.231402
351.44186,325,1134.356591
58.020107,140,1134.365542
107.221016,96,1134.420511
274.43723,459,1134.733111
315.6093,428,1134.733161
253.43098,392,1134.733171
277.3389,371,1134.741504
257.6069,439,1134.776303
175.06253,541,1135.47744
354.38763,161,1135.514554
151.24435,849,1135.534655
336.45117,289,1135.539567
290.3698,287,1135.659692
311.8852,298,1135.760238
310.1286,286,1136.021622
285.64377,385,1136.082878
240.66586,315,1136.145696
327.08716,466,1136.273291
68.04674,139,1136.27334
217.47765,672,1136.314071
262.2356,793,1136.319386
304.3547,196,1136.337061
67.75395,103,1136.543537
231.65498,401,1136.543587
83.0517,94,1136.761811
19.888042,101,1136.776086
36.604996,111,1136.817171
308.75006,308,1136.909724
59.492496,100,1136.994821
270.80045,345,1137.066882
292.18457,297,1137.085939
259.04865,362,1137.128483
315.74426,158,1137.25509
23.28986,128,1137.342653
236.22939,600,1137.434389
258.78284,288,1137.448274
86.20259,83,1137.506512
109.03731,132,1137.590834
108.521225,92,1137.871401
62.970093,144,1137.916711
316.05396,187,1137.944753
292.00592,262,1138.013229
122.768394,1000,1138.170485
271.54742,260,1138.256183
305.46423,329,1138.272793
320.31232,301,1138.277584
324.6399,207,1138.286393
84.473045,80,1138.368187
28.11369,102,1138.372508
89.63579,114,1138.383199
94.7605,112,1138.447726
255.21533,551,1138.509553
292.97583,498,1138.527704
131.0951,108,1138.761081
297.79578,258,1138.761131
253.6445,552,1138.77026
298.28928,312,1138.848131
51.631393,131,1138.861091
20.00084,156,1138.87449
-29.864004,124,1138.927914
289.17224,322,1138.968436
36.54026,178,1139.184283
74.64667,87,1139.254152
106.4206,120,1139.302647
288.10532,263,1139.430447
304.97177,213,1139.464056
46.346992,158,1139.553851
299.31213,176,1139.561414
307.12933,295,1139.616023
77.83059,87,1139.698908
301.33017,270,1139.74693
320.0119,178,1139.773219
285.64047,309,1139.773257
61.58391,85,1139.826179
346.02222,170,1139.963573
283.28043,337,1139.978688
32.45752,105,1140.246393
291.3363,344,1140.321934
282.9977,320,1140.326549
266.7028,235,1140.534543
309.0115,313,1140.671755
293.99548,215,1140.941095
337.68082,220,1140.950476
280.42444,249,1140.950505
287.4519,306,1140.950515
344.29236,268,1140.959517
15.573669,458,1140.997271
313.32434,272,1140.997303
339.9824,307,1141.001853
292.04724,293,1141.020961
327.48877,385,1141.291099
-5.4123,112,1141.439618
112.81469,101,1141.444255
80.4196,122,1141.484486
305.12537,221,1141.515454
-5.0385437,119,1141.521556
320.58182,141,1141.558953
17.49575,141,1141.56826
233.35388,310,1141.701221
281.00574,359,1141.917964
62.670334,106,1141.989284
257.99738,237,1142.076488
317.24384,261,1142.170823
330.17468,336,1142.179839
288.83368,177,1142.318407
299.19995,335,1142.453457
302.9576,227,1142.46641
252.86957,501,1142.489215
40.809998,122,1142.540154
263.5053,257,1142.710865
265.44745,347,1142.838535
266.88663,284,1142.838585
27.83405,78,1142.884892
323.60992,162,1143.03753
277.40952,287,1143.204635
335.4192,165,1143.221478
271.53177,264,1143.251992
278.48264,351,1143.273449
74.327614,114,1143.389
3.6449585,137,1143.443927
47.655754,93,1143.605405
126.98654,124,1143.787077
297.99176,382,1143.84815
301.40005,351,1144.012648
210.2864,358,1144.030902
64.18614,151,1144.059062
273.53857,232,1144.063403
44.35551,72,1144.173641
242.93207,605,1144.178218
300.32492,333,1144.186759
278.07098,306,1144.195677
303.8122,223,1144.207908
55.0099,95,1144.22364
334.60266,215,1144.228322
50.926098,67,1144.320899
42.816257,93,1144.484272
62.165977,74,1144.54624
280.87616,282,1144.71052
4.317894,119,1144.738037
84.787,99,1145.152684
100.28163,107,1145.213119
310.7034,244,1145.275125
316.99625,177,1145.275182
339.66003,260,1145.397839
318.6986,301,1145.397892
255.45726,269,1145.397902
259.51437,295,1145.39791
322.11115,397,1145.397918
284.30774,268,1145.402783
318.75668,246,1145.432784
286.31656,758,1145.560105
284.39767,936,1145.629269
257.81372,251,1145.676361
285.28204,321,1145.676409
46.335846,176,1146.069073
294.43356,196,1146.321578
327.6947,243,1146.321626
263.2989,204,1146.321636
311.94537,172,1146.339512
282.19055,261,1146.339555
278.13727,244,1146.734402
307.08026,302,1146.765013
297.36932,303,1146.765074
295.42996,372,1146.979102
338.63364,300,1147.056276
256.483,364,1147.065976
308.88257,217,1147.0783
274.8103,370,1147.091807
127.71156,163,1147.096231
246.29497,420,1147.31712
286.7588,237,1147.410488
318.81107,386,1147.442944
319.38354,248,1147.461155
10.469177,120,1147.522877
323.46045,225,1147.761542
55.447025,120,1147.849733
327.828,174,1147.868991
287.62436,222,1148.044867
320.3277,214,1148.049846
303.85397,295,1148.109784
-5.951477,170,1148.198358
284.28964,324,1148.23723
277.78564,264,1148.257332
76.45269,112,1148.34666
58.840084,111,1148.362664
321.50168,449,1148.371121
7.149811,85,1148.426025
57.28798,159,1148.481586
244.90955,486,1148.526375
34.364758,90,1148.609822
261.22238,404,1148.881365
259.30585,332,1148.94951
83.68126,136,1149.040511
266.8595,253,1149.250159
323.90775,237,1149.435672
311.54956,263,1149.435724
279.55078,382,1149.762351
294.3512,304,1149.887837
272.6999,354,1149.946765
320.83804,380,1149.951581
329.97614,191,1150.30543
248.93167,435,1150.329114
239.20117,326,1150.347691
321.92078,231,1150.484545
276.18307,417,1150.484593
44.72693,158,1150.484603
275.40955,322,1150.494013
323.41348,290,1150.557918
95.43498,126,1150.908391
33.205223,95,1150.997672
259.43634,571,1151.065589
33.96628,129,1151.077768
-0.09713745,470,1151.077803
351.8711,161,1151.234628
310.39758,284,1151.24348
286.20773,196,1151.383385
69.75375,76,1151.582124
284.42108,301,1151.673461
285.0241,302,1151.715398
317.9156,189,1151.763027
270.5883,412,1151.836428
248.58781,967,1151.910587
94.34392,1000,1151.952076
58.74117,110,1152.357051
51.75987,91,1152.372234
328.74887,333,1152.611077
319.4561,202,1152.630229
334.66287,334,1152.630284
310.7074,513,1152.854158
301.53546,242,1152.854207
293.50397,317,1152.854217
279.06787,645,1152.858691
260.12012,389,1152.87707
90.86455,148,1153.056625
291.59875,363,1153.269457
309.01956,473,1153.412548
21.788635,87,1153.441953
251.62274,370,1153.475505
262.48724,200,1153.514901
277.39923,199,1153.532086
321.25204,202,1153.545579
353.90015,175,1153.646862
264.8468,580,1153.660713
268.69376,389,1154.129573
200.85757,539,1154.379975
286.03394,329,1154.380027
286.68646,159,1154.380036
276.7925,195,1154.423707
300.8683,170,1154.441581
59.04694,64,1154.66611
312.69247,274,1154.687708
320.81445,288,1154.722469
328.3849,265,1154.722506
344.60382,416,1154.748123
292.46173,337,1154.795837
50.480194,72,1155.032451
32.432014,167,1155.113613
35.545147,111,1155.212981
308.2503,249,1155.244984
233.79851,438,1155.525967
320.52264,201,1155.565483
186.4809,476,1155.631485
300.93176,176,1155.833822
194.82121,745,1156.218881
311.54572,241,1156.292629
337.50818,151,1156.297515
260.0811,419,1156.310758
337.01645,180,1156.364922
304.00143,449,1156.428214
271.55475,332,1156.607565
334.95062,431,1156.734847
285.65985,153,1157.125721
-217.1612,587,1157.338619
164.60362,1000,1157.390005
287.38318,242,1157.415859
314.20047,234,1157.45432
78.235886,103,1157.618513
274.09613,523,1157.632335
334.08115,219,1157.63237
278.94653,408,1157.702174
34.74871,137,1157.976724
73.169754,101,1158.090222
-42.22264,766,1158.22508
307.46643,193,1158.29142
246.06906,466,1158.434057
332.49817,192,1158.496439
257.30594,302,1158.768409
53.825245,110,1158.797962
143.26245,1000,1158.912391
277.63843,273,1158.937082
55.7717,103,1159.261438
174.05943,563,1159.312445
86.01933,123,1159.324408
10.270962,102,1159.373786
291.66364,207,1159.443958
284.49783,439,1159.607128
198.19482,722,1159.613604
343.93842,365,1159.627914
222.94385,480,1159.638479
62.579563,108,1159.821767
79.7578,100,1159.835542
275.1538,357,1159.855733
169.51831,1000,1160.080069
78.539734,102,1160.084063
56.406662,111,1160.138574
355.27734,205,1160.195659
60.906013,141,1160.728962
28.198502,122,1160.761622
134.063,1000,1160.793303
309.37482,321,1160.912598
299.63022,281,1160.917382
261.85168,245,1160.948712
310.58884,275,1161.073513
84.05396,86,1161.149624
220.50375,627,1161.303541
28.860706,115,1161.316587
6.01556,97,1161.354575
286.98456,530,1161.359574
71.236565,134,1161.518544
41.194805,86,1161.529993
7.8884964,142,1161.585167
35.169964,72,1161.614392
31.78159,95,1161.731324
124.97479,101,1161.803555
177.90915,554,1161.827417
43.104427,74,1161.866743
-2.982563,61,1161.866793
183.06985,484,1162.060129
12.992825,123,1162.086152
282.3411,223,1162.090524
31.288322,76,1162.221956
34.13254,119,1162.282218
104.65976,103,1162.304074
300.61267,228,1162.389567
278.52054,381,1162.455809
90.03098,75,1162.558147
50.771584,164,1162.558198
158.93753,533,1162.567063
292.17395,169,1162.639347
62.81346,1000,1162.639393
315.06284,234,1162.692952
91.36991,81,1162.932833
65.51434,127,1162.9708
28.400345,81,1163.014793
57.26919,105,1163.044751
63.941765,77,1163.04479
322.80035,217,1163.048892
-162.06107,756,1163.063776
355.27325,227,1163.122017
305.31726,234,1163.161213
60.514088,116,1163.180135
141.90173,704,1163.297285
55.32706,74,1163.310969
337.79593,223,1163.329953
255.67105,191,1163.335243
34.206882,86,1163.442173
58.393513,118,1163.599367
69.371414,130,1163.671852
76.8495,120,1163.725053
42.435368,101,1163.81353
328.9353,195,1164.04172
314.29675,243,1164.077142
321.07275,169,1164.10212
250.18288,242,1164.161322
306.30673,226,1164.257099
263.96838,378,1164.353383
304.4187,194,1164.376327
307.71945,166,1164.403893
281.98322,235,1164.453782
309.7959,181,1164.538058
329.38083,155,1164.555872
222.36801,330,1164.60577
70.97604,131,1164.66318
344.09247,173,1164.885803
360.3,179,1164.936702
48.99675,83,1165.261941
19.086044,75,1165.275195
291.49554,235,1165.422565
342.4499,189,1165.463853
324.1723,241,1165.47313
290.41885,205,1165.594824
310.04697,260,1165.740489
336.257,343,1165.740543
304.39752,289,1165.771981
281.52148,335,1165.790223
66.00259,133,1165.874261
89.93738,118,1165.967716
-65.7932,505,1166.072313
75.508934,138,1166.102768
321.4721,208,1166.234572
253.20578,386,1166.306981
300.16663,180,1166.307028
322.82294,182,1166.454052
249.71811,678,1166.486493
42.306175,178,1166.592697
340.49857,215,1166.763203
335.09155,209,1166.767842
72.378944,142,1166.787008
176.9734,527,1166.84509
295.40457,235,1166.909451
164.14896,1000,1166.950501
63.107964,107,1166.963929
339.4908,214,1166.98859
300.96,197,1167.011364
294.63293,184,1167.121486
329.72583,158,1167.325375
50.442184,133,1167.378372
11.256199,76,1167.463436
348.05627,250,1167.490377
330.1972,217,1167.498769
73.96655,120,1167.558673
32.31479,173,1167.581813
65.51697,135,1167.581842
278.94043,191,1167.856958
310.26282,247,1167.89661
286.9567,234,1167.916359
65.81961,85,1167.963536
-6.6682625,117,1167.989967
-63.97298,466,1168.040356
329.90472,162,1168.057033
351.0224,164,1168.118796
91.50017,84,1168.353346
74.21218,106,1168.386158
62.941216,104,1168.39498
96.169334,104,1168.47476
304.79645,216,1168.485056
280.29404,201,1168.50338
93.94439,103,1168.521326
300.02875,253,1168.720832
303.15692,280,1168.773265
300.18375,217,1168.86503
285.06995,163,1168.881034
126.81004,124,1168.966414
100.37134,78,1169.126875
301.97275,246,1169.19068
338.7268,210,1169.469189
336.64758,215,1169.508463
321.76205,257,1169.536153
310.48138,231,1169.536184
286.14966,251,1169.549287
0.09642029,152,1169.553383
280.85312,713,1169.609592
58.864517,125,1169.706675
68.91277,187,1169.740446
303.46323,236,1170.047337
343.04407,190,1170.068991
274.02405,295,1170.077591
301.81274,267,1170.700805
313.44992,304,1170.947481
311.9444,364,1171.18751
319.68335,348,1171.213547
331.47922,321,1171.213595
346.1831,250,1171.230392
298.45267,252,1171.230426
294.71558,946,1171.255732
297.52142,602,1171.255763
307.38895,387,1171.336626
235.25584,957,1171.350562
300.96866,283,1171.350599
323.0938,413,1171.43836
56.993855,98,1171.662525
27.851612,126,1171.765287
42.380062,106,1171.830343
95.256516,96,1171.876621
322.36823,217,1171.929791
292.32727,283,1171.995238
304.2732,225,1172.283717
347.58603,209,1172.288399
289.34546,238,1172.314543
313.64825,233,1172.319404
71.503265,107,1172.419223
259.69504,670,1172.627488
288.4256,311,1172.632136
295.35886,640,1172.636168
280.6905,335,1172.757033
286.86877,256,1172.831412
85.53808,122,1172.842729
22.673355,150,1172.999385
91.68112,142,1173.06868
53.371845,109,1173.143429
309.91498,219,1173.302691
334.81635,352,1173.387917
84.304596,103,1173.493832
303.97375,364,1173.511776
286.64542,199,1173.564135
81.585014,124,1173.863106
49.75336,107,1173.872567
323.30945,184,1173.923083
294.45447,237,1173.941393
36.498615,111,1174.074522
251.2756,281,1174.1314
295.31158,306,1174.172379
311.9863,408,1174.195168
319.6369,153,1174.208189
7.1621094,165,1174.245728
271.38043,634,1174.258833
59.261612,92,1174.291685
66.71043,92,1174.342629
346.75348,149,1174.618737
102.94959,110,1174.691228
297.9529,344,1174.715702
295.77173,593,1174.715736
102.59955,113,1174.720417
344.90564,188,1174.720444
23.099361,93,1174.769146
326.9077,181,1174.895562
300.63574,221,1175.190981
60.34927,102,1175.200891
83.25308,107,1175.219462
166.25859,733,1175.250622
314.65744,246,1175.267437
289.12735,256,1175.438347
312.6709,253,1175.438413
37.24182,115,1175.735318
292.2483,217,1175.743515
270.65826,240,1175.748351
326.12164,209,1175.753373
280.3186,223,1175.765382
289.28763,235,1175.999905
304.88165,177,1176.025348
43.137142,98,1176.192768
48.94899,206,1176.208517
326.90616,204,1176.213618
40.53845,144,1176.407772
-3.6218185,115,1176.522898
94.78677,85,1176.582041
277.88116,334,1176.781652
49.296158,122,1176.996363
329.49307,268,1176.996416
348.53033,293,1177.151227
355.34088,218,1177.25604
130.8688,1000,1177.290386
55.2949,149,1177.313683
244.81966,568,1177.370544
58.72523,94,1177.452585
271.2675,268,1177.496641
316.10315,371,1177.797073
58.992058,73,1177.807395
314.8222,452,1177.877622
37.497047,106,1178.001079
87.19899,150,1178.006567
285.08487,245,1178.167786
256.39398,297,1178.19917
279.31506,589,1178.216341
25.18832,95,1178.237601
317.8637,358,1178.243016
13.706032,101,1178.281944
288.56625,855,1178.317547
57.67994,72,1178.341196
17.632301,125,1178.457343
292.7978,643,1178.466398
36.325123,80,1178.64253
285.68842,298,1178.65482
341.13428,301,1178.733065
39.176224,129,1178.800617
57.235878,128,1178.835542
278.057,197,1178.915357
65.02753,122,1179.018384
314.12988,186,1179.07045
322.9444,438,1179.191187
15.406448,121,1179.206391
20.486992,117,1179.257306
279.2758,244,1179.283554
29.424412,73,1179.3463
362.48932,155,1179.35137
281.68564,226,1179.369802
-4.1941032,125,1179.640786
103.94425,113,1179.805061
106.9397,122,1179.82164
32.66978,114,1179.880539
47.29883,103,1180.119538
-40.888836,458,1180.337195
108.99269,89,1180.519534
286.26184,373,1180.537945
312.00854,381,1180.537982
297.6621,259,1180.55758
-168.6993,485,1180.683796
-1.4248734,98,1180.78134
-3.253994,122,1181.08685
62.71384,102,1181.16584
42.34289,80,1181.165882
67.80411,135,1181.170095
3.973156,141,1181.211977
41.29664,158,1181.272419
44.118057,83,1181.463282
1.3379021,74,1181.543679
-8.197552,108,1181.648602
316.79306,410,1181.682703
325.6144,543,1181.692085
-2.8535957,120,1181.700901
297.92636,740,1181.700929
-11.720875,122,1181.819532
212.72212,1000,1181.981296
-23.309801,97,1182.152799
49.063942,105,1182.179497
-20.375607,75,1182.179536
20.037666,156,1182.187867
68.197525,138,1182.187897
55.16599,112,1182.232061
44.19886,147,1182.344059
248.587,716,1182.489218
-49.613132,93,1182.604823
-34.849808,59,1182.604872
38.571033,138,1182.630863
122.39177,119,1182.728031
287.2293,221,1182.73297
29.633503,130,1182.749129
5.9135666,143,1182.885892
16.330532,98,1182.938193
-2.435604,77,1182.984089
245.11682,791,1182.989239
-26.4304,178,1183.006489
-200.4107,404,1183.026065
31.762562,64,1183.042504
67.11353,105,1183.084768
306.44153,219,1183.189303
-18.144707,86,1183.320029
1.5530396,159,1183.324142
250.26407,754,1183.336253
71.97797,103,1183.349846
10.371571,74,1183.414707
-21.787086,108,1183.489071
65.65173,113,1183.489114
69.86848,1000,1183.49851
308.6053,177,1183.529632
296.05835,183,1183.553572
-11.192558,82,1183.558216
-30.939632,119,1183.575378
-34.91032,66,1183.622303
12.258755,64,1183.697889
5.5762825,92,1183.729883
54.756626,106,1183.809835
9.396076,88,1183.880236
11.379562,90,1183.89711
20.992786,137,1183.959998
55.901012,109,1183.97551
94.41191,108,1184.056563
72.6503,83,1184.07493
28.251705,132,1184.117487
-49.886055,131,1184.136995
99.47365,92,1184.145479
61.9911,142,1184.193603
23.804989,71,1184.220588
18.569832,62,1184.242609
323.03424,285,1184.26877
289.23163,288,1184.323314
139.53937,1000,1184.399996
-36.7129,130,1184.409509
-10.795616,87,1184.461171
-21.786446,134,1184.501785
0.2558403,79,1184.51746
44.918587,99,1184.536538
3.8205757,125,1184.558447
-29.414288,79,1184.617579
-12.074257,104,1184.680566
-33.514786,123,1184.694709
-51.58928,124,1184.716545
-64.73872,109,1184.729758
-63.805683,90,1184.738465
-52.18548,55,1184.768965
72.3383,114,1184.796987
-39.61023,56,1184.813804
-29.902111,98,1184.849997
-69.379974,68,1184.850028
-18.087147,89,1184.873772
23.25771,105,1184.979398
49.1776,65,1185.027046
22.3364,74,1185.075395
-27.095026,60,1185.084676
-20.78909,94,1185.143733
20.427414,131,1185.212599
32.580868,124,1185.261693
72.595535,128,1185.266336
-32.34244,103,1185.320387
14.1828,124,1185.365805
28.382835,88,1185.384831
32.947075,130,1185.441067
41.140945,152,1185.462364
-73.641846,71,1185.468134
-13.821838,136,1185.490209
-36.627785,108,1185.569999
-37.43693,108,1185.577449
32.82059,121,1185.577475
-26.875004,84,1185.648781
5.073288,97,1185.699538
36.21789,89,1185.723449
-45.682625,86,1185.771555
33.91497,127,1185.788728
-282.58893,96,1185.798411
-9.250553,80,1185.854489
-0.17307281,61,1185.854529
-38.53295,94,1185.887917
7.890297,81,1185.933277
296.5668,352,1186.013004
71.513336,81,1186.013049
-1.0189095,124,1186.032451
-54.669086,82,1186.09324
26.760818,83,1186.149332
4.318321,100,1186.154502
-46.291206,70,1186.173375
-36.77155,71,1186.178708
-11.399136,88,1186.191595
6.4464874,71,1186.262436
18.734566,94,1186.319566
-28.573242,77,1186.364763
27.627796,149,1186.479868
40.952583,68,1186.484316
-12.954712,121,1186.59576
16.808712,129,1186.615968
-85.919136,65,1186.630251
0.36088562,133,1186.71722
61.204384,122,1186.765827
-0.5031204,136,1186.791649
28.8513,68,1186.80549
-33.706882,94,1186.809624
0.6483383,274,1186.840712
65.17679,125,1186.84974
39.55088,160,1186.896065
-0.5745735,92,1187.049334
18.758171,132,1187.100832
-28.553589,88,1187.122527
-17.369572,105,1187.239285
-10.198143,149,1187.274577
61.62628,100,1187.297442
-72.19487,60,1187.319535
286.15448,419,1187.358672
256.87936,257,1187.358701
-12.241875,124,1187.374904
-39.230404,133,1187.402999
12.493145,144,1187.461991
-40.861206,125,1187.468153
-49.875374,52,1187.481761
-10.937401,226,1187.651275
25.795765,64,1187.661445
-55.21504,124,1187.66915
14.487282,95,1187.715477
53.650585,91,1187.790699
26.551994,79,1187.825397
51.622013,121,1187.947918
24.941753,142,1187.971318
8.479713,114,1187.982897
-8.695583,79,1188.016518
-26.33052,167,1188.131326
32.638695,182,1188.135795
-60.253483,77,1188.146097
148.66853,1000,1188.210467
29.23191,133,1188.269436
58.89332,137,1188.33761
34.304276,154,1188.368032
81.95371,95,1188.404408
-65.72035,72,1188.452769
68.24495,123,1188.502522
0.34629822,89,1188.539277
20.91354,118,1188.539327
49.051353,108,1188.613231
48.537422,145,1188.629947
-68.00492,76,1188.736372
27.182102,117,1188.782857
43.929874,70,1188.817474
-12.643806,89,1188.852993
79.31358,90,1188.944102
126.09564,78,1188.966555
251.45865,497,1189.093039
-44.354218,61,1189.093087
271.54828,438,1189.103816
288.36502,371,1189.159717
303.85577,182,1189.184465
34.401054,96,1189.220531
-30.672443,116,1189.373907
109.06624,148,1189.408619
241.83464,359,1189.446659
-29.717117,90,1189.50061
-12.465046,95,1189.526823
-8.312309,73,1189.557001
47.554413,208,1189.577712
271.80603,285,1189.625226
316.52295,326,1189.674639
100.01327,136,1189.72149
64.214005,74,1189.750027
-5.6364365,135,1189.771658
3.6168022,96,1189.810722
6.344288,84,1189.826724
-42.90311,69,1189.836316
63.77823,62,1189.856955
40.85314,160,1189.907178
-38.506866,129,1190.084764
-18.784267,57,1190.084813
287.68872,248,1190.089921
342.24097,343,1190.089947
11.765331,97,1190.107416
-32.838882,78,1190.120601
-11.884922,128,1190.129857
21.453686,71,1190.161838
315.8341,268,1190.161875
17.929558,101,1190.310451
-19.128494,117,1190.336527
25.208015,107,1190.391969
-7.462902,160,1190.438263
62.76091,74,1190.459645
33.015945,92,1190.496007
55.323647,102,1190.576934
248.43575,220,1190.608786
39.321857,116,1190.626067
-50.4836,133,1190.74823
27.447834,138,1190.778877
40.610786,93,1190.81075
215.24203,243,1190.844245
-6.231865,91,1190.874499
80.91496,128,1190.889197
326.70474,196,1190.974576
24.67809,97,1191.02579
94.51216,108,1191.13306
80.536224,116,1191.151924
25.520996,89,1191.176388
329.51846,247,1191.22429
-33.667194,116,1191.318592
59.336742,110,1191.32356
-10.657536,100,1191.341505
-51.247883,120,1191.396574
290.47775,296,1191.433197
320.68274,243,1191.447778
330.59772,209,1191.455569
33.827625,116,1191.556983
27.251556,98,1191.592716
-10.811359,90,1191.626547
-2.0258064,67,1191.648099
-0.7520294,173,1191.685903
0.30255127,169,1191.754217
310.9782,294,1191.786322
28.025112,78,1191.814129
11.80862,109,1191.81898
60.949074,145,1191.836613
-4.044567,92,1191.856899
11.05957,114,1191.971716
22.084995,76,1191.975777
-4.856529,65,1191.985411
243.40121,192,1192.00775
35.6212,147,1192.071784
-9.968601,82,1192.127954
-24.564919,128,1192.14278
-10.721703,70,1192.151601
6.8385925,115,1192.173928
19.522919,129,1192.187304
52.828377,86,1192.212063
23.880177,112,1192.294228
-26.89713,73,1192.311187
28.154812,116,1192.380228
-8.250038,93,1192.394352
13.491741,87,1192.398738
7.437355,85,1192.453959
-3.6785812,84,1192.571702
52.55795,65,1192.693887
57.5806,130,1192.734648
-25.791576,119,1192.754467
5.6021767,81,1192.77318
10.078194,103,1192.785849
57.745216,184,1192.810153
44.283756,113,1192.814277
256.07016,331,1192.827314
106.599525,100,1192.840454
60.397385,151,1192.840479
59.069706,122,1193.013998
4.4935455,71,1193.116836
304.32678,215,1193.165278
344.54346,225,1193.170738
13.615974,102,1193.175787
-73.50307,102,1193.217453
71.99193,88,1193.263307
38.33506,96,1193.268199
56.71379,96,1193.289604
24.25145,135,1193.420212
96.328125,76,1193.534458
332.40808,205,1193.539181
60.589447,96,1193.582713
104.33487,90,1193.604018
72.780014,93,1193.615159
57.18859,125,1193.619938
341.09155,403,1193.686923
337.88715,183,1193.707995
60.523808,92,1193.717047
336.11804,234,1193.857375
21.803688,75,1193.929536
107.46098,119,1194.099012
-85.80934,107,1194.122529
-49.853596,118,1194.181102
20.718758,107,1194.233501
300.97595,209,1194.259189
294.2589,209,1194.263925
14.46785,85,1194.273252
47.325886,84,1194.335037
341.43457,155,1194.449213
277.92032,253,1194.609418
323.0572,198,1194.622959
304.09912,233,1194.628081
38.772457,103,1194.729948
18.197662,127,1194.836233
-56.67007,128,1194.888386
81.34306,88,1195.069543
56.22191,63,1195.190268
29.90635,123,1195.287366
-4.7495117,533,1195.430806
63.468353,90,1195.579942
2.8642693,116,1195.824691
-5.325653,520,1195.832429
7.602394,77,1196.178158
74.53949,136,1196.223709
-25.387749,483,1196.472627
280.94785,340,1196.537236
308.14777,271,1196.547239
122.27485,85,1196.551738
-43.066467,507,1196.616416
-52.567326,491,1196.675602
3.4495277,131,1196.6874
273.8832,582,1196.836005
323.03473,335,1196.895243
0.853672,62,1196.921962
298.5074,496,1196.933632
95.25533,109,1196.965963
236.29208,596,1197.019683
-77.0992,496,1197.028427
302.35883,274,1197.59982
302.35367,213,1197.706572
-110.13898,516,1197.880113
241.61671,966,1197.924007
302.99316,288,1197.958228
267.7229,353,1197.986972
300.89752,373,1197.987013
345.1726,269,1197.987022
276.54385,328,1198.246554
291.18622,312,1198.246598
92.2109,91,1198.278644
308.03394,341,1198.34679
315.43713,187,1198.449253
13.280159,929,1198.467998
-105.82609,518,1198.479061
271.12268,416,1198.538243
312.8623,246,1198.563754
-82.1594,500,1198.609658
47.621834,110,1198.660444
84.57968,120,1198.69648
323.0246,209,1198.78203
27.065979,147,1198.833187
316.98636,261,1198.950635
272.62897,292,1199.101754
318.39624,322,1199.113769
325.88196,296,1199.117467
321.615,208,1199.361635
285.58435,275,1199.399857
297.24646,265,1199.549282
303.0605,282,1199.557301
8.592911,124,1199.585563
294.42566,309,1199.625712
310.00266,255,1199.672447
303.23236,173,1199.758707
316.64746,270,1199.866952
353.7076,239,1199.866996
312.68774,207,1199.905542
297.17004,382,1200.133601
298.28595,199,1200.167951
302.5965,415,1200.212065
308.70728,234,1200.263069
98.14955,97,1200.534139
273.51727,275,1200.650402
318.19974,211,1200.727455
238.13742,605,1200.795732
291.54422,333,1200.842225
283.99628,338,1200.852748
341.5747,172,1200.868415
273.9564,366,1201.031382
324.7926,278,1201.20381
333.771,347,1201.215536
322.89282,154,1201.247414
123.26341,139,1201.329664
287.85968,419,1201.488584
294.40588,449,1201.497017
347.17566,201,1201.50122
280.1145,480,1201.531807
298.29236,259,1201.851385
306.7036,258,1201.859625
40.05509,98,1201.886963
264.41675,256,1202.036992
314.13928,231,1202.143351
337.50208,241,1202.152245
312.7427,340,1202.192025
335.75922,187,1202.227146
349.29913,221,1202.402708
333.39798,231,1202.413944
262.77344,289,1202.461457
170.63603,1000,1202.647804
107.46469,135,1202.71136
143.31445,83,1202.726191
309.34845,233,1202.793813
343.088,190,1202.89239
283.12918,229,1203.031987
292.88123,160,1203.071465
-92.10003,499,1203.136698
290.59836,282,1203.302276
270.49017,379,1203.306399
293.13327,331,1203.310221
296.07904,245,1203.328621
316.72528,180,1203.332599
81.48546,77,1203.4196
-59.747215,477,1203.676382
308.45615,259,1203.703465
293.5202,244,1203.707732
337.03906,219,1203.711864
286.56683,188,1203.732869
114.89549,1000,1204.093864
331.62473,276,1204.102111
284.7177,209,1204.110048
314.90048,227,1204.152469
310.85822,241,1204.209213
101.14901,1000,1204.372486
323.16605,355,1204.671889
295.43195,242,1204.671935
305.17383,248,1204.671944
-150.77034,527,1204.732387
254.44522,351,1205.033967
281.7782,238,1205.034009
272.4439,346,1205.038733
310.7045,242,1205.042387
303.89755,349,1205.053752
-60.556797,495,1205.235455
271.05243,276,1205.296516
308.38144,292,1205.303518
222.77866,528,1205.458483
292.05106,197,1205.491669
327.53326,230,1205.558344
39.858047,85,1205.618298
289.3222,203,1205.81737
290.84027,158,1205.839502
285.92035,204,1205.839536
308.70294,207,1205.839545
300.4919,209,1205.839552
267.3975,304,1205.839558
202.16635,380,1205.851851
275.7133,309,1205.858852
-13.206696,492,1206.016702
296.71655,275,1206.088785
313.2851,254,1206.785767
300.9896,390,1206.785816
303.6871,283,1206.925763
338.60028,237,1206.930385
347.5064,342,1206.930413
296.2406,284,1206.930423
289.47266,377,1206.934341
280.31134,290,1206.952833
320.31906,311,1207.03259
269.64276,317,1207.066379
-25.1623,498,1207.351265
310.72586,366,1207.489459
259.04233,473,1207.645276
327.61658,561,1207.701025
310.32272,236,1207.851147
293.34192,278,1207.851195
335.57434,256,1208.009363
278.41373,308,1208.105701
283.28427,274,1208.109709
277.06543,310,1208.10974
329.85028,346,1208.109749
295.0636,310,1208.109756
286.499,297,1208.481928
37.252556,132,1208.602643
340.417,163,1208.721038
308.5784,166,1208.733315
313.81744,219,1208.836052
-88.255684,516,1208.891887
302.19168,222,1208.960095
316.94354,383,1208.964612
304.4817,343,1208.964656
318.78687,290,1208.964667
55.46667,79,1209.042209
315.32578,358,1209.077539
321.2335,563,1209.081704
311.55154,252,1209.081734
-9.653824,849,1209.110789
298.43,330,1209.119509
319.578,190,1209.348195
327.96698,181,1209.548375
328.57483,170,1209.741389
318.66537,333,1209.784054
308.37415,279,1210.041696
303.66797,305,1210.139632
310.8307,317,1210.332779
262.6265,358,1210.336895
323.35147,376,1210.345308
321.35095,416,1210.345348
306.90234,332,1210.349632
284.4652,342,1210.355899
334.33887,331,1210.383843
327.03986,269,1210.57411
313.2149,326,1210.598067
333.1021,277,1210.795594
118.163925,93,1210.936283
-28.558731,517,1210.951329
-78.9357,502,1211.013516
280.2083,191,1211.091903
88.43921,80,1211.279856
309.8841,244,1211.312103
326.56046,282,1211.442263
330.67426,274,1211.457484
68.39632,144,1211.508313
337.73642,318,1211.593251
-15.941437,502,1211.716668
288.22324,200,1211.790759
301.38626,324,1211.85679
293.84692,284,1211.905994
281.63248,211,1211.914322
-85.2216,492,1212.047108
284.44067,211,1212.086121
89.15243,130,1212.097523
-64.72379,483,1212.217026
350.60278,205,1212.23592
328.86737,209,1212.235958
272.57867,490,1212.235968
281.9659,293,1212.422363
122.59846,106,1212.634552
269.56982,264,1212.793296
321.88992,343,1212.807988
257.14322,288,1212.811812
302.89276,195,1212.815888
314.33087,316,1213.101611
357.12247,229,1213.101671
341.7513,328,1213.105511
325.80798,318,1213.429192
298.63898,161,1213.433482
321.04086,210,1213.441142
311.251,212,1213.62279
324.3474,227,1213.689556
297.02783,333,1213.693595
263.5683,434,1213.69755
269.16724,957,1213.715142
319.81903,470,1214.033281
305.52966,241,1214.033329
293.80054,240,1214.03334
60.605217,165,1214.066672
351.25336,251,1214.070877
290.95288,152,1214.21073
266.89932,619,1214.279391
318.86414,249,1214.406919
97.18514,96,1214.448066
311.43546,217,1214.537106
327.70807,301,1214.592556
312.30878,200,1214.806674
308.12915,524,1214.814738
289.4168,717,1214.842086
291.97995,217,1214.877039
308.7332,187,1215.020342
329.74783,360,1215.09739
310.19934,272,1215.101192
324.67407,176,1215.231183
-7.1329308,101,1215.476057
293.509,291,1215.530349
-89.58829,506,1215.669262
-71.72289,507,1215.697061
336.00916,175,1215.701241
263.02527,242,1215.761539
261.82462,294,1215.966603
-20.218864,507,1216.038797
321.1109,311,1216.053831
315.54175,241,1216.155137
316.33392,512,1216.200969
329.87476,212,1216.360447
311.03528,330,1216.375527
316.63953,500,1216.391848
277.25244,200,1216.469071
321.7448,415,1216.495741
298.63474,215,1216.500003
290.2168,236,1216.608109
312.15207,179,1216.735468
32.96055,77,1216.895787
309.5327,198,1216.921738
284.0484,262,1216.973827
291.32758,252,1217.024763
326.6414,221,1217.33751
319.26727,227,1217.337558
312.37244,255,1217.337567
335.22662,220,1217.337574
313.5105,301,1217.530868
306.66147,196,1217.654918
307.05435,597,1217.789586
343.4751,197,1217.789634
305.71027,363,1217.789643
282.37958,264,1217.952028
80.39148,84,1218.111277
58.486603,109,1218.204273
325.76685,277,1218.403754
98.00368,1000,1218.456721
306.82468,303,1218.500313
307.42496,407,1218.532973
303.9061,501,1218.649139
297.23825,346,1218.660284
301.56854,379,1218.789648
302.75677,298,1218.789704
329.61868,223,1218.78972
354.76636,181,1218.797321
115.46654,101,1219.18414
324.9402,147,1219.228153
275.43466,234,1219.295551
320.96564,212,1219.309098
316.1835,314,1219.407424
319.87744,207,1219.587925
156.07057,1000,1219.598296
266.12915,310,1219.723604
282.5973,332,1219.727911
271.09863,256,1219.77278
145.95152,1000,1220.05397
287.77466,227,1220.12093
326.1894,229,1220.197048
333.96405,273,1220.256936
80.2964,83,1220.435447
327.2068,298,1220.472092
309.4223,231,1220.487411
313.45752,485,1220.526942
325.27853,289,1220.526979
310.54138,213,1220.561009
325.0965,262,1220.6181
296.0702,494,1220.699999
310.40387,253,1220.707011
286.7008,910,1221.040656
287.8165,850,1221.061378
323.12338,186,1221.146477
316.6189,177,1221.150583
320.38608,258,1221.180861
316.67303,181,1221.18089
305.80646,294,1221.184943
300.951,289,1221.80337
298.2142,341,1221.917527
282.64618,194,1221.921446
281.38055,199,1221.936441
327.50717,322,1221.936466
278.16916,369,1221.936475
278.9252,361,1221.936482
292.21088,240,1221.948442
294.01483,453,1221.97852
334.02985,245,1221.991377
320.8023,437,1222.186356
311.312,284,1222.217767
-5.4825325,113,1222.367882
-35.910675,109,1222.406564
312.47064,184,1222.621278
310.01068,180,1222.625238
313.5357,184,1222.639872
313.39648,200,1222.682883
249.6542,413,1222.721517
289.59167,216,1222.759699
323.90314,164,1222.822448
269.3275,471,1222.973158
312.20898,229,1223.095236
302.31396,192,1223.095284
331.6315,228,1223.265928
272.2589,343,1223.280032
312.0833,231,1223.557865
345.21155,203,1223.590307
348.48032,256,1223.590346
279.1014,220,1223.594923
134.82314,1000,1223.601302
300.25146,193,1223.709827
327.7071,163,1223.720231
305.70486,285,1223.724284
361.0757,170,1223.939333
336.05783,344,1223.950491
264.95764,219,1223.950528
317.6351,324,1223.973106
347.81268,232,1224.183455
322.14636,166,1224.244969
309.99603,165,1224.248756
59.85186,100,1224.348682
342.74524,217,1224.402723
310.50787,212,1224.413392
323.13605,227,1224.613772
292.81778,188,1224.679842
299.2779,262,1224.749857
264.33374,296,1224.749905
310.3604,177,1224.874217
286.2649,306,1225.132067
333.27026,187,1225.473772
321.83514,215,1225.585279
262.4745,352,1225.620635
343.0524,331,1225.642776
140.82118,1000,1225.659374
269.81802,328,1225.690318
326.45294,264,1225.704923
281.59732,281,1225.704954
-215.0943,526,1225.767769
141.34674,1000,1225.815304
264.59686,489,1226.148212
345.08246,207,1226.282167
294.36063,373,1226.325526
257.48743,235,1226.610306
310.86,239,1226.625453
284.78848,213,1226.629428
346.49854,249,1226.648649
321.85974,290,1226.895868
278.49075,347,1226.941078
298.06,345,1227.006181
-180.23856,518,1227.147679
338.7126,218,1227.16871
302.27826,263,1227.168742
328.28665,237,1227.525311
282.53406,245,1227.573484
311.39752,191,1227.664891
267.27557,382,1227.755787
328.85553,159,1227.755839
262.42566,552,1227.755849
321.00052,234,1227.788618
291.31683,299,1227.788655
137.68813,1000,1227.810697
266.20972,277,1228.234069
111.68583,1000,1228.293111
244.64465,322,1228.405154
262.1933,241,1228.45401
332.7887,197,1228.567396
293.03375,209,1228.5934
314.23187,240,1228.67946
334.7964,267,1228.697538
270.81897,207,1229.100308
188.915,351,1229.145407
314.56903,192,1229.154633
318.81134,242,1229.173632
282.31866,414,1229.177986
283.58456,671,1229.244661
281.82013,414,1229.362769
282.1788,229,1229.45885
130.99979,1000,1229.51156
328.95355,250,1229.558109
330.84048,256,1229.680533
254.74097,318,1229.680581
312.99457,195,1229.838695
343.3299,188,1229.856265
297.75528,196,1229.898873
319.12006,174,1229.90644
324.09143,204,1230.13441
280.79846,266,1230.189794
208.74042,410,1230.255591
344.66388,205,1230.473866
331.9374,205,1230.473912
246.121,273,1230.502937
324.1653,261,1230.509925
306.3656,222,1230.690535
318.38324,154,1230.718848
326.594,422,1230.777159
151.49269,1000,1230.828892
293.98495,266,1230.907737
334.93558,198,1230.930367
294.73877,275,1230.935005
332.80798,834,1230.942482
305.57498,368,1230.94699
-38.301067,87,1231.159665
305.7754,199,1231.224102
311.5995,169,1231.574846
314.7723,281,1231.574895
279.6717,216,1231.785599
302.12857,214,1231.785646
303.04434,264,1231.803416
315.04462,308,1231.908664
282.1563,431,1231.912445
326.05103,320,1231.923831
309.13345,400,1232.037334
322.25983,412,1232.045191
-49.866024,147,1232.137158
335.34155,176,1232.254721
237.11945,283,1232.324586
337.01178,177,1232.470786
308.18228,145,1232.695842
312.99185,245,1232.838475
309.11844,283,1232.860328
314.48645,496,1232.860364
265.1731,784,1232.860379
290.77954,277,1232.968742
351.44287,246,1232.976672
-160.81883,531,1233.198082
86.908844,110,1233.395417
287.97906,171,1233.643619
-174.33531,545,1233.877363
318.1134,339,1233.984696
348.2996,300,1233.984737
-100.5533,524,1234.037682
300.90384,308,1234.037728
313.93658,308,1234.037738
301.31012,219,1234.041672
315.01947,416,1234.04596
-38.382565,492,1234.123173
-159.66614,525,1234.316532
342.48987,171,1234.538782
282.56424,693,1234.560995
223.16751,994,1234.746184
115.36957,114,1234.957285
291.20233,279,1235.03606
100.98829,111,1235.161056
317.5694,162,1235.161106
276.2741,314,1235.17285
272.01074,301,1235.176912
311.7187,301,1235.176936
301.5968,283,1235.196867
310.0963,233,1235.196892
261.90747,306,1235.205188
239.37614,347,1235.354359
270.29752,706,1235.5457
336.6969,155,1235.545747
69.50637,117,1235.653759
322.86804,182,1235.908985
269.88812,189,1235.934464
255.07634,204,1235.957385
312.02713,211,1235.999577
-167.50356,519,1236.028622
39.57041,147,1236.121965
306.73944,251,1236.143617
68.20996,132,1236.164902
242.40091,330,1236.312338
327.64377,200,1236.321902
111.43426,96,1236.510305
285.0579,208,1236.692173
324.5263,202,1236.696252
180.31549,400,1236.716271
237.78812,390,1236.849323
-0.90218353,208,1236.952541
304.14676,184,1237.015187
74.39732,121,1237.146407
165.45021,1000,1237.20368
314.1718,137,1237.212192
307.3932,239,1237.212224
282.64795,157,1237.438473
120.09861,1000,1237.44253
351.26205,243,1237.627759
255.37744,298,1237.631724
299.3119,209,1237.808193
-54.510887,501,1237.849256
-240.39827,565,1238.276907
280.88065,226,1238.50661
283.6589,302,1238.602393
331.7804,195,1238.602438
335.31387,253,1238.602448
315.61615,363,1238.602459
297.58688,365,1238.609786
214.6779,911,1238.646662
302.95178,416,1238.800836
348.50827,257,1238.800883
273.11078,731,1238.811436
302.2689,488,1239.012857
88.66995,107,1239.017372
258.56677,196,1239.017411
263.2141,837,1239.183337
294.59805,188,1239.51334
238.45914,671,1239.513388
294.72305,243,1239.530091
308.97772,253,1239.567394
277.34326,253,1239.567436
271.1601,280,1239.571581
327.213,245,1239.579298
298.42865,205,1239.579324
313.4781,183,1239.720868
348.06085,238,1239.720917
290.42078,310,1239.791605
328.63007,250,1239.973909
284.91953,221,1240.028311
273.87302,278,1240.078614
314.734,149,1240.083153
324.59015,182,1240.2765
317.78192,299,1240.723495
331.9406,335,1240.796432
346.56564,282,1240.796473
284.9316,318,1240.796481
270.07172,282,1240.796488
346.7,326,1240.814643
278.34268,246,1240.968158
331.9489,272,1241.011559
314.18753,211,1241.077881
181.40335,1000,1241.272223
276.78162,407,1241.347989
302.65247,350,1241.4282
298.82593,231,1241.686281
324.70038,175,1241.686325
322.84372,238,1241.714197
299.0407,258,1241.788813
309.4951,196,1241.831597
288.87476,633,1241.950347
310.11798,203,1242.185573
300.88486,271,1242.29581
336.97433,201,1242.481718
306.7448,434,1242.481762
325.89514,238,1242.593629
63.709858,116,1242.643523
349.06326,202,1242.726304
297.5797,317,1242.896572
317.09998,296,1242.921535
315.83807,286,1242.925868
276.98096,557,1243.105474
308.3404,217,1243.318482
-44.459908,515,1243.326897
330.37384,176,1243.326928
152.88033,1000,1243.40774
341.43356,237,1243.511859
281.2779,315,1243.523974
313.23596,154,1243.524002
323.9454,214,1243.722718
256.84998,781,1243.798091
-47.60266,82,1243.823731
182.59972,1000,1243.920899
322.5592,223,1243.961
267.13464,883,1244.113496
309.25204,225,1244.270172
296.12958,203,1244.298891
322.23425,275,1244.381288
266.3949,434,1244.404756
-102.095436,499,1244.404791
283.9027,168,1244.446724
310.7414,166,1244.46708
80.332504,104,1244.686568
-16.924683,508,1244.898657
259.6184,199,1244.902942
260.4088,252,1244.952855
284.79138,334,1245.223851
-116.321,499,1245.250135
350.45447,226,1245.282372
312.02594,236,1245.361511
344.35083,248,1245.365034
301.37488,241,1245.405354
336.13733,265,1245.417142
313.3442,247,1245.853599
316.35403,242,1246.219468
247.29454,332,1246.231167
346.31085,266,1246.276204
310.35693,228,1246.286963
293.833,415,1246.286995
286.18555,370,1246.856743
295.79364,382,1246.856806
275.3967,911,1247.054104
131.8559,1000,1247.201311
313.57935,269,1247.331603
324.0608,382,1247.331651
310.75482,301,1247.450324
298.38562,308,1247.474491
181.6933,979,1247.52402
279.45334,341,1247.55503
320.61203,219,1247.697212
298.25143,396,1247.752439
263.1306,243,1247.785553
102.11654,113,1247.90377
351.13986,213,1248.146239
175.68257,1000,1248.175181
283.76172,173,1248.183317
225.74042,874,1248.264895
338.04724,210,1248.356547
285.85095,319,1248.419473
272.1808,167,1248.423583
304.775,356,1248.698798
307.13342,273,1248.803468
289.719,279,1248.975155
117.48176,1000,1249.08809
158.28773,1000,1249.233049
343.86194,283,1249.366269
311.0829,343,1249.476735
297.07007,495,1249.60784
336.5065,430,1249.837187
296.94434,200,1249.85857
315.9647,275,1249.865407
352.11682,440,1249.881487
260.94147,366,1250.105556
308.41077,446,1250.138977
334.66565,210,1250.161107
252.0487,306,1250.411352
269.10742,253,1250.44789
277.31628,193,1250.629793
323.6209,227,1250.742139
315.72552,162,1250.79687
293.95642,260,1250.860047
288.66983,326,1250.860087
137.296,1000,1250.903782
303.9342,236,1251.016233
316.42673,228,1251.019756
242.79124,928,1251.024301
62.87088,157,1251.221061
292.78317,367,1251.240539
353.41498,218,1251.240588
75.47574,104,1251.431486
79.01171,114,1251.459799
108.060715,177,1251.536093
81.36366,96,1251.591732
327.39966,215,1251.724012
281.3009,258,1251.724059
337.9543,244,1251.724068
211.52876,889,1251.77905
308.87296,272,1251.894542
-1.6076584,197,1251.994849
336.55975,201,1252.009914
93.52018,1000,1252.271001
342.54163,269,1252.444872
303.76935,225,1252.444916
321.83795,190,1252.444926
286.76315,913,1252.47847
326.0171,257,1252.692623
337.6758,276,1252.932071
293.66174,328,1252.95797
285.95013,512,1252.958007
305.74146,399,1252.958017
313.6912,253,1252.958023
282.7661,315,1252.961417
321.57352,260,1252.969223
290.72516,693,1253.075759
305.2745,172,1253.120791
355.29855,226,1253.284771
18.680622,101,1253.336971
45.62652,145,1253.48128
14.698608,155,1253.558068
270.8897,358,1253.800966
50.640102,86,1253.883069
302.2909,281,1254.03646
311.06644,282,1254.036505
297.2827,280,1254.04003
310.9881,286,1254.05036
47.30204,138,1254.554567
49.690475,139,1254.565646
290.19098,404,1254.615655
296.1545,392,1254.615692
294.22916,536,1254.727659
302.49762,186,1254.752554
340.82153,325,1255.023823
-19.170803,147,1255.11559
315.6219,960,1255.176188
6.101898,154,1255.20266
318.07355,350,1255.210884
116.0116,124,1255.229476
298.6077,347,1255.356537
327.51428,225,1255.479466
313.45602,571,1255.527096
302.90323,260,1255.568524
66.427284,133,1255.727559
286.99185,189,1255.916447
64.764114,184,1255.924028
254.3681,312,1255.940631
312.18652,236,1255.95584
154.64136,1000,1256.082477
273.257,751,1256.171908
280.54434,713,1256.214778
254.8308,230,1256.243762
297.65076,1000,1256.259379
314.12283,304,1256.292714
300.937,149,1256.299788
270.02417,288,1256.337848
274.50204,233,1256.373566
283.0583,223,1256.381002
124.33919,113,1256.679601
343.7023,216,1256.747676
310.01367,281,1256.986622
353.79498,204,1257.129035
320.57547,265,1257.311133
308.6256,358,1257.326413
302.25775,272,1257.350924
312.43054,294,1257.350953
271.7138,281,1257.471021
328.11078,364,1257.482596
308.7754,349,1257.516484
326.57434,187,1257.847313
332.72968,303,1257.847361
346.82428,223,1257.847371
296.95428,166,1258.112729
290.91058,214,1258.300935
264.3839,617,1258.303796
265.07523,295,1258.451639
300.13483,215,1258.655403
349.70706,303,1258.662563
290.20355,359,1258.681424
307.18884,355,1258.702835
253.6771,372,1258.769922
255.57509,573,1258.940851
291.94617,274,1259.349366
321.8014,233,1259.349414
312.61115,181,1259.36735
56.326317,192,1259.402371
149.30765,1000,1259.402413
313.17047,341,1259.608236
287.18613,235,1259.608299
339.32224,470,1259.644928
10.189552,107,1259.769295
62.740883,99,1259.777431
318.86206,273,1259.81231
72.35024,100,1260.035152
178.10501,1000,1260.098418
101.64078,91,1260.13636
45.65695,86,1260.151326
162.51764,1000,1260.224908
249.36963,231,1260.249471
308.04645,232,1260.254088
310.86526,340,1260.265875
300.18378,233,1260.511474
110.29619,138,1260.682081
340.85498,237,1260.68985
70.25773,127,1260.727414
277.825,204,1260.995864
296.82642,239,1261.04671
295.5217,240,1261.143234
329.25516,277,1261.147633
352.86395,172,1261.323611
249.38057,342,1261.327593
302.0273,201,1261.445716
160.51909,1000,1261.661628
314.2987,189,1261.868119
139.95448,1000,1261.917732
24.591324,160,1261.932406
276.8687,390,1261.979932
288.53113,268,1262.056396
274.35028,409,1262.267437
339.18494,255,1262.298601
184.21167,540,1262.298639
261.45236,310,1262.322543
340.23633,214,1262.489811
157.54396,1000,1262.511828
52.613525,180,1262.612791
28.641754,207,1262.734035
299.71368,188,1262.787622
109.29145,134,1262.842724
82.315,102,1262.879723
328.82874,160,1262.895527
278.0939,500,1262.906007
267.21384,244,1262.925307
292.3496,194,1263.06065
290.96112,150,1263.096611
22.148521,141,1263.165799
140.79825,1000,1263.23819
79.626686,1000,1263.444088
280.22186,202,1263.66503
303.2727,352,1263.671171
319.8108,205,1263.703204
238.5357,599,1263.753622
304.80215,350,1264.136928
335.21387,272,1264.136978
331.459,223,1264.516061
267.38812,415,1264.519739
278.3169,368,1264.576306
319.49887,296,1264.576351
264.19556,478,1264.576361
199.15112,704,1264.580414
298.2024,451,1264.584536
286.90967,430,1264.72515
304.06454,173,1264.817053
253.32846,515,1264.893455
303.11307,311,1264.904733
58.595673,149,1265.10174
315.99695,171,1265.24259
311.05002,420,1265.2865
347.45697,297,1265.286539
295.00616,197,1265.286552
308.57697,183,1265.295037
255.04216,419,1265.376327
244.37593,183,1265.592662
306.44687,205,1265.599711
278.1454,333,1265.854353
328.03677,343,1265.898606
322.7606,210,1265.898648
326.80536,161,1265.898657
53.45323,122,1266.050741
346.96155,239,1266.159857
295.9001,338,1266.197634
310.05167,218,1266.20572
338.214,244,1266.224821
269.33026,268,1266.317272
262.29877,222,1266.454361
302.28394,190,1266.636627
288.18378,357,1266.665294
293.06482,592,1266.85236
327.14282,184,1266.93897
341.61545,191,1266.939023
329.83554,239,1266.991105
123.4465,1000,1267.104275
53.39459,148,1267.218694
257.24716,271,1267.259656
314.01227,238,1267.595703
305.39783,176,1267.62405
45.229443,101,1267.649089
302.17728,212,1267.81203
330.77582,399,1267.869345
294.8213,518,1267.873713
299.75897,202,1267.881372
-8.650925,97,1267.973213
274.073,278,1268.021562
327.75165,340,1268.188737
42.30554,112,1268.243645
46.745045,132,1268.485466
79.69401,157,1268.488864
154.56305,1000,1268.581037
305.6824,256,1268.637593
285.82666,267,1268.651566
309.73376,372,1268.651603
18.159264,108,1268.655532
311.75018,233,1268.758472
326.76672,199,1268.77771
251.64404,749,1268.795969
76.075455,147,1269.032035
342.0011,238,1269.084532
54.51974,122,1269.091663
33.681152,165,1269.104277
25.691364,124,1269.116715
61.717216,125,1269.12526
49.649673,134,1269.164687
95.48767,130,1269.306005
341.96637,255,1269.559964
332.76154,439,1269.560019
72.02457,163,1269.665249
347.78574,155,1269.752969
124.922035,1000,1269.756673
340.15115,151,1269.874175
282.77386,293,1269.881856
312.80847,204,1269.911043
269.9869,212,1269.923978
160.10236,1000,1270.011789
54.18773,127,1270.039339
117.16098,99,1270.136427
297.42633,293,1270.214811
350.8321,146,1270.222677
299.20013,304,1270.267582
33.177883,104,1270.286016
200.13498,1000,1270.308295
75.704666,99,1270.400755
248.64856,341,1270.435088
310.07257,189,1270.598592
324.54803,146,1270.598637
323.18274,182,1270.610417
251.23901,280,1270.625827
40.413937,135,1270.654831
-7.5652733,114,1270.659205
18.577602,122,1270.861252
327.58228,277,1270.984205
337.69455,203,1271.042007
48.076294,122,1271.116156
339.34146,281,1271.280956
-105.69051,283,1271.383949
352.5948,206,1271.39919
328.72028,194,1271.405125
276.33636,218,1271.438741
351.8897,214,1271.450679
232.12408,309,1271.468536
48.63291,147,1271.552183
73.06882,148,1271.613298
345.73477,266,1271.621844
336.34128,166,1271.759644
95.186714,125,1271.774662
18.38646,115,1271.886643
296.7356,155,1271.989961
330.44934,209,1272.210751
-37.250637,491,1272.321518
281.61755,253,1272.439031
287.36963,413,1272.446816
308.21756,263,1272.446847
284.35742,217,1272.446857
293.9287,150,1272.468046
282.43246,223,1272.479645
312.6908,244,1272.49082
154.96169,1000,1272.620094
315.13,325,1272.655982
280.89526,205,1272.77046
279.49634,300,1272.934715
326.0343,161,1272.944315
46.696724,129,1272.95254
325.06903,219,1273.301841
65.65584,173,1273.461908
269.39954,449,1273.510688
124.45016,1000,1273.628049
329.0041,317,1273.723517
342.42578,314,1273.723564
326.83667,326,1273.731334
312.04034,274,1273.747371
281.46405,207,1273.763002
51.09522,137,1273.85993
6.5084877,85,1274.082138
97.031006,92,1274.085793
320.11078,178,1274.166816
316.26086,360,1274.35935
325.15912,186,1274.473867
319.68604,389,1274.473913
285.59625,595,1274.528816
272.53253,488,1274.528854
285.99963,228,1274.604416
352.70667,231,1274.6082
310.8435,255,1274.612233
289.7794,545,1274.620033
323.47632,210,1274.879096
316.70923,273,1274.898667
48.189415,75,1274.898704
288.92874,358,1274.898714
75.617096,87,1274.936499
232.39854,656,1275.003653
308.93652,153,1275.110492
264.0617,274,1275.12156
265.803,201,1275.125845
299.34918,200,1275.363003
316.5124,243,1275.393871
270.97903,247,1275.409649
354.84344,194,1275.614914
296.4023,264,1275.622968
293.609,302,1275.678219
285.2376,206,1275.682226
325.49426,191,1275.727334
299.6908,240,1275.81372
302.41226,194,1275.856046
320.73184,220,1275.977085
319.05417,483,1276.017724
304.8736,314,1276.320384
321.94708,209,1276.529773
326.81235,329,1276.625917
293.04956,443,1276.62597
315.1209,321,1276.625979
352.49225,262,1276.625986
324.9369,247,1276.625992
276.42535,205,1276.637
307.15833,216,1276.641219
311.58185,267,1276.69981
329.56876,258,1276.945668
306.7669,285,1277.086092
31.709381,130,1277.121715
19.077202,134,1277.130003
300.35794,247,1277.251917
272.9613,485,1277.259239
96.344315,137,1277.455616
298.03876,260,1277.610268
326.2543,241,1277.610304
331.32373,286,1277.610313
302.76355,257,1277.61032
305.1252,261,1277.614408
-50.591183,534,1277.648251
314.46658,273,1277.658812
308.53473,311,1277.805031
249.57443,774,1277.841063
329.64664,189,1277.848086
283.60437,191,1277.848115
304.0459,165,1277.883145
341.72095,219,1277.917114
314.23834,205,1278.030152
283.10303,214,1278.439813
317.13553,205,1278.439862
64.94787,145,1278.452052
313.22043,207,1278.459696
285.42346,226,1278.488889
296.3617,169,1278.511331
313.52106,239,1278.536228
279.20374,201,1278.635711
312.0405,260,1278.845079
310.07513,210,1278.845129
330.34503,323,1279.049958
286.52606,380,1279.072529
273.94168,196,1279.205425
295.6936,247,1279.389535
-55.982376,476,1279.44269
344.24158,257,1279.524426
321.75586,285,1279.563487
323.97522,294,1279.578507
308.6311,190,1279.58552
306.47345,289,1279.625834
-249.32597,609,1279.811095
278.39325,528,1279.957985
274.7273,345,1279.958033
7.8596954,133,1279.958042
273.74115,260,1280.197242
269.84854,190,1280.244887
331.3022,175,1280.24493
258.32718,314,1280.25321
278.1263,309,1280.256913
67.964935,205,1280.413567
267.076,277,1280.465497
305.511,197,1280.572551
264.0575,272,1280.613245
292.338,458,1280.623467
255.03893,271,1280.627679
292.0005,177,1280.652067
35.74495,137,1280.741017
59.7959,102,1280.862236
293.57184,182,1280.979564
258.6151,262,1280.979624
67.91162,106,1281.041579
279.13916,226,1281.149201
31.56569,137,1281.180582
290.93408,332,1281.550988
302.45798,192,1281.60572
278.77118,286,1281.694215
55.145775,135,1281.713852
303.41193,282,1281.721017
273.03085,248,1281.721046
319.2912,373,1281.721056
286.26166,188,1281.721063
297.49347,450,1281.72107
332.20514,168,1281.809257
335.25995,255,1281.989155
116.4331,1000,1282.388459
293.16235,340,1282.388506
289.539,182,1282.451115
300.52722,245,1282.545264
325.03625,206,1282.550393
322.41736,184,1282.558641
330.8506,213,1282.585365
312.7671,224,1282.634601
274.86456,264,1282.786798
311.619,270,1282.786854
305.35712,604,1282.812974
291.0448,216,1282.857914
256.89975,316,1282.88452
76.59773,132,1283.087617
64.57442,96,1283.142462
74.84679,181,1283.247834
263.92426,233,1283.350214
71.60214,133,1283.385146
326.38803,239,1283.468102
56.8313,174,1283.471997
327.44406,286,1283.50554
297.5286,196,1283.604325
284.98196,220,1283.623287
60.317673,143,1283.791237
61.8622,109,1283.794973
296.3415,348,1283.879319
313.75702,195,1283.889996
98.98215,84,1283.924191
42.5558,155,1284.060316
25.487442,158,1284.068105
78.322655,94,1284.15368
346.5394,172,1284.274921
105.24861,118,1284.330146
40.858147,87,1284.393076
191.25063,1000,1284.522992
288.65955,217,1284.636209
256.28433,299,1284.646163
301.44858,200,1284.657329
263.67682,188,1284.809667
21.57454,138,1284.876682
326.1187,189,1284.900242
24.550156,159,1284.904356
257.27045,886,1285.185564
335.84744,173,1285.324752
297.04584,216,1285.381356
337.80807,181,1285.381402
295.82254,178,1285.501439
26.618477,142,1285.724723
316.1206,234,1285.776572
-48.16119,485,1285.796704
44.52662,109,1285.904795
297.2482,264,1285.909215
320.1375,152,1285.947811
330.83948,228,1286.173497
250.74521,337,1286.180401
138.63756,1000,1286.244698
50.569054,141,1286.252519
236.51404,789,1286.38857
350.7013,175,1286.437735
223.58472,537,1286.463028
141.45699,1000,1286.463071
301.36255,158,1286.803172
321.30048,233,1286.807389
295.60843,247,1286.901689
309.6778,292,1286.920942
324.80356,174,1286.92505
85.197205,1000,1286.939691
29.79927,162,1287.030831
315.50195,294,1287.051745
336.4116,153,1287.074032
258.0328,263,1287.210087
340.4973,220,1287.295593
258.28796,292,1287.388927
12.8927765,135,1287.447959
22.505127,117,1287.472909
335.09143,206,1287.688961
286.88745,259,1287.797593
305.1132,346,1287.79764
306.7802,214,1287.8521
75.014984,122,1287.901575
332.87903,294,1287.922798
312.55316,264,1287.922833
85.04222,117,1288.229475
33.4221,89,1288.25483
310.1715,294,1288.309789
309.63046,368,1288.3365
259.94907,985,1288.432681
29.948502,156,1288.494684
254.593,330,1288.54801
277.3187,406,1288.610222
307.27075,322,1288.610255
318.61096,308,1288.640618
334.3144,208,1288.648185
307.79208,254,1288.654763
329.35767,218,1288.756186
311.68713,204,1289.013879
301.2373,187,1289.133131
180.86409,1000,1289.18758
34.27896,161,1289.222897
311.59854,296,1289.402679
324.20038,243,1289.431759
339.97992,215,1289.471273
309.70612,314,1289.52383
314.41342,257,1289.534337
35.999763,93,1289.753941
309.9892,167,1289.83708
309.1214,326,1289.860438
263.10004,314,1289.860485
292.44522,192,1289.967639
320.84186,247,1289.9747
51.95945,124,1289.999454
61.398064,157,1290.030896
331.2989,191,1290.197219
328.13953,228,1290.389967
293.99524,488,1290.492797
37.724205,146,1290.503355
345.53705,196,1290.698043
266.05347,180,1290.698085
249.02661,203,1290.751056
325.57727,265,1290.850559
319.72394,275,1290.865261
314.8642,296,1290.865301
55.072544,136,1290.904995
93.16414,114,1291.133655
231.15375,635,1291.166379
328.62592,178,1291.178369
279.54016,174,1291.537876
291.58698,234,1291.615497
163.59286,1000,1291.623394
337.92828,232,1291.657556
9.638809,121,1291.996779
52.965103,110,1292.039177
152.03616,1000,1292.164448
333.86493,259,1292.175668
278.44537,341,1292.187252
286.17508,673,1292.427065
99.29294,93,1292.539186
275.80533,246,1292.546333
250.56595,485,1292.728805
304.67374,188,1292.875118
155.08371,1000,1292.963543
294.49182,650,1292.982851
51.132614,176,1293.091677
330.2908,190,1293.268409
231.82545,424,1293.268458
82.714905,90,1293.438322
126.62322,601,1293.44256
0.034618378,127,1293.450247
323.97723,373,1293.593286
78.94145,86,1293.598548
49.94086,86,1293.59858
285.21832,223,1293.856148
-47.083572,95,1293.985101
170.12064,1000,1294.034509
24.36,150,1294.04256
52.820488,154,1294.049579
46.741276,131,1294.120499
257.04242,342,1294.213826
267.50674,818,1294.346145
40.864285,102,1294.377966
54.310028,120,1294.512676
305.8405,195,1294.61026
133.21793,1000,1294.773724
248.5518,382,1294.940788
288.80716,346,1294.967552
334.5891,152,1294.978178
100.582825,115,1295.396576
299.6842,327,1295.47099
308.35464,186,1295.486489
316.8759,254,1295.489927
294.6985,358,1295.500894
89.36879,153,1295.551049
131.33846,1000,1295.839302
293.3391,327,1295.858052
288.80286,471,1295.858093
280.65155,246,1295.866261
166.37242,1000,1295.882789
4.8582954,113,1295.894253
49.992535,94,1295.908077
6.3934402,123,1295.960296
11.870441,96,1296.231016
62.860485,100,1296.297339
32.72725,119,1296.323955
38.480125,218,1296.334354
293.8241,227,1296.359136
282.94806,251,1296.363329
187.55179,945,1296.385674
94.1389,1000,1296.400435
227.07175,590,1296.620073
71.72004,84,1296.627603
332.23242,230,1296.790145
255.82895,240,1296.80175
360.89673,149,1296.904971
306.74222,271,1296.947229
7.4067535,186,1296.965073
309.0127,262,1296.979611
26.003735,110,1297.05237
304.38928,184,1297.082548
280.8691,220,1297.203179
308.95978,210,1297.209861
271.07013,227,1297.247673
71.67319,117,1297.363894
24.996758,118,1297.420049
343.61053,208,1297.600481
85.656364,109,1297.6612
273.54144,470,1297.667787
45.190037,107,1297.826733
310.05054,212,1297.860583
338.3181,243,1297.879825
282.7499,209,1297.883201
146.61142,1000,1297.898111
92.38069,71,1297.935088
62.378525,98,1297.975124
287.4936,260,1297.979064
313.3465,314,1298.017952
50.652534,74,1298.165785
84.304955,98,1298.210007
93.965195,95,1298.345927
89.78295,127,1298.374659
317.94653,341,1298.522219
-5.9400063,117,1298.627806
339.6545,217,1298.769618
58.606632,120,1298.984134
318.4962,343,1299.188293
283.72278,395,1299.191661
307.9777,347,1299.238179
-130.96326,503,1299.302107
328.66895,216,1299.601674
303.18536,327,1299.601724
352.90005,411,1299.601733
351.42963,321,1299.605909
78.32216,112,1299.624275
33.149494,132,1299.746779
250.09639,663,1299.752409
322.5116,206,1299.773818
118.76642,79,1299.927214
296.30865,196,1299.942486
267.29742,353,1299.98073
-180.14117,532,1300.033172
6.0139656,112,1300.037165
97.42085,113,1300.176568
34.834442,155,1300.200594
342.13867,161,1300.227237
161.23369,1000,1300.26377
57.941044,98,1300.44183
57.345573,115,1300.453455
-17.455025,293,1300.457179
102.18071,107,1300.472594
90.97356,132,1300.481651
180.30635,1000,1300.52025
316.26703,190,1300.538998
318.3913,202,1300.563277
94.023445,86,1300.627219
93.36716,121,1300.720207
1.0856934,93,1300.839588
62.23489,110,1300.864603
39.48139,110,1300.883851
68.83064,118,1300.91093
96.587395,103,1300.914246
98.513214,120,1300.936956
317.18274,357,1301.015767
364.75336,280,1301.041292
255.90947,226,1301.10848
89.916176,82,1301.160427
88.565704,91,1301.294151
270.64786,196,1301.319682
49.659676,118,1301.470628
-11.935242,166,1301.507144
43.89141,234,1301.525388
288.2515,225,1301.587315
273.1407,179,1301.598607
114.11037,81,1301.626096
-1.0630379,148,1301.668172
69.107895,83,1301.822789
73.049866,112,1301.898539
36.51402,103,1301.919674
7.467888,105,1302.00228
30.098324,108,1302.036836
137.81557,1000,1302.083994
82.43186,92,1302.172847
274.7479,375,1302.324766
296.8046,276,1302.348649
65.695526,145,1302.455184
82.387344,105,1302.498014
298.37262,383,1302.513007
109.97229,131,1302.546917
265.15338,429,1302.56961
298.5293,371,1302.590597
128.33226,106,1302.595179
243.41751,634,1302.669852
70.018654,109,1302.793433
251.92421,316,1302.831023
128.9886,88,1302.874378
57.779747,88,1302.910874
262.92484,332,1302.978671
261.99426,258,1303.023751
45.01288,113,1303.027187
25.699791,178,1303.038929
62.907852,144,1303.170539
275.6531,178,1303.208214
235.17165,719,1303.339855
298.1851,211,1303.433661
323.26044,202,1303.466852
127.22317,170,1303.645133
311.62677,170,1303.696206
318.0481,172,1303.721508
66.6566,99,1303.732394
63.251106,87,1303.777702
11.174301,245,1303.876929
307.98276,255,1303.880964
82.8128,74,1304.012138
0.10777664,125,1304.163228
61.13767,105,1304.167051
337.72116,304,1304.200319
288.38254,363,1304.232212
289.791,202,1304.241353
16.485863,159,1304.249154
327.5465,279,1304.286205
-16.061237,176,1304.384894
263.3072,413,1304.391493
334.14154,207,1304.653491
269.42188,708,1304.671961
56.588974,127,1304.68367
360.58484,179,1304.6837
291.59418,219,1304.696621
62.45157,147,1304.723361
112.86873,156,1304.848476
77.80899,165,1305.024559
320.40463,223,1305.030818
21.422874,93,1305.056471
35.21723,102,1305.077586
95.49223,96,1305.104156
70.071,109,1305.125814
281.49634,254,1305.21306
264.90845,259,1305.240392
91.104675,103,1305.247414
80.9662,88,1305.414266
76.72815,104,1305.429142
342.15485,211,1305.480727
56.71533,112,1305.488251
296.9682,780,1305.499836
195.75604,621,1305.574851
289.15576,306,1305.578632
75.87659,128,1305.601757
77.36662,93,1305.605597
220.3789,415,1305.888028
299.48102,227,1305.896419
317.74683,313,1305.902986
323.4104,207,1306.012735
57.72631,161,1306.047403
338.3178,138,1306.09595
303.09015,231,1306.469617
321.33563,155,1306.469666
270.79498,324,1306.480648
331.09555,265,1306.480681
341.49463,159,1306.491624
314.9513,287,1306.501895
313.66882,273,1306.626484
333.3465,223,1306.730407
330.53458,186,1306.739897
293.0715,203,1306.766029
55.09103,110,1307.03955
296.19067,216,1307.315969
304.1546,213,1307.316021
276.82245,484,1307.323518
321.31662,484,1307.333663
287.26428,230,1307.356477
341.5636,234,1307.361727
315.74548,235,1307.36596
293.8797,238,1307.388607
328.36426,180,1307.425429
354.64362,178,1307.425463
314.59967,222,1307.623327
75.68559,113,1307.854162
323.7419,148,1307.877067
38.86913,84,1307.939805
326.7401,236,1307.955107
311.83304,169,1307.963814
303.10873,167,1307.997535
315.77658,169,1308.010357
327.05823,182,1308.06273
338.32672,195,1308.069654
331.22638,196,1308.085427
272.17798,186,1308.099658
43.688496,119,1308.475581
311.58017,167,1308.535723
316.57074,152,1308.539779
300.0371,292,1308.560709
319.32336,221,1308.927747
303.83856,243,1308.939469
247.4715,279,1308.939502
303.85004,254,1308.950686
133.88666,1000,1308.959055
326.73718,184,1309.184342
348.32242,185,1309.27645
309.68756,209,1309.360979
96.39382,1000,1309.422013
335.4614,151,1309.555478
321.124,171,1309.618218
254.40674,926,1309.662718
280.17383,241,1309.876102
326.85382,153,1309.876152
321.3219,238,1309.876162
321.68152,237,1309.880045
311.34265,181,1309.899375
262.94788,474,1309.914743
263.75854,479,1309.955207
3.415985,191,1310.163802
348.44223,211,1310.178464
314.4649,163,1310.192617
199.2048,589,1310.256387
290.65607,168,1310.319935
41.597004,126,1310.368873
299.1798,221,1310.475069
304.22815,165,1310.555804
279.8659,187,1310.607692
290.30988,228,1310.784436
346.43268,182,1310.893055
329.59973,189,1310.893105
323.42224,164,1311.005012
288.7804,295,1311.10607
343.93997,204,1311.110525
321.86005,161,1311.234731
293.1387,280,1311.342502
78.148346,90,1311.586437
309.01685,296,1311.628228
288.97876,220,1311.642593
321.14996,382,1311.660291
304.21478,228,1311.78393
140.86214,1000,1311.991752
299.2102,261,1312.120589
268.70776,590,1312.167331
232.0518,937,1312.179125
311.4497,251,1312.313161
106.2221,100,1312.380449
337.9737,236,1312.55227
294.63553,379,1312.573474
320.24536,205,1312.573508
304.80536,166,1313.006147
289.93106,248,1313.101203
236.08269,416,1313.17241
327.3062,274,1313.35312
308.53976,207,1313.353169
43.385555,99,1313.544214
68.704124,117,1313.548065
199.1409,514,1313.583321
137.76497,1000,1313.719341
292.82877,315,1313.762946
327.79874,324,1313.780926
253.51212,438,1313.788108
317.34912,224,1313.864974
113.72591,103,1313.945227
344.93472,183,1314.055223
322.42596,189,1314.07736
41.674805,129,1314.088495
-75.06794,525,1314.191637
53.63075,132,1314.383272
108.06046,1000,1314.409764
297.36383,190,1314.46906
7.626606,113,1314.523366
298.8822,206,1314.591243
238.0427,936,1314.605108
199.69873,1000,1314.736495
73.68936,97,1314.750583
328.31604,276,1314.843498
306.47614,335,1314.843543
304.81354,207,1314.851957
315.94516,233,1314.984684
71.22361,153,1314.994816
345.52167,212,1315.00299
320.34674,169,1315.244488
121.20118,1000,1315.485814
341.8527,186,1315.552837
188.84749,471,1315.57223
253.25232,292,1315.576417
329.52335,163,1315.614144
-64.20163,473,1315.76121
-155.84027,83,1315.888626
308.45557,340,1316.048726
337.0419,178,1316.306539
239.2727,447,1316.306583
271.32343,405,1316.310666
349.24158,149,1316.342512
243.58713,436,1316.530097
341.9666,205,1316.83123
16.176746,123,1317.005692
200.35652,659,1317.050862
230.11273,567,1317.177846
242.17679,518,1317.237442
222.3776,595,1317.268912
264.72903,490,1317.454763
322.9936,170,1317.477863
204.02582,521,1317.490904
299.56384,177,1317.670316
-122.82892,497,1317.796301
193.21555,805,1317.926361
27.187271,126,1317.964846
332.01846,220,1318.065386
296.37982,199,1318.221976
-94.290016,118,1318.255649
-9.777451,705,1318.266428
-101.79935,534,1318.352505
232.37291,546,1318.398774
214.10693,550,1318.454517
307.4868,150,1318.515964
278.09308,263,1318.6951
195.03961,690,1318.950731
356.77258,188,1318.97962
-25.068962,525,1319.06279
331.27545,227,1319.09953
339.1197,171,1319.10807
338.06454,185,1319.108099
258.01685,508,1319.128166
242.90703,564,1319.429443
259.07498,247,1319.456088
272.17255,316,1319.473633
281.33734,393,1319.48156
315.41162,240,1319.604671
298.67334,172,1319.769433
247.8605,598,1319.781447
311.6554,240,1320.043838
296.87845,198,1320.193135
311.12866,373,1320.542969
230.9841,570,1320.554418
296.1026,287,1320.576885
313.74817,255,1320.603408
326.09888,296,1320.91616
-83.41239,511,1321.07638
-48.95349,526,1321.090045
210.19148,507,1321.441996
333.00116,361,1321.449103
311.8111,222,1321.45744
332.17413,235,1321.484113
233.74829,661,1321.540544
306.5243,282,1321.637087
268.61133,288,1321.670941
282.29257,195,1321.675171
126.64459,1000,1321.951192
274.10428,253,1322.073104
289.09424,251,1322.077277
143.06941,836,1322.194993
278.0805,278,1322.637842
260.39404,313,1322.686022
288.4766,255,1322.68963
304.4007,172,1322.760733
293.9552,323,1322.764921
324.2303,239,1323.033001
271.76523,365,1323.12283
289.34348,403,1323.233899
143.65822,1000,1323.402949
277.16113,244,1323.597782
284.73267,235,1323.611105
321.7253,222,1323.634706
295.54498,374,1323.672517
180.41609,1000,1323.694937
278.22443,569,1323.694969
309.65723,269,1323.807592
305.5976,178,1323.909792
117.94437,101,1324.045074
166.6339,1000,1324.095628
322.33484,255,1324.357381
289.22354,342,1324.417155
300.85168,225,1324.449308
-3.4882011,126,1324.51895
255.81708,231,1324.667316
291.79016,215,1324.725884
298.99817,290,1324.725957
298.90692,274,1324.725967
319.58813,169,1324.739352
313.3144,279,1324.747508
254.21843,506,1324.97923
272.58673,782,1324.997883
281.05923,608,1325.036909
151.47304,1000,1325.34385
303.54248,219,1325.371684
285.21906,208,1325.534116
264.6093,305,1325.587529
299.65103,257,1325.937839
272.50458,320,1325.948161
315.2346,328,1325.994759
318.40204,335,1326.00598
238.56097,469,1326.156298
287.46332,309,1326.195809
239.73686,404,1326.217646
273.6792,432,1326.633312
264.69763,524,1326.730219
311.13538,230,1326.831071
221.72177,679,1327.053126
320.05328,218,1327.057452
316.95007,386,1327.068357
249.58936,511,1327.312837
270.0511,340,1327.332844
298.7484,358,1327.336911
291.42172,292,1327.340689
324.53204,470,1327.356529
139.45642,1000,1327.433534
-81.18448,604,1327.699573
314.42886,302,1327.813836
313.27106,206,1327.867201
283.82208,207,1327.875092
-41.3409,456,1327.925937
330.7882,216,1328.178016
268.24927,379,1328.294673
343.82394,259,1328.294718
288.01944,228,1328.294727
319.74054,256,1328.30193
327.14783,254,1328.301959
-255.61311,633,1328.440728
308.51614,175,1328.474576
314.8722,175,1328.589979
329.1653,210,1328.673987
279.3567,302,1328.849409
268.458,299,1329.008121
293.3573,240,1329.101542
296.0681,210,1329.109812
335.7882,210,1329.109846
292.11084,230,1329.195969
332.84824,199,1329.247051
301.05237,255,1329.286528
332.2755,186,1329.317395
220.08524,520,1329.337361
158.54932,673,1329.342884
321.3236,236,1329.365283
272.67868,212,1329.683611
244.09586,675,1329.691608
43.455154,143,1329.850652
319.527,264,1330.043822
329.5805,247,1330.079815
266.4511,221,1330.195893
305.42517,296,1330.256621
328.75943,244,1330.256678
288.32562,178,1330.361104
307.04968,260,1330.361164
280.69556,301,1330.361174
310.49353,226,1330.554543
310.69058,193,1330.584746
227.50854,587,1330.934666
274.62534,229,1330.941747
-1.9599991,481,1331.088695
-11.261223,487,1331.197491
294.16412,251,1331.20915
284.70404,227,1331.220151
322.4505,279,1331.248911
246.8181,573,1331.300737
81.552536,124,1331.407817
302.00134,319,1331.470873
331.9896,241,1331.497931
327.67374,305,1331.726573
350.9855,166,1331.846052
292.5365,196,1331.853585
283.16437,212,1332.045884
310.9516,232,1332.166955
143.39955,1000,1332.175096
265.2292,233,1332.324055
323.15604,182,1332.440742
275.3672,253,1332.475204
190.98892,691,1332.713174
227.28455,614,1332.743312
345.4777,209,1332.863264
-14.944656,495,1332.873592
312.77734,157,1332.937541
331.3222,203,1332.962966
-52.0025,478,1333.092087
166.31157,730,1333.183064
308.0393,274,1333.225127
208.67407,499,1333.246687
343.03177,229,1333.355375
338.48965,197,1333.620314
272.383,260,1333.991653
323.1083,213,1334.203893
261.2703,392,1334.2742
309.821,397,1334.797173
335.57446,414,1334.797222
209.78607,781,1334.891545
331.87738,387,1335.12404
285.87167,933,1335.136508
260.34042,628,1335.144759
229.59807,570,1335.148152
155.74019,847,1335.153481
246.29141,497,1335.161528
329.4063,326,1335.236155
68.76747,96,1335.260241
131.11295,731,1335.278888
275.21405,622,1335.501004
111.056,184,1335.504167
337.48813,205,1335.582722
314.73547,145,1335.697802
107.84092,803,1335.976263
337.30298,220,1335.980559
286.11865,217,1336.118
-49.89973,505,1336.146723
315.22913,261,1336.274988
296.7689,220,1336.36137
314.2682,239,1336.437281
250.51476,392,1336.643751
277.50546,383,1336.643799
270.5819,386,1336.643809
297.16223,277,1336.661433
89.68102,180,1336.810734
257.66785,422,1336.870165
192.65718,481,1337.009779
327.3089,269,1337.025413
330.0224,200,1337.040648
287.92148,272,1337.401885
-4.7487717,460,1337.47863
305.93542,176,1337.544729
340.04736,263,1337.648289
302.99707,187,1337.754835
256.84024,297,1337.797332
276.7368,204,1337.805362
296.282,328,1337.904264
185.90605,1000,1338.110818
312.40256,382,1338.266472
296.05298,426,1338.266517
331.63806,208,1338.266526
326.6181,229,1338.269969
309.06464,331,1338.270002
168.62134,566,1338.310197
314.61298,155,1338.402969
327.36572,165,1338.432563
275.98145,521,1338.432606
328.325,205,1338.543474
332.8345,169,1338.547613
266.448,262,1338.547642
312.9563,239,1338.57064
324.4983,167,1338.758814
326.57697,173,1338.938486
265.41852,205,1339.066115
339.08942,176,1339.077442
315.55505,216,1339.103197
339.26642,185,1339.247082
293.63815,260,1339.26583
350.67804,222,1339.278759
289.19482,273,1339.319883
303.99536,241,1339.349195
80.82222,123,1339.540292
310.25604,287,1339.662815
326.28973,237,1339.662864
123.076546,1000,1339.815886
302.90955,271,1340.304406
309.65314,199,1340.304465
324.80066,325,1340.304482
316.9046,170,1340.31252
304.01996,263,1340.355329
319.32886,292,1340.362756
-120.63266,494,1340.4349
322.17114,293,1340.445057
305.89038,351,1340.445088
287.2085,568,1340.494714
326.21423,318,1340.501946
327.68597,180,1340.517303
330.1753,157,1340.973893
353.15564,213,1341.143433
324.65555,187,1341.168675
324.02264,173,1341.186888
317.56073,178,1341.194855
354.42667,229,1341.198635
276.2488,222,1341.307226
248.75629,219,1341.345648
263.76166,235,1341.361747
296.28168,256,1341.366137
299.59763,289,1341.433784
320.35867,290,1341.437025
38.371864,154,1341.75578
313.70544,181,1341.890648
294.32782,199,1341.908983
-8.22316,151,1342.012923
317.49158,213,1342.016204
301.3994,219,1342.028737
307.95502,185,1342.137393
296.9394,261,1342.363771
151.4001,1000,1342.390679
335.7146,176,1342.430001
254.38626,910,1342.434196
320.9576,336,1342.626595
294.79797,193,1342.885777
282.22812,404,1342.917733
340.25806,231,1342.921645
285.12497,237,1342.929085
327.08466,265,1342.932419
300.11627,271,1342.936648
10.394623,159,1343.04509
309.4833,177,1343.045137
343.97003,294,1343.145282
312.01804,194,1343.184594
112.47329,98,1343.307778
235.44296,958,1343.356694
288.44672,252,1343.364482
315.456,199,1343.402462
299.59888,161,1343.674027
340.79065,206,1343.682374
319.6681,237,1343.828144
182.12668,676,1343.906183
297.55438,198,1343.944737
339.37247,247,1344.084584
216.24829,277,1344.099091
297.13568,307,1344.099123
312.6526,189,1344.113015
337.85858,314,1344.116797
280.71857,278,1344.408364
293.6147,216,1344.488756
275.6309,415,1344.497166
286.7831,176,1344.617272
297.20825,250,1344.621099
221.07117,956,1344.64138
307.63974,230,1344.977987
337.81284,237,1345.035003
313.3742,551,1345.410355
225.82251,399,1345.429967
331.42065,253,1345.473758
333.73663,357,1345.473806
329.00052,353,1345.473816
319.48083,231,1345.498188
322.81696,231,1345.502398
300.29456,339,1345.799284
293.2896,220,1345.832838
310.505,250,1345.988932
330.4939,163,1346.033159
307.15668,182,1346.194189
332.00134,280,1346.530019
283.8684,204,1346.561692
250.93246,240,1346.733071
20.724342,331,1346.751776
344.39087,203,1346.751807
352.88733,199,1346.947618
255.8728,404,1347.004886
307.01892,156,1347.126029
161.93494,1000,1347.169021
304.08917,221,1347.416221
326.22192,204,1347.540548
161.37685,1000,1347.635449
316.87415,232,1347.643509
269.9867,571,1347.6465
319.8745,222,1347.802322
177.62524,1000,1347.922678
324.23737,298,1348.161605
54.31381,107,1348.223257
180.77805,1000,1348.246182
332.7189,161,1348.282891
323.47668,226,1348.296097
261.31644,300,1348.300711
276.35947,962,1348.3372
-125.1351,454,1348.49258
14.48716,102,1348.556545
232.94427,831,1348.616878
-122.448586,263,1348.664038
313.22638,195,1348.668153
295.80643,302,1348.804826
280.64246,180,1348.974466
275.0083,468,1348.978765
277.63947,180,1348.978793
302.77448,172,1348.982718
295.7724,396,1349.061866
98.047554,119,1349.253944
277.00128,194,1349.350539
330.808,292,1349.359278
327.81293,245,1349.490358
345.9176,347,1349.557018
316.56946,179,1349.666794
302.01443,261,1349.666837
302.97473,322,1349.726049
161.89943,1000,1349.86942
86.230194,139,1350.020753
279.75665,282,1350.06298
61.394608,208,1350.151696
331.1205,209,1350.162091
278.43536,287,1350.16212
319.49722,253,1350.226158
306.79672,149,1350.230146
327.5326,182,1350.425182
60.442657,167,1350.511789
131.28934,103,1350.635667
284.7085,274,1350.719156
307.6068,200,1350.79233
306.55347,212,1350.975415
62.839287,93,1350.982102
159.66747,612,1351.012425
256.99487,566,1351.140878
312.5479,268,1351.171228
344.90765,252,1351.186746
83.44766,110,1351.199975
335.70065,482,1351.385785
331.77203,322,1351.385839
321.49707,234,1351.390373
210.02795,817,1351.394274
325.83566,207,1351.755696
37.163837,98,1351.7669
322.1583,292,1351.820266
316.51788,225,1352.048132
45.80352,131,1352.251284
-113.048546,502,1352.320857
273.18518,354,1352.484756
289.1069,296,1352.516357
278.55847,184,1352.516392
89.60219,84,1352.635179
127.02308,1000,1352.785867
13.796337,86,1352.840681
253.60944,250,1353.012402
-166.89519,548,1353.093334
-76.84047,68,1353.108932
353.18155,156,1353.116441
322.04477,177,1353.163519
332.04865,481,1353.224635
57.7376,133,1353.308909
266.9214,323,1353.492962
87.17967,85,1353.49301
271.45895,617,1353.532253
85.3698,109,1353.538925
270.3261,910,1353.538957
96.626205,134,1353.630533
40.41033,133,1354.018623
256.74005,597,1354.06936
297.96573,833,1354.177315
317.51978,249,1354.274984
298.97064,272,1354.283077
328.4425,197,1354.298083
266.81592,320,1354.334691
71.86206,96,1354.383003
312.9518,298,1354.642128
-135.4638,186,1354.766698
304.61295,367,1354.946077
295.58728,504,1354.950186
155.58174,1000,1355.01857
337.43118,171,1355.035179
259.90314,216,1355.098173
283.08588,395,1355.147708
178.42317,1000,1355.222242
334.11694,247,1355.72572
275.8027,215,1355.78076
327.55936,199,1355.784744
339.20477,221,1355.80337
284.75653,670,1356.107304
309.8753,267,1356.116418
-80.146164,520,1356.290425
80.27108,129,1356.297795
202.51761,532,1356.372927
339.06628,157,1356.387904
301.01447,186,1356.435092
167.45076,1000,1356.487946
-108.962036,484,1356.499129
291.7558,413,1356.615242
263.84674,644,1356.633935
309.34277,166,1356.759551
63.70674,132,1356.894862
102.16592,159,1356.899236
84.998245,93,1356.995165
-113.47807,490,1357.101337
309.82184,216,1357.120104
278.05975,276,1357.166324
272.3824,256,1357.342107
320.05835,240,1357.414605
251.06326,837,1357.480817
289.14612,253,1357.587182
290.15466,217,1357.587228
323.17496,185,1357.69628
327.9334,320,1357.707034
279.04303,342,1357.745653
325.2818,171,1357.775705
71.82761,93,1357.837992
320.8318,241,1358.08905
275.62473,316,1358.097196
329.19537,264,1358.107246
-311.46692,115,1358.146266
301.78732,213,1358.158027
25.385616,108,1358.500765
296.00198,231,1358.591099
287.36853,208,1358.641955
298.12927,288,1358.845049
336.6391,210,1358.953711
62.483097,1000,1358.975076
306.12604,371,1359.003872
31.80859,134,1359.14279
331.0563,282,1359.173408
314.75696,477,1359.234714
279.55365,215,1359.40182
339.57922,132,1359.456638
299.16666,673,1359.46472
223.21625,472,1359.572916
130.56204,1000,1359.602988
356.24902,173,1359.632202
299.39175,207,1359.632241
347.62503,167,1359.640167
49.934105,164,1359.80416
223.72559,586,1359.831161
87.99418,99,1359.842927
106.239845,134,1359.923225
333.1359,211,1359.955898
183.70105,545,1360.190299
44.937004,151,1360.208433
90.17964,78,1360.212235
45.64357,92,1360.30036
206.89868,574,1360.354238
307.82175,235,1360.480065
109.12309,73,1360.498918
272.86682,362,1360.641428
284.80408,261,1360.650981
269.13287,222,1360.706778
319.55707,289,1360.728857
324.70508,263,1360.853588
79.31363,104,1360.915936
15.503155,101,1361.031881
222.07867,429,1361.128991
17.024147,243,1361.144408
89.377655,89,1361.194136
343.5462,243,1361.252294
307.7177,271,1361.415151
337.23404,201,1361.426583
276.5196,242,1361.426625
72.952225,82,1361.449727
311.97388,192,1361.476349
203.22147,775,1361.497825
353.50952,153,1361.51088
-85.48814,478,1361.66409
291.218,251,1361.679061
42.818546,149,1361.771242
97.85301,87,1361.804664
308.4514,173,1361.918003
26.699005,98,1362.025477
0.4960251,138,1362.025518
103.43358,101,1362.050049
-37.375786,496,1362.125205
316.43658,215,1362.229859
262.62125,208,1362.229906
330.63306,202,1362.252927
296.40863,222,1362.264307
97.15972,117,1362.561257
55.253,139,1362.56802
267.97888,455,1362.870197
313.31784,225,1362.875032
47.40242,169,1362.91057
15.059746,154,1363.170046
263.45508,312,1363.216171
315.86584,354,1363.270188
-54.851894,484,1363.27661
267.29633,272,1363.303158
59.223923,1000,1363.497581
-80.23937,244,1363.519683
-120.965164,494,1363.65294
102.53754,127,1363.759465
-79.90944,522,1363.796096
30.598717,153,1363.808022
319.02686,288,1363.985865
304.31357,280,1363.985913
337.8283,180,1363.985922
294.4425,470,1364.035476
292.15613,230,1364.053759
300.99808,257,1364.485554
319.22247,187,1364.501358
281.4726,165,1364.61259
314.54614,265,1364.664117
-118.15717,501,1364.797317
98.842575,1000,1364.862425
324.4591,214,1364.88129
318.5255,244,1364.932084
337.8636,289,1365.163512
-166.90994,501,1365.213477
326.4306,198,1365.28775
326.02505,174,1365.306594
292.65714,347,1365.338892
175.23132,808,1365.34974
-61.558434,483,1365.669997
9.905254,112,1365.730044
288.8827,298,1365.952354
237.42558,577,1365.975214
313.3534,286,1365.979265
321.29474,173,1365.990453
302.21832,212,1366.016912
269.58005,351,1366.024396
252.14355,301,1366.024424
302.86646,261,1366.270542
158.58147,744,1366.342261
247.13705,536,1366.541529
332.60394,159,1366.545416
290.88208,182,1366.658092
309.01324,351,1366.667978
303.2928,198,1366.713991
255.63553,280,1366.71785
286.5445,268,1366.732089
-127.123985,507,1366.852561
22.547417,172,1367.198017
300.9319,232,1367.2165
312.35876,254,1367.232694
48.102287,151,1367.245415
274.24634,182,1367.364061
312.41556,201,1367.625053
317.0699,241,1367.636209
333.33472,288,1367.644227
83.27798,111,1367.654004
307.86057,278,1367.793554
-126.13276,488,1367.865906
-35.19581,497,1367.872518
305.77686,500,1367.912829
270.66187,175,1367.916589
311.12805,313,1367.920753
-16.885834,510,1367.956276
115.93269,105,1368.026436
265.9463,277,1368.277533
58.251606,97,1368.284748
273.18793,251,1368.316971
58.51851,110,1368.376269
71.327286,141,1368.457769
124.42924,152,1368.493624
-6.569626,122,1368.497661
0.96178436,116,1368.728811
327.42242,259,1368.796037
301.78088,242,1368.80415
349.506,302,1368.808242
317.29272,308,1368.823363
24.141869,152,1368.863713
104.43524,1000,1368.967129
67.33949,147,1369.025583
333.5842,170,1369.032925
324.3919,158,1369.102093
316.50702,227,1369.190444
311.02838,185,1369.205387
285.83115,403,1369.205433
113.39065,144,1369.341961
37.658775,174,1369.466588
282.13428,192,1369.542584
326.02997,194,1369.848305
338.49744,307,1369.992489
337.7673,316,1370.068086
342.2947,274,1370.068127
294.3001,289,1370.068136
338.0348,231,1370.068143
287.0522,246,1370.14129
322.58813,300,1370.175202
316.2357,337,1370.749459
334.81067,201,1370.830745
309.60956,218,1370.894961
211.73648,982,1370.951022
285.36188,598,1371.010227
334.65466,402,1371.063402
318.7516,492,1371.07378
312.74768,246,1371.073811
299.0359,307,1371.157547
49.934677,120,1371.459099
296.904,565,1371.484198
70.98021,104,1371.547222
301.78156,228,1371.614372
344.094,210,1371.625145
150.12779,1000,1371.687441
293.10486,434,1371.713517
296.5083,235,1371.797844
286.5182,551,1371.939439
333.84433,230,1371.950118
315.38345,475,1371.982022
295.83667,513,1372.028165
308.14868,225,1372.331706
305.4765,185,1372.331757
322.8208,182,1372.392102
302.12982,181,1372.490098
327.61328,219,1372.568698
300.7189,246,1372.583737
267.64456,319,1372.721689
295.2434,202,1372.721738
300.10175,210,1372.764181
270.20248,451,1372.806964
11.730133,186,1373.047175
344.68402,271,1373.068909
64.12358,206,1373.131244
299.073,202,1373.178305
314.92462,612,1373.304885
271.25693,454,1373.308658
360.8465,150,1373.666271
338.79013,277,1373.666324
351.97125,223,1373.684366
115.0726,157,1373.747491
301.71033,322,1373.988884
292.37424,384,1373.997235
270.7381,324,1373.997278
247.08035,516,1374.001984
60.24689,115,1374.12405
328.60498,399,1374.138374
274.61533,281,1374.17028
263.49072,826,1374.272408
297.50833,251,1374.298561
320.65128,258,1374.328328
241.31255,293,1374.331869
311.80573,184,1374.389022
51.769722,208,1374.49413
307.64838,217,1374.591064
329.13245,155,1374.594897
297.32654,191,1374.850307
296.73254,227,1374.858608
309.96112,257,1374.970329
320.65308,213,1374.970382
311.0226,258,1374.981715
295.65353,194,1375.006693
320.16013,167,1375.017853
306.83008,185,1375.031701
277.28568,358,1375.483842
284.91302,214,1375.682311
345.9469,286,1375.692747
276.06696,231,1375.753072
307.80106,416,1375.920041
311.51572,248,1375.928309
213.58655,444,1375.999923
307.9619,258,1376.028569
313.69662,278,1376.043538
318.123,270,1376.04841
186.59344,851,1376.063305
335.45203,257,1376.482822
329.90747,160,1376.548639
282.84406,242,1376.633633
318.293,187,1376.650992
312.8925,232,1376.659149
307.02863,423,1376.65918
325.79132,260,1376.691254
355.15332,188,1376.758675
340.62585,201,1376.836617
332.91388,217,1376.883446
181.81229,614,1376.953517
301.67926,182,1377.188
7.653511,178,1377.235347
267.00778,365,1377.456496
222.59715,642,1377.463678
341.12073,173,1377.558635
325.52576,171,1377.618671
296.38635,325,1377.879815
280.734,321,1377.879863
272.40674,326,1377.90391
307.627,299,1377.903949
315.29913,208,1377.983405
296.7903,164,1378.17647
323.74057,188,1378.176515
310.9759,390,1378.180885
317.4834,193,1378.187626
286.5595,278,1378.297332
310.28494,189,1378.338156
117.067696,1000,1378.338196
240.39462,393,1378.349056
267.71625,444,1378.356393
76.09143,132,1378.41161
300.0127,177,1378.572519
46.931274,99,1378.580594
81.15585,116,1378.79887
266.37933,734,1378.839352
274.60352,175,1378.872295
317.33752,144,1378.872337
309.3279,256,1378.908836
328.47766,188,1378.923302
310.61456,222,1379.072564
313.64697,354,1379.266394
299.5614,218,1379.278131
335.1397,185,1379.30391
308.82745,245,1379.319882
303.0252,165,1379.452088
-48.06106,107,1379.685723
106.2912,118,1379.716092
325.92035,259,1379.863214
51.007256,170,1379.958462
337.95184,284,1379.958523
309.69797,364,1379.969169
319.34485,295,1379.969199
284.03864,238,1379.973345
319.0273,283,1379.988623
293.3155,251,1380.253184
96.32907,87,1380.301795
38.415817,132,1380.467916
268.5439,158,1380.472384
338.4846,147,1380.526724
311.4275,214,1380.530818
247.53394,661,1380.539351
313.42493,151,1380.578418
319.09613,235,1380.589053
326.83862,233,1380.889244
333.08694,232,1380.889287
79.13313,104,1380.992182
338.4084,234,1381.180009
316.5589,168,1381.20243
75.31767,173,1381.229164
71.90625,100,1381.278025
326.4235,227,1381.368315
46.32016,99,1381.601488
106.652855,124,1381.654779
283.04547,870,1381.739431
300.13763,361,1381.876076
303.16937,190,1381.928595
318.94885,183,1381.977463
306.67773,256,1381.977499
318.6675,429,1381.977508
337.65747,288,1381.996242
324.0528,379,1382.003553
34.93483,168,1382.010585
264.8758,819,1382.084278
152.33856,1000,1382.219777
38.916527,175,1382.271605
31.445736,82,1382.284699
27.847908,155,1382.462403
24.263832,136,1382.48739
329.03864,155,1382.511432
305.4256,504,1382.526314
11.123627,153,1382.579451
317.86636,203,1382.759065
303.72394,298,1382.781326
325.39267,277,1382.785195
312.1364,264,1382.983327
336.67712,255,1382.983383
342.739,201,1382.983399
324.35986,194,1383.030303
134.49155,1000,1383.289926
302.8527,212,1383.344909
364.5576,156,1383.367924
332.24103,287,1383.371635
273.77094,342,1383.393201
303.30157,159,1383.402083
105.77809,117,1383.430913
-2.6305237,143,1383.529059
95.679794,80,1383.693012
30.54203,160,1383.896031
322.5758,402,1384.117038
305.57245,420,1384.11709
316.5197,298,1384.1171
287.5019,183,1384.124786
69.36359,78,1384.188247
310.5423,214,1384.206449
289.74115,267,1384.38201
261.36774,495,1384.382072
311.56567,274,1384.385961
318.4707,231,1384.41128
314.10248,191,1384.427678
42.71395,95,1384.485816
12.782078,129,1384.615064
321.62967,330,1384.631347
56.88979,119,1384.67716
265.42206,581,1384.691642
43.66011,162,1384.753534
69.03581,145,1384.951782
300.49997,216,1384.962241
3.8680077,126,1384.973925
69.973465,104,1385.016268
108.34541,100,1385.077628
259.7662,541,1385.107295
283.391,179,1385.107358
325.5035,175,1385.107373
69.38063,112,1385.194719
28.452866,134,1385.212761
306.30157,276,1385.27939
276.46152,657,1385.332942
51.10235,108,1385.384957
339.61465,267,1385.436008
357.99152,178,1385.799471
300.90204,144,1385.824955
299.27637,378,1385.850712
116.221054,85,1386.116175
300.90222,290,1386.439102
310.1117,392,1386.481215
323.38788,275,1386.488172
299.249,478,1386.4882
297.7822,356,1386.488209
284.1936,172,1386.492417
272.12592,350,1386.539223
325.04007,303,1386.546102
292.87607,457,1386.741
315.7103,243,1386.79258
75.09179,105,1386.951493
36.39113,142,1386.990139
-13.008072,132,1386.998154
340.62,244,1387.07051
-64.29773,509,1387.169603
314.47736,192,1387.282708
60.02234,98,1387.38283
365.45795,158,1387.415695
64.03467,172,1387.424767
79.32646,114,1387.613918
335.43848,221,1387.809679
268.88538,341,1387.809727
332.03513,342,1387.809736
309.86734,192,1387.81758
254.66867,358,1387.877405
269.14667,791,1388.099416
320.08765,182,1388.130463
271.43787,789,1388.148757
309.5854,240,1388.218871
45.000866,116,1388.331365
300.34717,256,1388.372316
346.6047,195,1388.372361
250.7453,844,1388.383734
35.84526,159,1388.432332
62.64239,102,1388.518585
97.632935,115,1388.539058
300.95807,193,1388.56105
303.15686,210,1388.635793
317.87555,212,1388.635831
128.15366,109,1388.738401
106.50837,94,1388.784708
341.22137,170,1388.791882
57.502686,91,1388.902821
46.939373,98,1388.906766
64.95237,85,1388.950985
-19.75386,154,1388.971596
-94.2358,74,1389.074125
89.89705,102,1389.130906
78.98688,102,1389.170227
292.42957,289,1389.470871
307.65796,329,1389.470919
285.4698,253,1389.478809
32.57798,163,1389.599059
304.90616,574,1389.62444
87.089386,131,1389.646577
292.5348,268,1389.670961
104.866486,97,1389.867491
312.61383,175,1389.867535
280.023,257,1389.909461
332.81183,213,1389.9095
289.02924,426,1390.017299
319.7913,322,1390.1569
48.09539,127,1390.160643
372.8563,177,1390.178325
306.47388,206,1390.278429
-5.5881042,99,1390.284726
144.08005,1000,1390.350312
188.09732,870,1390.362323
280.12097,206,1390.393568
313.3531,147,1390.422113
305.75128,136,1390.425729
-15.160267,149,1390.577987
92.05923,112,1390.600809
352.3741,138,1390.806304
277.70703,315,1390.829438
64.64234,183,1390.846789
334.89337,194,1391.00792
318.0328,210,1391.142833
13.551453,162,1391.207522
349.049,227,1391.279291
285.3274,243,1391.28216
56.57218,126,1391.305794
271.97614,326,1391.388005
106.733986,88,1391.642057
256.92532,327,1391.664507
58.054283,122,1391.675047
316.62405,226,1391.706117
39.61609,166,1391.932428
311.36227,239,1392.076886
312.29718,277,1392.086237
130.22131,91,1392.283106
342.1839,302,1392.46162
297.74243,210,1392.47168
288.1398,493,1392.483692
297.58722,196,1392.483722
270.6132,454,1392.56478
113.6465,134,1392.596804
254.77763,618,1392.769892
158.93166,1000,1392.804827
60.977367,111,1392.879368
299.4218,327,1392.938027
333.76978,147,1393.149638
143.63123,1000,1393.470145
80.63681,117,1393.583766
344.04144,227,1393.616424
331.03174,283,1393.620422
107.43647,1000,1393.672906
266.50012,401,1393.797947
62.16256,137,1393.988316
323.96182,324,1394.029178
293.58173,297,1394.063191
297.63998,524,1394.086589
84.09994,118,1394.086632
325.30032,474,1394.279924
290.39,286,1394.680825
312.01257,277,1394.680872
294.60287,265,1394.692918
281.55417,225,1394.932445
65.50342,115,1395.120149
134.50012,1000,1395.202769
347.19116,185,1395.372887
161.16866,1000,1395.486182
323.42004,380,1395.511216
209.85503,839,1395.646637
52.879913,96,1395.850848
285.93506,326,1395.903207
39.7261,115,1395.945817
29.752888,123,1396.117195
127.93384,1000,1396.263654
316.24213,292,1396.316436
325.60962,248,1396.321808
290.84555,367,1396.326876
97.371445,101,1396.344016
225.46811,644,1396.504175
146.29478,1000,1396.66838
31.281445,116,1396.760702
303.831,733,1396.806193
12.478798,137,1397.019832
297.6507,799,1397.024196
304.52036,314,1397.05063
292.84753,202,1397.08127
287.1242,259,1397.250661
282.5172,353,1397.250721
68.89288,85,1397.345978
284.50375,272,1397.368209
328.07623,183,1397.452031
329.456,208,1397.452076
320.1918,303,1397.464096
255.5632,203,1397.578452
64.13053,1000,1397.600626
310.9994,413,1397.689568
114.21365,118,1397.697358
51.725555,101,1397.726619
336.98688,173,1397.734573
366.9095,189,1397.734598
19.110981,100,1397.831978
45.485954,154,1397.832038
352.07645,231,1397.923741
138.85452,1000,1398.04891
333.59558,183,1398.382999
317.42792,173,1398.383061
304.8559,147,1398.391032
338.1043,220,1398.433202
299.98492,187,1398.44428
320.3873,305,1398.534181
314.8947,198,1398.595909
307.77908,267,1398.599408
74.81874,194,1398.798647
323.9936,282,1398.81315
283.13303,363,1398.842032
88.07013,86,1398.914943
170.71082,1000,1398.918902
105.46763,90,1398.934047
108.96438,141,1398.984238
291.53418,421,1399.06603
335.98883,302,1399.072696
296.6349,239,1399.301528
309.90717,241,1399.301576
316.51276,229,1399.3057
285.91644,246,1399.320616
91.51456,121,1399.394402
309.69086,155,1399.504892
312.94363,160,1399.527675
290.90814,190,1399.558253
283.84528,198,1399.562512
225.03906,274,1399.838591
284.7135,345,1399.842855
301.02243,157,1399.91026
322.64633,248,1399.933277
65.77549,176,1400.066135
317.75104,203,1400.077533
324.52386,291,1400.174452
324.08414,227,1400.185863
275.37845,234,1400.193672
349.2671,298,1400.20856
330.91876,173,1400.215719
299.72046,198,1400.280839
56.217957,113,1400.362016
294.83032,222,1400.409476
300.47113,170,1400.486912
312.97995,334,1400.787257
321.1676,199,1400.834016
293.00012,183,1400.906374
304.23065,264,1401.105336
329.7094,207,1401.226383
285.14673,360,1401.238233
334.84866,273,1401.245603
286.8725,277,1401.271628
244.60747,972,1401.432632
251.3616,311,1401.438459
324.38165,219,1401.648793
333.58447,217,1401.757692
309.0409,372,1401.816442
315.1284,359,1401.902314
333.2588,240,1402.047168
336.91785,211,1402.062928
323.82913,215,1402.067966
315.31494,203,1402.067995
-175.95303,499,1402.161873
326.31,224,1402.311253
276.73706,273,1402.311301
275.68564,376,1402.311312
308.12567,173,1402.329232
-344.758,562,1402.477781
98.86215,134,1402.558732
235.55934,324,1402.679102
56.159126,178,1402.735883
27.244545,127,1402.78797
337.6477,193,1402.799468
319.9314,235,1402.7995
278.591,240,1402.993148
290.13162,327,1403.03203
97.91339,81,1403.114072
62.292267,99,1403.198056
325.4707,147,1403.263182
298.37756,246,1403.263229
328.54004,249,1403.274417
26.645607,210,1403.292859
112.428246,103,1403.394661
17.274742,137,1403.552063
328.2863,215,1403.57842
343.71625,200,1403.581963
120.034744,85,1403.597774
247.53964,952,1403.601763
305.5517,462,1403.606172
74.53798,92,1403.614075
106.14603,86,1403.620906
323.34283,141,1403.653956
37.86889,124,1403.72827
113.95906,123,1404.083767
79.5748,126,1404.128325
-7.032814,149,1404.158994
-1.3419609,135,1404.247399
306.68866,326,1404.437491
298.675,223,1404.45196
322.3928,231,1404.459987
272.30493,237,1404.481637
85.67413,117,1404.605891
292.0954,296,1404.723
81.45947,106,1404.853852
310.77917,337,1404.894271
303.55493,368,1404.956385
328.72266,220,1404.971164
60.07948,102,1405.105016
-23.242683,85,1405.171221
333.77618,290,1405.186046
307.9103,193,1405.191055
83.72894,100,1405.355413
110.347565,90,1405.460172
16.64875,149,1405.464124
43.56086,138,1405.483916
296.09308,379,1405.68994
276.11572,365,1405.826231
322.5765,175,1405.862387
232.7021,345,1405.929782
163.54199,1000,1405.994738
325.5985,219,1406.029552
314.3294,247,1406.125872
161.98036,1000,1406.154115
332.2083,218,1406.300311
187.16199,1000,1406.392609
338.19547,257,1406.469216
-201.32562,184,1406.632838
290.8883,155,1406.719465
182.09055,622,1406.857309
323.35077,227,1406.860961
328.56946,309,1407.042985
64.83029,95,1407.076964
322.91016,223,1407.144687
333.08588,262,1407.148984
55.944027,87,1407.18515
290.96545,213,1407.196283
121.208725,1000,1407.200021
-105.56797,157,1407.456252
329.50742,277,1407.531641
264.65457,445,1407.538835
272.772,242,1407.56284
324.2235,134,1407.724202
297.53558,227,1407.956267
328.84332,203,1407.992998
332.48227,218,1407.993044
323.09186,609,1408.029975
294.95917,545,1408.127231
63.311172,155,1408.13832
308.4935,300,1408.208584
304.86115,169,1408.21603
290.83057,279,1408.234026
306.28128,187,1408.252992
298.68555,303,1408.370402
323.83694,252,1408.69342
318.05237,197,1408.719444
317.87683,196,1408.748357
94.58922,162,1408.853221
279.74213,240,1408.920457
337.9002,242,1409.135729
321.9312,240,1409.135775
123.237915,1000,1409.194091
31.392601,137,1409.273097
106.30885,1000,1409.299996
96.020874,111,1409.34199
321.57428,258,1409.35215
313.78314,318,1409.356101
306.7345,325,1409.49122
39.186893,104,1409.581483
319.0206,195,1409.592757
58.259033,144,1409.689954
329.9357,170,1409.931037
327.91867,328,1409.957409
89.25113,104,1410.004233
283.93405,170,1410.008094
311.9419,199,1410.117287
282.31482,216,1410.124961
261.8353,552,1410.149653
329.5758,215,1410.408044
280.5564,308,1410.517131
289.57898,389,1410.618155
274.6134,260,1410.675068
335.93018,214,1410.815433
336.03235,228,1410.863035
282.55377,889,1410.863078
328.9361,248,1410.863087
346.17767,190,1410.867105
327.9186,230,1410.990088
348.06403,233,1411.011118
324.2683,227,1411.270537
-31.34224,509,1411.436054
305.54102,252,1411.475282
309.8587,179,1411.545281
314.73444,232,1411.556968
340.26813,248,1411.565493
315.10522,266,1411.831294
271.35098,253,1411.831338
249.33386,222,1411.860903
154.50717,1000,1411.955432
257.2116,575,1412.149343
87.10637,87,1412.198326
286.35748,251,1412.240106
276.88617,359,1412.247633
53.79405,122,1412.304368
78.67133,133,1412.347882
217.35303,958,1412.381524
313.34668,239,1412.395825
80.84689,113,1412.666884
280.575,479,1412.696638
83.703445,129,1412.733686
300.2245,216,1412.771494
341.73303,332,1412.830941
335.22723,185,1412.844969
301.1107,377,1412.880809
304.5664,234,1413.084509
279.9029,197,1413.094989
288.4341,191,1413.122939
346.2729,203,1413.152756
351.0695,173,1413.360224
341.0905,169,1413.381976
311.17615,191,1413.500697
112.44879,122,1413.556893
231.78752,381,1413.741393
296.4325,308,1413.832954
341.06757,265,1413.836655
85.99858,104,1413.945951
292.97064,257,1414.094991
320.81805,267,1414.099308
68.67029,169,1414.489048
291.8679,367,1414.549443
288.32477,223,1414.600471
73.303955,132,1414.600511
329.99072,321,1414.60052
302.7475,470,1414.672476
327.50476,197,1414.707399
213.66403,487,1414.707449
249.57007,828,1414.711291
172.78362,1000,1414.808124
76.69525,104,1414.884848
318.85876,210,1414.906964
83.66684,124,1415.082322
55.303543,98,1415.089997
92.71384,123,1415.294707
31.321342,108,1415.314679
162.15288,1000,1415.39781
277.62396,418,1415.45703
306.6087,564,1415.690156
322.99194,250,1415.69854
284.46527,613,1415.733856
287.29907,211,1415.928848
323.63605,213,1415.928896
277.40076,312,1415.938391
268.1975,341,1415.945933
275.88885,267,1415.965689
318.28857,210,1416.142506
335.24426,253,1416.290382
286.86627,218,1416.315293
304.46136,197,1416.470031
337.33282,188,1416.477508
294.3272,174,1416.614658
32.591923,120,1416.618242
38.943268,188,1416.664026
315.6197,224,1416.821513
6.745079,130,1417.166831
311.27203,247,1417.24876
294.21982,207,1417.25847
305.1382,439,1417.396884
278.95364,763,1417.521669
297.0772,279,1417.536515
280.12744,243,1417.546895
317.08936,320,1417.550901
66.06967,119,1417.849302
67.54887,118,1417.969154
348.90125,198,1418.000874
64.01956,81,1418.271114
320.83466,196,1418.284012
353.90048,242,1418.470777
132.10815,1000,1418.478582
139.8291,128,1418.489843
254.781,358,1418.527968
178.07947,1000,1418.551354
284.34476,454,1418.556563
44.794807,122,1418.772589
318.77502,245,1418.798038
268.71542,765,1418.896887
286.5645,351,1418.896934
98.60756,114,1418.93286
301.25684,190,1419.026574
165.6576,1000,1419.273185
351.2198,183,1419.72377
317.03528,219,1419.732187
254.81937,327,1419.741054
303.19437,213,1419.748973
260.4877,327,1419.764185
158.95796,1000,1419.822068
277.0083,291,1419.894237
36.46226,116,1420.167831
334.4943,173,1420.41694
351.8096,185,1420.439271
-1.8812485,163,1420.443695
321.12244,306,1420.443721
151.95683,1000,1420.451403
303.49072,176,1420.563307
260.85895,552,1420.677758
74.89477,101,1420.840896
9.737476,109,1420.874259
101.79935,112,1420.881335
-17.341858,119,1420.889115
286.82343,659,1421.102652
175.13765,1000,1421.106729
221.5583,668,1421.113753
262.5699,357,1421.117835
197.38449,641,1421.264835
23.940033,151,1421.264888
311.23492,193,1421.31498
322.12473,237,1421.374716
300.79248,171,1421.493479
74.841644,102,1421.650908
288.75122,409,1421.733663
290.69952,227,1421.73733
289.44012,228,1421.749007
359.19788,236,1421.763858
320.9837,136,1421.778639
13.915886,137,1422.010773
33.260754,87,1422.112688
338.5033,280,1422.183788
339.81393,214,1422.183834
336.54395,235,1422.206311
23.71917,133,1422.280032
295.07907,328,1422.354689
317.28424,190,1422.379891
349.9107,164,1422.384342
71.00258,124,1422.491479
92.43499,92,1422.538397
361.18723,211,1422.553636
340.057,379,1422.553669
356.82254,220,1422.58466
169.6676,1000,1422.724279
89.2686,97,1422.746577
57.596424,97,1422.855021
318.39526,218,1423.003972
344.26086,168,1423.012732
334.2397,241,1423.027795
272.57034,511,1423.06274
25.673122,127,1423.067128
310.03833,250,1423.168616
62.972824,148,1423.322823
321.67422,259,1423.349673
71.569984,99,1423.424334
315.4659,248,1423.495693
331.3874,258,1423.549419
153.54459,1000,1423.593122
41.97226,136,1423.596978
295.04276,227,1423.607367
230.53433,400,1423.824875
337.13437,330,1423.828259
297.06485,252,1423.839214
294.92468,190,1423.900447
59.61504,123,1423.962468
63.49759,138,1424.136537
350.16934,173,1424.207973
292.50122,309,1424.255358
294.55966,397,1424.549985
77.429565,113,1424.562365
87.57381,105,1424.662342
85.31494,127,1424.698504
326.42886,239,1424.737895
333.95886,218,1424.737931
307.62228,330,1424.860054
304.7598,233,1424.860114
264.89023,376,1424.869099
242.21783,409,1424.895732
266.34192,405,1424.908063
114.376434,95,1424.933301
339.8889,350,1425.16482
291.8635,415,1425.169418
69.122856,104,1425.284941
-219.74463,612,1425.371804
333.96704,189,1425.42639
303.22998,202,1425.440036
14.089043,161,1425.523366
283.80255,258,1425.546233
290.94983,211,1425.676545
274.79114,256,1425.717104
295.46066,154,1425.778632
331.53326,185,1425.897954
279.91864,272,1425.913872
335.67432,258,1425.932063
47.628036,151,1426.026385
6.886917,152,1426.136101
298.00598,228,1426.304348
57.943882,137,1426.415231
91.670105,84,1426.453075
67.90708,142,1426.560669
251.15009,360,1426.678321
282.68948,480,1426.704317
331.08093,227,1426.798667
351.7865,240,1426.827127
347.71313,314,1426.926935
57.889072,90,1427.043896
330.91818,214,1427.117112
304.599,172,1427.331104
291.90015,261,1427.450435
306.69846,233,1427.454918
315.86414,299,1427.567125
159.36046,1000,1427.662357
330.22043,219,1427.666669
280.83838,274,1427.851402
260.1077,654,1427.887273
62.557297,146,1427.898103
322.36475,255,1428.022833
274.93073,294,1428.049494
61.435707,155,1428.049534
81.51606,111,1428.088279
225.41422,711,1428.243863
230.90213,973,1428.458706
89.42912,122,1428.543332
313.2451,269,1428.5792
289.40686,385,1428.582578
112.68288,122,1428.698204
328.9013,189,1428.753442
351.60724,238,1428.773455
342.5524,203,1428.809501
262.01242,244,1428.809541
317.38126,216,1428.834672
254.34763,266,1428.845293
89.56319,75,1428.86406
56.555546,97,1428.907109
90.246864,104,1429.193348
320.38507,200,1429.200333
275.33862,912,1429.23685
-86.660576,487,1429.284839
325.06668,154,1429.330626
53.163616,130,1429.391768
81.518906,156,1429.391815
118.59336,1000,1429.476442
304.82098,201,1429.593769
288.05402,216,1429.593815
290.16254,309,1429.751271
280.72742,240,1429.761106
336.5537,281,1429.772741
302.84183,170,1430.13353
335.59763,221,1430.137058
354.70975,244,1430.141146
94.149216,126,1430.229886
291.36005,383,1430.321172
284.77563,307,1430.37281
302.8981,259,1430.577194
62.08416,137,1430.748236
284.04993,327,1430.836733
336.87335,184,1430.836795
263.25287,379,1430.84074
273.2293,408,1430.891533
7.7800407,93,1430.935604
311.05893,262,1431.134989
273.93744,508,1431.182058
279.24466,230,1431.195951
298.39188,243,1431.304541
169.66684,1000,1431.470786
-82.925514,457,1431.524518
320.56543,166,1431.58408
322.39642,177,1431.584119
297.39023,191,1431.588735
326.48187,253,1431.810166
112.72397,84,1431.889696
281.7979,305,1431.912356
278.53546,318,1432.061852
-30.75763,513,1432.096252
277.8285,235,1432.099887
78.90538,78,1432.114913
289.0365,244,1432.123069
277.9035,215,1432.130996
314.78693,183,1432.164992
295.26306,221,1432.365564
73.78537,87,1432.435931
288.82343,179,1432.748735
290.77634,265,1432.914134
315.35858,376,1433.01919
226.3205,981,1433.153882
291.39307,618,1433.497576
126.14687,1000,1433.570803
305.4752,540,1433.633493
312.08362,390,1433.640948
306.96637,243,1433.663856
294.24847,325,1433.663887
262.72345,348,1433.678128
284.64697,429,1433.736553
302.76672,469,1433.901325
60.625374,102,1433.950348
59.246605,151,1434.216168
342.7177,628,1434.311
288.20645,369,1434.311048
311.57828,232,1434.543055
342.95013,233,1434.559761
313.35925,434,1434.646802
314.0611,242,1434.809523
321.11414,369,1435.01037
314.87207,200,1435.010416
318.20502,201,1435.013886
271.0409,519,1435.051623
17.156136,122,1435.1972
-114.27367,494,1435.270168
296.59784,220,1435.279668
307.02704,327,1435.342453
296.4245,431,1435.455653
292.3993,275,1435.467912
282.64856,201,1435.645627
315.27734,210,1435.677299
128.44658,1000,1435.699144
145.86871,1000,1435.718094
282.10263,246,1435.784615
254.95029,595,1435.784648
297.2381,315,1436.038717
93.42085,84,1436.044816
232.99612,285,1436.226745
299.41245,308,1436.226808
308.2879,308,1436.236026
308.51282,211,1436.354043
275.6974,235,1436.462713
59.797394,74,1436.482242
262.18103,361,1436.593602
301.68207,444,1436.602762
304.14557,259,1436.609211
304.67023,363,1436.794634
85.990906,117,1436.830746
19.166698,119,1436.965847
181.77632,1000,1436.978832
297.31122,238,1436.989715
281.09216,299,1436.993126
97.00125,129,1437.371314
312.70773,259,1437.42159
306.5957,181,1437.560983
326.3459,305,1437.561029
304.74524,346,1437.570525
333.5964,424,1437.573986
291.45755,216,1437.656555
98.08955,1000,1437.822165
220.04077,696,1437.870195
281.36966,175,1437.921279
263.19293,388,1438.012873
303.47687,381,1438.028381
100.73341,173,1438.103435
326.40363,179,1438.122823
115.49336,84,1438.183495
324.03784,221,1438.26687
337.79364,199,1438.282754
-86.00076,612,1438.29176
297.47485,239,1438.319868
73.29581,93,1438.411941
13.109421,135,1438.523383
309.13794,169,1438.540383
292.4002,249,1438.604701
139.9249,1000,1438.612266
-112.198555,532,1438.668323
333.8376,258,1438.849492
286.17908,218,1438.881909
268.33914,470,1438.910875
334.71173,205,1438.939173
67.21643,117,1438.993905
309.6624,249,1439.062582
320.80594,245,1439.075743
145.37927,1000,1439.212524
318.85892,254,1439.224906
325.27582,176,1439.22496
322.86865,213,1439.225021
353.82397,236,1439.279724
303.4865,309,1439.302642
109.76018,127,1439.388482
89.29229,86,1439.546426
51.210342,127,1439.697788
315.29315,213,1439.726864
319.0331,259,1439.749181
32.610313,124,1439.778401
308.09674,214,1439.883988
299.6984,264,1440.052493
5.8268394,97,1440.055851
314.70096,385,1440.059205
37.341476,140,1440.137309
272.511,307,1440.186545
264.21906,309,1440.192631
76.474014,134,1440.304275
311.87976,195,1440.341207
294.3015,520,1440.540151
307.7456,157,1440.549577
304.41516,159,1440.801517
287.0329,195,1440.805
132.858,88,1440.817507
7.8790627,101,1440.8783
315.19302,272,1440.922624
337.5918,275,1440.938499
223.70796,602,1440.98322
162.38283,1000,1441.045608
342.48184,251,1441.155466
302.9228,331,1441.206386
247.51877,343,1441.293373
285.95334,186,1441.41509
298.6395,819,1441.480155
326.8239,186,1441.573523
314.42212,263,1441.669279
309.82697,251,1441.681497
326.86322,171,1441.692239
146.23358,1000,1441.782425
74.3185,109,1441.820222
295.1175,271,1441.897666
274.0362,284,1442.179288
319.35004,443,1442.219015
267.5948,209,1442.322192
254.59015,459,1442.383409
339.60858,279,1442.444911
312.47546,249,1442.460733
340.51797,452,1442.624458
312.17535,393,1442.649224
287.4052,316,1442.690858
298.29333,999,1442.724129
278.30347,317,1442.928271
177.57906,1000,1442.981614
71.29556,77,1442.99227
306.8579,194,1443.039761
343.5776,186,1443.087213
49.555904,80,1443.289082
297.21027,205,1443.3801
294.40265,187,1443.631092
353.8943,214,1443.669238
326.8957,202,1443.777704
326.50583,441,1443.822542
312.7019,220,1444.020074
351.18512,209,1444.072334
144.67546,1000,1444.205823
317.98846,217,1444.38794
321.92468,174,1444.397696
283.41718,194,1444.418967
15.893414,117,1444.462889
88.082886,141,1444.493284
236.196,558,1444.533697
259.6372,713,1444.621243
288.40305,468,1444.624421
0.4830475,137,1444.905634
60.74021,160,1444.922024
263.83267,665,1444.935025
71.345024,108,1444.964767
318.6552,252,1445.027086
133.0365,1000,1445.087973
349.63605,174,1445.088016
139.37787,1000,1445.126075
272.20932,300,1445.369251
228.70525,285,1445.419307
167.1671,1000,1445.508333
303.38922,197,1445.575257
45.56022,141,1445.588116
36.260376,154,1445.592683
281.3188,197,1445.605155
149.22177,1000,1445.786282
312.7107,283,1445.829143
291.81122,291,1445.838657
62.930946,149,1445.969576
327.1701,298,1445.978703
315.4035,219,1446.100133
295.62335,330,1446.137007
316.2155,174,1446.143579
56.47818,141,1446.271188
263.44427,259,1446.384777
322.36554,255,1446.384823
184.77692,630,1446.43411
274.58667,392,1446.600752
92.58137,93,1446.722925
342.70657,249,1446.748673
291.12225,246,1446.74873
273.37277,371,1446.748745
285.28088,310,1446.755292
347.55914,216,1446.817407
171.52618,1000,1446.853077
45.605907,84,1446.866177
243.51852,291,1447.023782
-218.98476,67,1447.03829
19.450611,106,1447.096577
27.721298,127,1447.170315
107.27797,133,1447.183846
272.55603,275,1447.265725
285.25238,313,1447.272233
323.6431,356,1447.282189
301.92517,466,1447.32047
306.98862,310,1447.378717
259.1366,224,1447.476654
279.4699,189,1447.480127
285.0608,236,1447.489523
324.85602,196,1447.489549
335.109,157,1447.774305
110.2985,1000,1447.817769
86.037254,174,1447.93846
301.55536,209,1447.954472
312.70392,270,1447.96717
298.12152,293,1447.970711
302.3647,217,1447.970737
305.93164,175,1448.04318
301.58902,235,1448.23979
21.769085,94,1448.260692
316.2912,339,1448.266809
211.85295,312,1448.312327
213.07668,262,1448.322821
327.92242,208,1448.475076
44.235855,103,1448.596671
338.16574,201,1448.606665
269.40518,208,1448.629097
267.53903,233,1448.67724
268.66406,291,1448.696366
320.37604,229,1448.768302
82.24158,101,1448.798888
275.7456,296,1449.2051
333.3814,234,1449.349201
299.36685,210,1449.464074
311.5805,263,1449.464123
276.89978,274,1449.467319
330.53766,244,1449.470585
298.00836,253,1449.480406
226.60815,808,1449.616564
285.6336,767,1449.61661
333.50577,268,1449.616619
61.481777,144,1449.660295
104.930786,79,1449.712459
-106.56834,495,1449.901276
44.822903,94,1449.927061
246.52165,252,1450.296789
300.4502,270,1450.345287
205.22961,895,1450.345327
355.79788,193,1450.345336
302.63654,224,1450.345343
237.79767,367,1450.530884
80.28929,80,1450.776668
278.05698,272,1450.78623
334.72992,285,1450.803039
58.702248,85,1451.071245
327.29846,240,1451.09577
107.34071,1000,1451.135597
275.02753,254,1451.141787
-161.47412,529,1451.151648
-135.49521,512,1451.247839
331.42072,193,1451.38513
152.12889,1000,1451.417474
99.09034,95,1451.435378
296.0245,214,1451.458583
242.34961,375,1451.471639
98.69501,108,1451.471679
245.56952,632,1451.474953
163.37564,1000,1451.503559
85.574646,89,1451.524995
125.27614,125,1451.540717
87.27927,155,1451.558036
294.30112,603,1451.577399
269.56522,410,1451.628684
323.59985,410,1451.628723
84.51344,87,1451.657885
113.57346,126,1451.868103
60.36753,141,1451.878328
78.756905,112,1451.928872
80.09966,116,1451.999025
344.55057,160,1452.01429
45.45754,113,1452.022633
92.616516,128,1452.045787
257.37634,209,1452.100163
270.21268,195,1452.206798
268.9375,231,1452.303889
270.52515,258,1452.307414
73.32646,126,1452.432103
349.32477,311,1452.493403
96.37219,114,1452.57457
79.857445,95,1452.611476
88.083725,110,1452.659897
304.9251,208,1452.704516
304.9303,395,1452.811407
282.90738,532,1452.811448
54.120792,107,1452.830665
46.655872,101,1453.132874
283.38776,357,1453.185615
306.5918,359,1453.211951
259.6903,429,1453.285408
290.37238,196,1453.446092
324.06458,209,1453.50808
70.47914,107,1453.564802
-487.5907,481,1453.655604
43.016968,137,1453.728672
310.11804,195,1453.819979
270.0491,370,1453.852566
289.2441,207,1454.172671
104.028885,113,1454.216041
64.66753,144,1454.29364
281.99335,224,1454.393867
355.80817,253,1454.393916
291.93982,203,1454.401888
305.269,553,1454.408331
-184.41818,527,1454.422289
58.658077,123,1454.632654
143.94368,1000,1454.725403
62.80614,129,1454.813831
309.7762,159,1454.902549
54.026306,169,1454.944053
-52.452965,476,1454.989944
19.246521,99,1455.12814
162.99472,1000,1455.128187
157.4271,1000,1455.187851
344.9046,317,1455.207793
44.29634,147,1455.464095
275.01108,329,1455.473902
325.32324,169,1455.490811
250.99312,271,1455.497253
178.87137,1000,1455.663342
282.87253,189,1455.737056
59.518356,194,1455.754206
268.91403,436,1455.790397
278.8141,279,1455.796641
92.89949,1000,1455.800403
32.879395,134,1455.902852
61.12738,162,1456.005872
299.53,295,1456.129063
102.61489,73,1456.132283
291.8778,304,1456.177495
21.78714,135,1456.181162
39.46387,125,1456.19431
316.927,231,1456.232987
63.301117,65,1456.343417
130.88892,1000,1456.364764
355.29114,224,1456.520275
91.9133,121,1456.588022
59.554268,105,1456.591409
290.13055,386,1456.72454
-47.35312,118,1456.747812
338.14194,169,1456.7638
283.6728,268,1456.89357
308.2713,233,1456.960364
43.195984,100,1457.052666
63.582855,103,1457.101283
311.3379,292,1457.10133
-219.01605,421,1457.1177
27.38483,113,1457.263654
40.554214,210,1457.278079
291.97137,281,1457.3041
334.9517,237,1457.304142
45.744522,191,1457.368946
-4.0759506,127,1457.462363
79.0902,114,1457.48416
155.25827,1000,1457.537153
50.24966,114,1457.638214
54.905293,108,1457.644473
21.558983,128,1457.670789
69.66533,130,1457.716495
77.579124,127,1457.772634
76.931946,81,1457.89776
221.48264,663,1457.953948
142.27614,1000,1457.957283
263.5089,282,1458.002887
35.95705,121,1458.160875
58.00677,86,1458.232819
12.2015,76,1458.250664
307.0608,263,1458.305372
14.400124,127,1458.308806
46.11129,92,1458.466813
329.3302,299,1458.505012
28.344643,93,1458.615457
38.976265,127,1458.663867
-187.03995,652,1458.707296
114.44904,108,1458.827148
-7.33535,574,1458.827194
341.36072,161,1458.84331
178.50365,1000,1458.920885
258.05246,395,1458.936481
73.21532,123,1459.019673
327.03378,353,1459.11044
333.72833,443,1459.110488
279.11057,628,1459.134062
242.30927,515,1459.153006
73.5053,156,1459.175459
96.36717,115,1459.208774
29.335857,128,1459.234621
27.4968,130,1459.242239
96.85245,126,1459.33641
73.72765,70,1459.360588
254.48555,345,1459.36062
288.42328,266,1459.370697
22.78888,119,1459.401165
39.664326,67,1459.455788
100.72409,119,1459.495342
82.51163,106,1459.495383
311.36884,208,1459.585051
21.310715,123,1459.604951
28.442116,157,1459.617052
101.92317,103,1459.691073
104.12401,101,1459.694524
8.954338,109,1459.752001
56.160213,84,1459.764419
-97.4196,61,1459.800961
68.736435,68,1459.804478
12.15271,64,1459.898184
59.466015,92,1459.914746
28.46175,73,1459.929901
330.42834,206,1459.996939
298.62366,162,1460.012136
44.82043,103,1460.076957
101.5314,103,1460.089814
325.8955,290,1460.102735
47.756126,105,1460.135941
67.54834,110,1460.149014
8.140411,72,1460.240485
268.36203,254,1460.265247
41.898422,113,1460.268393
61.12632,127,1460.295862
30.800144,83,1460.342288
75.477776,132,1460.345604
-3.689968,82,1460.353714
326.13348,357,1460.377565
110.857544,122,1460.386597
59.46445,82,1460.527897
68.77968,136,1460.583278
60.87015,89,1460.659182
23.122284,129,1460.681077
-40.7931,114,1460.746328
42.827538,135,1460.774194
6.4693756,144,1460.800018
129.68576,81,1460.838711
250.23611,199,1460.872492
142.3942,1000,1460.944706
308.21326,207,1460.974078
269.56467,194,1460.989031
283.2677,275,1461.001428
13.582714,94,1461.070548
315.8913,293,1461.092268
5.012329,123,1461.095735
89.82701,97,1461.172183
317.9025,223,1461.260956
52.011642,104,1461.310252
-34.54845,92,1461.362616
66.35811,100,1461.409524
37.721493,102,1461.584801
65.18556,121,1461.697652
63.522846,122,1461.751134
289.5769,207,1461.754841
340.99078,272,1461.764352
326.64072,301,1461.920352
284.11603,351,1461.920398
295.0798,234,1461.920408
190.094,1000,1461.933053
33.8697,109,1461.936496
314.5243,414,1462.00532
285.4075,371,1462.011846
322.4145,321,1462.021605
-4.538254,108,1462.11188
99.926506,86,1462.212101
51.568604,91,1462.212143
292.00525,262,1462.250171
313.54144,176,1462.263129
80.01918,105,1462.270077
26.262238,150,1462.404278
83.229614,133,1462.439712
143.08348,1000,1462.58345
56.209938,183,1462.612798
101.25766,108,1462.625128
344.37625,280,1462.667146
285.69394,281,1462.667191
358.00745,207,1462.681154
335.77985,176,1462.691047
83.12538,97,1462.767307
71.19442,175,1462.792305
5.604328,129,1462.834153
331.31976,181,1462.863273
241.44696,576,1462.866724
300.08063,208,1462.898226
94.12128,88,1462.907628
69.36542,123,1463.027797
87.99356,83,1463.031213
52.936028,146,1463.061456
294.10608,285,1463.184702
12.010796,138,1463.315294
8.4965515,150,1463.324806
95.26776,102,1463.400084
33.497307,118,1463.418014
104.15219,79,1463.446527
278.11047,243,1463.584502
340.50458,177,1463.610897
295.3201,291,1463.621098
297.0481,291,1463.633893
115.20688,95,1463.711985
77.9074,90,1463.715155
294.55988,579,1463.812209
33.031845,108,1463.95909
120.54753,101,1463.959138
319.83057,393,1463.973632
330.76096,234,1464.080703
81.25631,144,1464.084151
45.01779,198,1464.087566
74.84483,127,1464.118881
281.83185,445,1464.304331
307.14862,440,1464.320277
66.58358,146,1464.41997
78.26572,114,1464.439502
7.7923927,133,1464.504876
35.52289,143,1464.569753
300.87036,236,1464.716114
290.01514,288,1464.723149
81.261185,165,1464.83922
333.83832,376,1464.906243
311.63223,307,1464.929535
275.8862,518,1464.970387
76.49956,174,1464.974447
31.212471,152,1464.990534
311.02908,461,1465.053703
52.430244,114,1465.092454
95.04324,84,1465.114488
3.2385674,113,1465.274683
100.45671,105,1465.330944
27.552006,122,1465.463454
93.19627,178,1465.526329
44.64899,105,1465.683673
74.71939,100,1465.786593
4.6131897,155,1465.790025
339.42752,219,1465.813116
141.95485,90,1465.813145
191.9387,257,1465.816978
335.4181,338,1465.823015
323.2738,553,1465.868846
277.38196,235,1465.888051
103.161,1000,1465.906331
84.827545,101,1466.139737
120.21912,1000,1466.143232
99.431465,87,1466.149802
69.511116,104,1466.149827
298.66055,433,1466.387537
252.97559,181,1466.40098
77.69634,82,1466.414797
108.00566,128,1466.566384
242.9766,238,1466.6848
308.6969,271,1466.775916
81.73478,131,1466.828675
322.9472,245,1466.953327
310.87677,168,1466.975405
319.78503,414,1467.143401
324.7647,226,1467.1503
271.622,309,1467.157249
67.87535,105,1467.170658
364.4692,163,1467.222018
90.591225,90,1467.245238
90.422295,92,1467.276824
345.8581,188,1467.393871
88.45935,102,1467.478026
91.66348,104,1467.508134
130.4816,1000,1467.557503
52.530132,135,1467.586325
157.687,1000,1467.711952
-15.350941,124,1467.805473
300.8557,197,1467.809357
303.02786,379,1467.823982
205.1046,1000,1467.847301
31.041195,110,1467.847355
321.47903,194,1467.888346
32.39199,150,1468.010913
31.146873,89,1468.112749
112.12608,103,1468.141733
60.412254,183,1468.168244
57.38213,93,1468.190535
37.660645,120,1468.233134
80.73506,133,1468.240727
270.62195,263,1468.4571
332.65134,379,1468.467569
281.01898,372,1468.496778
284.75616,242,1468.500198
20.305721,90,1468.528916
324.93237,168,1468.554591
55.94769,134,1468.626219
356.6961,181,1468.753669
280.8686,307,1468.841255
123.375305,1000,1468.952258
123.677895,1000,1469.057181
147.96173,1000,1469.088181
33.995834,100,1469.160918
317.0412,207,1469.163577
324.04572,322,1469.179471
316.1803,223,1469.182762
312.9438,312,1469.247174
67.26428,77,1469.302594
319.79617,268,1469.355394
339.09613,250,1469.355438
309.2424,386,1469.355447
59.769196,89,1469.443782
338.56042,290,1469.456991
1.0202217,89,1469.4637
45.74078,95,1469.467096
314.2636,318,1469.476956
65.59677,110,1469.534059
319.19858,197,1469.584121
277.70593,264,1469.600936
98.22307,97,1469.753705
296.5725,214,1469.774689
26.86805,104,1469.8015
53.110294,91,1469.827158
334.8089,166,1469.898665
325.80707,203,1469.908745
93.51371,144,1469.954557
72.226654,116,1469.987991
351.63647,225,1470.041173
42.72431,100,1470.095013
267.47345,231,1470.114197
329.44373,234,1470.123756
259.98657,204,1470.130164
97.24137,91,1470.208475
91.844055,93,1470.393843
271.95108,299,1470.442664
325.8338,241,1470.566241
42.646004,137,1470.56944
319.05188,324,1470.639114
327.96228,249,1470.754901
295.2528,269,1470.767658
331.96497,209,1470.783292
315.91138,181,1470.786643
279.9138,294,1470.786671
354.70972,250,1470.790037
45.394016,70,1470.790059
293.55206,236,1470.798939
93.975266,90,1470.925688
345.87366,270,1470.985317
268.07202,367,1470.992134
11.093315,107,1471.094284
47.386852,103,1471.127161
66.576355,114,1471.153384
43.347286,124,1471.182547
18.974861,129,1471.201909
340.25378,244,1471.220721
-72.48139,84,1471.263244
97.72338,85,1471.408353
301.63858,278,1471.463798
65.64369,83,1471.47563
73.33778,95,1471.532696
316.7792,261,1471.626282
314.28748,267,1471.630229
303.0418,385,1471.633831
296.25568,262,1471.633857
87.15906,91,1471.766681
79.25041,113,1471.770078
166.6324,1000,1471.854523
51.07343,79,1471.885842
58.138943,90,1471.923256
36.091835,96,1471.936571
269.71054,305,1471.973912
113.09644,119,1472.014597
68.05554,89,1472.054891
324.10178,185,1472.062163
302.59354,246,1472.062194
274.86496,353,1472.069925
88.376785,81,1472.244109
52.591484,108,1472.294154
-12.496643,162,1472.303729
68.079994,87,1472.303761
76.29343,75,1472.314332
302.1886,265,1472.399842
294.35992,375,1472.409446
336.29797,444,1472.594891
4.177994,172,1472.62729
282.4806,492,1472.690955
282.7883,196,1472.698198
310.06158,229,1472.798504
320.47986,168,1472.838025
286.82916,188,1472.844564
339.85898,206,1472.950872
318.48965,211,1472.97593
276.2894,331,1472.992894
43.40609,131,1473.014037
251.49432,257,1473.131265
289.81097,394,1473.155932
-19.222294,152,1473.278469
281.96094,304,1473.365175
318.75128,166,1473.36869
275.99454,482,1473.406096
253.1422,253,1473.499141
329.65402,220,1473.693272
322.17166,233,1473.693318
94.9293,105,1473.70316
299.6714,315,1473.703193
304.33078,384,1473.85147
311.63934,222,1473.863349
34.347744,76,1473.933684
296.88028,325,1474.049666
307.0078,341,1474.062401
334.05328,245,1474.062434
297.04535,400,1474.121049
320.29126,283,1474.265211
282.17975,245,1474.27848
289.8708,187,1474.289749
112.42275,102,1474.403919
290.1963,645,1474.479407
304.30933,217,1474.642438
318.5152,177,1474.642489
291.09232,386,1474.651887
285.59308,248,1474.65835
270.2588,260,1474.709727
302.76358,315,1474.72339
116.81184,86,1474.751403
304.1654,240,1474.830318
333.77747,192,1474.91702
285.00623,201,1475.045532
312.78943,241,1475.051593
88.62106,112,1475.082896
294.58707,174,1475.216659
73.38695,124,1475.229578
283.66647,487,1475.27323
322.1466,203,1475.294863
302.41785,364,1475.301532
294.2105,207,1475.308916
298.11835,204,1475.308946
297.5012,210,1475.423682
305.67722,388,1475.533346
335.23624,224,1475.630401
265.81787,293,1475.643617
67.329025,110,1475.653156
43.111282,150,1475.703053
316.32855,169,1475.80518
320.02728,187,1475.805227
281.72983,239,1475.808334
290.4355,243,1475.814979
83.32067,101,1475.970592
333.73825,184,1476.002101
69.54029,150,1476.005827
-2.4072075,100,1476.128342
315.9662,268,1476.140953
41.725853,112,1476.165406
305.58038,301,1476.2507
176.59145,1000,1476.331547
81.49439,157,1476.463922
337.87686,383,1476.51338
323.7273,456,1476.523339
331.04,228,1476.527393
338.23013,249,1476.800029
288.73212,204,1476.813704
334.60602,341,1476.901486
307.4748,243,1476.914559
301.89,251,1476.928493
317.65945,346,1477.101646
287.8916,499,1477.225603
304.44574,225,1477.246177
304.81418,230,1477.249629
68.12248,126,1477.323576
347.55493,212,1477.479766
-31.462215,115,1477.608141
300.44708,171,1477.879701
309.30695,235,1477.984895
282.71783,276,1477.993578
290.19873,168,1478.033379
278.2627,352,1478.033416
266.8978,412,1478.239626
300.64676,451,1478.249932
318.543,195,1478.253211
292.56116,601,1478.260054
62.441826,110,1478.342835
260.06537,608,1478.424475
251.93771,596,1478.444168
223.71417,732,1478.600834
351.48773,210,1478.708396
112.651695,1000,1478.833361
132.16219,1000,1478.913561
312.67032,213,1478.944689
293.8239,221,1479.056078
278.86093,318,1479.05942
284.65717,252,1479.073744
293.25555,338,1479.087991
321.2051,262,1479.088025
267.41925,241,1479.199874
299.42126,299,1479.400618
325.27762,219,1479.412453
89.336075,115,1479.422507
290.22845,261,1479.438543
295.55182,189,1479.438577
86.886024,157,1479.554663
330.2181,183,1479.660607
337.80353,238,1479.660655
276.35016,211,1479.750443
269.53375,474,1479.763048
89.785614,126,1479.831622
296.42438,214,1479.873979
50.908573,107,1479.89323
299.7146,261,1479.896705
309.22632,200,1480.042923
303.024,197,1480.042968
256.15393,212,1480.108472
79.68002,118,1480.141115
-31.195435,245,1480.179219
299.3052,206,1480.322325
2.4522438,110,1480.398207
134.16077,1000,1480.455355
316.16254,237,1480.653511
324.826,256,1480.689733
294.516,271,1480.696536
351.87628,202,1480.750777
79.13732,186,1480.76976
274.24255,578,1480.77544
298.3518,212,1480.812593
32.60642,118,1480.826953
338.1843,347,1480.85409
241.95227,379,1480.866502
281.77823,309,1480.876097
90.96834,181,1480.892119
298.65048,214,1481.083823
163.16241,1000,1481.083868
233.69028,325,1481.088237
69.73979,114,1481.231633
54.31331,104,1481.416008
54.61642,111,1481.439451
351.0265,196,1481.446153
286.73532,224,1481.548343
297.72314,242,1481.548387
345.56842,241,1481.551567
347.22675,211,1481.557814
329.99814,268,1481.557841
275.63135,216,1481.564041
303.82004,258,1481.579749
280.7014,279,1481.786592
8.676403,114,1481.90596
106.21777,121,1481.930607
102.19745,131,1481.96878
61.478676,132,1481.978029
296.87527,415,1482.010912
333.9641,302,1482.035132
316.396,195,1482.052331
63.124786,88,1482.06217
269.87018,476,1482.165255
59.59061,103,1482.251555
296.94543,224,1482.282975
318.72296,231,1482.28302
283.22812,335,1482.283029
292.23175,266,1482.283036
49.655643,108,1482.318922
71.12862,100,1482.379636
74.78706,108,1482.394507
57.7615,99,1482.483079
49.94273,87,1482.562675
5.614624,95,1482.5882
44.505398,111,1482.67514
84.9281,138,1482.697283
311.0708,219,1482.737285
38.692387,154,1482.779248
297.0454,275,1482.782692
339.935,241,1482.782724
312.54556,144,1483.148845
289.39178,501,1483.152316
289.33844,379,1483.190565
106.74748,157,1483.211615
288.41547,252,1483.396107
308.04187,299,1483.467778
304.3247,326,1483.467824
309.3453,207,1483.470927
323.75485,345,1483.51441
295.9397,263,1483.650018
253.37871,422,1483.662367
92.86122,85,1483.779516
321.9607,213,1483.839715
94.752335,128,1483.87028
26.964516,152,1483.877123
264.78882,254,1483.970673
262.00803,426,1483.970721
34.428295,113,1484.013973
1.3563156,75,1484.10649
65.84201,88,1484.155421
314.94095,323,1484.225608
324.14832,351,1484.335559
241.13463,537,1484.506048
284.026,329,1484.506096
257.54846,551,1484.509323
284.34198,341,1484.541035
73.62986,158,1484.606889
127.19678,1000,1484.613653
280.97662,309,1484.624065
265.42358,256,1484.785397
279.44708,245,1484.796893
322.28076,289,1484.895242
317.73907,234,1484.906318
262.14423,356,1484.915947
253.35312,350,1484.956274
339.16736,228,1484.959807
89.22551,134,1485.042233
303.52203,175,1485.07717
323.1916,190,1485.235863
283.35327,220,1485.251955
116.73649,114,1485.318937
47.426456,92,1485.334744
276.8994,276,1485.397847
317.45654,249,1485.708597
270.9828,247,1485.722955
285.74243,234,1485.726527
270.82474,341,1485.730204
56.370537,104,1486.044333
320.78326,261,1486.091898
302.90042,252,1486.147302
280.82404,290,1486.203409
296.56982,523,1486.210267
313.23492,199,1486.360496
291.4984,489,1486.373798
324.3416,299,1486.37384
288.41736,201,1486.37385
300.38467,454,1486.377038
300.03827,339,1486.441004
304.1705,423,1486.451375
251.71019,654,1486.454579
33.243435,132,1486.46765
293.6634,185,1486.738231
338.90222,203,1486.741446
332.24646,141,1486.826583
318.4521,174,1486.919616
345.0053,237,1487.136228
305.9627,237,1487.204717
287.41125,310,1487.204764
292.00418,490,1487.302717
267.0771,378,1487.675285
257.4999,415,1487.718791
297.98843,207,1487.825429
289.2353,188,1487.832069
246.87256,422,1487.847647
284.9745,220,1487.935712
257.4869,313,1487.9519
279.07623,497,1487.999402
228.81796,393,1488.033842
155.67409,1000,1488.052922
277.8479,515,1488.131886
83.9003,122,1488.24029
257.7873,460,1488.243532
270.08914,330,1488.386354
217.08585,481,1488.400299
336.69202,185,1488.422174
339.95615,188,1488.438588
296.5833,209,1488.607949
310.84006,230,1488.737356
93.89034,118,1488.817285
284.0357,260,1488.867978
294.9826,280,1488.952709
44.5656,104,1489.071286
264.88013,311,1489.13189
297.3935,278,1489.135448
324.48856,229,1489.135475
305.3001,278,1489.1386
288.60132,437,1489.142026
263.6368,491,1489.269706
147.36673,1000,1489.43252
319.7822,311,1489.59633
232.23538,515,1489.596378
274.21503,168,1489.599836
271.0136,408,1489.685566
266.90887,401,1489.698191
296.20972,282,1489.710997
341.3524,245,1489.905421
326.37296,259,1489.957627
266.54977,396,1490.14346
322.38232,255,1490.262892
289.00952,355,1490.278469
297.11087,313,1490.281796
68.16066,115,1490.291526
289.37253,359,1490.294775
60.912895,102,1490.297947
291.73584,213,1490.384304
45.631218,90,1490.432117
321.22723,462,1490.438693
294.23886,261,1490.451597
51.670246,80,1490.519854
264.40524,464,1490.634166
265.2183,386,1490.842443
322.5755,358,1490.86918
318.6921,242,1491.046993
277.02008,451,1491.047037
316.46652,270,1491.140901
265.43158,276,1491.297274
241.03719,381,1491.490378
331.25366,242,1491.597373
289.16077,391,1491.611286
286.16223,431,1491.634278
247.82512,434,1491.662939
242.35016,504,1492.017206
271.801,404,1492.126414
265.36017,530,1492.178593
293.2898,433,1492.411725
241.79785,567,1492.418013
261.18277,357,1492.427132
338.46683,262,1492.430799
252.4086,252,1492.461369
214.01501,443,1492.54056
245.14674,385,1492.847311
326.58777,227,1492.851027
139.53506,1000,1492.873252
291.03406,218,1493.100825
321.9386,215,1493.104393
334.49353,208,1493.113725
353.63394,184,1493.117018
93.180664,98,1493.161388
94.61311,94,1493.170943
-56.249325,502,1493.195792
311.74646,253,1493.204822
50.42875,62,1493.295605
82.432846,91,1493.390918
273.7159,324,1493.443619
107.805046,1000,1493.603195
45.76931,98,1493.611231
168.8585,831,1493.668144
347.654,194,1493.736485
320.56198,219,1493.85909
365.57507,226,1493.924285
269.2004,168,1493.927502
330.8791,288,1494.028461
335.87152,199,1494.230769
279.44495,341,1494.277291
345.11304,192,1494.348727
263.5932,305,1494.594269
-10.830444,449,1494.613561
89.36832,114,1494.656544
156.62527,1000,1494.671695
303.0174,255,1494.681592
316.79343,265,1494.779896
304.24588,268,1494.786124
327.61707,351,1494.79336
248.95631,820,1494.793386
309.99463,199,1494.983763
303.99652,301,1494.993544
151.2389,1000,1495.197745
348.67056,148,1495.257708
265.1838,320,1495.257753
336.54767,273,1495.53787
299.5176,328,1495.681114
325.937,284,1495.681162
280.52795,241,1495.748839
318.58466,344,1495.748879
-133.31201,443,1495.982786
146.20135,1000,1496.021372
256.47552,459,1496.051822
276.26822,409,1496.064188
315.82196,331,1496.234751
332.42657,176,1496.234801
-137.15634,469,1496.256805
71.52178,75,1496.475613
225.032,404,1496.530041
55.515675,92,1496.530088
342.72845,170,1496.557601
325.45953,287,1496.58921
318.419,266,1496.589244
268.13733,424,1496.592615
140.31381,1000,1496.619592
333.6624,240,1496.823422
69.33244,96,1496.848476
88.484474,112,1496.961061
251.09772,646,1497.038644
297.92282,302,1497.038686
231.85582,470,1497.038695
277.82947,444,1497.170243
95.83771,88,1497.240012
-56.27254,131,1497.266917
345.2533,236,1497.295591
260.50708,228,1497.33358
305.2621,243,1497.407865
355.15634,163,1497.557579
305.54926,320,1497.596383
297.88873,226,1497.759845
305.92548,232,1497.779688
100.816025,76,1497.80315
276.4532,190,1497.911479
280.73795,604,1497.928234
301.80975,267,1498.037313
329.37427,252,1498.059885
330.5274,253,1498.16051
341.9203,412,1498.160571
334.27533,230,1498.160587
238.15173,537,1498.220938
310.78076,200,1498.436487
284.78952,289,1498.535396
271.30627,391,1498.53545
292.0065,284,1498.723217
303.20267,217,1498.73332
318.08704,303,1498.743363
-54.963596,671,1498.762016
261.67523,284,1498.843718
352.23196,203,1498.871157
325.75995,251,1498.978687
81.73337,80,1499.034727
313.3073,308,1499.158403
296.60565,383,1499.158448
297.17596,246,1499.324856
268.0588,395,1499.33281
305.35672,279,1499.332842
276.24915,377,1499.372798
296.08716,203,1499.401118
334.0746,228,1499.462091
338.83197,192,1499.465703
113.63039,1000,1499.491193
312.3678,193,1499.494793
257.40594,271,1499.620285
301.34125,207,1499.647555
218.63837,372,1499.752248
332.40445,245,1499.958236
321.6855,188,1499.958286
346.77798,149,1499.962161
307.19797,363,1500.250557
326.3755,270,1500.254509
308.8844,279,1500.30252
244.34421,255,1500.409473
353.29388,221,1500.418573
291.50684,272,1500.441667
250.55746,264,1500.441714
299.26303,297,1500.460942
251.47131,384,1500.495076
278.69604,269,1500.741231
303.34888,232,1500.835983
330.6521,250,1500.90324
304.72174,205,1501.065196
59.17297,94,1501.078137
339.1233,221,1501.305212
318.7616,236,1501.30917
-87.596115,478,1501.388777
323.3719,266,1501.42387
296.76102,272,1501.423917
306.24512,312,1501.423927
312.6714,264,1501.43541
337.6244,291,1501.488537
293.03143,355,1501.582191
275.93884,455,1501.660487
314.74188,198,1501.837708
302.38458,264,1501.847312
257.063,311,1502.0902
282.9062,184,1502.109275
321.06058,191,1502.163215
291.58105,297,1502.48367
319.90396,271,1502.519915
298.51282,278,1502.538026
312.65912,216,1502.546079
330.14716,282,1502.557188
317.82623,239,1502.564965
331.81204,203,1502.677978
246.07254,401,1502.682025
291.8916,294,1502.691681
300.28052,150,1502.812011
252.65944,287,1503.031844
317.97067,239,1503.144255
146.51147,1000,1503.22417
9.145546,469,1503.248574
297.6673,200,1503.562483
277.11722,201,1503.571802
271.83246,262,1503.727275
294.50598,299,1503.85347
303.97772,274,1503.901654
315.24042,303,1503.905458
329.17685,181,1504.039445
320.2472,182,1504.069066
278.76273,301,1504.155332
349.49557,261,1504.191952
295.9016,290,1504.423465
-56.85196,475,1504.575495
293.3171,293,1504.844542
313.3382,248,1504.972534
279.74542,341,1505.036485
210.73225,571,1505.036533
299.04626,246,1505.199038
236.88074,386,1505.510398
244.64478,366,1505.643005
280.45938,337,1505.651012
312.43338,194,1505.826345
310.02148,182,1505.84011
58.09328,92,1506.049734
69.41713,94,1506.053914
-76.49251,501,1506.195266
295.07214,344,1506.326173
302.1002,266,1506.355493
152.13829,1000,1506.424547
179.54675,645,1506.500602
307.34225,182,1506.583823
178.06949,1000,1506.884074
299.24307,208,1507.354969
297.52338,341,1507.53304
314.5801,260,1507.657174
-81.69337,501,1507.708771
323.11407,329,1507.811144
337.93713,404,1508.127806
279.80804,437,1508.132668
-161.34302,527,1508.158215
324.02783,479,1508.165915
267.9024,714,1508.177405
266.615,292,1508.214705
180.52026,1000,1508.275766
293.64807,391,1508.349062
314.77118,227,1508.369713
69.720795,98,1508.595512
305.674,211,1508.652359
285.44202,233,1508.695838
153.11963,1000,1508.796671
282.80286,236,1508.857152
129.98175,1000,1508.948945
303.17538,206,1509.043472
-1.0767593,178,1509.123644
289.46124,248,1509.18931
55.497314,111,1509.256972
319.5445,242,1509.384571
291.08176,285,1509.408532
330.4989,428,1509.41309
296.8249,266,1509.422258
302.6263,307,1509.453493
282.30682,222,1509.598041
338.9488,191,1509.669921
106.80433,128,1509.925656
296.2915,208,1509.929957
296.44458,237,1509.952046
301.77393,296,1509.952096
64.74447,98,1510.006198
304.74506,207,1510.072154
293.46106,260,1510.223233
201.63672,480,1510.254606
248.98956,421,1510.359129
283.36636,179,1510.636494
335.51077,186,1510.69294
325.33597,186,1510.692993
353.69672,181,1510.724066
286.89737,326,1510.732069
289.29984,363,1510.757956
237.04922,338,1510.797007
283.545,195,1510.86146
317.6236,395,1511.278022
261.8169,447,1511.278073
291.64014,256,1511.291074
338.42383,231,1511.298247
328.71704,464,1511.317886
259.81802,272,1511.321789
314.70712,204,1511.536272
285.68024,218,1511.536324
311.8236,204,1511.536334
322.00977,203,1511.564552
332.6228,244,1511.745508
316.6515,278,1511.940901
321.33698,287,1511.94559
79.194855,152,1511.954247
292.02502,266,1511.95429
314.18036,208,1512.151931
271.96924,221,1512.242961
306.83704,229,1512.247392
281.35742,232,1512.267083
350.0339,175,1512.271556
303.54907,169,1512.276453
330.98193,240,1512.281345
312.405,183,1512.307899
294.85504,186,1512.320592
315.94952,153,1512.395298
305.78058,188,1512.711489
307.87006,209,1512.802171
291.4936,262,1513.01198
275.82697,293,1513.338552
266.0438,235,1513.338606
289.27966,275,1513.389014
52.75386,173,1513.426506
271.59146,369,1513.468421
296.97443,304,1513.543178
269.87988,311,1513.543228
322.53433,319,1513.543237
316.4822,311,1513.547436
337.32877,322,1513.558977
266.36786,358,1513.727195
345.83673,204,1513.855818
170.80278,1000,1514.010305
308.4636,167,1514.014151
39.489594,146,1514.123256
291.11212,173,1514.158365
238.44952,464,1514.1885
301.27594,192,1514.188536
323.47992,169,1514.214097
315.4021,185,1514.287001
270.82028,340,1514.687632
78.25341,146,1514.691521
315.9973,254,1514.725642
105.07489,150,1514.876308
322.09006,185,1514.910869
258.21402,531,1514.930012
312.16235,198,1514.930062
327.51447,258,1515.020998
68.842575,90,1515.07493
48.699703,74,1515.163286
284.3369,303,1515.188692
324.06787,371,1515.296473
312.5437,286,1515.326981
279.9709,295,1515.335245
66.28453,96,1515.44034
101.978516,150,1515.483174
48.224045,137,1515.541541
277.1947,525,1515.587727
251.45062,282,1515.77836
287.33453,226,1515.798654
311.67435,337,1515.983717
323.02936,189,1516.047829
337.6955,193,1516.072961
284.47803,260,1516.294144
351.5304,188,1516.313509
277.50137,209,1516.34846
288.72314,225,1516.352581
76.49834,119,1516.536773
292.39462,197,1516.560004
348.52618,219,1516.627161
325.05295,307,1516.627209
299.9928,382,1516.634895
97.96428,89,1516.702406
275.14755,855,1516.726823
333.36343,215,1516.848994
307.44247,424,1516.857528
276.32892,204,1517.127247
62.86254,100,1517.242695
276.59323,251,1517.326513
343.99545,267,1517.42888
161.72379,1000,1517.466713
89.32649,94,1517.489537
304.86417,233,1517.571323
295.31863,184,1517.579994
251.6536,266,1517.709187
272.45532,312,1517.983632
287.75836,329,1518.025407
294.41345,153,1518.076714
88.83325,132,1518.098891
306.54553,220,1518.204091
238.23389,426,1518.273082
224.55865,253,1518.494837
-90.50177,472,1518.518169
346.0371,168,1518.640981
211.74606,281,1518.815844
181.67844,1000,1518.857315
344.14215,214,1518.861441
72.81918,155,1518.876298
292.5076,226,1518.959722
304.83508,209,1519.017887
43.29663,128,1519.017931
-1.5303307,146,1519.068899
66.54358,127,1519.144876
91.90161,94,1519.234934
36.09915,141,1519.430593
284.78992,158,1519.437428
59.81872,103,1519.469632
120.43648,1000,1520.004264
361.88348,169,1520.122445
241.2616,653,1520.137739
257.91513,289,1520.141579
283.52618,349,1520.223775
290.78015,282,1520.327384
316.90228,326,1520.405126
273.98676,256,1520.431453
75.227646,117,1520.456468
278.78406,271,1520.48152
153.43745,1000,1520.485592
316.36975,620,1520.516989
350.62985,190,1520.865166
61.27538,126,1520.884137
298.5103,489,1520.909355
67.58452,110,1520.934111
29.26661,160,1521.13416
130.99706,1000,1521.197159
318.11566,248,1521.385918
186.19788,1000,1521.43743
276.06467,213,1521.846922
307.60822,315,1521.846976
346.27094,209,1521.851321
277.4618,441,1522.023973
299.023,243,1522.058859
264.28143,374,1522.079801
267.20026,195,1522.091537
254.41876,465,1522.110523
327.2292,276,1522.178429
238.26439,839,1522.441554
319.28888,337,1522.647697
319.62006,192,1522.692154
39.11132,151,1522.776027
308.79736,225,1522.868753
-13.387131,171,1522.965994
59.43179,117,1523.421134
262.81256,307,1523.523434
96.2903,122,1523.55464
82.1906,108,1524.073341
181.46541,1000,1524.734917
275.82123,588,1524.776754
330.9876,280,1524.843749
265.94934,655,1524.919595
116.06432,1000,1525.003147
172.70193,520,1525.198185
301.70462,398,1525.323867
309.33502,268,1525.338702
-32.828865,99,1525.471286
69.11751,148,1525.555194
69.227554,94,1525.632762
60.598175,89,1525.759971
90.97844,103,1525.824431
301.75867,653,1525.922971
52.751717,82,1525.972494
357.22955,264,1526.073353
322.05347,236,1526.073411
145.80789,1000,1526.087471
276.92368,287,1526.137755
144.00832,1000,1526.142536
-11.620304,102,1526.155957
34.965446,91,1526.267576
226.1474,757,1526.295653
61.230347,91,1526.356789
250.55806,906,1526.356827
96.03613,77,1526.498331
55.708977,121,1526.538571
-12.096355,125,1526.652381
281.23413,274,1526.788255
53.440544,1000,1526.821166
11.35651,117,1526.906988
309.03363,185,1526.94636
51.19984,89,1526.956179
306.11707,250,1526.960889
337.5808,164,1527.061243
-10.845032,136,1527.134935
321.02588,187,1527.144271
143.45485,1000,1527.200266
105.35991,99,1527.245743
105.935425,137,1527.289449
335.42264,261,1527.352861
130.54117,95,1527.39783
300.68573,306,1527.494695
295.48315,301,1527.555113
99.77349,129,1527.559452
38.799316,151,1527.612464
64.531815,68,1527.681661
79.8011,110,1527.730715
99.31737,136,1527.794147
262.59406,313,1527.832582
99.110596,94,1527.948336
34.731926,159,1528.009089
56.653442,91,1528.112324
51.70804,82,1528.11735
55.654118,120,1528.138374
77.65045,81,1528.176919
72.373245,99,1528.308936
55.005913,113,1528.498159
334.50412,278,1528.636621
271.31348,264,1528.677852
340.86154,235,1528.750232
51.995846,138,1528.779247
-13.275429,170,1528.932825
281.9349,427,1528.9558
233.60306,297,1528.963904
106.137146,77,1528.963957
343.13855,463,1528.98958
347.37323,199,1529.07702
55.954914,110,1529.133981
312.58932,251,1529.151892
278.75125,443,1529.183796
58.581627,169,1529.228299
68.16922,117,1529.25779
83.66553,79,1529.284176
49.155064,113,1529.40703
45.68245,113,1529.417432
32.311584,124,1529.428867
333.76123,316,1529.50616
7.718422,197,1529.55008
48.75623,121,1529.5681
-4.103958,116,1529.61738
63.7323,105,1529.69938
56.18922,125,1529.721197
7.2938347,82,1529.754516
85.49739,108,1529.836773
252.7589,368,1529.860146
4.2989273,124,1529.907398
49.518757,85,1529.948544
8.635162,124,1529.991733
33.655083,118,1530.011568
13.22176,115,1530.019773
48.107605,95,1530.125801
26.749565,113,1530.142092
51.08685,112,1530.163543
53.610477,99,1530.228166
338.07397,326,1530.310701
26.082943,80,1530.336953
317.78427,297,1530.403315
341.81424,281,1530.412446
101.17403,118,1530.462986
292.78394,325,1530.472645
109.86751,149,1530.506831
36.35725,91,1530.552595
-3.5238533,116,1530.681445
88.254196,83,1530.693436
304.53937,172,1530.785342
11.801796,103,1530.859843
7.389557,123,1530.887744
40.912945,100,1530.904203
230.93045,228,1531.016944
120.48093,115,1531.05328
4.426075,127,1531.061923
343.11124,272,1531.101881
113.93186,159,1531.116032
338.4383,195,1531.121751
66.72793,111,1531.186341
33.28373,112,1531.292475
259.87585,248,1531.298012
321.28998,196,1531.358137
18.009354,101,1531.372679
-11.075932,171,1531.452383
145.26906,1000,1531.510461
6.432083,110,1531.531774
26.68116,116,1531.605731
65.96002,95,1531.633294
99.31627,117,1531.665288
59.50578,130,1531.729873
117.27434,95,1531.74251
110.463806,98,1531.752117
329.68884,199,1531.780288
315.3484,192,1531.780319
88.560455,90,1531.875183
53.390514,132,1532.139842
17.479652,123,1532.169154
40.14236,146,1532.177763
310.10867,217,1532.349203
39.53338,171,1532.402662
87.95215,84,1532.52231
61.459198,173,1532.567125
69.80286,140,1532.824357
309.8612,238,1532.829379
18.145264,110,1533.020644
111.02963,153,1533.11165
302.25946,282,1533.158791
320.73215,390,1533.158832
327.27094,447,1533.158843
300.47354,303,1533.15885
349.32666,327,1533.158857
55.39778,81,1533.190876
44.541977,84,1533.208969
9.31292,174,1533.356704
86.350105,105,1533.502515
70.386826,79,1533.516074
102.88963,96,1533.547868
265.2381,399,1533.566734
315.6984,271,1533.589835
3.7358437,88,1533.606948
11.87569,107,1533.645595
42.674515,112,1533.669662
124.61591,121,1533.709649
263.14682,344,1533.742525
56.31172,88,1533.761019
-2.7326698,133,1533.765456
243.82819,477,1533.905811
105.00107,93,1533.940568
85.02493,96,1534.026098
58.11646,107,1534.039477
54.382027,84,1534.053516
134.0247,89,1534.053548
82.893425,95,1534.143653
82.06785,92,1534.181857
54.707417,115,1534.279724
-8.656719,137,1534.359516
331.25848,182,1534.4303
1.0453529,129,1534.484267
59.47459,105,1534.498347
37.802532,119,1534.581631
48.426285,91,1534.58679
-33.871883,128,1534.610654
100.89223,136,1534.659905
15.241184,117,1534.664627
103.30869,108,1534.864052
80.16838,78,1534.869573
26.975006,106,1534.9264
37.63749,130,1535.084982
-37.33911,119,1535.166023
29.859035,149,1535.274721
56.337997,96,1535.301205
229.98288,388,1535.337194
23.16938,161,1535.415009
62.096127,107,1535.415054
299.51645,497,1535.461536
62.623703,133,1535.471142
337.60764,265,1535.497609
287.8036,354,1535.5623
156.90247,1000,1535.635692
9.32029,135,1535.777636
96.05203,111,1535.80485
99.58974,112,1535.846945
-6.162258,128,1535.855162
74.30416,85,1535.942187
56.149876,129,1535.991062
24.776596,136,1536.022691
42.196423,125,1536.027461
65.68028,156,1536.188683
49.602196,117,1536.326052
93.034004,123,1536.399711
28.140812,127,1536.554767
307.54327,342,1536.619354
5.7744446,138,1536.636899
300.03546,280,1536.710726
57.508347,161,1536.746938
258.1382,211,1536.791048
91.90889,120,1536.86724
325.4845,542,1537.132445
100.58287,118,1537.187377
19.936768,183,1537.402948
90.398575,143,1537.413113
71.71976,122,1537.434754
275.68915,331,1537.445543
101.864334,142,1537.450209
53.708065,108,1537.636303
274.5702,320,1537.663196
121.71708,941,1537.814054
337.80725,236,1537.828004
303.7849,308,1537.841972
329.65894,481,1537.846883
55.79713,112,1537.952139
198.92108,741,1537.996289
-62.67219,487,1538.019701
103.343185,123,1538.031343
35.475777,82,1538.054309
85.500015,107,1538.137851
103.05165,98,1538.261322
29.499683,104,1538.323277
310.5765,197,1538.367317
-8.49836,164,1538.585228
267.64395,321,1538.695684
79.5574,119,1538.888141
275.05502,315,1538.893478
328.41016,209,1538.976765
28.031666,130,1538.980579
335.86832,221,1538.984741
268.95184,245,1538.984775
257.11728,516,1539.050449
186.98619,228,1539.090736
29.554745,80,1539.268625
68.40242,107,1539.390969
28.936893,96,1539.435962
129.71667,159,1539.44517
55.395336,103,1539.459386
34.43669,128,1539.588284
342.89032,284,1539.602612
313.472,330,1539.607614
341.19232,232,1539.681
102.85829,83,1539.827632
304.55115,194,1539.889075
311.10168,195,1539.961195
336.9087,158,1540.004247
44.79213,118,1540.009119
301.16812,558,1540.074178
-5.0425453,117,1540.145218
298.62534,429,1540.154984
-1.2200775,200,1540.318876
52.539597,79,1540.374132
61.82439,84,1540.395652
71.01703,124,1540.408853
347.54678,180,1540.422112
42.123135,86,1540.547926
82.19901,76,1540.764447
28.873703,151,1540.792935
25.306217,100,1540.862315
77.58601,114,1540.873285
17.224976,87,1540.973229
311.31546,411,1541.036181
332.84656,303,1541.045886
296.21658,228,1541.051847
22.936691,134,1541.066125
235.98941,291,1541.066155
221.21158,251,1541.088105
34.37554,80,1541.183886
333.0586,381,1541.249885
208.07115,685,1541.282534
318.55792,243,1541.352658
63.19508,99,1541.373069
87.80069,93,1541.541631
32.458927,111,1541.63631
43.2386,138,1541.738057
70.70708,105,1541.811071
22.141167,121,1541.866383
286.3593,209,1541.91939
327.22125,301,1541.919437
80.45197,112,1541.919447
293.08847,179,1541.943368
317.57663,170,1541.94342
336.17932,236,1541.943451
134.35046,153,1541.95948
74.849625,79,1542.232507
-24.04964,130,1542.247253
305.56384,257,1542.315608
-21.647003,105,1542.440889
94.25659,115,1542.450552
345.23987,253,1542.549771
54.486786,149,1542.626971
89.95876,103,1542.713675
294.31738,231,1542.795631
300.51495,203,1542.839749
338.07513,217,1542.90525
319.84903,237,1543.02104
80.72911,113,1543.133416
280.2625,353,1543.159318
11.595013,140,1543.179948
-89.85838,495,1543.313195
276.8603,316,1543.757008
343.57233,213,1543.818514
281.9974,253,1543.870251
54.17728,121,1543.875498
295.80658,326,1544.303375
287.34686,407,1544.308462
62.42569,118,1544.380525
301.73334,426,1544.413326
324.53186,326,1544.422432
57.096634,143,1544.439815
24.564396,141,1544.552626
308.11353,616,1544.677251
323.44867,362,1544.723116
333.6167,180,1544.736145
-11.517387,153,1545.052728
275.18005,428,1545.206204
43.11945,109,1545.257202
312.36206,177,1545.265409
39.556786,186,1545.329819
302.94247,235,1545.430094
-104.15838,497,1545.504361
-16.874767,181,1545.527767
110.68642,80,1545.572221
76.759026,83,1545.631943
314.41943,269,1545.809009
306.33383,587,1545.888752
76.01654,106,1545.921561
53.46044,90,1545.921606
273.33887,874,1546.018585
253.77435,816,1546.04273
55.593117,112,1546.058045
41.287197,104,1546.067656
36.08439,218,1546.078823
56.58658,79,1546.294351
281.27884,417,1546.392534
72.641136,97,1546.509704
280.5737,211,1546.615956
300.69696,294,1546.625716
289.51306,483,1546.650088
270.0274,285,1546.650126
329.2689,211,1547.005034
261.45526,248,1547.035656
91.62491,98,1547.096981
250.50104,278,1547.576597
311.08176,251,1547.663749
315.2983,282,1547.688993
302.27704,374,1547.792612
247.18634,257,1547.836111
40.96035,97,1548.016512
292.1126,446,1548.104558
15.111084,219,1548.10912
97.56923,87,1548.198867
293.6095,356,1548.275891
281.80875,359,1548.280846
258.19537,303,1548.416483
299.07565,521,1548.428277
244.31772,321,1548.536136
319.98682,152,1548.552809
25.672142,92,1548.552838
55.837242,135,1548.656597
288.7121,211,1548.674913
48.905815,128,1548.709277
87.86943,96,1548.726831
195.0875,607,1548.736708
109.77417,94,1548.968964
82.394775,101,1549.021321
16.32145,189,1549.087142
44.36515,113,1549.249842
113.720055,1000,1549.363101
323.55774,231,1549.488225
271.7213,799,1549.517205
280.14484,287,1549.599799
279.39557,203,1549.604202
342.64606,267,1549.646593
333.4461,254,1549.869218
289.05188,248,1549.869269
291.9588,485,1549.901614
351.27924,175,1550.040542
317.27472,227,1550.04785
321.6588,213,1550.047882
0.008739471,117,1550.047891
285.77795,238,1550.053736
322.46884,174,1550.157639
45.661488,114,1550.162786
279.88214,332,1550.173011
107.84936,80,1550.265942
327.21234,182,1550.316865
66.74354,105,1550.536112
336.14026,227,1550.646844
126.65264,115,1550.702492
5.6680183,121,1550.834934
339.46265,279,1551.167599
283.64948,219,1551.181728
311.91235,362,1551.276612
329.81815,277,1551.339089
297.0571,278,1551.33913
294.9685,279,1551.343938
269.759,323,1551.369039
328.2142,270,1551.424524
318.33777,227,1551.578357
113.201004,127,1551.746876
309.02075,226,1551.862689
260.47797,336,1551.862748
88.359665,119,1551.958218
296.88214,170,1552.109203
295.7784,324,1552.17492
-73.13187,467,1552.183809
287.01578,227,1552.188469
274.42764,357,1552.268843
329.1986,236,1552.33779
321.1558,247,1552.691306
314.73718,184,1552.691369
289.20575,309,1552.728715
324.6591,180,1552.770989
318.21646,326,1552.809533
294.3245,253,1553.0187
51.33583,66,1553.043141
99.74214,83,1553.086116
127.82315,1000,1553.131747
312.4071,235,1553.252686
299.30103,235,1553.26162
328.8109,239,1553.289574
64.50064,113,1553.30269
289.36554,319,1553.577535
288.2707,282,1553.641546
302.22125,181,1553.653435
38.24658,113,1553.779902
263.0487,279,1553.974587
81.20186,77,1553.991813
-127.83778,494,1554.000888
50.81913,186,1554.131211
259.8731,253,1554.170393
318.41577,241,1554.182595
257.88788,421,1554.195076
264.9162,215,1554.275593
314.0708,276,1554.297133
197.04257,648,1554.311478
35.24108,167,1554.387723
101.95839,101,1554.432965
187.00842,295,1554.472913
305.4425,178,1554.600261
49.704857,105,1554.779858
92.30713,125,1554.792485
35.036484,74,1554.844556
75.86705,110,1554.850303
5.517273,181,1554.998218
48.878006,155,1555.05098
314.37677,197,1555.108733
288.4781,237,1555.113435
306.30057,239,1555.132577
333.14008,337,1555.141452
317.3812,239,1555.30349
32.89304,95,1555.417079
328.5167,252,1555.565147
-158.81503,503,1555.569266
316.93942,160,1555.569298
340.8611,177,1555.58648
309.5951,179,1555.650633
325.82623,284,1555.755631
290.3673,255,1555.773259
297.71295,187,1555.948952
295.7802,189,1555.953763
299.06696,182,1555.953787
298.66934,258,1555.96466
304.91632,210,1555.986739
331.34796,177,1556.099143
334.41394,135,1556.179878
45.016872,98,1556.196544
331.5067,166,1556.314398
7.76997,98,1556.389822
318.75836,188,1556.432647
117.13435,124,1556.540255
301.62738,265,1556.604986
296.14722,232,1556.610144
342.5313,229,1556.683209
309.81207,147,1556.759566
88.3353,132,1556.773662
101.68087,107,1556.797291
305.69937,177,1557.004107
51.06282,118,1557.086157
29.029774,90,1557.103691
97.09368,83,1557.193261
341.39804,184,1557.246627
333.49197,282,1557.255229
336.6737,288,1557.274047
287.7876,291,1557.283198
14.244316,130,1557.38684
77.97414,109,1557.506613
289.4151,542,1557.584574
258.18945,412,1557.646129
79.620026,85,1557.658865
19.931816,108,1557.673243
310.997,247,1557.745574
46.283157,139,1557.870736
48.61232,144,1557.90123
289.65457,323,1557.909419
256.6003,309,1558.021971
355.1054,219,1558.095761
305.95642,222,1558.095814
99.43231,121,1558.217541
105.46794,118,1558.397758
295.7533,257,1558.423698
308.31784,205,1558.423734
10.382278,83,1558.461844
74.464264,133,1558.502833
312.2401,393,1558.546959
282.60553,215,1558.551721
297.96368,202,1558.574114
306.55322,184,1558.732339
8.307793,157,1558.732389
317.25812,241,1558.739111
28.46833,143,1558.743425
289.08167,302,1558.743449
326.67114,286,1559.050913
59.849762,171,1559.184777
340.7052,242,1559.338649
325.45627,202,1559.365788
-0.6560707,139,1559.383541
-3.3650093,147,1559.422866
321.79828,204,1559.459947
279.64282,201,1559.492726
283.3937,237,1559.530859
320.2597,230,1559.540805
30.375698,128,1559.658036
314.5813,199,1559.680003
69.88187,119,1559.752882
70.85378,98,1559.880247
283.41873,287,1559.890473
95.917496,107,1560.024094
48.363842,123,1560.02868
-35.84089,110,1560.046753
-18.055984,135,1560.112842
51.174362,114,1560.193236
55.651028,126,1560.315375
20.171505,103,1560.337431
311.4126,255,1560.553583
297.85178,274,1560.623018
56.59922,149,1560.699078
284.99817,178,1560.835394
331.74365,287,1560.96358
72.36203,90,1560.968536
348.0701,243,1560.995291
299.61078,185,1561.038711
62.387074,100,1561.154986
332.03915,405,1561.18469
310.14526,198,1561.234942
276.65198,336,1561.830043
344.385,179,1561.830091
319.75824,270,1561.8301
329.81354,189,1561.830107
317.1728,226,1561.83881
317.71503,200,1561.85082
261.857,762,1562.039719
294.35065,317,1562.366609
34.96199,125,1562.385013
309.22568,282,1562.41149
290.78845,278,1562.485777
199.51736,570,1562.606808
45.67324,130,1562.629556
107.30314,89,1562.769764
-54.20455,86,1562.774539
301.4251,213,1562.783998
322.9314,235,1562.887272
272.3592,273,1563.067499
273.6424,682,1563.191525
281.88425,450,1563.214715
317.5692,160,1563.214778
311.6293,305,1563.22395
111.79942,1000,1563.294124
198.00961,1000,1563.298594
338.62195,149,1563.476414
282.8286,233,1563.48099
327.69104,213,1563.750652
303.13,253,1563.785899
299.82367,259,1563.792898
80.83413,114,1563.815019
297.56143,193,1564.112667
327.96216,232,1564.144726
304.3733,295,1564.15003
306.8992,202,1564.154621
303.91846,207,1564.154644
299.58258,276,1564.176183
-12.827961,93,1564.259081
331.04352,220,1564.316053
347.49393,207,1564.448777
281.90698,165,1564.530833
80.57574,111,1564.65666
34.13917,83,1564.695525
333.38107,152,1564.813929
310.00705,218,1564.813977
281.1327,230,1564.863701
331.59192,302,1564.877079
346.02307,232,1565.220691
306.3778,236,1565.236979
58.552128,129,1565.25099
335.67517,251,1565.595425
315.56696,171,1565.595471
287.0248,237,1565.613758
88.14096,95,1565.678882
281.5429,559,1565.792989
319.94232,355,1565.793041
295.89636,346,1565.841198
295.33203,215,1565.841245
327.1057,251,1565.841255
54.35971,149,1565.894324
317.57584,190,1566.103655
322.90714,282,1566.103705
314.44482,268,1566.103715
141.56265,1000,1566.440073
273.35925,186,1566.450917
343.35608,141,1566.495136
313.8801,204,1566.54848
314.89258,190,1566.555578
342.00662,176,1566.608523
297.2205,223,1566.618855
305.40363,191,1566.785041
59.506752,167,1566.882965
288.69553,224,1566.887861
323.08047,242,1566.967636
308.41217,261,1567.010373
289.89597,240,1567.220902
274.68823,691,1567.345704
33.574043,135,1567.415237
284.99615,187,1567.423838
358.4319,213,1567.434604
305.49115,220,1567.475968
311.92944,188,1567.489655
77.938324,142,1567.662944
284.81607,248,1567.706195
89.145164,106,1567.905688
95.23088,153,1567.919056
64.12807,106,1567.966291
312.3493,234,1568.043972
308.67328,313,1568.064545
272.07697,341,1568.069124
329.17966,259,1568.069149
305.85168,157,1568.129594
-164.27466,513,1568.473385
314.07355,265,1568.642596
305.2074,205,1568.642642
79.20798,129,1568.656161
317.8039,221,1568.674631
-25.527374,123,1568.691605
309.46082,180,1568.739582
284.70142,298,1568.843079
279.65143,170,1568.859911
34.74153,122,1569.300996
321.00378,317,1569.354467
334.62302,303,1569.354506
58.347916,113,1569.363103
310.01248,158,1569.37669
321.539,544,1569.37674
292.42746,446,1569.37675
274.9217,296,1569.396544
339.03564,188,1569.544024
324.76697,212,1569.633657
317.55872,246,1569.753572
92.22557,128,1569.965001
105.78514,146,1570.011905
47.21949,153,1570.060344
325.6961,168,1570.125028
336.47858,175,1570.136785
306.26715,294,1570.159297
345.54468,470,1570.196608
318.2516,247,1570.402733
336.40292,176,1570.421017
333.22632,239,1570.421051
295.5761,263,1570.561923
332.348,226,1570.566347
-76.45772,479,1570.643242
48.054993,151,1570.657884
88.5227,117,1570.677712
315.20172,233,1570.822874
324.7287,148,1570.844605
86.22984,101,1570.899875
45.248085,153,1570.909119
-80.55966,507,1570.948071
89.30797,113,1570.952751
96.18436,127,1571.148392
344.72128,222,1571.148449
41.355164,140,1571.214315
352.4782,197,1571.323589
329.4686,154,1571.353427
72.15234,141,1571.553772
70.37399,109,1571.660036
52.078613,124,1571.731655
319.78027,173,1571.758537
42.494247,114,1571.888605
319.4,219,1571.975888
280.23993,420,1572.014102
322.54443,252,1572.023167
-8.590187,155,1572.060116
78.61526,119,1572.123822
324.89258,281,1572.145226
334.8285,316,1572.146867
286.454,258,1572.446537
258.94766,529,1572.497702
123.52995,105,1572.524914
-26.036827,115,1572.53501
323.79465,163,1572.549815
329.88052,169,1572.549849
43.01437,113,1572.606369
287.73193,365,1572.638375
275.29456,203,1572.638418
109.44357,105,1572.650232
66.83307,127,1572.731857
321.1554,205,1572.886668
323.28967,181,1572.901618
317.9359,230,1573.240315
349.9044,171,1573.259052
297.5863,161,1573.310525
96.38902,109,1573.390099
350.22458,165,1573.412558
281.11145,193,1573.454047
299.45987,240,1573.619967
305.77997,194,1573.637468
333.49146,238,1573.637506
313.06354,237,1573.642242
292.60986,173,1573.697705
329.38046,236,1573.707606
68.64209,141,1573.969011
27.37117,134,1574.053909
305.92914,184,1574.13019
121.54037,130,1574.272475
57.274857,141,1574.319283
340.81598,235,1574.351418
314.08475,268,1574.893482
58.755802,116,1574.893538
349.96106,196,1574.89895
308.23877,323,1574.920421
105.03122,138,1574.965646
325.19995,543,1575.205889
314.3275,375,1575.232996
83.83398,101,1575.366171
112.18866,1000,1575.395838
84.88088,93,1575.400548
-16.756336,112,1575.419005
15.7563095,116,1575.460961
55.144905,121,1575.466251
-295.35062,60,1575.509663
278.32812,275,1575.561536
313.53766,331,1575.611801
-44.130524,76,1575.861965
350.47375,154,1576.114927
285.2954,166,1576.145735
347.75934,167,1576.181707
54.762913,79,1576.234735
93.25528,144,1576.234779
340.96106,203,1576.365524
29.20274,85,1576.512254
290.57727,600,1576.535591
-343.0765,56,1576.63401
50.651672,116,1576.689939
94.366844,86,1577.038668
-156.38673,84,1577.089084
286.81253,348,1577.102716
51.10384,126,1577.134419
19.235165,131,1577.134479
157.28525,1000,1577.353366
12.42281,108,1577.588713
276.22205,441,1577.677951
315.43866,310,1577.692618
80.770584,98,1577.811482
356.39612,184,1577.961112
41.00919,84,1578.087709
66.06536,154,1578.314809
276.58136,273,1578.320125
201.83154,1000,1578.347517
32.806202,117,1578.360644
261.4331,996,1578.391089
196.1058,682,1578.403522
324.4317,272,1578.414304
284.81055,302,1578.549324
329.2143,193,1578.581602
85.50354,127,1578.685753
28.232666,92,1578.747714
214.60742,985,1578.75245
-112.13869,101,1578.872493
28.236752,122,1578.890962
52.838577,113,1578.937106
83.83868,126,1578.952476
133.48238,95,1579.024719
336.78467,190,1579.228433
25.817196,121,1579.299347
20.396484,135,1579.299396
83.13665,132,1579.562118
-22.245567,161,1579.684746
323.0035,293,1579.753009
47.83167,102,1579.780775
320.45337,403,1579.841014
332.67426,247,1579.894006
306.5,224,1579.90829
129.70389,78,1579.925068
316.24084,202,1579.959383
71.06301,88,1580.081537
306.07742,341,1580.123593
201.37108,1000,1580.127892
-49.353573,88,1580.245211
50.38631,83,1580.339949
115.106415,126,1580.357906
-116.48845,901,1580.384003
-46.759933,114,1580.427869
-7.0118523,121,1580.479928
76.5135,91,1580.552986
306.73376,365,1580.578872
310.4124,275,1580.578927
323.23053,180,1580.721246
76.04403,1000,1580.89481
90.08579,97,1580.928875
122.33136,139,1580.984191
52.05804,96,1581.001137
-7.835533,129,1581.030183
270.81976,392,1581.043524
-4.185116,101,1581.04356
68.511925,146,1581.060123
57.4536,76,1581.238877
41.379948,126,1581.305063
322.17584,275,1581.355691
64.32704,96,1581.36918
324.1096,219,1581.369211
85.73787,90,1581.45059
96.97981,98,1581.485756
255.28262,204,1581.509448
26.975956,111,1581.529749
115.67151,127,1581.572078
85.09917,124,1581.627213
70.49615,98,1581.6886
95.05173,89,1581.775627
89.58061,103,1581.840889
34.68532,91,1581.936094
105.57324,127,1581.941916
77.42993,89,1581.950078
77.6591,140,1581.950104
23.850853,119,1582.00469
326.20215,228,1582.031585
63.795246,124,1582.063309
73.1212,95,1582.068089
39.56243,96,1582.13251
280.75177,461,1582.248915
57.74803,103,1582.248959
21.403507,96,1582.282466
0.18921661,100,1582.399642
-11.498512,88,1582.463615
51.462917,92,1582.478119
5.5872383,119,1582.48602
-28.793213,125,1582.498511
278.30078,267,1582.763469
95.21339,98,1582.874125
34.018402,105,1582.891421
342.95947,193,1582.952728
291.938,169,1582.956755
50.330086,125,1583.00306
302.61688,262,1583.103385
324.35724,202,1583.109395
63.08763,103,1583.165087
291.75342,297,1583.265589
239.33942,227,1583.301833
124.160965,125,1583.359103
71.528534,107,1583.363819
-1.1673737,130,1583.395913
24.204132,103,1583.399999
47.22558,79,1583.411751
43.267662,86,1583.443002
69.974144,135,1583.481099
286.055,258,1583.506959
292.16632,315,1583.52492
113.163086,107,1583.758832
87.76756,127,1583.80031
281.2688,458,1583.874762
-15.341164,99,1583.884022
54.367374,122,1583.892788
18.24868,122,1583.897545
-7.434719,96,1583.910746
27.00689,87,1583.919485
53.885433,102,1583.968642
83.7217,131,1583.977121
91.96773,150,1584.083926
135.39824,1000,1584.178402
6.0029488,92,1584.183429
-64.768234,70,1584.218295
23.687817,88,1584.309587
348.3535,271,1584.355653
56.8707,108,1584.378443
13.565483,128,1584.560264
280.36462,267,1584.605266
177.57788,1000,1584.666522
315.01923,188,1584.744111
17.195919,121,1584.766352
76.80499,111,1584.805637
74.32205,110,1584.847464
-100.87262,56,1584.85235
25.845299,171,1584.862148
313.6424,181,1584.993845
272.05817,254,1585.080555
342.8133,270,1585.144007
308.22397,261,1585.168889
281.66446,302,1585.177434
304.07495,221,1585.182347
70.24158,105,1585.473718
41.310425,109,1585.568916
103.30497,90,1585.573218
28.043648,159,1585.576955
62.316185,188,1585.614229
332.51324,210,1585.693378
342.0594,279,1585.91983
109.59125,78,1585.924873
330.73615,240,1585.933566
222.25772,282,1586.116947
61.49754,109,1586.178564
312.09192,315,1586.226367
348.7256,246,1586.249675
315.82996,186,1586.314147
103.3177,99,1586.391452
289.7113,446,1586.395814
283.17896,199,1586.47639
-12.450008,136,1586.555009
40.196053,111,1586.636162
90.87459,105,1586.67413
74.00478,80,1586.688158
44.582157,110,1586.744527
92.297356,82,1586.771284
61.27747,95,1586.915652
53.513638,97,1587.1188
50.419823,114,1587.163261
76.02451,112,1587.288495
295.66492,211,1587.371064
330.18866,481,1587.387073
309.2318,289,1587.594163
286.05273,238,1587.652865
258.819,454,1587.667092
57.238968,142,1587.80934
101.00689,97,1587.824456
17.585445,79,1588.030785
75.83615,99,1588.107776
86.677086,86,1588.213336
180.08063,680,1588.297117
60.047935,98,1588.475852
239.24445,305,1588.52571
330.33936,210,1588.560786
277.03674,660,1588.657852
13.238731,92,1588.72242
336.8309,313,1588.813182
88.46016,133,1588.826433
16.593174,90,1588.983504
76.68933,81,1589.044978
98.39325,123,1589.128019
205.23814,1000,1589.179933
70.21596,92,1589.30757
345.03375,284,1589.476636
-14.678925,135,1589.70803
8.993423,122,1589.716282
-19.935673,99,1589.768077
334.95172,205,1589.814863
307.73944,418,1589.814914
300.54382,562,1589.934496
309.56073,255,1589.95546
321.4557,202,1589.967255
272.87744,655,1590.002406
317.38965,175,1590.012378
334.35138,337,1590.10242
93.18242,124,1590.337904
96.51891,96,1590.43914
148.42195,1000,1590.586374
331.79926,205,1590.655892
309.68948,263,1590.680892
313.51154,218,1590.705059
260.35925,196,1590.713535
355.09442,178,1590.75662
309.8888,185,1590.807424
322.5794,170,1591.125899
298.50812,264,1591.309244
151.41766,1000,1591.352763
155.46933,1000,1591.409754
334.6381,159,1591.441374
319.5791,375,1591.540749
311.39355,241,1591.545297
327.1059,194,1591.574648
303.1046,210,1591.770081
227.58679,227,1591.800833
227.8111,407,1591.836758
324.0607,295,1592.080752
44.079826,163,1592.194947
44.72656,87,1592.242934
328.70508,210,1592.281487
337.54138,170,1592.329477
106.95287,120,1592.357224
-18.786423,246,1592.544689
324.9206,157,1592.808819
271.50842,350,1592.986288
46.954926,106,1593.055231
280.26364,342,1593.155707
322.9579,262,1593.568336
338.99512,266,1593.619855
177.17836,393,1593.62521
300.6095,285,1593.630559
22.052147,154,1593.790926
281.846,593,1593.902623
346.00894,247,1593.987245
29.779861,106,1594.114687
74.22493,118,1594.17075
15.681103,98,1594.236488
32.844437,105,1594.470394
64.58823,1000,1594.663008
331.65366,530,1594.685391
226.3721,524,1594.706426
271.69812,367,1594.711568
284.90265,333,1594.711592
65.30628,109,1594.74949
326.10623,179,1594.94923
348.0074,302,1595.04337
286.28394,738,1595.043419
57.020393,83,1595.057598
277.42798,320,1595.07326
107.19485,85,1595.11043
318.2052,211,1595.167542
75.327545,107,1595.217409
133.52783,1000,1595.267681
144.4201,1000,1595.337096
305.0929,189,1595.36929
297.30774,313,1595.369339
82.771164,92,1595.482904
0.38479614,214,1595.752304
302.4629,225,1595.768098
-17.875946,150,1595.966909
341.23022,233,1596.262525
307.6794,222,1596.262575
274.5015,280,1596.272451
313.56512,290,1596.421729
84.69212,114,1596.503704
345.1704,169,1596.563385
72.72305,80,1596.644305
318.37296,353,1596.698485
88.84099,105,1596.908985
296.4883,355,1597.026003
264.45892,273,1597.03642
302.9677,501,1597.041541
355.1731,224,1597.293931
99.10547,104,1597.386092
274.2072,261,1597.472858
306.07947,224,1597.544291
267.71887,444,1597.549527
296.88086,223,1597.739245
299.37616,518,1597.757006
60.85492,245,1597.784736
312.8332,185,1597.886836
25.775925,100,1598.005445
327.09186,169,1598.172364
307.0586,201,1598.228595
48.802338,101,1598.241504
99.24808,109,1598.678545
280.5323,245,1598.682256
327.35107,203,1598.691467
319.2923,141,1598.902694
315.55905,411,1598.943318
297.86304,262,1598.952986
307.33148,225,1599.271638
288.20306,321,1599.359716
299.7785,168,1599.456941
284.06635,358,1599.649193
122.43748,1000,1599.708207
171.16156,1000,1599.748138
270.70282,277,1599.949157
171.75034,1000,1599.994177
299.69302,290,1600.260396
306.3875,348,1600.260442
358.17322,314,1600.35992
275.8463,242,1600.366366
100.88382,137,1600.366403
344.1559,201,1600.371309
62.030746,102,1600.407325
261.98538,352,1600.493955
128.34624,87,1600.651248
337.00238,215,1600.68001
60.02273,106,1600.844356
234.12933,934,1600.848456
311.02295,194,1600.866663
325.97168,269,1600.866704
66.17079,131,1600.957977
296.69254,370,1601.032126
78.6427,96,1601.277621
58.866333,92,1601.282079
325.0959,195,1601.286169
277.4436,229,1601.390692
314.72443,254,1601.4038
85.18711,86,1601.419608
166.56506,1000,1601.597972
338.93115,230,1601.711142
339.88672,193,1601.711192
348.1817,288,1601.943821
150.78389,1000,1602.029621
70.670494,114,1602.237638
310.39273,290,1602.272944
324.79797,192,1602.278031
312.05823,270,1602.505089
308.1595,212,1602.566087
316.58307,254,1602.570925
1.0404358,130,1602.620622
346.7715,287,1602.6889
343.6752,216,1602.69375
272.86365,321,1602.729296
260.7094,495,1602.729336
42.65145,118,1602.80089
58.92542,119,1602.800937
17.362,192,1602.81362
62.2395,107,1602.986692
280.99146,489,1603.072684
259.75714,419,1603.170815
28.793991,139,1603.362388
346.44513,166,1603.447651
39.192467,154,1603.506501
332.2342,232,1603.614172
307.87616,333,1603.742435
72.77281,101,1603.90036
276.0287,268,1604.025647
337.42642,231,1604.03964
320.77762,325,1604.044375
282.3967,269,1604.044405
33.15825,121,1604.057728
48.81429,114,1604.264829
339.43573,341,1604.284326
332.19525,387,1604.386437
335.0321,373,1604.395135
-21.926544,148,1604.586825
298.40933,175,1604.861091
150.98587,1000,1604.908582
62.771133,144,1604.951432
86.02069,126,1604.973371
292.6562,417,1604.988268
53.072178,90,1605.008373
243.9614,223,1605.084228
34.763084,197,1605.298619
320.76907,375,1605.350787
65.2503,109,1605.418251
55.793694,102,1605.451412
75.99933,120,1605.630123
302.2301,355,1605.683012
279.62665,363,1605.704126
296.33557,321,1605.750257
291.37323,196,1605.77312
302.88654,430,1606.03245
58.975204,107,1606.197754
326.15894,202,1606.223845
285.0327,173,1606.483986
306.2337,259,1606.544566
341.50934,185,1606.901963
318.65457,422,1606.953049
-50.274044,488,1607.218935
293.59943,362,1607.313218
336.97705,242,1607.327976
-9.7015915,502,1607.338295
279.935,881,1607.432959
258.10272,456,1607.559349
234.70215,406,1607.631788
157.62253,1000,1607.777926
298.26233,207,1607.845213
87.59099,116,1607.959085
65.41934,154,1608.036708
91.43623,126,1608.133403
-17.383743,489,1608.477068
324.9088,262,1608.509447
248.83292,428,1608.514462
292.67377,674,1608.523628
286.95624,210,1608.814297
-40.16348,511,1608.848831
353.26733,331,1608.853673
333.20056,236,1608.875847
295.85092,420,1608.88819
51.4852,217,1608.969226
77.151764,109,1609.038079
314.50217,248,1609.179199
63.23615,100,1609.293978
330.24078,463,1609.335878
291.17017,170,1609.644589
341.77643,332,1609.649827
301.60532,190,1609.70847
257.3209,207,1609.754402
316.2779,167,1609.938325
289.71124,236,1609.944214
325.43372,222,1609.970577
266.82504,236,1610.109136
235.96124,544,1610.127122
168.2923,1000,1610.387675
349.42883,235,1610.423
228.97318,427,1610.481235
314.62616,186,1610.526197
333.11084,186,1610.581139
237.478,282,1610.608511
332.162,246,1610.802558
304.07068,224,1610.806634
41.17417,202,1610.886024
314.72375,247,1611.114448
323.49445,214,1611.124304
323.24457,205,1611.483285
272.8835,227,1611.487791
332.58356,197,1611.521107
39.462555,211,1611.558012
304.44214,360,1611.655966
301.3416,303,1611.798724
301.03732,285,1611.807389
347.6555,360,1611.807434
321.5716,242,1611.918687
266.16937,253,1612.258614
315.8383,192,1612.379153
282.7412,208,1612.417252
305.84308,197,1612.444863
299.39117,227,1612.49961
338.0174,159,1612.515801
283.56537,244,1612.744847
310.1494,210,1612.854833
288.41223,264,1612.970051
166.96411,1000,1613.061834
158.06868,1000,1613.095176
287.15155,308,1613.17844
322.64868,217,1613.35943
256.50955,259,1613.911484
325.64264,182,1613.915531
284.17484,319,1613.934004
316.02686,303,1614.216371
287.6648,258,1614.227024
-92.8434,510,1614.553451
258.22757,315,1614.595203
-61.496037,486,1614.629031
-71.0567,494,1614.638887
-24.029022,481,1614.674726
291.80682,256,1615.080914
-52.30703,492,1615.213432
116.599365,124,1615.222057
267.9867,977,1615.326559
47.860516,1000,1615.348328
286.13043,330,1615.431687
305.74026,333,1615.471755
309.63245,303,1615.641057
159.5398,1000,1615.663676
277.7274,360,1615.891604
301.96304,268,1615.891667
288.01303,286,1615.896312
322.59808,251,1616.263087
257.68237,338,1616.263134
263.83517,703,1616.60319
347.15387,168,1616.67879
273.6392,325,1616.739397
287.86337,194,1616.800154
259.53113,293,1616.840721
285.68158,325,1616.878552
345.46387,236,1617.363341
277.7909,331,1617.438287
297.92548,432,1617.446859
-82.391464,494,1617.530547
-20.370956,493,1617.629981
-103.378136,477,1617.861533
-22.723877,478,1617.891506
49.8013,108,1617.9435
297.08194,278,1617.975
269.42694,373,1618.007016
344.64102,272,1618.007067
326.8934,259,1618.007077
271.6891,254,1618.061723
301.23438,190,1618.414806
-0.1984024,945,1619.007668
317.53403,284,1619.177653
268.7994,253,1619.17771
263.701,269,1619.220177
298.76868,307,1619.311786
296.224,312,1619.452755
341.82867,354,1619.656859
282.96603,342,1619.656913
294.92844,372,1619.682506
231.11548,510,1619.746909
317.0198,290,1619.777089
226.73676,542,1619.990648
255.78067,727,1620.005675
300.91473,241,1620.1615
310.00037,296,1620.607921
293.9223,258,1621.103201
315.92493,420,1621.181049
309.29077,427,1621.339126
305.0681,361,1621.343001
165.98431,1000,1621.382236
317.30734,402,1621.404927
346.57065,503,1621.404971
324.2381,402,1621.404981
312.09467,386,1621.419882
288.7574,308,1621.444823
305.685,216,1621.480113
-36.54849,462,1621.661594
310.7066,629,1621.895513
-20.003662,460,1621.911932
98.22977,128,1621.978118
165.25381,1000,1622.05342
247.17023,265,1622.390886
324.404,239,1622.390935
339.72058,250,1622.394848
263.63803,331,1622.706045
289.38626,357,1622.817908
250.01968,371,1622.837001
356.54276,240,1622.840727
337.3263,239,1622.915791
268.25806,445,1622.937446
302.63913,329,1622.948185
307.39206,283,1623.026622
8.716721,496,1623.05497
205.48788,451,1623.168543
-26.364227,488,1623.244161
323.1371,253,1623.363835
256.8017,339,1623.371233
80.28546,196,1623.463626
92.44583,130,1623.521392
296.9931,305,1623.566039
309.20752,196,1623.69904
299.71524,216,1624.288038
266.41357,401,1624.468883
288.36224,283,1624.47409
300.3486,428,1624.478194
326.05045,318,1624.482145
315.6257,395,1624.482171
303.88937,247,1624.48639
250.5289,424,1624.486413
299.1526,238,1624.498613
303.7901,212,1624.521744
-49.97743,469,1624.655446
10.536758,97,1624.837342
38.5268,97,1624.853168
-181.61453,639,1624.857889
58.972683,121,1624.93413
69.04423,133,1624.987499
32.260048,145,1625.041455
24.947456,160,1625.09146
226.46686,531,1625.10394
291.2165,236,1625.206285
267.8326,541,1625.255713
299.30194,262,1625.479016
247.12982,548,1625.482727
288.9575,282,1626.017557
299.82846,403,1626.058667
291.04276,306,1626.157231
279.48895,192,1626.210574
84.214005,93,1626.408808
259.89606,436,1626.504854
191.48271,539,1626.555943
220.19014,405,1626.649064
252.14487,407,1626.670116
184.44202,525,1626.67016
288.84778,312,1626.683777
264.45334,388,1626.707972
314.99423,189,1626.757386
-36.607555,498,1626.778686
31.286404,116,1626.876703
343.47375,230,1627.046819
212.13144,526,1627.058744
216.8839,578,1627.077187
100.60985,97,1627.120395
-59.95675,111,1627.124005
-137.77399,492,1627.146162
29.66454,122,1627.146211
-40.069923,104,1627.264118
-79.38565,62,1627.493985
295.24957,186,1627.741492
297.6953,298,1627.770738
282.94186,201,1627.811359
265.75848,322,1627.88176
274.70657,365,1627.893611
323.51312,225,1627.918759
296.61877,233,1627.996271
273.0064,385,1628.1153
301.81046,282,1628.169559
268.59286,344,1628.434541
271.14398,266,1628.494908
271.9933,232,1628.777534
334.9501,165,1628.808153
303.27563,339,1629.116049
86.86472,101,1629.174856
276.75195,380,1629.234421
309.4163,226,1629.379421
297.4831,336,1629.422767
272.61237,400,1629.42679
303.51398,391,1629.430179
235.96733,374,1629.441765
310.05914,349,1629.803902
276.3195,708,1629.861507
247.34332,994,1630.0446
300.99115,226,1630.146204
314.3258,207,1630.262263
258.95883,290,1630.278978
290.68195,376,1630.328395
326.17645,249,1630.421574
328.15027,240,1630.439648
304.354,308,1630.454225
136.71016,1000,1630.492653
323.16046,256,1630.509998
288.7465,279,1630.643056
116.14202,1000,1630.738819
355.25616,149,1630.96301
298.42224,276,1631.033998
272.70343,197,1631.33856
301.43396,328,1631.364631
295.86993,230,1631.370265
307.23975,188,1631.538585
293.0089,261,1631.592193
272.91797,320,1631.678072
115.278946,1000,1631.974701
314.04007,336,1632.039585
87.39729,123,1632.160057
247.22565,473,1632.277086
300.93475,289,1632.359334
278.18484,206,1632.359382
310.0721,217,1632.421548
248.09082,311,1632.540573
53.804962,126,1632.633594
256.71585,462,1632.679509
291.16693,299,1632.769994
119.559715,80,1632.99744
292.98236,323,1633.047505
238.93503,553,1633.061895
28.45837,142,1633.193641
291.08295,276,1633.25778
281.90988,219,1633.37935
294.7381,265,1633.399425
292.82483,156,1633.404547
294.7089,375,1633.418503
283.1318,247,1633.575074
279.73203,615,1633.652694
238.53079,667,1633.66647
312.32074,258,1633.98751
326.904,180,1634.113559
284.43454,245,1634.154444
272.7545,211,1634.191589
274.01813,266,1634.310117
305.7412,148,1634.328639
293.9246,207,1634.347565
269.36102,313,1634.520278
322.172,197,1634.576447
280.0368,496,1634.596653
285.62463,252,1634.601641
300.10315,263,1634.792329
291.64175,304,1634.813493
270.63025,560,1634.962249
326.0551,185,1634.99951
320.45135,194,1634.999555
294.72723,226,1635.021262
289.13354,350,1635.02918
33.551754,79,1635.37492
279.75772,232,1635.409318
305.50198,246,1635.453835
311.81787,206,1635.453904
287.00165,194,1635.453922
314.10767,191,1635.463762
36.37919,115,1635.524297
91.2335,86,1635.853024
55.306248,86,1635.863309
56.766384,90,1635.872095
323.3239,303,1636.172652
288.38477,359,1636.224091
348.18372,272,1636.237824
343.39008,223,1636.388873
306.5198,211,1636.476286
281.46335,248,1636.573505
54.062305,110,1636.719421
340.25534,222,1636.852048
322.54492,231,1636.903914
306.55304,353,1637.013272
248.9461,623,1637.02616
248.28238,495,1637.271894
234.1241,518,1637.313633
95.78458,158,1637.6224
320.6413,327,1637.65383
277.53348,284,1637.683408
340.34967,267,1637.696932
227.71823,635,1637.70195
323.8036,247,1637.705998
63.869522,183,1637.861223
287.04843,361,1637.882371
272.46222,226,1637.888134
288.07764,804,1637.981138
310.87988,239,1638.108135
46.12887,147,1638.329924
301.27353,232,1638.340204
306.42987,202,1638.547266
319.47284,436,1638.705895
290.01523,225,1638.705942
342.3104,246,1638.826697
336.36688,208,1638.826747
299.59018,248,1638.826757
281.04065,331,1638.826766
322.21732,248,1638.831685
325.3083,171,1638.886772
322.3175,230,1638.920588
327.60907,240,1638.987983
321.0542,203,1639.269312
57.319603,139,1639.549194
239.52798,851,1639.741522
37.69093,110,1639.764638
328.42932,208,1639.779466
295.4262,236,1639.789123
314.9439,273,1639.794184
332.3241,210,1639.794217
287.2881,333,1639.852806
276.02393,237,1640.06953
324.7318,285,1640.141107
251.37097,503,1640.282558
280.55585,394,1640.510531
306.201,168,1640.510603
311.4833,358,1640.519733
310.94385,407,1640.678002
345.5669,200,1640.961127
336.52448,318,1640.983753
353.23047,190,1640.983792
290.59634,264,1640.983802
215.39465,475,1640.983809
325.15915,267,1640.997485
341.99023,275,1641.008798
277.0842,297,1641.129168
340.28766,223,1641.497941
321.57172,410,1641.616555
33.98517,172,1641.752762
302.10663,320,1641.94653
330.71008,216,1641.951603
276.15604,218,1641.962926
19.030952,218,1641.962952
13.735935,138,1642.237249
322.4382,311,1642.524155
273.58142,342,1642.546755
314.99457,355,1642.560104
315.14996,512,1642.574754
310.55457,616,1642.623316
303.90927,400,1642.803709
301.90637,471,1642.803778
302.56815,188,1642.817077
321.58533,208,1642.897156
331.26862,312,1642.918768
91.9837,109,1643.12806
80.49654,149,1643.251229
117.207825,102,1643.277382
306.1148,311,1643.387622
63.633602,127,1643.405377
71.73361,140,1643.452505
121.65541,83,1643.636135
80.03107,111,1643.924859
60.045776,114,1643.955739
301.1139,303,1643.999965
52.91305,115,1644.18981
336.6782,277,1644.20481
292.18915,272,1644.204872
258.43164,358,1644.210025
255.37122,485,1644.210062
288.33014,260,1644.353976
255.82043,206,1644.434494
-4.6187477,132,1644.581093
13.274776,124,1644.779598
50.697277,94,1644.807145
177.48273,1000,1645.119386
329.07153,192,1645.119448
296.13718,195,1645.133677
22.953403,119,1645.364393
254.91676,292,1645.373307
9.538441,113,1645.64479
31.10263,114,1645.650054
55.762314,131,1645.98155
38.696537,85,1646.034082
85.877205,170,1646.147923
337.68695,234,1646.213343
307.1683,430,1646.213402
285.23193,433,1646.227123
155.64061,1000,1646.404232
46.157166,108,1646.642135
80.6941,132,1646.824414
178.25638,1000,1646.914201
252.52689,935,1646.919447
285.79556,653,1646.970365
-4.672184,176,1647.046182
91.002335,141,1647.06462
305.365,326,1647.156187
25.14891,114,1647.178936
48.4896,99,1647.27937
106.9747,119,1647.456693
320.1942,325,1647.475826
-10.272106,95,1647.475865
1.1584244,105,1647.535034
59.935425,136,1647.535082
33.427383,129,1647.554556
35.418816,93,1647.597034
252.64676,629,1647.681143
14.635281,90,1647.685949
3.073223,120,1647.694094
55.45543,96,1647.897985
33.418255,79,1647.903257
123.488304,1000,1647.944594
58.912346,98,1648.019318
55.792072,85,1648.099816
47.336346,72,1648.241664
9.938755,119,1648.247773
-16.657063,106,1648.401329
14.828102,78,1648.466247
308.85303,174,1648.508186
258.97232,496,1648.51316
308.85236,222,1648.513188
59.331112,121,1648.513198
6.7769394,80,1648.605694
4.8015976,152,1648.715314
37.49171,91,1648.816256
297.19473,282,1648.847043
15.609833,133,1648.856976
52.089916,78,1648.866482
3.641552,108,1648.952829
29.746254,78,1648.962858
27.017944,107,1648.997446
88.596016,1000,1649.080459
143.37305,1000,1649.212864
-8.463665,97,1649.304433
-7.5915794,81,1649.339104
33.05461,107,1649.339148
13.999836,88,1649.403534
46.44184,110,1649.569605
20.271664,99,1649.754084
-68.42102,100,1649.878987
39.866375,122,1649.916314
-4.4091454,124,1649.925728
-59.948666,82,1649.968494
293.94482,548,1650.018348
322.19116,249,1650.024544
293.46878,527,1650.047491
323.97992,305,1650.137975
230.0299,896,1650.182561
-27.698586,112,1650.293444
-19.891499,82,1650.350066
41.69171,71,1650.378032
32.1543,106,1650.418297
189.93274,334,1650.522309
0.49097824,85,1650.539411
245.24591,442,1650.563782
66.12598,163,1650.677661
58.291924,120,1650.739902
30.313107,79,1650.744265
284.49722,493,1650.793803
48.651157,83,1650.799353
64.028,120,1650.903071
33.849026,85,1650.921628
45.86061,183,1651.131955
6.6185875,122,1651.235533
1.6558838,117,1651.289614
18.58487,159,1651.293735
-12.56794,124,1651.318175
96.83987,85,1651.322093
-14.780254,99,1651.374338
15.502899,131,1651.408046
3.4717522,130,1651.408091
-86.02243,340,1651.456895
213.32956,511,1651.593651
138.4665,92,1651.743161
32.818424,110,1651.800553
103.99219,120,1651.848856
72.93735,142,1651.899845
-3.9062767,140,1651.973849
47.691395,134,1651.9944
42.904686,148,1652.1437
22.438549,96,1652.189616
113.70159,95,1652.286003
66.88498,154,1652.300386
4.954445,116,1652.335779
59.228325,96,1652.410263
24.174953,138,1652.621242
282.35648,343,1652.717843
19.193096,93,1652.722748
-187.927,483,1652.741725
39.698326,151,1652.871907
32.61918,131,1652.880668
44.120872,63,1653.010271
91.69709,92,1653.137938
329.88898,278,1653.164869
276.01105,387,1653.17981
-16.998985,178,1653.219407
15.37896,239,1653.227455
-44.51324,88,1653.279888
261.44376,716,1653.317476
189.96756,1000,1653.434447
19.019096,78,1653.52801
16.720528,82,1653.603202
112.24606,104,1653.641503
10.259972,117,1653.673105
-43.700146,67,1653.961056
75.70262,167,1653.965655
7.674774,86,1654.018794
269.55847,383,1654.062879
308.8883,321,1654.067437
11.676094,112,1654.098358
2.4133263,132,1654.120054
55.370182,75,1654.426736
13.041733,74,1654.445045
24.393097,116,1654.569907
98.25968,1000,1654.582855
-9.895626,139,1654.682207
-33.19477,168,1654.761624
299.27097,416,1654.870883
5.41523,113,1654.934917
-5.9685936,87,1654.977432
-322.44052,514,1655.05035
51.41677,120,1655.120822
5.9060287,155,1655.149267
20.905441,103,1655.15359
20.549282,112,1655.379648
-35.811775,122,1655.526119
35.22553,109,1655.53356
-32.622635,89,1655.538267
-181.74713,476,1655.560885
-215.92755,515,1655.583844
-473.16074,530,1655.683433
-43.977467,77,1655.720894
28.044415,138,1655.732259
-63.034885,59,1655.798305
-29.652409,61,1655.79835
4.931656,197,1655.818614
168.90408,1000,1655.925533
64.47175,96,1655.974091
19.2388,94,1655.98937
331.22278,285,1656.053124
44.149223,90,1656.10191
-30.990488,66,1656.106415
20.473602,72,1656.15322
-44.055252,71,1656.253314
4.7331963,98,1656.253361
-0.79593277,132,1656.323089
3.9587135,82,1656.349996
-91.545654,67,1656.403109
-90.13517,85,1656.489767
45.273888,211,1656.541896
15.025635,64,1656.607492
-36.416077,88,1656.64434
-2.3909912,114,1656.668566
24.400265,94,1656.677936
-21.96083,95,1656.835472
-65.54717,63,1656.971711
-60.605476,85,1657.009351
-60.657455,125,1657.085249
-42.832714,116,1657.098264
-24.81039,111,1657.175634
-18.802639,112,1657.197441
258.67322,258,1657.241441
43.602318,97,1657.296949
-10.368729,61,1657.353601
-2.542881,85,1657.366286
3.652443,63,1657.374606
134.74835,1000,1657.398795
254.371,775,1657.477262
276.78854,514,1657.489767
-0.40869522,59,1657.502257
-4.1649475,116,1657.540712
-18.418911,81,1657.556684
-29.652199,76,1657.709511
18.828583,91,1657.798292
-38.632767,73,1657.821776
-10.806595,151,1657.841305
-23.750168,82,1657.849365
121.16607,131,1657.948392
-29.770142,90,1657.959744
238.0804,891,1657.988386
18.215904,75,1658.052014
1.1419716,136,1658.088094
-54.694126,465,1658.111683
-16.858273,81,1658.205256
-48.737366,87,1658.248822
25.017593,164,1658.286277
-37.63344,76,1658.302646
62.56219,113,1658.369741
7.9323425,95,1658.39228
-16.963879,136,1658.418502
-49.6063,82,1658.481215
269.37207,262,1658.526789
81.73407,110,1658.544236
-44.132797,81,1658.559194
27.30941,74,1658.605873
41.01158,118,1658.615005
41.31781,68,1658.668156
11.208393,67,1658.687055
207.37616,515,1658.687102
36.446293,107,1658.773327
-2.7910614,54,1658.857472
-40.59784,196,1658.868805
-43.0176,87,1659.000081
-11.50819,78,1659.021848
52.501637,115,1659.042811
-43.00762,108,1659.042852
-68.7388,83,1659.060763
-54.42248,77,1659.12697
-30.089575,80,1659.240852
-17.887367,77,1659.378531
-52.658848,73,1659.384369
60.01909,181,1659.509651
21.530884,118,1659.577994
-98.59493,100,1659.683225
41.16749,100,1659.813262
-53.329628,100,1659.818176
-29.301907,186,1659.830133
-39.800636,81,1659.860625
86.68521,170,1659.878382
-33.264015,185,1659.887655
2.9436874,103,1660.131861
-14.977699,61,1660.153918
101.2552,1000,1660.249719
-19.896355,125,1660.38436
105.72928,123,1660.406972
-240.57117,525,1660.579011
109.79936,110,1660.622092
4.233597,168,1660.622139
-3.822441,85,1660.626911
-221.23701,496,1660.626953
94.181946,123,1660.701073
134.2211,774,1660.748843
-5.0053253,80,1660.757815
-12.299316,91,1660.783811
-285.3911,538,1660.872164
-144.71066,535,1660.921325
54.665447,74,1660.946195
56.792732,77,1660.963747
31.838253,81,1660.97636
33.11126,99,1661.018109
-103.643616,506,1661.113616
104.78621,118,1661.15371
31.91695,113,1661.265021
14.750591,110,1661.278897
53.93276,133,1661.296278
11.627438,83,1661.323996
30.956318,103,1661.336681
19.34996,88,1661.37645
-5.8064613,104,1661.394746
60.082733,101,1661.418717
11.001217,104,1661.48346
-4.290123,93,1661.558499
0.44465256,77,1661.598394
-23.36361,72,1661.608544
-2.3389435,99,1661.801743
-0.6814041,122,1661.805867
84.01608,113,1661.810972
-8.264084,116,1661.837036
-13.139404,101,1661.853456
-42.874016,69,1661.857532
101.773506,89,1661.866699
60.843678,123,1661.925905
142.94312,79,1661.942427
40.281116,104,1662.066679
20.024284,73,1662.163591
-15.354111,84,1662.17975
-3.7845345,78,1662.210614
212.61087,596,1662.210646
228.01541,558,1662.285133
19.600346,98,1662.294265
274.64685,293,1662.415473
106.48449,137,1662.434726
56.95291,140,1662.444068
78.54781,89,1662.579093
26.48463,83,1662.5964
-31.533361,69,1662.61614
38.719868,67,1662.73186
55.363476,132,1662.776193
4.997345,60,1662.877329
79.94809,115,1663.095182
-13.842136,96,1663.153862
-12.566307,98,1663.214348
48.118412,82,1663.246641
341.252,289,1663.24668
-38.568893,71,1663.425182
330.46417,278,1663.46569
267.1739,612,1663.487013
265.8943,235,1663.501468
21.528393,66,1663.554041
-3.044075,96,1663.663373
21.163227,109,1663.66822
66.29495,99,1663.706892
278.4214,262,1663.763067
35.88805,74,1663.772814
51.910694,66,1663.796873
33.086037,62,1663.843424
91.56528,91,1663.892893
263.14807,352,1664.015985
19.223553,87,1664.063866
-7.995281,93,1664.130893
9.566471,104,1664.135776
22.898289,71,1664.164971
128.88042,1000,1664.296094
64.225006,121,1664.315702
77.1438,73,1664.343965
-119.046005,527,1664.459256
2.376278,74,1664.463439
-44.18584,89,1664.463467
39.21948,128,1664.468462
27.827099,73,1664.491872
-0.63158417,218,1664.496532
-82.39383,495,1664.536265
66.65196,104,1664.602989
-38.40926,105,1664.778738
353.912,220,1664.799835
-0.26184082,68,1664.812739
76.406364,83,1664.848799
256.61435,644,1664.857237
-9.588882,92,1664.893588
7.4671364,104,1665.026751
97.50099,109,1665.119266
0.65865326,174,1665.119316
78.51128,136,1665.128587
18.711014,148,1665.163428
50.80186,82,1665.185449
100.59099,76,1665.21168
-7.691639,78,1665.229605
-13.385483,72,1665.237436
228.39224,741,1665.262029
1.2774963,173,1665.276829
48.514893,107,1665.320954
94.66118,81,1665.410059
-25.458382,85,1665.519974
33.953865,73,1665.531988
-3.2210197,65,1665.541776
89.81558,102,1665.609256
19.262115,74,1665.618507
18.753937,84,1665.652244
-25.943169,92,1665.75351
83.70948,115,1665.753579
50.95899,127,1665.764805
-18.637077,146,1665.916332
65.25669,105,1666.010154
68.31209,105,1666.019549
63.530052,93,1666.04478
43.07217,88,1666.063256
64.832245,67,1666.073113
55.421894,90,1666.170491
-103.428566,107,1666.245687
222.47119,323,1666.283572
42.72857,150,1666.308934
49.904396,88,1666.313171
301.77014,567,1666.391079
325.43048,442,1666.39608
-0.1831398,81,1666.408204
48.985863,76,1666.412901
14.735786,96,1666.454263
26.818726,84,1666.620989
48.92346,107,1666.646168
-14.244419,99,1666.728685
-20.899185,79,1666.750901
28.878609,106,1666.790376
26.865612,95,1666.836278
26.390781,94,1666.836323
-0.99329376,87,1666.845275
4.0255356,119,1666.845307
52.14757,114,1666.916156
10.918728,65,1667.035325
312.57983,416,1667.044413
325.4939,327,1667.04444
24.38882,68,1667.153317
289.30936,266,1667.274437
32.074463,119,1667.391868
31.007381,107,1667.396917
33.08383,197,1667.521958
-73.87373,482,1667.612552
66.83918,128,1667.617254
27.165962,97,1667.835628
44.535362,182,1667.857792
61.84712,76,1667.971922
86.88192,126,1667.977001
73.41206,103,1668.099753
42.524914,68,1668.156209
32.13844,92,1668.405384
92.36699,78,1668.454758
90.084854,141,1668.515123
-20.745148,118,1668.519934
-250.7753,561,1668.576085
29.762863,101,1668.620227
40.526493,70,1668.776619
303.06808,433,1668.841578
15.798756,73,1668.849511
316.74387,373,1668.868563
34.681904,79,1668.8828
287.94336,449,1668.909616
310.54166,459,1668.909649
57.575996,93,1669.058808
24.318638,79,1669.159199
328.9898,556,1669.226491
10.10511,70,1669.249804
14.783936,98,1669.344032
30.782402,122,1669.463873
257.96408,449,1669.616433
288.11282,504,1669.616482
11.21283,125,1669.649362
82.96417,73,1669.685661
6.2655716,166,1669.698985
285.07025,279,1669.717418
263.44315,657,1669.799718
261.71918,598,1669.814069
40.955837,135,1669.877382
55.733253,100,1669.933602
52.566338,157,1669.955773
5.219143,100,1670.107076
112.54517,120,1670.263286
42.576984,99,1670.267051
18.683922,160,1670.342531
39.784138,121,1670.349749
35.30684,164,1670.363493
48.770855,91,1670.363522
342.51086,303,1670.544991
329.53302,368,1670.545041
313.40906,367,1670.549101
59.291595,162,1670.604419
40.596123,124,1670.666243
43.99103,103,1670.724311
50.72616,114,1670.778739
26.229515,96,1670.78358
33.596165,95,1670.794275
-6.3282204,111,1670.845597
1.7515793,116,1670.886738
-78.97999,85,1670.99913
-45.03717,118,1671.09556
54.23455,128,1671.140746
328.6444,316,1671.140811
24.114109,94,1671.163173
77.97295,141,1671.209773
49.071617,98,1671.244795
49.20751,105,1671.283338
85.92328,114,1671.315776
8.590664,100,1671.320282
44.853508,158,1671.409103
-4.3859406,117,1671.645995
18.053059,108,1671.651046
63.240124,79,1671.687562
4.649727,84,1671.713266
129.82541,116,1671.786217
38.93693,83,1671.79142
51.154133,145,1671.957512
68.11406,63,1671.971275
296.43262,176,1671.980111
112.93971,116,1672.172099
57.050682,165,1672.416886
334.9394,310,1672.455731
19.137299,106,1672.47706
-12.747456,110,1672.481395
261.75653,382,1672.683704
69.92534,122,1672.760988
316.0407,355,1672.807614
290.57922,227,1672.855882
306.31113,229,1673.065662
9.480827,72,1673.099615
331.33743,284,1673.125422
295.91507,411,1673.137834
291.5459,321,1673.224239
288.61444,763,1673.228555
103.49034,1000,1673.243197
23.266193,124,1673.383313
34.732403,153,1673.398082
326.97168,232,1673.56688
299.075,237,1673.566928
323.0212,235,1673.586742
51.539013,81,1673.600576
69.95957,116,1673.612522
18.112854,105,1673.633769
66.146194,96,1673.69439
36.577034,102,1673.877336
92.534515,138,1673.883029
44.24186,77,1673.958412
88.58783,117,1673.963074
322.14175,237,1673.975037
60.920986,75,1673.989508
24.172874,68,1674.022627
1.4672279,101,1674.055163
-20.863789,118,1674.165026
55.425453,130,1674.227704
314.8418,246,1674.260289
106.683014,84,1674.273023
12.872524,85,1674.273056
-3.310749,103,1674.524006
96.05206,115,1674.546489
149.80663,1000,1674.586479
38.776714,138,1674.60887
98.04874,86,1674.649127
4.72332,156,1674.672161
69.80574,89,1674.677191
347.78827,251,1674.738576
57.595463,128,1674.746478
-0.8368492,114,1674.746508
350.60596,183,1674.827441
80.48385,88,1675.076023
-25.140778,120,1675.088789
57.240536,111,1675.088825
12.341553,89,1675.15163
70.75391,104,1675.225191
304.1927,223,1675.291953
3.629486,152,1675.306059
55.959377,83,1675.457338
65.774506,149,1675.50639
317.1725,669,1675.53013
290.69315,238,1675.607745
293.9831,536,1675.607792
98.627396,115,1675.619787
45.658104,85,1675.681249
332.5273,257,1675.865536
343.7654,269,1675.901822
56.469517,100,1676.015428
-4.183052,116,1676.015501
63.905613,93,1676.06976
317.6403,480,1676.188866
3.499279,106,1676.19409
342.58112,234,1676.194114
331.4428,192,1676.214645
302.65146,219,1676.256305
333.09485,241,1676.286958
297.19907,159,1676.373268
5.450432,177,1676.455141
-35.201195,66,1676.497816
273.55783,194,1676.805895
37.709007,123,1676.931678
287.15463,311,1676.967219
299.18634,168,1676.967264
323.77747,177,1677.030717
325.0705,250,1677.030763
47.18967,113,1677.33358
114.846466,88,1677.391036
268.1546,297,1677.404092
289.3428,261,1677.412506
308.21536,302,1677.427125
300.79086,266,1677.498249
39.901024,113,1677.506668
292.65283,266,1677.530506
-179.65958,105,1677.821939
334.42465,223,1678.079708
337.27008,275,1678.237703
310.58972,255,1678.237752
338.01663,177,1678.237764
302.17487,185,1678.26263
321.90952,402,1678.388178
317.87653,411,1678.388226
-51.448532,514,1678.484779
305.23135,162,1678.601407
-7.105297,89,1678.66364
313.6395,259,1678.732828
67.08812,144,1678.770854
63.69813,84,1678.784966
76.81293,101,1678.863177
290.9029,315,1678.922977
333.82047,325,1678.954251
75.03682,165,1679.025964
110.814995,121,1679.063413
321.22757,181,1679.123168
-3.3282394,99,1679.235708
67.19702,76,1679.305075
41.27921,136,1679.371059
148.17491,1000,1679.425118
82.328865,114,1679.450149
75.57718,98,1679.478572
335.83698,211,1679.587373
302.94745,447,1679.600428
298.56976,192,1679.682615
68.80246,87,1679.710618
24.918434,133,1679.737679
285.56,241,1679.790963
248.28366,332,1679.800269
102.85396,109,1680.098155
40.6427,164,1680.218551
312.60117,251,1680.231917
28.539524,127,1680.281984
290.38696,195,1680.343083
277.0952,321,1680.371738
26.273766,130,1680.405012
322.23383,217,1680.500986
311.89243,204,1680.680938
39.060345,121,1680.68099
314.78116,230,1680.69867
-103.03953,89,1680.712944
325.66333,216,1680.772388
345.1136,301,1680.799378
317.7467,226,1680.883891
90.65995,135,1680.889057
9.331833,149,1680.940961
62.23272,141,1681.089578
55.918198,107,1681.209445
327.12915,183,1681.223581
265.57007,201,1681.334001
-2.764759,96,1681.339074
333.3911,186,1681.5548
357.17096,186,1681.554864
298.8002,494,1681.563608
282.90213,225,1681.563645
54.660454,88,1681.609291
-32.418613,129,1681.681492
-49.78433,104,1681.699248
348.358,205,1681.831471
345.1282,200,1681.867506
107.376114,117,1681.872977
93.28992,88,1681.962136
117.86798,84,1682.063988
17.50409,1000,1682.232324
273.18884,352,1682.408864
306.87543,182,1682.408914
313.31628,264,1682.554273
280.01965,216,1682.554322
298.5959,397,1682.559215
290.1649,215,1682.559245
302.1029,382,1682.573061
313.29034,160,1682.710409
300.04666,236,1682.949056
319.2215,245,1682.958368
304.77167,294,1682.963258
102.18709,91,1682.984694
54.69002,116,1683.091191
289.64276,198,1683.454596
109.401436,111,1683.466071
264.10693,267,1683.628104
-138.30832,460,1683.822345
62.70563,80,1683.844622
14.926502,88,1683.872289
277.01935,204,1683.909531
263.72247,329,1684.077046
-56.816357,482,1684.094594
340.8797,218,1684.099664
328.47876,250,1684.109054
278.61047,207,1684.578092
337.94092,480,1684.6068
101.43463,131,1684.689545
290.99292,174,1684.698602
197.36066,577,1684.718549
285.6524,474,1684.727489
327.7734,200,1684.753964
277.37115,184,1684.946106
206.57886,426,1684.960502
100.25153,105,1685.196397
76.08167,99,1685.196446
279.34222,566,1685.318996
219.92383,275,1685.382696
37.72798,178,1685.450841
82.675095,112,1685.469723
288.3988,363,1685.510344
320.17355,202,1685.538857
325.5017,320,1685.564197
13.470543,151,1685.660794
97.98737,777,1685.816501
315.16034,231,1685.831721
63.031017,122,1685.871014
320.3689,254,1685.882609
312.08203,251,1685.896704
-13.974171,109,1685.940808
55.672623,128,1685.964321
-98.18203,477,1686.070627
176.49985,231,1686.255833
35.403103,99,1686.33463
47.962868,111,1686.347852
34.699677,127,1686.409891
321.5635,265,1686.414469
102.52045,78,1686.437543
342.31592,214,1686.450508
342.62408,212,1686.479652
350.3814,155,1686.625024
48.67824,74,1686.702435
53.64114,94,1686.860244
319.56982,196,1686.869402
278.56003,317,1687.010786
307.62616,158,1687.092665
277.2241,179,1687.113021
282.94913,262,1687.126082
296.86234,312,1687.126133
315.69037,245,1687.131627
342.11353,202,1687.401371
270.4577,195,1687.411101
328.7066,167,1687.420366
63.78482,172,1687.514437
90.96626,109,1687.524434
78.36561,109,1687.614898
314.24402,253,1687.649859
320.4314,173,1687.67306
15.835949,138,1687.763067
306.91885,298,1687.815538
84.76145,161,1687.835455
83.634674,86,1687.92344
288.59592,507,1687.92864
333.7919,173,1687.93329
342.36584,178,1687.951463
54.273148,81,1688.027555
307.7123,274,1688.149113
330.15442,183,1688.262751
31.232986,167,1688.291439
303.73212,194,1688.301631
33.70153,197,1688.33269
82.04269,118,1688.385821
290.37646,175,1688.478635
54.375103,121,1688.483296
77.33539,126,1688.500986
51.965343,127,1688.535434
-44.44456,128,1688.608849
301.3803,259,1688.8034
50.108276,124,1688.816972
307.6418,230,1688.817005
360.18854,202,1688.853341
49.188427,78,1688.884853
12.289196,126,1689.046428
43.71189,172,1689.103585
120.153275,83,1689.172735
340.16226,182,1689.20078
324.6012,304,1689.20082
276.83997,207,1689.219357
280.5589,173,1689.590441
317.15784,248,1689.59049
248.36029,275,1689.731869
298.76077,192,1689.741873
319.7171,195,1689.931588
335.17114,172,1689.981595
316.44385,189,1690.030682
283.47626,288,1690.114756
323.11966,338,1690.130863
309.55634,209,1690.165984
130.78416,138,1690.376751
300.65613,265,1690.404133
14.495155,506,1690.44316
50.77765,95,1690.599949
245.81961,556,1690.815813
279.73456,202,1690.859061
66.411804,102,1690.876976
311.24905,255,1690.911269
334.35574,222,1690.998133
326.55682,236,1691.115737
336.57278,187,1691.231758
307.84653,244,1691.251715
336.27722,364,1691.256196
300.04327,272,1691.356719
306.3647,562,1691.403452
295.2882,214,1691.416042
288.1989,401,1691.420303
189.23596,549,1691.599601
292.815,153,1691.687797
22.240402,102,1691.860497
73.61063,148,1691.916186
311.60138,270,1692.037532
328.69608,252,1692.043538
285.50275,260,1692.049583
291.44946,208,1692.049618
33.41257,114,1692.112197
-46.772583,104,1692.160673
302.58197,174,1692.208045
332.78345,302,1692.734912
341.3291,191,1692.739859
-26.378296,484,1692.809033
322.32983,454,1692.921814
72.54024,88,1693.138403
313.28577,254,1693.217891
319.75366,220,1693.217948
285.99673,397,1693.235861
339.07312,234,1693.235893
294.0808,287,1693.235903
333.96637,259,1693.23591
23.969475,120,1693.355233
-46.3112,468,1693.387147
323.39313,292,1693.387186
338.10883,144,1693.395767
267.8802,498,1693.49537
272.9358,310,1693.52703
57.751945,76,1693.552883
91.60742,109,1693.61943
64.25185,94,1693.651941
45.24361,81,1693.746413
44.974644,83,1693.754821
273.86517,384,1693.79287
292.53894,205,1693.854721
51.595688,174,1694.036008
41.446568,109,1694.041026
36.69455,88,1694.076381
56.518436,99,1694.097319
73.63199,75,1694.109598
311.10773,210,1694.197978
357.22235,164,1694.256862
71.29604,105,1694.349056
309.7587,175,1694.371828
234.01086,298,1694.596503
303.41962,215,1694.777827
87.84343,110,1694.84225
-25.897259,179,1694.850981
318.9315,200,1695.0162
354.99005,219,1695.267766
288.1541,195,1695.267816
277.8802,257,1695.277484
252.79562,268,1695.43055
256.31558,382,1695.53531
331.68143,160,1695.535363
329.44513,201,1695.535373
326.4839,351,1695.654209
280.39664,343,1695.65426
64.91854,95,1695.708524
260.24887,233,1695.930989
64.71268,93,1695.954113
323.4004,162,1696.006347
311.83728,568,1696.00638
305.95575,327,1696.344727
46.846226,93,1696.348732
-9.245758,88,1696.348759
22.966362,161,1696.375129
344.46967,219,1696.515083
314.44366,226,1696.54431
327.67523,283,1696.552105
328.23117,337,1696.552134
315.9627,298,1696.982109
252.35025,356,1697.035918
313.4148,230,1697.03596
317.8023,216,1697.345568
319.02252,187,1697.358478
352.26428,208,1697.482728
296.95895,278,1697.590787
277.60297,277,1697.590842
224.42416,978,1697.672484
308.06586,259,1697.720347
-93.94873,466,1697.799906
152.23096,1000,1697.912172
335.16656,253,1698.182523
325.61948,360,1698.182568
282.39032,193,1698.227385
310.96008,270,1698.577739
82.414444,110,1698.690246
209.95358,595,1698.705281
96.51753,107,1698.735297
215.78067,561,1698.896087
304.92703,300,1699.055674
58.815075,119,1699.131676
59.22167,95,1699.136962
312.09476,357,1699.23857
263.41467,360,1699.252868
329.5432,427,1699.441596
67.1799,97,1699.493498
253.33896,548,1699.493545
268.20767,468,1699.869283
320.0576,256,1699.874036
338.33618,190,1700.095491
251.3207,486,1700.137463
210.43843,461,1700.292336
310.05035,258,1700.297198
283.78622,278,1700.386136
294.60983,365,1700.386202
306.6986,201,1700.396394
-24.731445,153,1700.556647
33.001564,91,1700.708264
53.233505,78,1700.749857
290.3767,198,1700.978127
260.83176,386,1700.982753
303.04483,194,1700.99896
129.72704,721,1701.070702
262.50653,378,1701.130574
262.67725,322,1701.29804
238.67123,407,1701.306802
278.02716,207,1701.471554
90.46445,129,1701.540394
173.11632,1000,1701.55481
291.2403,233,1701.792979
288.92468,342,1701.836484
304.08496,275,1701.944872
78.83284,105,1701.965581
79.56029,161,1702.047513
300.34048,393,1702.165025
61.05207,82,1702.415246
336.8078,268,1702.53088
281.76794,342,1702.620498
90.31655,118,1702.69028
14.215836,392,1702.752104
334.2682,289,1702.877372
220.08485,551,1702.884819
310.51572,295,1702.922543
241.54675,900,1702.97132
267.85886,439,1702.994151
95.12094,113,1703.208845
228.47086,462,1703.237048
305.79303,321,1703.254258
13.138851,64,1703.258133
309.97104,333,1703.33895
88.496765,79,1703.347839
261.46893,315,1703.374583
278.589,340,1703.50388
31.731651,87,1703.598643
52.288616,90,1703.65868
352.022,303,1703.988604
18.139538,162,1704.377971
98.185455,88,1704.382128
200.39432,419,1704.417095
47.781616,76,1704.709031
280.17798,327,1704.70908
297.75687,311,1704.725132
274.8497,465,1704.942562
275.19458,457,1704.947407
323.78516,326,1704.947436
286.07126,391,1704.971616
26.396584,93,1705.133945
31.374855,173,1705.197146
236.67673,520,1705.210441
273.55145,633,1705.256837
90.94556,74,1705.297048
181.49419,601,1705.454152
338.26883,186,1705.552214
43.82736,105,1705.601609
-32.295395,518,1705.653285
7.4363327,512,1705.657361
86.52849,128,1705.863283
268.95078,348,1705.945637
41.966393,89,1706.008478
290.55484,263,1706.141873
306.13123,271,1706.181072
278.3723,239,1706.330242
29.736649,121,1706.413797
320.68167,223,1706.456897
43.57411,102,1706.636862
351.5831,258,1706.715756
294.3093,336,1706.719889
331.92987,239,1706.7318
-38.63218,499,1706.991259
289.84906,296,1707.005468
53.14541,81,1707.014374
319.72943,453,1707.035839
308.5542,203,1707.072011
260.2802,242,1707.114628
3.211071,82,1707.118464
36.776257,84,1707.422277
290.73273,341,1707.503437
294.73224,176,1707.528222
312.8366,243,1707.579324
327.28845,219,1707.730435
44.026363,89,1707.985358
47.07498,190,1707.989474
332.34448,217,1708.061476
302.16376,234,1708.064639
37.132652,82,1708.109405
158.14464,1000,1708.123479
314.1938,185,1708.264132
65.56091,72,1708.317016
316.89423,290,1708.335657
56.16123,81,1708.352716
26.507164,69,1708.433133
-5.871273,77,1708.455055
301.60303,209,1708.481309
305.3282,323,1708.491079
264.94275,459,1708.517388
8.07066,61,1708.543416
0.5540314,70,1708.635677
50.06779,76,1708.682639
50.458965,78,1708.707707
117.15738,83,1708.838615
70.21442,107,1708.974941
19.85579,98,1708.991863
-2.3859253,80,1709.001582
-17.057121,131,1709.035306
55.438126,82,1709.081079
21.833778,87,1709.365496
302.7816,288,1709.376029
287.6964,411,1709.376073
86.508575,102,1709.556426
325.42502,245,1709.625039
265.04205,575,1709.752172
31.221422,1000,1709.761606
285.98016,236,1709.773256
91.23219,88,1709.961646
282.19348,415,1709.966181
32.069748,205,1709.980076
302.2568,318,1709.980103
285.73917,274,1710.265335
41.069252,138,1710.265379
310.5028,198,1710.307507
286.4615,288,1710.343069
269.15192,341,1710.419034
1.8345451,98,1710.427462
5.4162407,104,1710.470749
325.15088,176,1710.786555
-52.17907,117,1710.811339
83.16578,1000,1710.932006
321.1161,291,1711.09519
265.75574,377,1711.116874
323.49756,321,1711.245949
298.31564,202,1711.269376
283.04865,185,1711.269422
349.9638,175,1711.274385
310.90308,468,1711.550946
248.31116,307,1711.721261
328.23267,376,1711.72131
318.64825,231,1711.875802
264.48022,273,1712.052324
2.1372223,169,1712.062001
192.59012,393,1712.091071
297.00824,188,1712.155063
334.79346,189,1712.164544
281.37973,321,1712.437785
313.9531,171,1712.543956
292.12408,301,1712.544008
299.38736,276,1712.552557
46.470608,84,1712.566171
15.110203,125,1712.65871
286.73383,204,1712.693864
310.73254,340,1712.698977
330.58768,208,1712.85345
304.99146,559,1713.027209
75.94824,144,1713.197173
-112.50296,125,1713.27042
265.37112,266,1713.328281
295.6526,179,1713.386718
301.47754,383,1713.85051
258.5044,291,1713.904578
286.2981,258,1713.904627
317.10486,312,1713.90464
293.2409,290,1713.909888
298.77612,236,1713.97838
45.903503,148,1714.109316
319.64832,247,1714.229393
105.33816,91,1714.318112
269.35876,374,1714.447134
192.24481,1000,1714.482754
-23.226662,139,1714.588885
43.218506,146,1714.616044
219.31989,290,1714.729997
242.35352,702,1714.878531
330.9291,221,1714.9589
319.34778,185,1714.982773
299.3009,201,1715.159908
245.08765,411,1715.159955
329.18478,251,1715.164982
314.62268,317,1715.397514
297.01624,184,1715.430738
324.4721,248,1715.454324
208.21396,712,1715.502167
84.04306,80,1715.522583
290.95227,244,1715.591531
-53.765743,504,1715.64705
309.35242,211,1715.830074
347.35605,249,1716.071877
330.45386,244,1716.071922
305.5933,212,1716.101819
313.5487,166,1716.159096
342.61768,387,1716.18224
268.2456,237,1716.208188
241.44406,402,1716.430059
318.57446,189,1716.434718
328.8202,221,1716.439404
311.41998,241,1716.584292
43.71215,134,1716.775425
283.39914,326,1716.992127
303.59973,201,1716.996743
230.53033,264,1717.035216
305.81036,198,1717.12603
295.5182,331,1717.144611
334.19092,209,1717.14966
298.5832,166,1717.19443
294.32263,164,1717.194483
324.97903,177,1717.240669
287.44153,435,1717.363538
60.00164,154,1717.48435
292.97745,315,1717.514676
256.95142,316,1717.55036
299.72348,213,1717.555344
103.00107,82,1717.626718
47.48121,147,1717.814281
317.08002,189,1718.007208
280.8116,223,1718.01281
284.85522,200,1718.035368
283.93597,189,1718.053752
322.4704,289,1718.3343
309.9902,182,1718.376585
342.39307,183,1718.376636
358.95502,174,1718.401506
327.4,226,1718.539824
246.47673,322,1718.830217
327.48193,179,1718.866345
245.55324,240,1718.905089
276.4311,323,1718.956278
-148.38046,496,1719.245363
76.27394,1000,1719.265691
235.40279,249,1719.535725
-81.41107,524,1719.567075
331.29794,166,1719.610974
283.88373,246,1719.65219
276.11542,282,1719.656618
289.883,365,1719.656642
303.24017,293,1719.665042
298.63232,417,1719.897346
92.09335,91,1719.942407
75.739655,85,1720.052684
296.26984,264,1720.095685
294.50348,183,1720.095737
258.0523,255,1720.10533
314.8932,194,1720.122845
27.330704,125,1720.181741
3.148281,120,1720.203257
82.52328,85,1720.471447
273.4735,197,1720.797536
301.42273,314,1721.103175
339.27698,229,1721.118583
292.7904,257,1721.411965
279.1416,285,1721.438255
259.58813,301,1721.504485
212.53094,384,1721.736619
302.97076,198,1721.736672
279.123,334,1721.740884
65.422066,145,1721.797614
251.97652,362,1721.812346
51.9265,127,1721.984917
199.62096,514,1722.031561
240.64804,549,1722.099528
73.93063,137,1722.347504
71.13582,84,1722.364013
328.15088,191,1722.364055
325.51257,230,1722.474469
283.3957,185,1722.573453
310.39307,176,1722.591224
187.20435,1000,1722.610397
202.91821,926,1722.624379
120.77604,123,1722.930281
294.34766,195,1723.275467
167.6567,1000,1723.424886
325.78998,278,1723.766025
200.56259,728,1723.847936
335.72058,458,1724.224279
222.23059,538,1724.224323
313.34747,356,1724.233425
265.08035,581,1724.492075
79.22941,103,1724.715645
70.75877,111,1724.74417
-14.259216,293,1724.795095
282.16217,205,1724.820458
-77.27763,501,1724.95506
-66.40184,506,1724.959151
-142.66006,532,1725.106934
33.85434,138,1725.137822
343.4959,211,1725.735083
164.49944,1000,1725.753762
287.67108,233,1725.808923
325.6568,219,1725.824897
194.36105,568,1725.932637
308.77206,371,1725.965494
309.86856,277,1726.12489
13.946308,97,1726.206163
330.06775,276,1726.244979
327.73196,273,1726.421049
3.0927658,138,1726.449722
17.822304,928,1726.664497
104.181114,1000,1726.670081
310.50687,345,1726.702479
341.9445,222,1726.74529
20.056503,831,1726.797491
53.95472,158,1726.912906
306.1419,234,1726.99294
45.8923,78,1727.025026
346.36572,185,1727.07412
280.53687,716,1727.093805
219.1452,478,1727.161081
283.08734,290,1727.281299
70.085434,115,1727.323808
301.13184,249,1727.54495
321.6996,253,1727.596116
281.90067,330,1727.620668
47.189827,147,1727.672005
276.88828,202,1727.676892
303.16565,329,1728.182822
314.34644,301,1728.26615
339.15332,327,1728.620781
316.92386,227,1728.620845
301.32654,438,1728.633839
280.22137,323,1728.762796
279.4512,280,1728.910757
321.2401,152,1729.315058
239.00284,571,1729.638798
256.01263,227,1729.644004
240.17084,451,1729.684574
257.80743,580,1729.699655
264.20935,549,1729.746232
211.74327,608,1729.76047
223.72806,497,1729.770034
-24.076698,501,1729.836108
275.54745,332,1730.111748
114.23558,1000,1730.316375
286.2339,159,1730.396844
290.2091,278,1730.851057
234.55023,604,1730.949198
332.4048,298,1730.949246
-37.8529,518,1731.058054
255.62393,312,1731.119938
314.58417,271,1731.491813
233.73961,545,1731.713951
313.05136,201,1731.835432
262.05435,343,1731.901195
-4.5069504,514,1732.033926
317.20312,224,1732.065639
223.91158,565,1732.193789
212.69743,584,1732.334313
240.97958,579,1732.39845
237.72516,519,1732.411404
151.23495,1000,1732.647664
286.6698,172,1732.83635
328.4648,436,1732.8364
329.71054,199,1732.83641
309.6303,194,1733.229349
317.73456,226,1733.229396
303.99054,301,1733.229405
137.50227,1000,1733.401839
190.914,500,1733.401888
286.71738,225,1733.699992
-12.575684,509,1733.857361
335.57544,358,1734.073815
308.99884,266,1734.073864
299.28513,184,1734.096584
-30.80577,511,1734.096622
311.41257,200,1734.163787
292.7779,228,1734.481224
5.648102,529,1734.536623
307.85403,163,1734.634824
322.54315,288,1734.766127
314.41016,162,1734.847325
277.71686,347,1734.873959
20.361874,102,1735.011972
189.05643,561,1735.049546
292.99402,937,1735.277117
311.1031,282,1735.4012
-37.16663,573,1735.515127
298.16663,325,1735.631355
312.5719,185,1735.636075
336.53998,165,1735.643742
324.40533,218,1735.654541
41.97216,147,1735.736534
322.67322,163,1735.775477
319.5478,201,1735.779562
241.68484,450,1735.817707
292.37637,178,1736.093063
260.72958,376,1736.222697
246.37866,458,1736.227535
293.15152,460,1736.308692
67.597115,172,1736.410787
280.63538,244,1736.526524
296.02814,229,1736.67984
147.01263,843,1736.752906
290.62384,233,1736.79599
327.2814,255,1736.805546
289.92392,228,1736.818682
327.16656,284,1736.818717
288.0291,210,1737.057575
338.05774,183,1737.067286
80.233894,120,1737.22231
330.61478,237,1737.306385
335.92316,197,1737.30644
266.6084,372,1737.34297
279.90112,350,1737.36945
319.54617,140,1737.434802
323.3382,228,1737.55606
50.11553,93,1737.638252
313.52396,185,1737.651207
332.3631,153,1737.758717
269.0194,226,1737.829892
68.68996,118,1737.844243
286.13177,282,1738.104229
318.575,186,1738.198752
254.99828,590,1738.520753
279.2354,284,1738.618896
295.94147,382,1738.837577
309.8805,248,1738.938062
271.64993,276,1738.963139
257.37482,580,1739.447468
291.04684,340,1739.447532
314.0805,343,1739.447547
260.8982,318,1739.690668
232.63931,740,1739.734933
305.32013,170,1739.739878
325.50217,452,1739.752625
294.0737,265,1739.757271
-158.03162,509,1739.797342
223.43066,368,1739.831063
322.02936,208,1739.896694
102.86273,110,1739.953426
71.26488,101,1740.156039
43.34358,109,1740.326688
234.87971,339,1740.401696
18.964626,142,1740.415768
242.14474,681,1740.727101
73.51773,131,1740.769102
322.38562,243,1740.867888
101.771614,99,1740.878983
272.69638,757,1740.888432
56.099907,84,1741.124869
313.294,296,1741.179011
283.46173,167,1741.183108
301.88873,310,1741.196505
34.376827,95,1741.325131
5.827175,100,1741.330247
291.60388,349,1741.353363
272.15167,321,1741.379073
23.09475,157,1741.482661
8.411316,85,1741.553586
292.121,648,1741.620448
305.8818,303,1741.719415
79.65671,107,1741.804301
23.276272,75,1741.818307
44.44052,132,1741.911984
290.33118,541,1741.921822
66.89613,97,1742.05309
296.74573,221,1742.168152
56.756233,189,1742.229944
87.79906,93,1742.229992
85.66469,119,1742.477647
244.93869,308,1742.592906
246.8914,377,1742.597922
322.64453,284,1742.646227
-30.664879,114,1742.704256
272.3591,361,1742.760396
328.0406,207,1742.866016
89.76517,124,1743.038487
96.58685,107,1743.194209
271.6533,211,1743.204479
292.37366,306,1743.229837
269.08997,253,1743.229874
270.05954,370,1743.253378
240.51685,722,1743.26826
89.62232,91,1743.62478
48.643448,104,1743.694368
307.51788,215,1743.7632
100.76425,111,1743.772357
16.201584,116,1743.772384
311.565,206,1743.828383
157.12643,1000,1744.054513
305.31042,199,1744.156035
316.13913,436,1744.252086
353.06055,347,1744.252132
274.36423,262,1744.260674
254.22556,377,1744.3389
335.59735,170,1744.561702
296.779,170,1744.619101
334.27945,290,1744.619152
256.4254,216,1744.62871
318.79794,192,1744.657306
38.82354,134,1744.876255
264.24973,277,1744.967921
360.46844,157,1744.972545
67.19896,91,1745.030761
298.9065,253,1745.523922
275.26288,202,1745.558779
286.6657,214,1745.558833
323.89166,325,1745.564293
276.091,328,1745.683656
342.07016,171,1745.683706
317.86945,309,1745.693408
310.4398,423,1745.740846
324.17386,250,1745.792318
264.3241,204,1745.993281
9.548546,107,1746.057316
31.433743,110,1746.077372
291.46622,252,1746.157756
325.20966,251,1746.157822
104.21442,89,1746.210103
283.1083,333,1746.21015
143.9177,1000,1746.353154
12.908516,155,1746.395276
317.55945,197,1746.433584
275.38965,242,1746.671739
9.325714,117,1746.684871
112.61718,99,1746.80522
265.4272,245,1746.817959
346.24,168,1746.845723
285.72968,234,1747.059722
218.10764,300,1747.059786
60.516937,104,1747.171734
134.71178,1000,1747.23533
317.0697,273,1747.486432
309.96133,273,1747.486486
290.4828,374,1747.491756
53.262566,143,1747.497532
320.24564,232,1747.497586
338.62256,288,1747.508652
306.37262,310,1747.513585
301.56543,227,1747.513619
354.1604,151,1747.556226
4.5403595,110,1747.620079
53.156006,161,1747.637646
77.900665,107,1747.722212
91.041,109,1747.797275
102.75809,78,1747.930521
283.42682,175,1747.971412
294.91626,263,1747.986475
66.51118,121,1748.144814
42.21907,133,1748.224963
19.104683,148,1748.288908
47.33087,161,1748.416221
52.221626,81,1748.575039
67.372955,125,1748.635277
40.52424,136,1748.653633
281.33966,248,1748.854925
-25.364223,108,1748.884544
255.78198,205,1748.918367
277.43127,279,1748.995508
337.12115,268,1749.073623
338.4255,320,1749.195014
10.987747,107,1749.206745
337.07477,340,1749.293917
331.83975,205,1749.309373
344.48364,170,1749.314923
101.677284,87,1749.353316
79.230865,103,1749.381265
85.051056,78,1749.392422
34.230484,98,1749.716041
261.3114,190,1749.873788
83.63393,134,1749.914199
83.67231,107,1749.964593
0.65350723,131,1750.01692
-35.94565,99,1750.400488
265.9027,225,1750.494918
223.48865,528,1750.531628
267.61816,547,1750.531689
16.17265,126,1750.583317
284.5968,269,1750.811561
258.32,427,1750.845228
265.91815,314,1750.990516
313.05566,219,1751.121669
327.73508,219,1751.168677
62.534615,113,1751.178569
75.231735,100,1751.335299
-3.0793724,183,1751.457337
69.12218,90,1751.457416
275.0713,218,1751.55425
60.683136,94,1751.683436
247.80621,707,1751.76556
315.21307,593,1751.831213
298.17593,465,1751.852289
276.2196,523,1751.86699
318.06778,136,1751.917965
328.58044,285,1752.044868
10.276966,129,1752.14068
309.66205,474,1752.2096
284.73215,261,1752.209648
293.72653,210,1752.219457
-0.22384644,166,1752.403646
20.495724,124,1752.499896
12.45092,156,1752.505988
101.4943,145,1752.832021
328.376,146,1752.836551
277.07312,222,1752.836585
3.6799011,162,1752.907521
101.117615,111,1752.960665
310.8459,310,1753.250888
331.8933,245,1753.256644
34.14106,103,1753.352598
231.62386,291,1753.398093
240.86185,266,1753.651199
293.94385,378,1753.651256
75.605354,145,1753.721574
84.654175,105,1753.804327
305.76447,444,1753.831995
312.722,236,1754.057423
30.787678,140,1754.087712
284.72052,259,1754.172655
68.347534,87,1754.247529
41.140087,121,1754.270712
113.834206,116,1754.40279
207.95555,675,1754.655287
279.89633,206,1754.669353
56.988358,157,1754.911118
52.335865,115,1754.951288
26.248245,150,1754.956172
29.408798,717,1754.965208
321.7246,530,1755.059165
296.89554,216,1755.078859
363.24042,283,1755.10126
341.71655,349,1755.119037
314.24274,278,1755.415745
279.2681,506,1755.434606
138.60463,1000,1755.478711
300.33905,489,1755.664354
259.66223,239,1755.79318
310.6309,284,1756.022237
286.68457,261,1756.199227
314.73462,234,1756.199273
301.5937,231,1756.204132
308.87714,272,1756.209028
279.26828,299,1756.39332
119.195984,97,1756.668583
309.99387,342,1756.743453
311.02463,293,1756.798876
301.9281,261,1756.900419
348.11356,300,1756.90047
331.37878,312,1756.909473
29.90242,132,1757.011162
318.3893,224,1757.083226
292.68115,190,1757.097845
285.4321,319,1757.304877
291.00995,234,1757.304934
-38.508984,496,1757.416592
291.4226,198,1757.599177
279.4745,708,1757.62288
336.40118,202,1757.854092
304.77435,162,1757.854143
304.36218,228,1757.963842
320.92844,163,1758.076077
348.8758,232,1758.118068
291.0263,278,1758.123608
314.26093,290,1758.123653
210.1651,670,1758.139729
322.05566,250,1758.283133
294.85443,215,1758.345632
348.67578,201,1758.39428
317.1568,164,1758.662349
345.36902,195,1759.056663
-75.52585,471,1759.146955
309.98065,234,1759.239728
308.604,247,1759.264211
331.2129,252,1759.337684
298.66144,313,1759.364432
311.5973,229,1759.37041
313.35278,226,1759.412528
286.27814,325,1759.652939
293.50247,361,1759.685446
324.65344,278,1759.685479
257.10406,452,1759.736985
79.73736,118,1759.929253
228.84808,517,1760.050485
324.70444,343,1760.234171
323.7327,260,1760.234218
332.44272,221,1760.239636
318.748,220,1760.355664
336.79727,256,1760.414275
342.4284,216,1760.661491
262.75024,366,1760.803594
173.66965,1000,1760.876131
288.15228,283,1760.955426
307.82748,273,1760.966244
289.44543,256,1761.212825
299.6064,216,1761.218172
312.81708,284,1761.224179
324.11078,218,1761.224221
297.16614,193,1761.235172
220.80585,424,1761.258062
311.88245,273,1761.665664
307.71082,257,1762.060458
319.45618,178,1762.078019
273.60953,303,1762.198899
320.1023,439,1762.247057
291.13763,220,1762.251639
287.7424,224,1762.251665
306.75134,572,1762.265905
302.51025,235,1762.308644
291.4718,273,1762.908195
30.880554,135,1762.91223
261.43265,197,1762.950102
334.8996,177,1762.995362
298.5351,167,1763.000373
255.81711,514,1763.009042
275.68182,207,1763.018969
276.04565,466,1763.106519
292.42798,213,1763.234704
291.23334,224,1763.264563
239.31877,472,1763.386776
253.46164,474,1763.391398
239.38455,531,1763.39539
183.00769,1000,1763.925138
-7.0330963,126,1763.971161
287.66486,211,1763.980318
281.72922,226,1763.999588
338.54932,218,1764.009342
307.56735,256,1764.185549
297.0788,259,1764.291496
120.965,90,1764.382803
345.35828,286,1764.538244
225.87064,506,1764.55494
312.12024,302,1764.764099
341.55017,420,1764.82572
249.93689,367,1764.93433
336.43622,177,1765.179627
321.01096,264,1765.183612
-50.70126,500,1765.192586
209.19067,481,1765.206203
298.37024,206,1765.221443
236.16716,236,1765.252268
297.55106,296,1765.30402
247.22282,421,1765.308922
310.394,290,1765.315743
285.6001,237,1765.607274
300.42383,239,1765.638651
270.0699,246,1765.90212
345.9174,139,1765.963586
248.19809,448,1765.976652
283.53763,276,1766.110933
271.58752,311,1766.382812
327.68503,311,1766.673327
284.7738,291,1766.673375
286.87177,349,1766.867165
326.55185,246,1767.094062
337.935,250,1767.23967
288.6581,305,1767.288599
-30.311066,489,1767.435683
284.65863,328,1767.454984
-25.447975,492,1767.472398
231.64119,496,1767.477095
-75.25693,489,1767.561904
224.20995,475,1767.809522
308.6624,206,1767.814656
285.74377,256,1767.844655
266.24084,532,1768.118236
304.2799,330,1768.198499
282.1886,265,1768.333538
353.46628,227,1768.540897
2.1428223,116,1768.641072
264.21838,532,1768.82952
297.76086,305,1768.861169
279.2943,264,1769.545905
266.58765,497,1769.550172
313.00235,301,1769.579884
344.1329,457,1769.579932
325.047,203,1769.579942
244.9401,966,1769.648839
291.81134,240,1769.648889
302.37384,449,1769.648899
204.31274,513,1769.68032
265.40903,420,1769.763033
-119.97638,505,1770.146043
337.7846,179,1770.511893
286.411,186,1770.51669
314.8517,220,1770.602239
247.21948,621,1770.72308
278.19617,209,1770.732707
-56.863625,126,1770.737093
324.08795,298,1770.953604
266.55673,305,1770.953654
-25.32579,470,1770.995303
17.580086,472,1771.038353
319.2398,233,1771.569242
-40.89263,468,1771.700975
311.7606,302,1771.889278
251.35783,255,1771.889327
298.50293,288,1771.911236
-79.95825,500,1771.94642
108.06509,1000,1772.088949
-99.05669,532,1772.089
287.9667,268,1772.173187
284.81772,250,1772.173237
306.05075,318,1772.177132
307.26944,264,1772.195179
271.45605,241,1772.789299
223.17181,461,1772.807707
301.85852,257,1773.244714
282.74896,321,1773.337244
261.10165,309,1773.337296
272.2686,277,1773.337306
264.17755,321,1773.337313
305.3956,254,1773.342872
289.59387,290,1773.481068
290.1266,403,1773.725213
258.991,519,1773.919095
240.77481,670,1773.991436
300.30475,161,1774.073433
320.21118,284,1774.083459
115.88948,1000,1774.140653
282.02838,212,1774.217177
309.74982,518,1774.527278
295.20917,197,1774.646074
-8.120018,134,1774.696742
309.5962,152,1774.794389
330.86633,172,1774.799864
261.9314,321,1774.822024
226.44879,505,1775.141587
305.8625,230,1775.296627
352.49335,151,1775.505387
274.18814,481,1775.571628
281.8791,222,1775.576554
-104.337654,509,1775.848003
304.4549,276,1775.93332
265.7796,252,1775.969548
257.01605,608,1776.166312
291.64252,873,1776.196106
-8.940033,500,1776.249378
105.61977,93,1776.27719
-237.04102,517,1776.540528
291.76172,267,1776.786028
292.2743,362,1776.794581
265.94556,429,1776.794622
309.64682,191,1776.799708
315.47113,293,1776.843549
86.2043,133,1776.848393
295.75565,474,1776.888327
342.72174,215,1776.954173
324.39008,177,1776.973563
295.63498,313,1777.015919
291.76358,171,1777.068196
273.67993,212,1777.1686
261.4099,492,1777.562301
308.09412,152,1777.594337
308.48224,182,1777.895972
324.15515,237,1777.943138
314.87323,249,1777.947961
136.17384,1000,1777.952162
350.62213,266,1778.026505
340.61343,266,1778.031155
329.4776,239,1778.048165
295.7566,336,1778.083672
-12.813812,110,1778.435412
282.03494,292,1778.487284
314.92676,251,1778.688941
318.9352,166,1778.694026
268.5605,251,1778.726309
341.5091,194,1778.979601
321.62714,236,1778.979652
-21.130844,474,1779.033431
-68.474884,456,1779.116366
-96.52516,479,1779.182385
266.1346,305,1779.447949
301.70908,359,1779.714898
300.98553,277,1779.736761
5.639351,639,1779.746438
264.6053,196,1780.025494
350.73846,213,1780.025543
337.73434,224,1780.025553
321.0282,187,1780.048164
-8.966064,492,1780.234206
229.1726,327,1780.23948
-35.492645,477,1780.244463
313.57782,202,1780.679514
244.92145,376,1780.72574
290.508,258,1780.905645
280.7768,202,1780.953525
304.82016,204,1780.99134
-43.643696,496,1781.023244
332.41943,178,1781.061854
235.4491,570,1781.152149
227.74567,373,1781.454945
305.15726,319,1781.491096
324.76703,171,1781.506966
-76.0436,481,1781.657024
257.54727,340,1781.793579
294.9167,184,1781.861597
-7.714447,678,1781.880104
304.4745,182,1781.889843
104.70854,169,1781.919735
311.58612,261,1782.194876
-122.29476,484,1782.253466
296.94583,344,1782.53846
273.11206,369,1782.608241
326.15845,238,1782.613052
293.21997,165,1782.627257
268.78857,426,1782.646552
294.52417,250,1782.651542
293.80023,183,1782.729597
332.74994,196,1782.80435
70.32625,83,1782.93407
347.4934,200,1783.122125
318.75543,259,1783.127129
301.63916,215,1783.253379
302.41602,167,1783.398616
338.05383,177,1783.426492
-17.706642,476,1783.668384
305.52386,200,1783.738662
317.43396,233,1783.744001
341.13892,235,1783.748409
74.78039,184,1783.798185
321.60532,200,1784.076153
276.56534,288,1784.09384
274.80533,247,1784.291677
285.8025,291,1784.626873
65.40069,132,1784.685941
314.52655,214,1784.742281
267.325,218,1784.772162
286.7484,210,1784.780322
147.90411,1000,1784.879452
334.50015,270,1785.006919
273.01578,228,1785.144366
280.9079,215,1785.281183
298.30164,400,1785.305115
256.80664,789,1785.340017
282.9477,484,1785.659755
293.3669,221,1785.706607
329.4247,227,1785.814345
320.3614,225,1785.814411
313.86804,262,1785.833426
23.821007,190,1786.043712
77.57687,98,1786.146158
317.59827,295,1786.274388
101.67891,101,1786.322081
65.40624,98,1786.32723
132.38863,1000,1786.495434
280.30344,395,1786.60375
231.99428,372,1787.04808
-205.53128,394,1787.083647
332.9744,176,1787.083691
316.76624,253,1787.157965
127.55204,1000,1787.218609
309.05145,278,1787.464685
266.76154,293,1787.483465
248.36768,884,1787.637978
314.6972,380,1787.727254
290.0938,179,1787.957899
255.92021,611,1787.995902
279.76752,227,1788.021926
268.7409,368,1788.026523
307.8815,326,1788.473175
88.19276,113,1788.477683
346.12164,168,1788.513705
311.96954,331,1788.585543
284.56714,345,1788.978997
-9.4986725,920,1789.062604
330.44836,239,1789.069116
332.53845,337,1789.142416
346.85718,155,1789.247025
296.45654,182,1789.269043
11.14286,871,1789.543256
244.79059,488,1789.634782
336.11682,327,1789.954409
290.33304,376,1790.242797
281.34088,215,1790.288836
175.85397,1000,1790.299522
304.09662,290,1790.534938
282.8631,790,1790.572474
317.23398,554,1790.572509
297.50208,216,1790.589916
307.30872,196,1790.589943
241.03778,565,1790.598782
274.63257,356,1790.756727
190.24408,1000,1791.043607
68.55148,122,1791.162929
308.06,229,1791.364196
310.92688,168,1791.373809
322.04187,178,1791.40335
280.22855,297,1791.672819
300.71753,307,1791.677728
313.60858,238,1791.683491
321.8426,247,1791.683531
305.0069,240,1791.713565
319.39343,175,1791.984505
267.2028,579,1792.003931
285.61493,524,1792.423013
340.1341,352,1792.711948
255.77014,248,1792.846121
301.49548,243,1792.853943
323.2428,349,1793.006181
332.2807,229,1793.065525
284.70715,336,1793.266365
59.100075,125,1793.291918
289.44562,296,1793.402972
286.45096,426,1793.407737
321.34076,209,1793.411515
38.629196,1000,1793.698218
164.62782,1000,1793.774965
323.88855,185,1794.270825
334.39328,214,1794.411002
269.39114,382,1794.630492
304.04742,227,1794.77304
328.56937,219,1794.810728
343.5713,332,1794.815938
76.04349,119,1794.974908
67.300446,177,1795.103023
202.06958,483,1795.1259
242.49799,454,1795.141094
257.12207,741,1795.167324
-54.752323,480,1795.320483
105.20361,122,1795.392116
171.63443,1000,1795.453859
63.96042,139,1795.467277
48.637978,156,1795.509189
42.773323,127,1795.565531
223.77803,479,1795.655518
302.2149,219,1795.669089
258.5144,896,1795.882616
231.20932,963,1795.896762
84.38227,125,1795.97915
305.36212,229,1796.390714
336.16467,176,1796.390766
319.72482,191,1796.403703
267.5935,279,1796.427697
312.4242,187,1796.524902
307.89813,304,1796.590139
302.8066,249,1796.634818
302.3692,210,1796.648155
336.08246,166,1796.657183
332.28015,187,1797.2767
350.9355,223,1797.453615
320.96338,199,1797.463877
82.813416,181,1797.484774
260.5199,219,1797.624161
-219.84906,530,1797.628975
294.42365,270,1797.703816
284.9596,257,1797.867582
169.20398,1000,1797.98501
-228.68881,544,1798.006565
305.50845,183,1798.13333
-169.56941,489,1798.199161
292.3877,499,1798.335016
263.7669,215,1798.723844
70.01598,184,1798.867311
324.90277,244,1799.040847
341.95816,299,1799.050039
335.3305,336,1799.059828
278.3597,338,1799.078077
317.15848,374,1799.396089
310.57172,227,1799.409379
309.40204,257,1799.419131
286.16455,275,1799.445695
302.6012,309,1799.483578
44.888786,131,1799.670548
62.390724,128,1799.675301
-33.632942,987,1799.753926
308.80676,210,1799.853317
82.09917,111,1799.93312
293.0808,267,1799.98063
289.12408,203,1799.993751
-113.61428,580,1800.220173
-114.461266,855,1800.412166
309.17456,246,1800.53849
331.32953,240,1800.789081
229.39084,388,1800.84057
319.54877,186,1800.840621
330.71594,293,1800.840631
281.81332,198,1800.845996
332.1989,185,1800.85089
312.12866,314,1800.882113
75.87508,145,1801.091363
69.60457,87,1801.192108
66.00256,97,1801.299765
159.25475,1000,1801.362002
268.5157,193,1801.765511
307.92886,215,1801.870261
341.26904,214,1801.901851
-186.1145,519,1802.112019
338.11517,321,1802.391006
309.2152,310,1802.593315
238.39359,366,1802.60754
309.8534,627,1802.837427
333.0999,192,1802.837479
309.1839,258,1803.119004
314.9274,323,1803.326068
311.06354,194,1803.332011
301.3036,259,1803.367973
314.22784,600,1803.420156
315.3711,176,1803.679856
332.99915,223,1803.679906
267.89172,724,1803.684706
43.311363,126,1803.929321
316.54147,557,1804.045812
319.57648,152,1804.0548
32.1646,101,1804.161335
158.8536,1000,1804.197249
323.37195,211,1804.370003
313.008,203,1804.385082
142.51714,1000,1804.513138
7.5976067,104,1804.538393
13.167782,82,1804.589604
289.68866,209,1804.683187
296.64453,166,1804.729571
80.92284,120,1804.738065
292.53433,173,1804.880782
332.0274,455,1805.011787
57.22741,158,1805.278327
312.30725,218,1805.398308
334.95996,218,1805.413154
338.2972,163,1805.440428
262.5038,601,1805.450015
316.8784,193,1805.489273
272.8157,213,1805.506233
329.55444,159,1805.606551
195.75293,549,1805.707894
108.741135,1000,1805.953189
322.86212,212,1805.97902
63.972977,129,1806.001483
152.8318,1000,1806.062327
-125.049614,511,1806.080514
65.351456,148,1806.302164
320.08325,182,1806.336424
285.52094,281,1806.814915
326.91528,297,1807.09725
306.43518,256,1807.154364
308.68616,371,1807.169559
291.393,255,1807.178397
289.428,251,1807.183003
270.5542,313,1807.515566
94.6271,88,1807.566183
231.78494,623,1807.595129
218.00327,523,1807.689314
300.55756,311,1807.763015
-17.387558,505,1807.776263
5.5541,516,1807.776292
48.604782,154,1807.867542
326.56842,377,1808.038527
340.9632,209,1808.051444
70.96515,127,1808.189156
298.76245,463,1808.19398
286.28693,186,1808.385499
227.56152,368,1808.522944
308.33997,181,1808.550444
295.45648,297,1809.17834
298.81635,444,1809.217402
278.6258,350,1809.217442
273.10593,443,1809.22553
321.8107,179,1809.358831
289.41,280,1809.367452
171.2645,1000,1809.38103
278.42987,238,1809.504962
256.43127,303,1809.620507
282.9851,382,1809.662087
328.60474,150,1809.908681
313.70282,460,1809.922035
84.01158,92,1809.922075
325.8427,298,1809.922085
73.83049,128,1809.961169
73.34696,93,1810.041137
365.66235,185,1810.059806
320.56628,193,1810.059854
251.41733,202,1810.138732
55.30036,114,1810.179624
71.00295,98,1810.372495
-234.76169,473,1810.392634
52.24579,104,1810.401989
334.0351,240,1810.469047
256.30716,587,1810.497997
9.6400795,99,1810.520071
320.98492,283,1810.671488
306.34067,566,1810.681015
332.89362,177,1810.736758
295.07587,170,1810.859985
59.622887,131,1810.989791
30.910477,97,1811.124454
60.282364,157,1811.202234
336.90375,303,1811.327065
43.037865,142,1811.387676
315.26004,293,1811.506253
275.4948,214,1811.519901
91.38991,96,1811.774579
61.92963,99,1811.960173
296.4355,350,1812.028262
294.94946,417,1812.129064
273.11935,466,1812.138893
283.65048,162,1812.152241
32.93564,96,1812.233714
319.42657,290,1812.345982
303.90613,290,1812.484742
282.30872,348,1812.484794
323.93314,153,1812.692276
255.58221,494,1812.718295
232.67812,573,1812.72321
320.094,147,1812.833783
304.53342,324,1813.053056
333.9687,199,1813.077332
290.47412,180,1813.09067
50.38936,135,1813.126877
109.960526,110,1813.213352
305.16544,213,1813.47957
285.5338,309,1813.479632
273.51355,289,1813.505351
226.56775,615,1813.535052
-104.45382,503,1813.553002
333.3676,181,1813.557284
259.8694,700,1813.762057
336.1432,241,1813.833332
333.90335,159,1813.842526
325.5465,222,1813.851785
289.3806,178,1813.877246
331.57562,151,1813.890468
318.13712,228,1814.122196
311.2847,170,1814.307041
34.108192,179,1814.371668
283.91156,197,1814.376054
335.18277,197,1814.376081
305.9711,237,1814.643145
-41.169476,505,1814.685224
308.56793,195,1814.73694
307.7843,251,1815.013492
342.87933,167,1815.159258
67.11058,120,1815.295139
276.31213,344,1815.353341
62.20151,75,1815.353393
280.38376,320,1815.362449
293.72827,230,1815.70824
261.37787,618,1815.897069
59.8688,91,1816.144843
269.06317,500,1816.179505
241.0173,500,1816.219346
306.80823,355,1816.337632
235.52632,622,1816.383227
105.49129,95,1816.652874
297.076,287,1816.696606
231.34726,525,1816.751962
312.83032,317,1816.821027
245.4744,562,1816.981894
220.33437,576,1817.057029
253.14267,266,1817.140278
296.55084,169,1817.170494
215.55792,453,1817.455738
313.93744,252,1817.49922
300.32428,196,1817.769234
298.86298,239,1817.910529
344.95148,152,1817.923452
294.8458,254,1817.927954
305.43896,268,1817.950443
245.39995,417,1818.158956
343.2113,187,1818.375
276.70673,715,1818.51711
28.81408,107,1818.649916
142.99965,1000,1818.811085
342.2671,208,1818.882402
309.6756,204,1818.892411
283.99866,414,1819.026169
52.226177,93,1819.084473
318.4791,300,1819.17455
281.68826,837,1819.227978
281.0501,299,1819.295886
251.72543,298,1819.307892
243.83626,492,1819.463875
227.41899,529,1819.489778
263.08527,319,1819.847082
243.44653,537,1820.047572
296.30093,196,1820.091286
297.66122,252,1820.25598
124.52187,86,1820.256048
339.21954,172,1820.265807
248.16643,302,1820.298657
283.03424,256,1820.417753
303.782,245,1820.445849
247.15543,415,1820.445921
96.88907,92,1820.730541
163.62148,1000,1820.840927
30.783718,98,1820.909697
339.9263,161,1821.179831
292.74545,407,1821.201942
60.943977,188,1821.331281
304.5208,252,1821.439728
283.74298,289,1821.445028
243.47916,419,1821.454298
286.0344,255,1821.454329
215.98569,528,1821.490344
311.1255,262,1821.497761
304.1023,313,1821.515071
311.62003,198,1821.774769
191.04143,674,1822.051527
289.47397,307,1822.186577
326.44598,226,1822.247798
324.75476,187,1822.382993
289.02917,318,1822.4122
316.05402,234,1822.553971
301.11987,233,1822.622467
286.22888,265,1822.745422
272.62207,363,1822.915295
277.7685,368,1823.188242
282.50934,371,1823.188291
311.17896,370,1823.197116
344.18835,170,1823.208824
295.01965,250,1823.218731
331.97833,162,1823.308772
306.80478,429,1823.351826
325.7371,237,1823.356359
-38.156384,1000,1823.494532
67.845,102,1823.683388
4.412594,111,1823.706434
303.74927,223,1823.779425
349.38165,250,1823.779494
94.21332,101,1823.81801
313.91794,182,1824.044173
21.47588,81,1824.105131
311.39648,282,1824.245388
210.39905,458,1824.348019
157.7432,91,1824.493105
114.80977,82,1824.64628
289.5238,258,1825.030668
276.23785,198,1825.061783
316.8651,273,1825.143137
315.5355,427,1825.243522
297.58997,360,1825.243584
312.41864,319,1825.243597
209.737,425,1825.255186
329.52484,403,1825.255235
269.10974,307,1825.288307
314.33868,172,1825.33681
307.18726,433,1825.445915
95.160965,86,1825.652159
253.1206,706,1825.75553
337.26486,249,1825.852604
335.8688,194,1826.18125
319.17725,282,1826.426842
309.64545,236,1826.464232
298.27454,306,1826.515638
133.49603,1000,1826.550477
-82.623024,468,1826.605437
285.17853,287,1826.630583
297.7186,217,1826.885849
291.25293,268,1827.031843
277.20724,345,1827.091278
277.34778,392,1827.115673
300.90198,207,1827.172264
311.9009,213,1827.441946
302.14996,186,1827.510458
341.30945,205,1827.519896
337.4817,299,1828.038629
119.32484,110,1828.049483
283.01373,217,1828.087898
319.4592,210,1828.138735
258.6347,603,1828.144112
276.07452,260,1828.150399
332.14374,351,1828.155262
279.6585,223,1828.255444
311.47598,246,1828.282383
23.95195,176,1828.299278
255.91011,400,1828.433483
227.05444,661,1828.450826
262.31244,654,1828.797094
317.19067,266,1828.812554
57.337597,87,1828.851637
312.18213,178,1828.941508
312.63745,192,1828.974736
301.6668,247,1829.322044
321.06866,181,1829.322093
252.26846,882,1829.386432
346.60968,265,1829.540105
308.472,279,1829.576397
251.9974,316,1829.650955
277.31268,295,1829.70191
329.55444,348,1829.70195
258.1093,328,1829.710258
310.55356,191,1829.714755
294.98584,194,1829.71478
-611.44403,87,1829.729377
278.94434,214,1830.331446
297.0027,323,1830.383235
286.30103,305,1830.383285
275.56055,477,1830.401636
31.472572,166,1830.516625
285.76007,331,1830.541955
325.25748,174,1830.54203
298.71338,221,1830.594414
317.90875,193,1830.616418
284.03696,306,1830.840158
339.97324,237,1830.840206
245.28891,333,1831.228253
317.79843,322,1831.228308
308.1756,182,1831.24712
327.39844,223,1831.659503
288.56265,294,1831.710095
272.84262,440,1831.782346
267.24493,285,1831.842288
325.31113,317,1831.863346
293.66833,265,1832.062639
309.27118,321,1832.085426
20.700996,96,1832.501172
249.56259,431,1832.537599
242.26169,440,1832.584061
306.14584,295,1832.584126
268.08093,297,1832.59473
264.45612,403,1832.711207
258.33142,237,1832.766393
227.20702,683,1832.786028
330.02997,225,1832.934524
345.62317,212,1833.11505
275.11652,444,1833.340929
277.18954,315,1833.349907
17.319954,117,1833.664641
276.80783,414,1833.757602
308.18298,264,1833.789838
95.817764,95,1833.803427
312.9459,212,1833.81295
308.68933,216,1833.812976
310.72784,231,1833.831882
303.30255,256,1833.831933
323.05716,196,1833.880019
275.3874,315,1834.127664
234.59233,831,1834.339808
323.28778,161,1834.434064
314.91785,231,1834.443933
41.404755,177,1834.629761
269.79346,432,1834.665541
214.3696,627,1834.690557
110.60063,86,1835.074538
351.58075,204,1835.088394
328.72495,270,1835.094338
252.71721,531,1835.094367
317.34964,275,1835.114632
324.25238,279,1835.681689
303.47232,269,1835.995604
313.29395,188,1835.995659
222.75986,452,1836.006621
289.14557,452,1836.006676
248.03003,314,1836.147225
347.86505,217,1836.147268
276.26843,486,1836.147278
300.35864,354,1836.147285
-29.64679,482,1836.185256
320.53732,396,1836.321767
284.83102,345,1836.7485
350.67938,163,1836.752789
-15.6899605,138,1836.776007
348.9082,402,1836.991354
297.1665,282,1837.296625
34.107166,131,1837.358647
291.13635,238,1837.429828
323.02856,286,1837.462652
328.55115,308,1837.567155
336.60706,434,1837.697758
294.28925,329,1837.702238
273.33847,368,1837.837858
236.23706,872,1837.864561
278.5974,277,1838.026956
289.60083,442,1838.027004
342.94257,275,1838.043105
296.21014,232,1838.068033
312.58536,480,1838.215511
314.9618,200,1838.215563
329.25372,178,1838.245441
278.9383,184,1838.539126
297.4821,227,1838.601176
292.94443,160,1838.780379
305.87445,161,1838.818256
28.02983,138,1839.185351
64.508316,118,1839.323527
319.4355,285,1839.366953
314.45813,288,1839.366996
335.25787,248,1839.367006
345.13852,248,1839.367013
316.31116,324,1839.367019
273.161,413,1839.371643
301.9665,244,1839.37608
-100.48679,488,1839.604185
337.99338,407,1839.715529
173.41963,1000,1839.760438
293.8236,179,1840.022202
54.1213,141,1840.02768
315.4417,355,1840.258428
319.1729,311,1840.258474
314.65915,193,1840.267235
275.7442,204,1840.26726
312.9172,194,1840.26727
291.41498,559,1840.289316
276.64026,200,1840.293636
324.0116,261,1840.569968
303.30957,266,1840.586408
79.496735,80,1840.616211
244.73209,209,1840.732242
35.566315,158,1840.748037
55.86387,111,1840.80741
78.45632,119,1840.822151
38.5226,70,1841.162278
307.38483,395,1841.221056
347.42212,203,1841.231195
309.17664,209,1841.250247
40.92498,59,1841.485584
316.47137,193,1841.531816
63.371155,81,1841.599764
10.711807,106,1841.727262
288.5383,271,1841.843597
306.0296,477,1841.933442
-22.320564,100,1841.987782
261.66028,478,1842.240906
325.97235,336,1842.310275
277.14062,383,1842.386891
337.17603,460,1842.441355
320.97473,175,1842.544543
286.53253,231,1842.557235
333.80573,381,1842.583605
311.6542,216,1842.595714
368.16278,170,1842.644991
327.91965,180,1842.829471
-41.412502,66,1842.85931
233.7916,636,1843.218372
24.496231,158,1843.303235
291.9655,230,1843.36967
299.4881,312,1843.37994
317.508,224,1843.456732
298.7687,842,1843.504232
99.66169,81,1843.66392
269.31122,284,1843.892322
263.41934,339,1843.940246
276.07068,703,1843.988617
292.75827,349,1844.146786
354.72778,212,1844.200456
313.0035,426,1844.215194
318.02966,301,1844.220836
337.5051,345,1844.234027
253.19768,730,1844.553636
302.47458,206,1844.661927
312.82874,274,1844.762921
282.51898,185,1844.82997
241.38417,316,1844.874601
291.90686,170,1845.018186
341.3352,176,1845.057609
347.81647,212,1845.159853
323.1079,194,1845.159904
221.49072,382,1845.173905
298.7617,268,1845.173935
329.34625,275,1845.299949
312.9969,166,1845.62131
344.3235,133,1845.649778
345.6162,166,1845.66488
127.66815,132,1845.808063
311.2021,144,1845.849945
287.69736,259,1845.890449
325.09882,179,1845.913866
-2.2759705,74,1846.003348
59.12417,149,1846.375491
287.07922,389,1846.398347
296.02686,272,1846.460429
241.6304,807,1846.670459
338.23175,180,1846.780054
290.98676,193,1846.940269
316.299,224,1846.976226
283.14255,577,1846.995512
318.82443,324,1847.179893
292.5118,283,1847.212881
-2.0280724,91,1847.611852
321.98822,268,1847.661186
324.65167,270,1847.692855
272.6709,259,1847.702314
61.737732,162,1847.734866
47.321487,170,1847.792644
268.4836,556,1847.837262
69.40446,132,1847.837309
316.80844,553,1847.949477
277.59253,217,1847.9642
293.23776,249,1847.964229
62.42903,104,1848.221049
152.26143,1000,1848.268785
260.86597,355,1848.355691
45.119995,126,1848.427743
295.06064,251,1848.89696
304.43765,256,1848.931371
291.69086,231,1848.946673
226.30807,295,1849.022381
304.2516,257,1849.190574
300.08038,321,1849.190624
304.96066,262,1849.199286
312.92706,197,1849.216725
336.201,268,1849.240651
278.04956,961,1849.34185
305.32916,247,1849.600281
320.7416,264,1849.610472
104.50621,130,1849.620687
115.9187,94,1849.674494
113.987366,114,1849.714673
93.78473,112,1849.854973
268.54645,246,1850.027136
317.16028,476,1850.027182
286.49927,192,1850.099618
287.68475,282,1850.223556
272.74506,231,1850.24561
299.57483,167,1850.363037
256.94635,336,1850.485131
173.93912,1000,1850.525999
139.83804,153,1850.799503
30.100487,103,1850.838946
305.98395,283,1850.920104
340.29654,297,1850.980886
326.87485,387,1850.985148
312.5401,277,1850.99421
300.9112,250,1851.013064
287.87408,212,1851.01312
263.43378,600,1851.032204
336.82294,196,1851.149453
24.186882,263,1851.478554
56.632248,124,1851.505996
61.61097,156,1851.538063
294.6774,237,1851.597841
-104.54055,167,1851.787662
310.60474,190,1851.891859
337.7765,163,1851.891911
312.4765,228,1851.90031
227.83472,484,1851.909511
302.30493,299,1851.92058
64.831535,104,1851.952595
295.12823,247,1852.124626
287.4319,282,1852.30255
104.11795,102,1852.368843
341.55908,177,1852.417079
26.293873,107,1852.42193
335.583,222,1852.559099
313.60156,330,1852.559149
291.96335,553,1852.593858
303.0815,411,1852.898079
286.2375,178,1852.960116
310.71802,252,1852.964982
276.807,238,1853.016043
-2.1060104,138,1853.064037
67.36708,173,1853.11312
308.58252,281,1853.272769
335.89496,160,1853.324466
258.6947,304,1853.32451
306.45337,204,1853.331821
282.64313,271,1853.700021
303.26846,258,1853.81971
290.36218,300,1853.984127
300.12164,229,1853.98419
348.22168,205,1853.989399
321.5092,169,1854.0738
297.71545,259,1854.333705
315.64,178,1854.529007
13.516529,128,1854.57727
327.3905,358,1854.640415
284.02957,313,1854.784543
321.29968,339,1854.926291
307.22583,341,1854.926333
257.47852,417,1855.032845
283.99744,267,1855.076789
289.71115,235,1855.091831
335.4868,173,1855.162402
342.26837,145,1855.510688
311.1485,323,1855.534976
274.77393,251,1855.764005
61.27378,154,1855.808825
33.85394,144,1855.818727
274.17462,443,1856.22472
237.95265,342,1856.267897
177.14168,1000,1856.26796
302.85828,244,1856.290435
312.81174,280,1856.314606
335.9226,156,1856.517631
312.29596,278,1856.526896
115.67686,1000,1856.699158
45.801582,99,1856.745685
45.39138,125,1856.919495
286.35577,331,1857.142794
331.03394,275,1857.142864
297.0226,178,1857.142881
270.96573,459,1857.169706
280.20844,886,1857.225137
252.40079,213,1857.285676
-294.645,414,1857.508789
265.27884,666,1857.908312
327.40155,247,1857.957274
228.44424,367,1858.015461
338.4853,238,1858.319073
294.73495,209,1858.32456
300.20038,239,1858.32461
339.4508,371,1858.339385
101.87714,88,1858.339437
293.24988,245,1858.355667
343.44925,249,1858.7601
11.666634,176,1858.88379
6.1030006,114,1858.912905
-8.688709,117,1858.945095
22.48521,131,1858.986055
74.12152,98,1859.242802
271.50653,421,1859.300889
-199.94286,487,1859.305988
293.2583,289,1859.366292
123.30262,93,1859.379609
269.29993,217,1859.379657
287.50806,736,1859.397347
325.63196,456,1859.410409
102.83824,97,1859.845685
45.37941,117,1859.866382
70.74811,120,1859.988335
326.17282,230,1860.008347
0.72914124,681,1860.013697
286.9784,242,1860.043617
295.6276,351,1860.043664
-238.95549,359,1860.066377
340.63135,224,1860.306194
272.26727,243,1860.468375
349.5488,229,1860.506001
65.833664,152,1860.608105
73.99434,136,1860.686546
-12.124004,134,1860.706577
32.847897,135,1860.711788
38.757595,148,1861.032668
320.1241,282,1861.214998
318.31525,257,1861.261909
310.1267,181,1861.353236
314.66577,180,1861.383637
122.65861,1000,1861.409398
281.80792,200,1861.659948
344.12576,357,1861.713394
334.55408,150,1861.747986
300.91855,499,1861.779574
55.99129,87,1861.783718
255.7481,504,1861.788785
65.80682,148,1861.945648
305.48016,183,1862.068624
87.59325,93,1862.081346
73.60693,91,1862.215714
214.18893,453,1862.238724
308.64124,348,1862.336938
-18.79359,119,1862.347266
98.73705,179,1862.551813
93.18946,88,1862.64429
338.4498,222,1862.78091
35.29419,183,1862.804539
9.331047,112,1862.846983
326.45844,350,1863.037629
320.64896,183,1863.071992
-166.46184,532,1863.216466
295.40097,245,1863.225434
293.6048,204,1863.294376
298.7839,915,1863.32752
256.04022,367,1863.497065
307.12537,272,1863.904898
250.81445,396,1863.929795
283.63922,251,1863.947737
328.90082,246,1863.94777
265.2807,716,1863.967996
297.09076,218,1864.080977
323.1856,223,1864.32136
320.48245,399,1864.397295
294.39685,271,1864.488026
319.46225,295,1864.598068
-0.41490173,523,1865.282885
345.10834,205,1865.355013
270.46887,313,1865.38872
263.87473,461,1865.464835
305.2686,333,1865.499055
297.02338,284,1865.649238
278.86823,361,1865.653492
99.68324,89,1865.795316
-27.971619,516,1865.877296
-22.617294,617,1865.885947
187.3497,1000,1865.980156
91.110016,122,1866.005851
10.693184,141,1866.408143
333.4665,220,1866.472872
49.571575,113,1866.481202
70.5331,140,1866.494353
290.28262,458,1866.554348
289.93445,209,1866.563277
326.47516,277,1866.592084
277.4442,297,1866.61184
261.30566,249,1867.556388
312.76898,217,1867.615275
324.82733,355,1867.631333
339.924,256,1867.658847
-64.812614,833,1867.724091
273.26337,296,1867.846329
304.19818,284,1867.8643
-87.38043,850,1867.969998
109.39003,93,1868.053662
97.917946,97,1868.058288
328.46204,323,1868.07939
112.43591,101,1868.30861
269.30988,595,1868.344694
340.06378,176,1868.363115
321.2092,395,1868.380896
158.53012,1000,1868.524017
60.707584,128,1868.55056
178.67757,1000,1869.15604
310.49283,246,1869.192766
315.09723,242,1869.200103
241.26749,592,1869.227224
313.37854,184,1869.236571
325.6625,302,1869.26024
342.91095,245,1869.497509
288.9085,249,1869.497566
315.70374,319,1869.52409
299.04358,270,1869.554904
299.93237,223,1869.560164
281.107,423,1869.602762
305.71497,410,1869.612991
324.3457,202,1870.124662
337.05508,217,1870.124709
301.9419,192,1870.401365
155.87741,1000,1870.424636
317.9692,308,1870.97032
320.03717,617,1871.335067
29.056149,85,1871.353953
-152.59256,515,1871.49356
-118.08855,521,1871.551137
-190.42062,528,1871.601763
-229.88649,549,1871.632989
-100.93379,504,1871.723487
-154.64453,508,1871.740006
-33.285797,497,1871.748175
-149.92957,374,1871.778068
-217.86163,501,1871.809476
-283.17554,533,1871.871918
280.58392,336,1871.885798
80.11929,108,1872.116051
330.29254,161,1872.276688
118.07622,88,1872.285949
-156.27072,505,1872.379418
-61.366417,483,1872.585674
-108.3051,222,1872.728019
327.057,263,1872.991164
306.37177,282,1873.014687
285.55164,378,1873.032574
295.68433,287,1873.397047
-16.103897,491,1873.526989
63.374645,126,1873.586575
281.7125,418,1873.661537
265.00604,296,1873.701814
324.58255,322,1873.724355
-277.3412,550,1873.947862
-179.9519,505,1874.013149
47.851234,104,1874.141819
308.66394,314,1874.147244
-139.37486,527,1874.295388
323.71356,170,1874.51736
-66.5177,517,1874.640649
252.42249,356,1874.685299
-76.76462,512,1874.924821
288.4687,310,1874.96591
286.9381,310,1875.1659
-145.29095,490,1875.247668
306.82437,250,1875.639511
297.15393,172,1875.750168
254.89346,372,1875.997395
207.25868,533,1876.044434
300.1477,328,1876.129636
34.710304,1000,1876.155118
-35.039352,482,1876.239089
314.66766,239,1876.331065
-219.46768,519,1876.344324
-68.64154,507,1876.465167
289.83835,321,1876.616488
304.41388,431,1876.631446
-77.624306,500,1877.186445
300.54883,207,1877.265987
221.21382,859,1877.325282
228.65216,357,1877.360766
306.81363,304,1877.410076
333.76776,217,1877.447535
246.67017,288,1877.636288
291.07562,238,1877.688516
-119.32666,464,1877.730627
329.02325,328,1878.104343
-61.918842,476,1878.131246
-47.32888,475,1878.285243
285.16653,214,1878.315559
-58.39816,493,1878.337659
215.01186,514,1878.541216
130.90248,1000,1878.671065
247.77292,375,1879.108607
317.12057,171,1879.289367
-74.96417,494,1879.376921
247.60022,409,1879.445773
-32.68927,498,1879.466983
311.1242,289,1879.545936
-58.80362,517,1879.605093
-73.96691,501,1879.617374
297.63354,451,1879.676556
-228.68825,521,1880.022187
332.17053,205,1880.284053
6.1142044,504,1880.326223
-31.442139,509,1880.381232
-85.51501,195,1880.48434
322.3002,257,1880.611444
-49.414753,525,1880.635222
-230.43309,528,1880.670358
-95.00126,502,1880.926127
-57.678226,506,1881.383794
-39.62396,484,1881.468531
-102.00074,498,1881.692314
-75.41172,467,1881.732627
-43.216183,470,1881.799691
-13.279671,492,1882.259531
305.71573,204,1882.29371
-47.78165,483,1882.535783
-27.77523,495,1882.543997
-189.60524,484,1882.590841
-16.692955,477,1882.6685
-27.954277,482,1882.815774
20.130852,488,1882.86253
-53.87881,487,1882.894997
119.76502,84,1883.189967
-73.29326,515,1883.246562
280.51868,865,1883.46085
-45.06262,520,1883.802128
-103.36644,493,1883.906476
-31.408867,485,1883.910644
233.77905,320,1883.968804
215.22632,533,1884.205594
1.1667786,546,1884.726831
-57.364296,490,1884.732052
-85.616234,542,1884.742456
352.16144,192,1884.786548
8.710648,501,1884.919838
291.8405,328,1884.945524
-68.96619,506,1885.13784
18.114563,500,1885.142105
199.40308,575,1885.174256
-75.20217,483,1885.353155
-17.780273,506,1885.510828
282.17752,452,1885.940103
338.2132,237,1885.958681
250.4743,434,1886.150121
266.2884,309,1886.158968
5.587509,500,1886.210855
253.9324,374,1886.399119
286.37234,328,1886.600026
349.07333,221,1886.932468
-19.791885,495,1886.936721
330.26135,200,1887.119587
316.56018,260,1887.137134
311.2202,405,1887.170769
295.4906,175,1887.193375
244.67471,766,1887.248388
265.33215,573,1887.306132
308.92444,257,1887.306177
-66.57492,532,1887.315925
-105.94609,503,1887.380444
-144.57976,513,1887.459929
-82.55746,495,1887.75449
296.4607,391,1887.936213
294.16107,300,1888.294307
301.08167,218,1888.294359
272.02737,321,1888.649543
272.13736,334,1888.649593
253.76945,214,1888.709233
256.1672,376,1888.814112
320.51697,201,1888.832321
14.402458,499,1888.852961
311.27008,224,1889.379215
-254.0226,523,1889.379263
302.86417,192,1889.573488
-26.62973,490,1889.594568
-281.89362,524,1889.59884
-116.25228,517,1889.649469
-11.903099,519,1889.71506
341.70172,222,1889.772984
-153.39417,520,1889.799105
-10.93322,506,1889.816147
93.60196,91,1890.206591
305.59628,207,1890.299582
275.14526,361,1890.497961
304.07303,360,1890.513932
295.43536,402,1890.513965
338.74792,187,1890.556537
-111.209885,494,1890.5845
333.6195,281,1890.632934
355.306,249,1890.688927
-13.364456,547,1891.3458
244.84433,294,1891.500509
289.3707,214,1891.519114
263.51254,447,1891.584048
268.30115,261,1891.664497
237.05899,419,1891.675278
299.0286,226,1891.685221
-74.89751,520,1891.904009
-102.55541,541,1892.048186
-70.33181,514,1892.048236
208.43854,343,1892.139389
-104.12323,513,1892.549194
-96.574425,509,1892.732855
261.68018,286,1892.82659
-31.131737,532,1892.884181
286.47336,608,1893.161217
267.46875,342,1893.161268
-105.84574,517,1893.627165
-57.64367,520,1893.792941
317.13568,325,1893.995874
-37.226704,481,1894.023652
207.52896,538,1894.035814
-59.6411,481,1894.276569
-193.46936,527,1894.386552
-117.92221,545,1894.464055
273.68256,694,1894.594843
285.9538,394,1894.594902
304.1269,418,1894.612419
260.89633,323,1894.617351
333.06702,220,1894.622137
355.9099,155,1894.958805
304.27765,206,1894.958853
250.94029,400,1894.958863
-51.073303,511,1895.164886
229.8617,378,1895.474389
311.63187,217,1895.548958
275.7121,876,1895.553508
288.32455,349,1895.571968
347.69824,167,1895.693275
301.70654,292,1895.748384
299.63736,258,1895.748427
286.1682,178,1895.960201
281.77008,308,1895.989081
269.45663,339,1896.131172
319.53833,360,1896.195024
297.44818,278,1896.195074
322.0539,280,1896.208255
-88.7752,485,1896.531132
269.96475,257,1896.713072
284.57208,274,1896.76618
287.36053,232,1896.779946
327.00427,199,1896.833297
325.62836,176,1896.900383
291.60577,297,1897.007585
238.51242,721,1897.193237
-47.775948,477,1897.589825
277.47888,209,1897.65674
347.40115,144,1897.66607
-54.320198,499,1897.796188
281.79996,292,1897.85137
315.5526,240,1897.873403
-99.96493,511,1898.044688
291.02063,293,1898.171857
-77.74054,512,1898.289392
-8.614754,479,1898.372459
-150.49397,493,1898.425821
-154.51643,500,1898.457083
321.62537,265,1898.899235
327.15076,221,1898.899286
293.62128,322,1899.09468
-115.74405,512,1899.110877
312.56046,188,1899.277918
73.86988,95,1899.317062
-109.37576,531,1899.326516
331.11865,283,1899.344029
316.40204,216,1899.436838
252.8208,389,1899.441597
320.90283,349,1899.445712
280.31738,255,1899.453842
304.3526,244,1899.4735
-180.91362,521,1899.574677
256.15314,470,1899.916685
326.74353,185,1900.12693
366.03854,151,1900.13114
298.82678,269,1900.47084
308.85553,254,1900.470909
278.29514,308,1900.475752
268.07855,234,1900.475784
289.98386,389,1900.624068
297.37198,363,1900.700749
272.87042,365,1900.942348
308.47034,623,1900.965335
258.05368,345,1900.978247
317.30948,268,1901.113458
297.40692,395,1901.18218
284.52875,238,1901.191117
249.95654,369,1901.213897
281.53497,237,1901.51843
330.42822,200,1901.587832
204.0202,585,1902.032604
310.46655,250,1902.05143
256.46826,357,1902.051473
311.06827,256,1902.098607
283.25464,367,1902.09865
325.7265,223,1902.173846
287.9012,272,1902.187924
278.59888,229,1902.209248
-57.46268,495,1902.338408
-30.940338,520,1902.94522
284.3117,230,1903.145872
305.11584,349,1903.159707
335.11774,250,1903.189764
319.7306,251,1903.194836
290.21936,464,1903.199095
307.78436,218,1903.203284
299.38428,235,1903.258889
266.92633,266,1903.382342
325.44434,318,1903.531724
224.35004,518,1903.531777
231.19818,710,1903.640715
-67.08836,503,1903.765397
287.98254,261,1904.095584
244.41597,464,1904.108169
323.68018,224,1904.129591
257.55615,412,1904.18017
321.4621,172,1904.285749
295.97443,252,1904.29162
299.50238,250,1904.291666
317.4791,271,1904.389784
330.078,266,1904.421036
280.30084,156,1904.456135
294.3112,263,1904.52926
282.0354,248,1904.618642
329.08923,283,1904.888319
290.09583,237,1905.148588
300.76852,219,1905.148639
300.40936,243,1905.370324
306.26086,207,1905.380769
-114.68533,503,1905.38587
298.635,288,1905.389964
-38.46963,531,1905.53534
353.5937,368,1906.059577
289.44476,397,1906.059632
315.4068,313,1906.276609
271.66525,492,1906.311602
294.1568,463,1906.441378
313.96948,332,1906.616534
-73.03317,530,1906.639173
253.23553,286,1906.650974
274.5757,290,1906.651029
279.10938,349,1906.691722
-111.48443,495,1906.720853
317.61975,224,1907.303293
226.62726,613,1907.341026
293.3496,206,1907.537073
197.47983,486,1907.537122
-53.06389,491,1907.555212
298.08762,239,1907.713264
329.6678,379,1907.735366
-165.88812,523,1907.85369
278.75128,458,1908.088462
244.40643,316,1908.101346
-17.756187,494,1908.481988
205.47635,439,1908.608935
276.49078,427,1908.637587
308.9057,298,1908.682603
325.77655,260,1908.706118
280.8369,255,1908.869685
276.40793,299,1908.888792
296.60986,189,1908.96579
297.81848,277,1908.993788
213.26828,575,1909.234055
308.10468,260,1909.282099
234.95358,384,1909.302615
293.8743,203,1909.592148
328.72202,150,1909.597233
288.47253,246,1909.636251
313.63354,210,1909.674311
164.35532,788,1910.020368
291.06003,273,1910.135832
340.59235,255,1910.441657
331.5359,274,1910.483
283.55167,349,1910.585916
297.6042,224,1910.595123
269.9988,234,1910.714522
253.86752,413,1910.843742
-97.51508,516,1910.960894
312.24097,217,1911.089713
272.63605,566,1911.277141
302.2527,379,1911.322472
297.03662,222,1911.475853
319.52475,211,1911.533161
339.74854,439,1911.556279
242.47227,967,1911.692316
271.6996,276,1911.692367
343.5446,184,1911.807712
309.59955,271,1911.827203
-152.95291,499,1912.272008
127.881,1000,1912.407339
242.8083,361,1912.492961
314.39978,309,1912.509648
319.25732,253,1912.707952
313.79776,293,1912.993793
284.12927,307,1913.056075
285.86554,182,1913.05991
263.7864,416,1913.329551
-180.62686,489,1913.460711
-223.29877,491,1913.51578
312.80222,251,1913.59828
217.7977,967,1913.641965
302.3144,283,1913.729284
307.08566,304,1913.74283
311.78467,237,1913.747733
306.88602,685,1913.784858
255.54938,195,1913.876857
199.3939,564,1914.073818
274.10898,504,1914.082291
-114.29858,540,1914.23316
316.4071,209,1914.294685
279.62155,176,1914.461901
298.21973,163,1914.484602
334.16864,237,1914.828663
323.41843,173,1914.859159
268.86316,399,1914.859201
295.24133,204,1914.985871
313.18225,266,1914.985923
302.06287,247,1914.985936
299.96045,340,1915.007591
278.5442,405,1915.360219
-106.84159,446,1915.623597
276.04507,292,1915.765897
295.22324,214,1915.819555
274.17767,356,1915.824697
277.4074,187,1915.831354
289.8415,303,1915.840267
215.03494,652,1915.998339
-22.196625,530,1916.141752
275.5506,262,1916.169775
304.48816,204,1916.283175
95.80818,113,1916.346894
-138.97528,337,1916.383764
88.59477,148,1916.509631
-201.47018,387,1916.569433
276.04486,351,1916.589708
301.48413,189,1916.62242
341.46924,226,1916.643781
341.56967,191,1916.686072
323.78558,173,1916.924296
318.3744,159,1917.061639
340.80426,233,1917.215873
300.01685,276,1917.241056
286.94498,507,1917.267986
301.30475,172,1917.392177
198.36847,700,1917.439052
300.04266,380,1917.541137
339.5849,240,1917.592106
287.31534,304,1917.651795
250.69083,336,1918.079733
313.30185,180,1918.079783
340.04785,258,1918.079793
-167.74998,350,1918.163922
335.1195,169,1918.1988
312.36603,256,1918.203719
310.00818,349,1918.209884
297.80933,290,1918.530346
-78.213615,252,1918.534032
-165.15475,502,1918.640695
27.615685,127,1918.785055
296.33942,191,1918.974049
265.56952,518,1919.0457
292.1388,215,1919.214398
302.35962,342,1919.219173
261.0102,253,1919.251744
343.0432,230,1919.583161
265.13818,366,1919.841465
-123.63021,502,1919.870668
286.37518,405,1920.067447
59.79988,123,1920.158716
297.94696,211,1920.178425
282.49753,250,1920.183269
298.9519,206,1920.191664
342.0014,219,1920.208828
237.47215,651,1920.216873
-92.38028,491,1920.335913
290.82953,365,1920.630614
64.041016,129,1920.935058
33.595726,161,1920.93511
-104.42348,512,1921.002625
-85.907715,496,1921.073196
308.06183,205,1921.121409
211.59943,572,1921.162199
303.7724,316,1921.329796
329.52795,249,1921.356185
324.99792,281,1921.35624
343.4603,267,1921.435439
257.22263,353,1921.774846
263.86075,203,1921.858042
258.9005,269,1921.869923
253.17816,480,1922.056977
147.29283,1000,1922.120389
298.45807,179,1922.157068
317.6079,486,1922.408784
296.2942,223,1922.45624
334.23315,283,1922.456292
324.12897,410,1922.810769
288.42868,278,1923.165188
352.8233,280,1923.165236
256.53494,238,1923.165246
297.871,216,1923.165254
288.69983,390,1923.170067
302.9845,190,1923.346023
310.41617,340,1923.357758
329.86658,204,1923.367026
-44.53733,506,1923.405492
288.7104,195,1923.724496
272.17416,367,1924.167015
320.6635,280,1924.449327
257.51303,283,1924.466562
298.3641,287,1924.487902
292.57056,344,1924.771336
316.15375,328,1924.906643
234.93323,330,1924.906695
332.01398,371,1924.906705
271.57593,772,1924.954792
258.95746,178,1925.018178
227.4893,286,1925.07785
287.7701,165,1925.249374
213.89749,920,1925.278436
255.36447,424,1925.334326
-72.84424,495,1925.711298
131.39342,1000,1925.756733
305.38953,198,1925.914935
334.68658,226,1925.939597
328.5968,324,1925.977909
323.9625,169,1926.010922
308.95923,247,1926.080884
282.39822,258,1926.080931
256.60236,377,1926.240408
254.70937,322,1926.251614
320.1007,244,1926.437741
283.06256,302,1926.447531
273.0827,339,1926.453916
251.69882,935,1926.453965
285.10135,154,1926.623226
53.9019,206,1926.699398
300.12646,180,1926.763373
251.76744,243,1926.82105
320.46436,162,1926.825695
323.50964,342,1926.834987
47.611824,181,1926.912469
94.16822,130,1927.279357
320.74786,254,1927.401291
-46.17212,110,1927.406126
268.43634,221,1927.450857
268.503,175,1927.604634
303.73956,363,1927.623058
311.13696,292,1927.766023
305.93768,250,1927.955435
282.08154,305,1927.990057
281.6388,311,1928.228226
307.96985,172,1928.238493
313.70288,188,1928.256701
282.92776,414,1928.324585
106.88811,96,1928.411312
319.40582,234,1928.696373
347.31256,199,1928.696419
303.20813,282,1928.706597
327.49353,361,1928.944729
154.54382,551,1928.976409
341.52853,297,1928.999633
-95.55278,493,1929.01973
303.30627,265,1929.232817
312.67886,215,1929.242066
332.41052,239,1929.85141
88.58017,121,1929.851474
252.5477,342,1929.869271
341.33484,294,1930.136939
316.93805,319,1930.243877
271.80252,417,1930.331174
330.6926,276,1930.371898
282.47482,334,1930.597587
129.81548,1000,1930.68399
318.35083,193,1930.774295
288.31012,197,1930.813359
113.9686,1000,1930.915159
62.1384,104,1931.242752
308.9762,218,1931.250029
311.7034,246,1931.48959
30.245556,76,1931.579448
2.170498,86,1931.893017
230.3584,626,1931.902085
281.53943,448,1931.933295
294.6864,661,1932.350548
246.07448,483,1932.358936
347.32892,327,1932.40914
271.17648,283,1932.548717
135.05536,1000,1932.948709
255.57321,312,1933.03143
-109.93489,484,1933.031477
186.83746,1000,1933.09998
321.62115,257,1933.122382
234.49066,561,1933.175573
219.74298,570,1933.289775
91.64157,101,1933.481326
298.53372,256,1933.527306
43.44717,101,1933.568554
309.46533,257,1933.577847
330.77576,273,1933.590678
26.404942,117,1933.619963
262.39938,384,1933.646702
270.01807,728,1933.663263
108.52263,1000,1933.663296
295.73257,221,1933.928764
313.79147,211,1933.964961
-30.305481,466,1934.018395
90.81659,89,1934.046648
324.65778,175,1934.084719
334.2371,168,1934.369471
315.49524,274,1934.427552
328.3972,166,1934.437696
289.0428,199,1934.447771
-33.254047,127,1934.574522
15.817062,115,1934.591105
323.31055,219,1934.628865
298.32486,235,1934.651147
303.19513,238,1934.677014
321.91553,222,1934.692312
-45.33816,486,1934.770769
309.02628,151,1935.115584
300.32086,225,1935.115634
324.59717,174,1935.156327
305.75064,195,1935.323874
285.06104,157,1935.358888
275.00845,186,1935.462298
47.076103,94,1935.535304
-82.12953,239,1935.756854
341.0927,269,1935.973455
-150.00256,190,1936.003601
273.33582,462,1936.114105
-89.72071,489,1936.15159
316.3476,186,1936.289259
352.04663,371,1936.327801
287.1335,290,1936.652176
121.95831,111,1936.657299
-35.250145,480,1936.720321
-2.454193,149,1936.789107
-133.01877,536,1936.986736
313.29755,328,1937.226578
-96.44729,508,1937.401495
252.89178,319,1937.450731
289.4691,184,1937.502869
327.247,260,1937.52757
-135.45921,488,1937.532792
316.0445,204,1937.664178
49.225716,222,1937.682391
357.0614,427,1937.922942
-101.531784,130,1938.01497
111.3602,107,1938.024168
102.11789,1000,1938.034952
311.80634,194,1938.347363
289.53198,296,1938.361416
24.77821,109,1938.425617
332.38968,369,1938.501553
270.37302,189,1938.549105
8.921501,120,1938.59672
308.74268,248,1938.66044
112.35045,91,1938.783653
274.029,975,1938.865876
91.34759,97,1938.987278
304.48206,228,1939.080273
62.264114,122,1939.148414
309.38348,371,1939.399245
-54.506664,480,1939.467585
205.23337,248,1939.517269
292.9409,328,1939.530328
196.97586,710,1939.566756
328.8554,235,1939.585387
317.24118,220,1939.788311
301.37054,210,1939.82951
-104.018585,502,1939.84731
316.12442,262,1939.856539
164.33484,1000,1940.107904
315.60275,305,1940.37352
300.2841,198,1940.406701
304.9333,176,1940.633238
-36.675743,491,1940.663
262.20477,250,1940.702672
280.27322,365,1940.802795
328.1176,303,1940.947693
296.82422,328,1940.963925
306.6953,507,1941.403717
272.90454,249,1941.529882
323.45105,225,1941.760238
274.96747,435,1941.787331
286.00836,209,1941.78738
338.36877,187,1941.813477
285.54254,254,1941.823384
-40.752644,476,1942.01748
-84.495255,503,1942.164707
243.18001,335,1942.224976
342.17993,174,1942.612113
319.03436,187,1942.621846
47.676964,101,1942.630766
306.79926,193,1942.671434
289.85892,279,1942.686275
259.01282,734,1942.765472
311.09387,399,1942.797207
301.52615,283,1942.829995
299.76828,554,1942.969056
299.0328,249,1942.969109
260.83673,751,1942.978681
83.201126,123,1943.25504
322.36713,174,1943.634646
-121.843994,794,1943.760002
-17.201244,151,1943.942829
330.09027,302,1944.004851
-85.16376,493,1944.046352
300.21744,317,1944.120853
252.42345,277,1944.222068
283.841,341,1944.312943
300.95627,298,1944.312992
-188.63803,513,1944.347943
321.3706,162,1944.661017
303.5901,230,1944.661069
120.01311,118,1944.841493
-67.36458,588,1944.897171
-94.725395,489,1945.010066
269.5106,499,1945.227736
312.9677,325,1945.469114
299.07785,308,1945.513301
278.66434,325,1945.513345
262.57208,265,1945.523593
43.937424,111,1945.74243
309.50305,210,1945.851136
286.71173,276,1945.910263
217.89996,734,1945.937187
313.09277,213,1945.974912
294.72177,375,1946.04762
5.4224396,146,1946.167406
291.15378,170,1946.239974
27.826405,125,1946.312248
296.2914,184,1946.728127
285.78723,552,1946.76244
-69.92039,493,1946.939031
354.69714,219,1946.94933
345.24078,204,1946.949371
186.4311,981,1947.123291
316.8869,189,1947.135694
61.928062,85,1947.150552
299.44934,258,1947.155475
307.3543,234,1947.155511
35.221317,119,1947.267834
331.89252,203,1947.26788
315.23248,278,1947.47454
207.53818,573,1947.492429
276.56934,207,1947.900069
-110.566826,181,1947.985846
344.98917,206,1948.070997
346.41455,200,1948.076242
252.5133,250,1948.089151
325.77228,237,1948.220048
64.41992,230,1948.322406
164.52654,1000,1948.33657
275.63107,356,1948.571754
265.9828,239,1948.580941
312.26044,292,1948.604228
250.99405,674,1948.617893
331.06186,255,1948.640144
346.01544,154,1948.682271
283.42136,175,1948.855229
285.35846,228,1948.931119
291.98132,196,1948.971995
249.19594,759,1949.005373
309.8936,223,1949.21636
341.3151,256,1949.216409
-135.01457,504,1949.430093
293.21542,188,1949.454226
305.4955,253,1949.454276
302.7656,198,1949.467949
81.46284,196,1949.514023
309.51343,213,1949.526216
281.02524,337,1949.851172
317.95215,290,1949.911972
286.54544,208,1949.912021
278.41376,200,1949.912031
285.70032,252,1949.993244
292.63464,194,1950.301963
94.75938,105,1950.315166
316.33563,218,1950.429913
328.3343,228,1950.550423
351.7948,257,1950.620499
335.92368,378,1950.620544
329.97717,312,1950.620554
349.15613,248,1950.627541
282.9626,172,1950.671109
325.15778,335,1950.722348
293.98718,289,1950.749686
-49.26632,512,1950.969033
300.4939,206,1951.206398
303.66055,175,1951.321349
224.7785,305,1951.339888
328.7566,168,1951.360916
306.60596,216,1951.573416
302.77148,383,1951.595027
325.88275,229,1951.62915
263.1217,301,1951.645108
304.4645,222,1951.645144
282.29794,206,1951.657162
302.49777,181,1951.767854
333.0918,268,1951.803853
341.65698,164,1951.948209
-120.22275,486,1952.06534
324.6411,208,1952.274817
289.6927,230,1952.355796
327.2282,163,1952.397837
236.31274,242,1952.672922
71.407684,121,1952.824788
296.2658,269,1952.871554
-50.752007,504,1952.985206
244.0973,239,1953.154465
328.9099,276,1953.208765
274.4632,343,1953.213531
349.82245,347,1953.213577
295.0319,317,1953.219062
273.3877,645,1953.33493
312.8725,234,1953.465335
320.8654,196,1953.70933
317.80548,239,1953.753494
313.35358,196,1953.753528
319.11145,174,1953.766399
-101.09084,487,1953.801484
297.5323,206,1954.129947
-66.64575,636,1954.230245
319.07068,247,1954.316301
325.87775,230,1954.366189
308.57004,272,1954.440657
285.4635,217,1954.440705
341.0459,273,1954.440715
274.88196,285,1954.440722
301.19543,152,1954.45673
343.53424,215,1954.681079
284.31427,209,1954.69959
250.50368,523,1954.72129
290.15298,153,1955.119345
331.3698,239,1955.310127
320.65262,275,1955.374804
290.35,361,1955.383118
286.99835,242,1955.407768
296.5715,267,1955.639876
324.97818,214,1955.662004
295.5133,349,1956.005845
296.11243,155,1956.08114
313.8075,202,1956.280592
297.1593,408,1956.290345
175.64671,1000,1956.320715
331.22217,193,1956.510413
285.4792,196,1956.544806
242.76077,316,1956.549889
-116.16288,510,1956.730693
300.11438,181,1956.81762
-62.48275,510,1956.974457
316.31934,220,1957.075234
337.472,171,1957.100757
245.07596,529,1957.111514
314.0899,182,1957.121755
309.06104,172,1957.332498
346.5307,183,1957.341369
319.04333,169,1957.50484
339.13657,220,1957.844725
287.33066,787,1957.94354
323.7334,182,1958.17369
320.24738,241,1958.224874
161.49738,1000,1958.333562
321.49982,284,1958.376112
296.28333,190,1958.376182
275.58508,313,1958.413411
73.32741,132,1958.435038
290.41852,475,1958.450728
302.56567,692,1958.545839
-75.20278,505,1958.856789
308.43707,206,1959.175882
327.95667,191,1959.227096
323.12885,181,1959.262042
-15.289612,88,1959.277401
258.68265,882,1959.355283
341.44257,214,1959.457243
283.44135,538,1959.584129
337.82056,241,1959.672646
2.0033493,520,1959.738963
300.1269,396,1959.997157
54.29416,137,1960.083136
326.57562,189,1960.482859
294.30655,277,1960.488162
314.4662,221,1960.80465
222.23497,587,1961.156466
289.33667,380,1961.156517
313.792,247,1961.209843
281.7259,598,1961.214303
-25.428501,186,1961.690956
277.14178,428,1961.719554
297.98904,517,1961.72911
287.723,812,1961.755722
264.87976,998,1961.789485
333.2042,177,1961.981309
287.2589,324,1962.019781
300.56702,584,1962.024438
254.95547,406,1962.024465
306.66037,189,1962.038294
299.7257,594,1962.03832
344.33093,162,1962.430744
248.97159,851,1962.434975
316.12808,185,1962.561496
-19.079262,456,1962.613966
306.67273,228,1962.808613
296.13394,198,1962.901762
251.95447,388,1962.972221
327.52997,214,1962.993298
290.221,286,1963.037518
348.27014,228,1963.042458
311.906,232,1963.077524
312.43112,270,1963.203905
313.00818,339,1963.261431
323.20764,192,1963.300876
272.25415,515,1963.562347
290.4378,209,1963.572529
313.05554,179,1963.635634
325.13873,264,1963.780551
346.65857,176,1963.861967
327.03986,190,1963.881758
348.76486,209,1964.209358
-21.950256,494,1964.26381
316.88556,268,1964.272299
320.0409,263,1964.28259
298.6486,303,1964.290593
349.35815,271,1964.43584
286.75262,265,1964.500839
326.87347,192,1964.724469
234.96808,393,1964.755742
346.50952,250,1964.885789
336.4746,297,1964.893698
327.6552,181,1965.020092
302.67346,178,1965.070329
325.02972,174,1965.070381
325.9086,337,1965.088939
332.4379,186,1965.097475
263.7147,325,1965.097501
309.40292,235,1965.496088
56.489685,95,1965.533289
285.22327,384,1965.583826
324.0558,270,1965.719901
324.01382,184,1965.733697
343.5319,151,1965.754484
313.29156,190,1965.754519
361.71127,201,1965.930165
334.5598,293,1966.056401
348.85266,236,1966.158496
309.4203,285,1966.384888
336.23163,359,1966.38494
19.973991,895,1966.478164
-4.2619934,491,1966.493073
331.13092,193,1966.618072
315.18433,235,1966.636419
295.43243,216,1966.893931
311.0072,317,1966.944725
308.8609,228,1967.16633
277.78485,357,1967.345635
334.6643,510,1967.355307
284.4978,367,1967.36914
305.64297,236,1967.529945
308.27203,239,1967.529995
322.43463,277,1967.865946
269.5092,351,1967.943815
308.00284,298,1967.943861
253.04819,424,1967.94387
316.81277,224,1967.943878
335.47574,179,1967.968817
311.7002,247,1967.994639
319.9432,154,1968.039803
276.39682,533,1968.094018
87.22004,108,1968.422977
-45.258095,483,1968.525852
-38.090614,117,1968.608624
300.0243,292,1968.833168
313.6002,234,1968.906678
310.47913,217,1968.906733
316.84705,351,1968.906743
316.14154,217,1968.906751
305.56683,310,1968.91663
303.37363,214,1968.916676
324.23877,199,1968.924795
58.776787,95,1969.326506
0.37266922,103,1969.375242
288.84344,931,1969.634859
322.35104,275,1969.639863
301.68503,256,1969.662816
281.62482,232,1969.872269
276.3236,229,1969.94736
306.9425,242,1970.001669
332.98022,162,1970.130548
295.75388,626,1970.184552
330.7009,191,1970.210499
326.3627,144,1970.339562
324.7736,354,1970.519255
267.17386,560,1970.519318
233.18112,463,1970.709505
303.05444,235,1970.727267
291.80798,236,1970.727303
336.55792,170,1970.727313
285.34784,158,1970.840362
324.21582,168,1971.099733
288.13367,281,1971.165421
266.66864,258,1971.178535
300.03635,226,1971.206091
-8.689426,157,1971.444388
318.47025,174,1971.521762
95.34416,89,1971.571182
309.38443,263,1971.710961
283.03912,216,1971.711043
310.84827,263,1971.711054
301.5216,206,1971.781097
-1.0821304,97,1972.235239
297.69272,175,1972.250611
265.36758,266,1972.322307
247.76355,753,1972.350499
138.48749,1000,1972.481694
315.68713,296,1972.547239
283.8466,298,1972.588869
280.32263,231,1972.650872
286.8835,201,1972.657084
66.699066,93,1972.693115
264.06003,430,1972.697831
49.208595,79,1972.702872
335.3825,260,1972.73315
253.91675,580,1972.865118
298.9284,288,1973.039219
297.61362,176,1973.043986
225.2132,946,1973.232078
321.63007,205,1973.297503
287.54327,411,1973.589829
293.63885,251,1973.674649
286.58957,251,1973.843116
291.8118,272,1973.856434
83.25215,201,1973.925322
55.81919,159,1973.979526
256.41254,310,1974.018277
314.55426,302,1974.018318
288.74097,265,1974.032229
261.7155,310,1974.067441
309.56372,232,1974.067482
300.2412,311,1974.067492
306.41803,192,1974.0675
317.3332,338,1974.087234
3.4904213,98,1974.474646
312.7784,191,1974.698839
241.85626,505,1974.74902
336.57397,155,1974.772957
272.42245,231,1974.89902
299.28253,204,1974.996591
298.9593,228,1975.132691
285.03687,254,1975.146363
317.70996,235,1975.146399
338.41486,255,1975.188633
251.93546,391,1975.349756
277.1396,310,1975.476317
303.71814,237,1975.838737
312.4415,483,1975.838789
320.42914,244,1975.848268
311.55463,255,1975.8483
331.88477,404,1975.84831
292.35236,214,1975.858232
289.76938,307,1975.86646
339.88635,173,1975.897958
343.2011,220,1976.143112
287.16702,211,1976.148308
286.2085,172,1976.265765
282.8429,298,1976.484952
262.9472,231,1976.927147
269.09137,239,1976.93602
285.07306,700,1977.102922
320.55823,265,1977.112509
340.6244,466,1977.112551
323.21808,282,1977.139938
293.54053,282,1977.14831
235.96277,339,1977.388088
287.3028,260,1977.659434
-131.8544,520,1977.693148
281.00873,223,1977.91737
282.7542,398,1977.921162
274.53674,371,1977.921207
329.69345,228,1977.947206
-40.570385,492,1978.066239
304.6076,223,1978.092346
-18.681618,474,1978.267372
269.6951,269,1978.582483
325.23462,374,1978.761581
246.7244,373,1978.789967
333.25983,281,1978.899108
-17.019524,700,1978.984718
306.26483,169,1979.019854
313.7687,231,1979.100523
297.4698,258,1979.100567
288.49,264,1979.100577
-67.23253,510,1979.407894
-83.68397,519,1979.42306
267.01355,391,1979.437232
290.7261,357,1979.508527
252.06195,323,1979.532892
301.66943,204,1979.817581
289.32843,168,1979.848736
313.21082,173,1979.872435
276.9275,192,1979.877767
267.516,250,1979.891061
29.69487,133,1979.997059
317.03735,185,1980.325588
301.84683,202,1980.426688
262.92072,237,1980.472923
257.74512,313,1980.49071
300.5998,248,1980.53797
315.50092,192,1980.669195
-100.64076,512,1980.872841
58.245895,105,1980.971454
303.90436,260,1981.018992
285.50122,694,1981.030211
-62.602623,513,1981.285367
260.86996,301,1981.351734
297.5327,303,1981.832528
332.7785,212,1981.972759
270.87143,470,1981.977564
311.80405,238,1982.039622
-43.619576,502,1982.126589
257.677,289,1982.170221
-103.63129,528,1982.701165
225.34894,539,1982.953445
-61.0794,513,1982.971757
176.4128,1000,1983.268468
292.16345,452,1983.366279
258.0697,312,1983.366335
284.6999,302,1983.380541
270.43604,348,1983.390588
-201.06642,520,1983.601686
91.48906,168,1983.700301
306.8801,277,1983.930423
101.774414,146,1984.011222
-140.36789,527,1984.309807
143.21068,1000,1984.349484
224.2438,562,1984.629012
316.60886,286,1984.673132
330.02325,313,1984.679885
136.27103,1000,1984.917365
288.79456,392,1985.16285
-115.99801,502,1985.242831
86.79723,92,1985.349391
289.0368,177,1985.486
106.05203,1000,1985.513825
-139.04239,495,1985.622605
287.07144,293,1985.725262
65.97581,140,1985.89738
242.09242,346,1985.932235
55.654465,170,1985.954507
-29.826736,506,1986.025107
-99.75896,529,1986.029989
-145.09378,512,1986.383495
-153.26022,540,1986.42277
354.32687,231,1986.422819
317.29828,215,1986.496142
203.59573,392,1986.50151
94.22786,1000,1986.712859
317.5439,188,1986.889752
292.98114,230,1987.003198
-243.44806,516,1987.021438
332.60263,237,1987.103153
316.62607,184,1987.242316
284.12823,199,1987.308078
320.07114,407,1987.374066
305.3775,198,1987.378974
253.62679,396,1987.426217
329.75592,182,1987.520321
262.90118,419,1987.619948
277.45953,254,1987.638789
296.80814,378,1987.638839
256.00885,386,1987.643723
82.11745,114,1987.757855
63.21383,147,1988.095413
314.08063,195,1988.19336
299.5515,267,1988.19803
309.53577,298,1988.225012
314.17963,216,1988.350183
309.5191,280,1988.354875
321.46362,186,1988.359433
279.73245,187,1988.611454
-39.195522,513,1988.696859
335.7225,256,1988.797877
318.35742,164,1988.836194
28.471863,145,1988.857346
338.49838,283,1988.9239
327.29358,285,1988.928745
258.52084,461,1989.090859
293.63745,190,1989.213597
309.26837,197,1989.254955
321.72504,257,1989.546779
326.20956,302,1989.582097
12.428581,484,1989.586791
27.62165,145,1989.600406
298.87134,341,1989.791045
296.87677,226,1989.839965
348.43353,249,1989.840014
282.30728,216,1989.852762
283.41315,222,1989.857809
310.6117,185,1989.952187
276.34174,168,1990.035551
273.5519,231,1990.283715
299.43063,367,1990.288518
266.96167,296,1990.288552
315.51886,168,1990.364293
289.16803,176,1990.66674
311.8176,251,1990.692727
327.03433,189,1990.705836
278.52017,249,1990.719388
275.05103,255,1990.752728
344.6916,204,1990.894154
325.18842,241,1990.899137
302.96338,157,1991.014953
335.86658,217,1991.276912
31.154175,139,1991.328715
46.683083,151,1991.436341
300.6729,312,1991.468002
333.6034,172,1991.476238
309.1352,181,1991.536286
305.8487,292,1991.616291
321.41553,176,1991.686651
316.42285,229,1991.702846
300.52054,327,1991.853163
97.13011,1000,1992.196803
11.769295,526,1992.251815
329.31696,177,1992.256752
315.3968,157,1992.274795
287.7743,277,1992.290092
309.4497,182,1992.548481
305.83524,236,1992.579481
130.55376,118,1992.761875
320.84366,362,1993.159752
293.54388,287,1993.20777
244.22649,405,1993.227456
329.55017,201,1993.232051
329.1447,209,1993.241693
258.13446,530,1993.349999
68.9239,100,1993.606213
333.73358,427,1993.687354
273.68115,306,1993.687404
324.09857,246,1993.704088
328.4231,329,1993.773462
300.81232,269,1993.778196
293.5752,573,1993.920014
288.2573,535,1994.090731
121.31616,86,1994.165257
44.88648,97,1994.21289
306.7488,232,1994.258071
309.8169,246,1994.343534
307.50995,347,1994.343581
122.576324,1000,1994.453178
270.27933,281,1994.519978
24.200798,75,1994.520025
291.57385,183,1994.529635
316.30713,205,1994.653196
338.52655,311,1994.65325
361.9508,211,1994.664404
275.22662,366,1995.041504
263.235,329,1995.137461
14.190376,135,1995.301495
335.21118,278,1995.517705
307.78247,217,1995.54426
339.23254,258,1995.549809
320.61798,194,1995.561877
316.813,223,1995.567034
275.30847,431,1995.932274
73.55039,85,1995.951129
333.42825,323,1995.960001
11.162685,100,1996.02691
321.43262,340,1996.110865
310.1703,212,1996.120284
254.71841,438,1996.13714
84.54959,134,1996.141249
313.10196,213,1996.286392
339.1306,188,1996.420579
331.2273,229,1996.617059
288.90564,236,1997.240896
294.73456,239,1997.284804
286.698,207,1997.284871
317.3145,301,1997.392182
14.966232,92,1997.704375
276.0399,382,1997.91289
323.0592,408,1997.942605
245.95093,430,1997.951453
291.5841,306,1998.052631
217.35909,813,1998.061846
102.460785,87,1998.33333
306.2457,250,1998.404222
56.8257,107,1998.417739
-26.976646,459,1998.561605
287.63824,202,1998.620972
267.6134,327,1998.72826
272.89667,875,1998.728301
282.2823,576,1998.828534
104.061356,1000,1999.027996
307.75095,207,1999.028056
321.63132,156,1999.186998
321.38556,275,1999.21094
323.98022,393,1999.220056
309.81085,225,1999.686829
107.95147,1000,1999.77276
180.17523,850,2000.027706
-63.115643,499,2000.514797
313.0016,343,2000.764619
311.1083,331,2000.881476
258.8052,235,2000.887504
271.15778,441,2000.98019
305.36795,424,2001.179919
256.43683,399,2001.253974
173.3378,525,2001.274403
331.3715,162,2001.340808
205.13448,642,2001.550406
344.00842,158,2001.727964
255.87123,580,2001.732633
32.594627,113,2001.780406
-38.729298,525,2001.829256
322.80978,232,2001.891032
305.50266,223,2001.94192
306.39148,215,2002.193572
282.58722,506,2002.494295
280.79517,339,2002.494343
22.275902,142,2002.563537
153.30821,906,2002.845079
250.62018,359,2002.945287
295.6191,249,2003.098595
298.3014,206,2003.147902
271.9397,310,2003.170588
12.6899185,164,2003.248908
275.94,306,2003.254108
184.93808,747,2003.376025
109.217995,1000,2003.595438
227.44244,442,2003.830481
305.16425,215,2003.835189
280.23444,299,2003.875313
244.05768,303,2003.951052
26.582344,175,2003.974226
201.62137,509,2004.085344
263.50693,265,2004.440073
282.29425,297,2004.440124
299.52722,240,2004.448778
262.20416,413,2005.006507
252.69048,256,2005.006574
195.3297,433,2005.202629
329.5157,323,2005.266528
-27.051498,477,2005.716227
260.80475,301,2005.788735
285.5025,408,2005.788795
237.49847,641,2005.835289
266.3145,424,2005.847235
152.40005,1000,2005.901944
294.8855,503,2006.094404
63.62943,1000,2006.107227
285.55444,201,2006.116459
242.97714,370,2006.116489
345.42123,288,2006.318128
296.56683,233,2006.331175
268.11743,509,2006.381908
247.45079,426,2006.38655
90.16224,151,2006.501422
25.84092,129,2006.962272
275.05908,273,2007.04464
313.70892,260,2007.089279
285.99316,274,2007.089322
306.40753,219,2007.102252
252.7884,461,2007.10228
318.1725,222,2007.125564
277.04865,184,2007.152484
306.79105,294,2007.18616
294.22067,346,2007.299372
277.81467,181,2007.304213
307.7161,342,2007.622555
334.47864,186,2007.775515
299.4643,170,2007.825476
305.98926,205,2007.97417
320.21188,262,2008.328523
259.9944,490,2008.328576
261.2257,274,2008.333634
320.1975,287,2008.33368
277.30453,307,2008.481058
244.99388,293,2008.631889
261.00833,335,2008.637591
325.4554,173,2008.637639
241.89705,500,2008.643282
222.64206,516,2008.66749
232.59314,348,2008.898795
282.7342,249,2008.951937
315.84344,206,2008.97095
283.19443,317,2009.096156
298.54944,245,2009.461958
279.45123,214,2009.474973
324.7055,254,2009.811493
330.3197,258,2009.820598
298.25418,252,2009.824989
269.15808,324,2009.825018
339.35208,191,2009.830006
315.27362,210,2009.847985
277.88385,344,2009.913928
337.23126,280,2009.926738
311.57727,251,2010.075335
275.80164,242,2010.186639
310.1736,527,2010.739193
336.1081,208,2010.862445
256.9202,281,2011.099148
299.57227,307,2011.219433
279.20706,387,2011.219482
311.4099,302,2011.219493
318.32135,306,2011.219501
278.70105,308,2011.219508
312.1297,226,2011.219514
286.39035,975,2011.61475
198.14293,539,2012.243289
-79.44417,503,2012.355669
189.23706,641,2012.374326
283.79654,267,2012.421115
282.0994,268,2012.42533
295.68265,313,2012.642841
280.37622,365,2012.863707
289.86365,283,2012.897738
313.1884,404,2012.929769
34.198242,127,2013.007815
13.10247,171,2013.028607
220.47948,505,2013.149984
118.87177,1000,2013.181426
208.00987,485,2013.404564
200.36154,600,2013.454107
275.6011,234,2013.47789
243.84438,546,2013.682485
276.66635,194,2013.752101
331.08105,304,2013.762146
312.86395,374,2014.07746
272.01517,254,2014.102773
270.9956,239,2014.115069
292.36057,236,2014.125046
259.09174,221,2014.457152
89.62676,1000,2014.481903
281.26825,255,2014.66069
305.41888,340,2014.743743
266.91278,334,2014.749218
315.11188,214,2014.766725
314.16693,232,2014.79293
321.26266,218,2014.798487
299.41107,285,2014.836325
96.40899,109,2015.286944
205.70694,518,2015.320227
300.65472,264,2015.363476
320.08084,332,2015.66878
285.73798,200,2015.683192
210.62064,672,2015.762314
311.51523,281,2015.800131
330.67838,254,2015.855292
326.98376,299,2015.85533
318.7231,353,2016.441847
303.1709,220,2016.684673
300.4075,299,2016.689181
292.7182,201,2016.713093
328.37915,294,2016.713125
254.02538,426,2016.717632
300.59946,315,2016.72734
306.9212,275,2017.011087
323.39017,255,2017.011144
330.17303,267,2017.078819
270.83902,497,2017.138697
280.47244,250,2017.612567
288.05548,762,2017.649823
251.83163,683,2017.988411
288.1844,278,2018.012457
293.0924,273,2018.017693
276.9137,209,2018.027583
291.80157,210,2018.032968
335.13727,282,2018.0383
299.66418,288,2018.093067
262.10785,290,2018.105383
294.643,569,2018.358238
312.5338,253,2018.363454
323.5179,265,2018.368931
199.16931,1000,2018.817213
120.54242,104,2018.852497
329.52176,182,2018.985717
330.79858,235,2019.163847
327.9389,241,2019.177931
327.02423,236,2019.177982
307.65588,242,2019.189547
309.04214,369,2019.439447
311.75684,280,2019.461991
281.09216,293,2019.462042
291.64346,227,2019.471673
294.27368,289,2019.748938
325.4215,226,2019.933009
259.39246,206,2020.155083
-113.96443,484,2020.310536
-34.84829,749,2020.315562
286.3067,243,2020.576303
277.5484,241,2020.586571
330.25018,303,2020.612836
322.01813,337,2020.777142
294.7256,280,2020.777204
348.99487,221,2020.786412
290.01923,192,2020.837769
293.76794,415,2020.957926
271.39618,710,2021.004427
259.45404,396,2021.075248
299.41022,346,2021.088405
324.51257,170,2021.604273
282.1118,221,2021.643689
291.3665,280,2021.65662
36.718254,125,2021.675654
284.52002,608,2021.724407
309.87207,210,2021.792642
335.21707,272,2021.918979
312.9415,223,2021.919031
329.56793,281,2021.928598
294.4489,174,2021.928654
332.50632,247,2021.970093
327.84982,384,2022.001308
353.00055,226,2022.053121
320.46838,426,2022.347542
314.29388,148,2022.430156
309.6227,214,2022.678517
295.9978,229,2022.702463
317.198,243,2023.080098
285.30035,164,2023.210335
-32.635406,473,2023.270891
327.9404,292,2023.302498
330.24585,318,2023.302537
317.6347,264,2023.302547
350.6425,291,2023.306993
283.40765,350,2023.311503
323.06012,283,2023.341477
290.60742,400,2023.579246
315.34888,185,2023.579298
52.463005,141,2023.739442
219.7767,296,2023.760194
-8.763149,127,2023.825737
269.99988,274,2024.005945
301.08112,183,2024.168688
1.793602,476,2024.251847
49.206352,161,2024.364413
220.7544,514,2024.388845
302.9527,225,2024.392737
58.128487,124,2024.419938
267.78348,228,2024.445937
291.4862,237,2024.455307
92.885475,83,2024.836475
58.884594,113,2024.987352
-20.41465,130,2025.001339
25.300957,128,2025.024171
62.657303,144,2025.041869
76.16585,150,2025.099797
296.3103,441,2025.408261
324.25232,357,2025.448854
277.1243,447,2025.448902
311.18213,280,2025.47909
300.01752,406,2025.513822
285.73438,274,2025.545924
308.3258,494,2025.667933
48.070465,152,2025.7111
292.07098,155,2025.7671
290.2349,373,2025.771527
307.82074,141,2025.776531
16.904175,115,2026.013379
67.31278,97,2026.024803
287.4236,215,2026.042026
70.367165,142,2026.4617
67.53733,154,2026.523283
285.34326,352,2026.531506
294.07126,310,2026.541358
331.48807,210,2026.546633
297.69812,195,2026.625116
304.49695,248,2026.625201
320.00922,240,2026.625211
85.60811,142,2026.706117
11.591469,116,2027.032692
7.1374245,104,2027.1127
295.71826,247,2027.127156
310.58643,248,2027.145015
329.34726,304,2027.149718
314.54938,326,2027.194935
109.2111,98,2027.507135
325.13367,282,2027.747617
286.65912,182,2027.747663
292.21402,282,2027.747673
302.6924,283,2027.751959
49.03161,164,2027.795557
335.67627,320,2027.82799
14.35099,108,2028.181271
82.0662,1000,2028.254768
288.50812,255,2028.507329
281.39313,507,2028.511545
333.43298,335,2028.511575
-107.060295,495,2028.515973
301.25192,382,2028.646958
335.29364,221,2028.661757
326.3464,263,2028.853602
302.21222,292,2028.886385
-14.530525,808,2028.890314
298.6654,188,2028.90164
277.09344,493,2029.049491
315.96222,339,2029.068225
112.2277,152,2029.084656
-38.379616,669,2029.194054
312.63745,186,2029.219516
305.63544,210,2029.31519
306.64917,410,2029.345537
282.75757,219,2029.358297
329.3119,240,2029.594568
17.490875,146,2029.649694
315.279,281,2030.043608
319.83084,202,2030.085469
338.75076,287,2030.130006
7.0012436,180,2030.161817
315.02368,248,2030.169846
312.09384,223,2030.216157
294.59882,207,2030.250891
322.07953,209,2030.30984
107.92696,99,2030.740639
336.55176,152,2030.899597
305.20093,260,2030.909175
325.45737,158,2030.918864
69.515366,171,2031.027274
311.95428,289,2031.46711
321.0113,316,2031.55131
293.32526,156,2031.604844
288.10907,219,2031.721838
313.5625,208,2031.835703
-105.06835,509,2031.972693
277.70264,434,2032.317832
347.53445,287,2032.334306
7.2996902,854,2032.43606
357.83295,189,2032.478085
323.40375,559,2032.623201
63.26583,1000,2032.628089
68.48903,127,2032.922719
25.461472,135,2032.97952
-100.72515,937,2033.135708
304.516,180,2033.334481
165.13756,1000,2033.437831
330.7974,394,2033.574294
292.4654,436,2033.594259
344.19452,203,2033.599042
184.96663,1000,2033.645336
-104.25705,560,2034.104807
-77.47802,505,2034.221478
299.9156,177,2034.2829
342.28204,150,2034.291818
-132.47177,495,2034.310324
312.05,319,2034.484465
334.55573,243,2034.484514
312.8363,332,2034.489148
276.8342,292,2034.514885
302.8616,400,2034.523328
303.52905,229,2034.677423
-105.93557,477,2034.691902
282.94507,229,2034.713663
307.6698,161,2034.848714
-17.26511,100,2034.986129
22.154152,878,2035.012302
79.071625,154,2035.03106
311.5212,202,2035.17135
266.5834,190,2035.188588
271.26642,208,2035.264602
316.11267,165,2035.269519
322.75482,169,2035.294185
296.357,174,2035.311873
313.2318,208,2035.517409
297.47064,178,2035.546315
270.133,227,2035.798361
306.95395,233,2035.957201
343.31433,176,2036.000377
282.58093,210,2036.024084
314.07376,247,2036.346753
-59.548927,588,2036.369219
284.29938,332,2036.542771
301.81714,165,2036.556755
278.32013,313,2036.716547
285.91956,370,2036.742626
295.10446,222,2036.973853
-95.871254,503,2037.021028
343.55725,353,2037.136069
297.81357,260,2037.217889
-23.81337,147,2037.390866
-182.00433,501,2037.574853
-144.39778,494,2037.586197
-21.105705,504,2037.613549
288.0705,248,2037.675986
22.859818,159,2037.702974
276.77496,302,2037.722181
310.30157,270,2037.789806
-145.07584,500,2038.283826
291.97046,278,2038.294148
-13.073807,166,2038.34161
41.369244,123,2038.348658
143.0565,635,2038.446755
-167.48892,490,2038.588095
317.91907,301,2038.748099
312.01477,274,2038.910117
322.60165,297,2038.919932
314.51895,400,2038.95056
292.5729,281,2038.967027
-215.07008,494,2038.975848
320.3897,394,2038.992967
298.1204,211,2039.54979
343.0052,269,2039.562635
307.29865,320,2039.796123
-33.514618,460,2039.805261
306.81482,414,2040.162256
280.58337,283,2040.243971
326.65424,300,2040.282217
315.06915,287,2040.28225
291.71515,407,2040.299414
-66.03321,490,2040.515823
287.18616,236,2040.874557
-51.627098,534,2041.17638
-84.76873,501,2041.197633
337.96136,229,2041.19768
-60.932438,499,2041.252228
281.88998,327,2041.28267
313.21622,224,2041.314749
334.43042,236,2041.314789
322.94122,229,2041.319406
292.70563,231,2041.332279
297.79144,513,2041.337198
-118.07447,905,2041.742454
-61.310146,483,2041.767002
-130.33318,492,2041.81689
311.06732,291,2041.858496
345.99603,152,2041.915893
77.68882,157,2042.050694
318.42307,212,2042.18399
346.31284,220,2042.199798
287.50793,197,2042.199852
342.84802,196,2042.233941
308.70856,198,2042.256269
264.2212,308,2042.302979
306.09436,232,2042.399483
269.16522,244,2042.470129
331.20776,188,2042.618556
339.11053,165,2042.680718
97.98722,127,2042.889184
305.30957,238,2042.951569
319.162,253,2043.362212
299.7247,247,2043.391117
90.73096,172,2043.396152
306.55835,263,2043.43855
312.07205,232,2043.523301
296.6907,411,2043.64246
306.1197,242,2043.763992
249.75462,622,2044.114515
-82.566414,529,2044.239012
-83.59079,516,2044.402486
-132.62279,491,2044.438418
-93.86656,506,2044.70757
286.7988,282,2044.807901
270.88983,574,2044.80795
244.4567,349,2044.987296
290.91324,295,2044.996138
295.00262,276,2045.031738
-85.30803,496,2045.151591
-42.340508,494,2045.206944
265.88968,234,2045.475346
-92.72354,479,2045.621703
-70.05461,497,2045.62584
307.51703,191,2045.679302
2.703682,504,2045.683593
-108.791405,499,2046.37391
-52.11057,531,2046.64104
-30.288666,496,2046.694485
261.75836,377,2046.74019
328.2337,281,2046.744952
268.8308,353,2046.744998
249.42155,389,2046.745007
285.06247,365,2046.856341
302.1421,468,2046.932924
304.22855,278,2046.941059
316.17203,282,2046.955045
332.13586,294,2046.955076
320.19946,296,2046.962353
-20.038696,536,2047.130391
-59.995995,499,2047.249974
72.06717,163,2047.469944
335.09592,231,2047.954992
291.49,167,2047.984687
285.59216,245,2048.043563
292.9126,402,2048.177943
312.13492,321,2048.178001
308.22308,281,2048.206504
289.54254,317,2048.361694
278.85992,324,2048.412197
287.82184,370,2048.412258
289.54462,224,2048.493564
325.32965,343,2048.689125
67.36293,95,2048.79996
-51.514763,480,2048.863766
57.59086,103,2048.880974
52.719406,156,2048.900116
-90.43729,501,2048.909151
308.05057,201,2048.914095
60.913338,130,2049.001998
283.63974,195,2049.102234
76.08239,140,2049.119527
349.27515,270,2049.193478
66.06738,123,2049.235919
71.78165,110,2049.293411
310.10156,293,2049.502934
301.98257,263,2050.093201
11.959091,197,2050.188412
201.01784,503,2050.330267
303.54742,345,2050.451568
326.12546,323,2050.55661
284.8396,351,2050.590353
332.2326,314,2050.614311
55.361534,103,2050.814634
291.55823,392,2050.90931
228.2239,897,2050.923675
269.1338,456,2050.959827
316.42297,454,2050.983846
295.42822,465,2050.983897
311.55118,426,2051.201605
185.6407,1000,2051.310459
309.4698,231,2051.563843
282.2047,215,2051.620933
238.3854,330,2051.649269
-13.456535,496,2051.81826
297.169,225,2051.88048
330.18375,294,2051.951949
333.59344,387,2051.99752
293.31653,233,2052.021906
297.3017,229,2052.065344
313.03406,247,2052.074824
275.32898,371,2052.375512
51.66914,148,2052.521711
278.71198,212,2052.894622
344.93332,196,2052.894671
270.4228,360,2052.91013
299.15765,286,2052.915855
324.2329,216,2053.03331
270.51813,501,2053.361834
344.69897,178,2053.366436
274.4844,387,2053.470876
55.879814,104,2053.518185
298.7406,410,2053.549865
252.07976,484,2053.583056
85.12111,95,2053.951713
289.79004,244,2054.027774
78.78793,104,2054.032973
21.396648,126,2054.055816
273.9297,447,2054.130866
-20.92479,181,2054.206985
-35.78389,119,2054.533173
245.99255,532,2054.598799
330.46414,270,2054.647478
301.64255,555,2054.990077
-15.063351,173,2055.024913
326.21295,230,2055.149253
303.1192,485,2055.172918
331.59644,243,2055.186897
321.7495,230,2055.227217
56.126827,1000,2055.665003
-20.586456,115,2055.691947
35.160233,151,2055.916572
300.88846,303,2055.997851
329.25604,192,2056.032886
316.88657,239,2056.282956
74.43581,100,2056.383005
316.2058,316,2056.455109
356.12036,419,2056.584755
301.01233,338,2056.59278
280.09357,667,2056.707498
252.25931,996,2056.744264
32.59498,82,2056.770516
333.49567,264,2056.904357
302.0077,173,2057.101494
281.77148,301,2057.110915
318.24323,239,2057.126064
273.3755,233,2057.13057
93.75418,110,2057.229041
310.5796,219,2057.493024
316.9718,190,2057.493143
137.67598,1000,2057.587581
132.47652,1000,2057.592247
314.19278,157,2057.640263
326.5335,197,2057.688208
316.8404,236,2057.842756
12.39267,82,2058.006495
320.35202,328,2058.095356
302.68924,228,2058.144952
37.674225,111,2058.178077
28.342392,134,2058.182981
-24.415112,122,2058.534111
99.885506,87,2058.559229
132.80344,114,2058.59364
70.267265,1000,2058.650514
262.75635,920,2058.75413
263.48325,448,2059.102762
273.61057,423,2059.112352
235.29971,484,2059.292184
257.30768,413,2059.31867
315.19946,193,2059.419356
300.9319,255,2059.691869
291.37894,336,2059.691919
300.68237,570,2059.691929
337.34033,244,2059.700232
299.12787,232,2059.705466
336.82986,380,2059.846489
245.05481,527,2059.846546
279.57953,164,2059.866345
79.9575,82,2060.229851
-30.164337,135,2060.293942
14.010216,155,2060.398069
279.0749,263,2060.499432
244.18845,592,2060.499488
314.33044,258,2060.504182
79.6573,168,2060.613878
305.20197,209,2060.638915
271.46,285,2060.727962
318.568,227,2060.739901
81.020386,95,2060.946945
295.8363,277,2061.124794
249.49817,587,2061.457163
217.5343,509,2061.462017
309.99872,383,2061.476119
315.9645,265,2061.481006
-2.094101,182,2061.598652
330.0348,257,2061.878444
206.55157,312,2061.883539
-36.193047,141,2062.160294
174.4701,1000,2062.174472
286.3561,219,2062.183792
287.74707,355,2062.191801
321.25864,275,2062.264691
317.78488,366,2062.356104
241.0532,475,2062.55212
315.64447,193,2062.774133
325.10352,194,2062.782917
335.2959,291,2062.859905
301.0182,277,2062.91775
48.552998,75,2063.128075
256.51266,364,2063.185425
298.46356,609,2063.371705
325.11908,261,2063.402939
311.1079,230,2063.425843
56.93726,115,2063.449142
42.578484,162,2063.61039
67.945435,105,2063.664527
29.69598,119,2063.674011
298.01776,485,2063.734598
305.3741,212,2063.765711
96.86657,76,2063.776766
110.86233,117,2063.945886
49.333355,135,2063.995241
43.132008,86,2064.084227
36.443687,131,2064.235687
76.81124,132,2064.361758
328.1109,456,2064.393984
325.76624,224,2064.716103
310.8469,219,2064.795986
260.87244,568,2064.80543
76.31598,103,2064.869967
212.75125,538,2065.043259
214.61482,619,2065.043313
322.77744,254,2065.120224
267.9195,364,2065.13393
16.700512,114,2065.301459
125.688965,1000,2065.401915
206.9259,747,2065.629356
-31.121124,135,2065.651373
307.4463,459,2065.875963
219.3247,408,2065.936044
321.93353,242,2066.1251
309.9174,224,2066.134901
247.84357,475,2066.157022
287.41553,239,2066.187516
227.94067,416,2066.236469
345.40393,219,2066.290332
20.656876,164,2066.396133
62.73907,79,2066.534183
329.00577,144,2066.543539
238.71255,400,2066.617134
8.239731,106,2066.635851
283.92853,227,2066.667981
38.63759,118,2066.784297
4.1317444,141,2066.841908
48.014904,102,2066.859656
81.971176,94,2067.088088
-5.595848,125,2067.097127
333.8246,204,2067.222843
241.1719,537,2067.296665
297.15582,168,2067.373535
320.63873,327,2067.430884
97.742035,84,2067.605183
88.04326,123,2067.647632
339.5723,263,2067.735793
321.34976,181,2067.924541
283.951,234,2067.929319
290.87308,252,2067.934066
321.09058,255,2068.002896
-23.241688,138,2068.002942
299.53992,310,2068.043715
265.48895,503,2068.425895
31.209175,124,2068.490006
-9.232883,217,2068.71926
177.60342,1000,2068.769887
317.3155,189,2068.780576
308.49152,193,2068.793018
94.77553,136,2069.029805
22.1293,73,2069.039702
292.52048,313,2069.056888
210.55673,392,2069.065992
319.38367,240,2069.079608
-13.332882,133,2069.084543
35.031864,85,2069.160808
305.3235,266,2069.235411
181.59624,1000,2069.240665
38.262516,70,2069.345257
41.070282,96,2069.469521
95.716095,100,2069.502976
18.70515,104,2069.527076
285.77954,448,2069.612607
251.1998,491,2069.630383
-4.4411087,134,2069.743796
73.13014,153,2069.755483
304.80505,152,2069.901998
305.0397,187,2069.907103
141.7861,1000,2069.911595
-16.2505,78,2069.957981
23.207397,181,2070.034557
317.66718,159,2070.043952
57.157566,123,2070.043982
295.4508,288,2070.043992
15.9435425,153,2070.138047
34.478542,118,2070.270198
34.044106,145,2070.274736
55.615643,95,2070.339331
86.06619,102,2070.361184
38.00848,82,2070.505631
66.74507,138,2070.567673
18.207363,152,2070.575927
-65.47349,130,2070.613564
77.59038,135,2070.636471
59.985924,87,2070.649331
-20.116333,149,2070.687104
-22.79749,83,2070.718823
322.97925,224,2070.751361
-15.802387,70,2070.811809
298.2871,320,2070.942616
-33.96144,115,2071.081528
36.58245,97,2071.163274
44.616314,91,2071.168096
20.662868,130,2071.226171
25.827,128,2071.273231
147.23965,567,2071.313277
-49.511353,115,2071.335063
32.39085,159,2071.37272
4.8959885,171,2071.394777
24.703571,124,2071.507483
212.9174,341,2071.565799
20.990582,92,2071.571697
30.922386,123,2071.780955
244.42114,336,2071.781002
-0.94953537,124,2071.833319
33.43238,106,2071.851997
77.416016,114,2071.910364
-40.120674,111,2072.00742
225.17691,914,2072.089199
-32.996017,79,2072.206215
39.4293,121,2072.321194
252.41922,281,2072.348082
302.51575,265,2072.353141
330.29016,232,2072.353181
-28.264105,106,2072.475335
-25.545948,210,2072.509594
45.094143,81,2072.567027
2.9709015,71,2072.647836
21.798977,101,2072.816422
-4.5194626,102,2072.821427
31.55711,76,2072.917615
-1.1784515,101,2072.944656
-56.41452,140,2072.995822
38.49728,75,2073.17653
-2.6935272,64,2073.221879
295.81378,415,2073.226741
169.43655,586,2073.241473
99.78564,125,2073.399305
106.5108,99,2073.408846
13.979088,177,2073.469415
18.371334,81,2073.544416
98.039246,122,2073.558784
78.15674,81,2073.594619
263.07126,418,2073.68591
247.03726,744,2073.700055
298.9527,469,2073.703686
5.8267593,115,2073.737975
19.635048,83,2073.767789
-30.959988,70,2073.779848
-82.504395,102,2073.868092
-54.30424,100,2074.010305
60.997078,110,2074.044372
1.3846359,181,2074.060925
91.5043,95,2074.175095
74.765945,132,2074.314183
55.794636,116,2074.325104
64.31348,82,2074.42514
282.79242,559,2074.461942
-51.786915,98,2074.466434
7.9668503,159,2074.59267
33.436745,201,2074.601747
-27.30863,106,2074.654202
-18.741287,89,2074.713566
42.95201,81,2074.828186
48.283184,92,2074.874946
15.037678,88,2075.002224
-64.98181,92,2075.011316
29.682102,75,2075.055544
310.61066,250,2075.240755
-26.939228,65,2075.394908
337.27698,210,2075.413243
-25.196903,91,2075.45592
46.87115,84,2075.626127
284.97058,410,2075.687709
358.3043,206,2075.805602
289.39996,452,2075.805655
5.5134544,96,2075.836303
-27.233335,95,2075.894443
50.290417,109,2075.91103
281.51898,204,2075.990399
270.43365,257,2076.093803
-34.48556,65,2076.111566
-72.392365,111,2076.138484
94.125854,106,2076.177369
-7.9209595,82,2076.216448
-33.931206,96,2076.332575
-102.85354,97,2076.354894
9.991486,89,2076.392555
139.91136,1000,2076.429887
-25.642185,121,2076.636997
159.30247,1000,2076.695181
83.89493,132,2076.780866
30.818214,142,2076.865466
69.61908,138,2076.99511
20.409748,123,2077.004248
307.95673,211,2077.076955
108.72574,1000,2077.142075
338.21762,201,2077.261432
269.22534,271,2077.379955
77.97087,80,2077.445537
23.324131,136,2077.627506
53.175495,107,2077.632428
337.7798,292,2078.051042
255.69965,283,2078.089303
274.74414,366,2078.089336
212.44159,494,2078.089345
271.01013,250,2078.150784
341.18085,338,2078.205213
128.86311,1000,2078.218393
37.254513,126,2078.218426
293.10175,214,2078.250361
263.4194,851,2078.250411
-19.72012,63,2078.437135
46.5934,91,2078.501905
-10.686768,106,2078.534964
86.36253,79,2078.60536
94.59746,116,2078.609359
56.030804,106,2078.687508
324.8938,288,2078.704612
28.732338,107,2078.704647
4.699795,112,2078.726461
326.82074,280,2078.731246
54.097977,121,2078.796815
-24.274147,102,2078.894473
80.00007,79,2078.970292
-25.505348,99,2078.979945
-1.7919579,100,2079.054949
-4.9864807,96,2079.162443
33.39494,153,2079.191613
0.25228882,115,2079.207306
4.682781,111,2079.207344
51.696987,98,2079.246227
131.87358,1000,2079.281435
-92.30767,76,2079.327154
11.555286,94,2079.327198
168.10408,557,2079.417302
320.01672,329,2079.57717
75.72499,74,2079.613821
42.384064,94,2079.633181
86.641136,133,2079.666222
74.02656,105,2079.685887
65.9509,108,2079.685926
309.22046,219,2079.702817
269.1204,251,2079.889798
47.49155,141,2079.992771
99.1362,122,2079.997672
329.32874,237,2080.075834
310.71835,212,2080.159004
47.011395,101,2080.171288
321.3262,198,2080.171318
15.939117,132,2080.207546
22.766514,128,2080.225649
21.7589,138,2080.289522
57.506523,115,2080.415495
72.70033,91,2080.489288
43.042156,110,2080.498997
106.08981,84,2080.553284
140.32526,638,2080.567636
298.89362,221,2080.697508
309.6227,296,2080.697555
323.09198,220,2080.709533
71.55044,134,2080.80663
253.37726,249,2080.846489
20.84412,113,2080.989014
25.725315,116,2081.012309
300.9809,190,2081.021929
343.36188,196,2081.037102
19.39553,92,2081.102016
66.116516,132,2081.1493
3.229412,102,2081.157363
215.84839,171,2081.173939
48.728523,118,2081.217575
314.59802,242,2081.310145
19.854591,115,2081.366792
30.711609,149,2081.477568
43.48076,111,2081.514263
54.42087,81,2081.518929
65.146484,108,2081.523252
53.87404,117,2081.550311
59.158283,88,2081.559647
65.72748,87,2081.86256
24.099796,138,2081.926786
29.102509,94,2081.971433
331.94342,318,2081.976896
277.28415,383,2082.008324
38.82198,109,2082.008379
341.55832,176,2082.013046
245.9759,230,2082.213389
11.162785,120,2082.411585
322.36215,192,2082.425417
308.90228,298,2082.448044
39.43598,108,2082.495985
2.2660866,119,2082.508842
51.70955,149,2082.651482
273.66528,323,2082.83381
90.50489,79,2082.867572
39.710022,156,2082.935354
116.27487,99,2082.970674
31.842003,116,2082.983667
324.12384,249,2083.067508
95.84255,100,2083.110764
71.182236,70,2083.148106
351.05576,260,2083.190872
268.00558,265,2083.216049
69.75333,82,2083.328162
-2.4540138,106,2083.332175
1.3676147,89,2083.374194
18.834728,110,2083.417606
309.1909,236,2083.490652
324.66208,247,2083.524885
49.503708,88,2083.606386
25.932396,120,2083.650137
292.0748,810,2083.650196
-155.53442,98,2083.788237
56.722034,103,2083.899844
10.712997,156,2083.907335
43.46589,135,2083.955516
95.143265,78,2083.979546
-31.979519,109,2084.000708
81.91848,100,2084.14442
338.2882,186,2084.271705
301.9536,239,2084.277175
34.31284,100,2084.286578
18.974888,74,2084.342615
-11.793571,92,2084.378991
75.73152,97,2084.399439
215.9862,287,2084.429385
284.79898,193,2084.473201
24.073753,104,2084.504706
83.65759,84,2084.778471
271.96796,717,2084.855212
67.958374,99,2084.876479
289.3117,177,2084.891551
319.55414,253,2084.896306
30.36298,92,2084.957329
59.150925,113,2084.976836
55.297092,106,2084.989809
23.45029,153,2085.017814
8.609734,78,2085.142255
338.2362,179,2085.142307
-5.1043015,71,2085.210801
31.027153,98,2085.29737
62.761967,81,2085.345545
-43.10512,117,2085.402568
122.82582,130,2085.530453
60.436592,122,2085.556972
141.93547,1000,2085.603716
-16.448147,110,2085.630573
280.38748,308,2085.702861
321.12686,334,2085.702921
265.29047,296,2085.708641
2.8778877,100,2085.78903
31.663898,85,2085.944489
313.40314,206,2086.068744
297.2732,266,2086.091196
44.341953,85,2086.091258
110.11574,1000,2086.140897
325.53854,183,2086.223594
233.63661,301,2086.317454
324.6048,230,2086.326874
329.43436,251,2086.331023
344.20514,157,2086.335505
289.97852,180,2086.340125
26.283226,172,2086.480887
85.98103,88,2086.485782
355.44174,177,2086.508497
-10.59737,112,2086.575129
64.66587,96,2086.657518
38.221756,85,2086.724864
313.00473,176,2086.737692
279.5149,252,2086.742618
22.357067,104,2086.80182
97.05705,148,2086.801857
-7.730137,105,2086.815894
6.400078,77,2086.825384
38.283394,181,2086.896802
317.01968,249,2086.915027
39.17786,95,2086.933251
19.5131,113,2087.074653
36.4227,84,2087.100195
-10.502026,95,2087.235811
41.5886,102,2087.285887
-15.901524,81,2087.307969
21.126015,114,2087.326058
-29.912495,137,2087.371275
326.82245,212,2087.457345
341.2621,248,2087.466379
339.24127,147,2087.50541
350.19067,191,2087.530596
78.36771,116,2087.636431
103.05583,97,2087.744059
60.286884,102,2087.821317
79.9014,97,2087.889148
69.0708,93,2087.93494
95.99958,141,2087.951418
-8.140869,81,2087.993304
342.299,255,2088.05339
306.75854,391,2088.089588
299.9935,179,2088.08964
320.57666,307,2088.124818
83.721664,99,2088.26477
283.69946,201,2088.342955
36.94277,121,2088.490288
313.7447,228,2088.763769
316.67987,174,2088.773126
330.30157,197,2088.773172
333.08276,189,2088.788124
50.82929,139,2088.893111
336.55273,191,2088.946167
341.09106,197,2088.977291
327.47406,227,2089.369089
338.2555,203,2089.414854
318.38647,564,2089.456314
31.803825,160,2089.486137
283.66467,354,2089.729784
328.69348,173,2089.73824
310.66052,208,2089.738277
308.8932,200,2089.883825
75.38457,98,2089.939189
48.08889,175,2090.261581
327.09125,334,2090.293896
328.90973,203,2090.343621
324.16965,377,2090.490365
347.5586,371,2090.576663
319.6645,195,2090.608257
276.53046,307,2090.762676
302.89685,205,2090.808319
325.70966,242,2090.825137
319.47186,201,2090.843045
257.94196,743,2090.848094
29.225574,120,2090.880683
14.210503,112,2091.091741
297.365,167,2091.261001
331.11838,232,2091.326392
76.96428,138,2091.452826
78.71736,139,2091.497131
-116.9076,955,2091.564946
19.06987,166,2091.591343
149.56288,1000,2091.613539
326.86078,263,2091.811502
50.389687,123,2091.811555
310.576,217,2091.879663
-20.89309,842,2091.879706
323.3217,215,2092.071071
262.58066,188,2092.178464
259.33017,292,2092.188792
21.630714,128,2092.203506
243.68176,432,2092.263626
21.044971,115,2092.336227
340.4972,197,2092.459061
308.91895,219,2092.482784
-151.55656,629,2092.598743
334.96204,184,2092.715588
46.832745,121,2092.749386
321.91663,266,2092.798791
280.36212,253,2092.949712
319.99506,175,2092.958428
61.528023,123,2093.006946
47.415245,159,2093.204155
38.78109,125,2093.279027
322.979,255,2093.336743
314.7165,289,2093.378862
306.08984,247,2093.378909
275.44995,153,2093.438034
265.42032,254,2093.482789
269.82733,599,2093.491837
305.65424,164,2093.766392
328.807,258,2093.770671
30.928764,139,2093.915561
38.44943,132,2093.980247
321.72467,304,2094.175793
304.40137,166,2094.190437
85.72505,103,2094.235291
303.49326,190,2094.246409
310.9298,199,2094.246455
66.76566,145,2094.415756
278.31656,366,2094.613121
44.70325,116,2094.764101
39.556984,128,2094.768681
298.57864,751,2094.851472
275.50488,392,2094.978522
307.06082,203,2095.159516
323.66113,219,2095.16856
336.2177,266,2095.181955
307.4862,373,2095.181983
286.865,376,2095.186906
322.31323,283,2095.191364
253.31071,215,2095.203381
64.45641,136,2095.467832
127.77571,98,2095.662894
297.5953,279,2095.694878
314.11984,202,2095.699581
-87.36705,886,2095.910117
327.12924,206,2095.932756
13.315514,198,2096.090632
317.71085,302,2096.148844
313.38416,226,2096.226443
319.59393,225,2096.226495
342.02985,251,2096.310083
315.9334,253,2096.32898
295.6824,743,2096.346592
296.2265,211,2096.605037
332.10846,167,2096.648969
13.973373,127,2096.781427
329.31403,164,2096.816296
-24.459885,158,2096.916825
44.651337,147,2096.968661
310.91418,253,2097.053873
329.50916,227,2097.149623
255.51962,191,2097.149685
-7.629257,127,2097.16729
40.72293,151,2097.320353
103.12196,104,2097.51075
-96.10833,527,2097.548483
3.1848488,95,2097.57078
-23.459404,137,2097.579531
46.44888,112,2097.649919
-47.200424,116,2097.688113
349.40448,235,2097.868459
315.5603,487,2097.868505
326.74152,244,2097.874619
303.3667,536,2097.880271
316.07202,489,2097.885072
80.22774,77,2097.924289
316.5878,363,2097.959005
77.42668,96,2097.985268
107.38237,88,2098.080437
-33.22042,117,2098.106874
-15.253265,777,2098.111881
101.39261,120,2098.392363
72.153336,126,2098.413554
15.8661,144,2098.504536
55.001865,123,2098.513672
71.79532,137,2098.513707
299.4112,206,2098.759566
295.74615,213,2099.031799
354.00043,219,2099.054322
326.36322,228,2099.069259
327.45078,324,2099.069294
330.42603,358,2099.089057
319.4126,192,2099.351204
340.80396,190,2099.35125
325.95413,213,2099.355403
-185.1785,99,2099.471292
309.07288,252,2099.500242
317.29602,227,2099.509439
85.41889,157,2099.764454
9.947071,142,2099.985031
348.31787,228,2100.07529
49.759453,98,2100.204656
-28.604612,86,2100.362287
-60.65602,819,2100.529254
322.19336,409,2100.567012
286.2546,276,2100.567079
315.5692,250,2100.579237
279.61838,168,2100.813701
-75.622025,859,2101.124659
292.47656,223,2101.365409
312.79425,265,2101.38824
328.60904,181,2101.396493
-76.74332,524,2101.4253
283.1147,196,2101.456614
3.7210464,143,2101.461214
331.69296,226,2101.587304
-40.393715,492,2101.693511
-6.421543,121,2101.892018
-9.475426,541,2101.912925
-2.6461716,917,2101.999503
66.225204,91,2102.094795
294.80627,165,2102.18977
303.19855,173,2102.18982
162.73782,1000,2102.296973
331.44226,213,2102.343905
276.19867,430,2102.463228
324.53897,233,2102.50132
328.35358,206,2102.513545
301.95145,159,2102.642974
-11.110336,97,2102.793857
348.70685,316,2102.81068
299.4663,182,2103.019962
23.831146,138,2103.123441
20.483818,111,2103.147271
284.96796,874,2103.261767
310.18945,215,2103.273688
309.1044,241,2103.290441
126.048454,1000,2103.546241
-1.2338486,117,2103.546291
301.31265,348,2103.589388
311.2267,241,2103.60361
12.192612,145,2103.917683
329.3696,262,2103.960774
-15.958504,115,2104.089234
41.184853,132,2104.123165
79.38932,191,2104.127919
291.35968,200,2104.145572
298.71136,343,2104.339477
327.3017,179,2104.401315
-56.84344,559,2104.419659
286.0794,293,2104.437473
332.94037,245,2104.654303
312.34943,195,2104.804869
-76.743805,522,2104.822892
55.159065,117,2104.931291
321.2099,205,2105.031376
306.39426,202,2105.075119
46.73665,94,2105.22141
351.92383,192,2105.306507
10.847107,86,2105.320129
304.1929,217,2105.328549
332.52008,267,2105.345202
313.289,292,2105.452029
299.05658,183,2105.468167
142.9001,1000,2105.611583
271.46283,273,2105.642795
289.2155,193,2105.677453
275.7968,402,2105.765866
348.73462,177,2106.077672
333.7078,181,2106.117003
330.8017,242,2106.134609
74.27086,121,2106.166333
308.86774,177,2106.241414
311.5619,221,2106.282992
310.87244,234,2106.369668
306.38513,318,2106.431027
280.53348,278,2106.447387
177.53113,1000,2106.584344
316.01602,212,2106.616575
296.09302,235,2106.657149
-61.155113,143,2106.820646
315.37677,204,2106.99929
333.1994,281,2107.025946
312.31213,183,2107.074887
316.6486,182,2107.113439
43.004692,168,2107.193542
303.01505,260,2107.311816
277.9381,428,2107.36123
151.07925,1000,2107.632274
-38.6169,80,2107.725508
281.1292,222,2107.827277
273.80023,328,2107.86701
302.1066,385,2107.867065
308.79742,313,2107.875076
287.30573,290,2107.93835
302.54675,285,2107.951953
257.25488,300,2107.951984
257.27985,209,2107.973108
305.26587,208,2108.02127
331.45377,203,2108.038132
1.7382774,101,2108.18741
299.94016,270,2108.228594
302.79022,212,2108.282398
-45.558655,93,2108.396908
310.53253,264,2108.396955
27.769238,128,2108.45577
290.4613,248,2108.956692
330.8957,302,2109.007489
294.63046,249,2109.080003
287.1611,277,2109.286156
315.43457,281,2109.286209
297.36014,316,2109.290461
336.48688,315,2109.643914
336.54578,283,2109.667133
309.52292,275,2109.689378
331.91003,182,2109.767191
329.60535,182,2109.89083
290.601,213,2109.953884
327.446,185,2110.118277
324.8448,186,2110.118326
-25.360622,119,2110.179567
-23.98587,516,2110.252295
-46.264847,531,2110.332456
344.53656,245,2110.374023
-28.01876,490,2110.381402
-11.061653,501,2110.523504
331.57294,199,2110.578558
-25.631622,500,2110.638903
327.1867,174,2110.730917
52.59931,98,2110.82849
17.630733,158,2111.042578
120.18039,83,2111.19708
40.328453,127,2111.307331
312.01025,274,2111.351291
306.9316,368,2111.419642
318.48355,258,2111.419686
304.83118,236,2111.452271
314.4947,364,2111.52469
75.629486,90,2111.702137
294.40207,293,2111.946445
57.507538,126,2112.08177
303.9663,252,2112.171636
-29.936455,572,2112.231868
197.64937,1000,2112.354139
296.29236,495,2112.396607
305.32962,255,2112.551676
280.1085,454,2112.556298
279.67422,232,2112.735991
262.19992,316,2112.754576
322.1665,320,2112.840112
-46.415882,507,2112.844136
304.14917,338,2112.951519
251.72977,233,2112.984998
297.88153,211,2113.020865
313.43237,196,2113.433348
320.4856,274,2113.45251
335.5954,167,2113.490432
34.55531,130,2113.611533
311.22195,191,2113.84992
276.72537,245,2113.858624
299.69318,334,2113.888677
301.56732,215,2113.920256
309.576,464,2114.282464
333.63205,221,2114.461245
338.35825,182,2114.461287
251.82878,465,2114.471187
10.890457,149,2114.623142
142.50945,1000,2114.633062
326.54358,166,2114.668905
-1.6533508,85,2115.015156
315.83643,179,2115.092807
303.49915,286,2115.168119
-91.37358,511,2115.172849
-68.53577,522,2115.230851
321.68372,299,2115.239859
257.12167,593,2115.252482
81.97684,140,2115.257656
328.57385,177,2115.270497
309.49875,190,2115.321839
281.51462,479,2115.657683
-32.15204,479,2115.698103
111.895226,1000,2115.732377
312.13965,243,2116.131238
296.8689,336,2116.204122
325.58667,220,2116.246449
311.93298,283,2116.39409
286.05118,300,2116.609109
277.57605,315,2116.626533
5.3769836,480,2116.655521
250.56317,334,2116.780324
273.77692,379,2116.994057
48.8153,137,2117.002121
269.79633,284,2117.013132
243.05466,383,2117.059989
114.33239,123,2117.323175
-46.137703,524,2117.541152
244.87221,418,2117.571835
255.56927,519,2117.599525
247.53168,227,2117.624396
293.88043,265,2117.819686
-13.659317,509,2117.950063
269.7091,307,2117.978579
311.37054,204,2117.978623
288.9883,387,2117.98784
322.7743,221,2117.987873
278.36816,419,2118.013382
320.86316,158,2118.035422
293.83405,232,2118.054938
28.388493,124,2118.381988
0.8935814,107,2118.453416
43.085377,120,2118.535971
-217.7472,554,2118.676811
334.42847,193,2118.799695
334.2307,171,2118.80604
317.40253,246,2119.065447
-14.575455,484,2119.160453
115.056305,86,2119.189245
291.91974,192,2119.315595
49.99146,141,2119.43285
303.5359,256,2119.522055
19.0653,466,2119.701004
59.557053,151,2119.733566
-33.450844,515,2119.828223
263.20135,426,2119.925018
-176.8732,555,2120.073496
15.892651,127,2120.085328
330.17804,222,2120.18053
7.2945595,118,2120.264574
-36.36345,145,2120.349614
271.21863,408,2120.358821
86.86264,108,2120.405942
286.15137,294,2120.469448
318.01172,151,2120.507275
89.06594,84,2120.72531
91.643486,87,2120.72957
83.94897,114,2120.768718
319.46857,208,2121.005253
82.74924,114,2121.010065
234.63457,396,2121.193787
219.07008,823,2121.238207
-37.716488,201,2121.298209
305.25104,149,2121.437417
272.2704,794,2121.517279
46.892784,176,2121.524218
244.35403,799,2121.536465
56.814045,117,2121.541492
33.747772,128,2121.597982
18.786858,103,2121.710418
236.29285,773,2122.140946
354.9458,183,2122.375838
36.31871,196,2122.4257
335.29694,277,2122.460755
-150.7774,528,2122.563167
316.62738,250,2122.581215
320.83722,232,2122.581258
328.65356,556,2122.585858
281.43753,284,2122.598882
322.57938,788,2122.86402
344.01013,259,2122.894651
33.00737,112,2123.104311
331.58905,379,2123.32227
291.6129,208,2123.322319
314.18866,163,2123.322329
301.22714,264,2123.345705
278.31738,176,2123.363664
286.22797,175,2123.381648
20.091667,119,2123.650951
290.2495,272,2123.699545
293.91437,256,2123.748856
231.0998,762,2123.923561
319.37308,333,2123.937507
29.493458,128,2123.964063
33.486355,112,2124.251318
298.45184,210,2124.294335
32.331505,124,2124.475642
301.47717,197,2124.58407
36.17579,145,2124.589196
106.11915,79,2124.655501
314.46674,242,2124.74899
288.28745,710,2124.766295
327.1466,321,2124.779184
339.43207,181,2124.784261
330.49622,434,2124.860162
337.02194,348,2124.936212
67.38101,80,2124.951838
256.79602,366,2124.980876
281.13684,366,2124.980917
-36.701607,474,2125.005318
110.74745,79,2125.096996
64.509415,78,2125.126026
197.22696,1000,2125.250138
40.35184,112,2125.26935
0.7776642,136,2125.363463
56.474052,74,2125.423344
69.85332,117,2125.517466
287.88684,240,2125.549612
75.23837,105,2125.741445
311.28687,316,2126.068703
317.3814,273,2126.078647
289.60626,212,2126.078682
328.27777,253,2126.083701
300.35812,338,2126.101777
248.84348,179,2126.17072
340.97058,150,2126.198892
334.38394,201,2126.32423
39.953857,91,2126.470629
295.06018,282,2126.515778
306.46338,216,2126.519737
87.059814,88,2126.724834
292.48932,401,2126.73825
268.91232,228,2126.773302
337.97488,162,2126.817214
306.2602,188,2126.955269
-47.935493,623,2127.063882
60.26983,127,2127.063934
64.85629,85,2127.127494
296.66675,237,2127.164013
308.37064,239,2127.260498
-88.128235,507,2127.267052
315.5678,237,2127.280578
52.32541,93,2127.477844
52.6782,155,2127.518658
246.2997,185,2127.574465
105.80527,83,2127.632283
343.23975,173,2128.019527
335.8202,198,2128.028683
54.098434,146,2128.162968
170.32645,752,2128.336324
86.57524,109,2128.495268
363.4024,230,2128.577592
285.7547,466,2128.601497
-37.721085,480,2128.6597
278.904,356,2128.838737
260.79984,621,2128.844339
15.179855,88,2128.966413
344.75497,356,2129.036009
281.46832,197,2129.219699
-104.543396,526,2129.29482
307.90088,187,2129.336267
322.46225,294,2129.336303
-206.5307,534,2129.484882
272.05438,197,2129.723088
74.71059,159,2129.752156
300.53824,181,2129.778831
51.770557,133,2129.805884
83.57176,122,2129.82931
282.66577,278,2129.902136
304.87152,292,2129.906667
55.486477,116,2129.994264
325.82758,275,2130.524294
-355.28265,570,2130.655629
16.373058,98,2130.951194
317.18643,309,2131.173292
-14.53233,117,2131.178269
176.83623,1000,2131.190914
285.43835,360,2131.354053
173.32549,1000,2131.474962
-214.08397,596,2131.480332
286.26123,389,2131.623467
-78.874916,522,2131.642404
268.03046,431,2131.714973
312.84503,189,2131.824162
103.38644,104,2131.948066
-54.55487,504,2131.984848
149.49902,1000,2132.056301
293.3168,193,2132.068893
-201.62262,554,2132.176181
309.00003,221,2132.176234
4.98333,503,2132.225469
218.16556,569,2132.427505
31.76883,151,2132.636164
19.093464,115,2132.704631
297.41754,382,2133.084915
33.978848,103,2133.094903
277.7697,229,2133.104251
357.20996,331,2133.203695
281.67133,385,2133.223144
290.61414,272,2133.284768
288.0693,466,2133.289501
290.94904,353,2133.408127
282.4121,422,2133.538901
254.83347,428,2133.549972
325.64484,190,2133.557067
29.818386,111,2133.587727
216.17288,391,2133.754668
327.50137,172,2133.88648
315.65076,393,2133.957591
302.96857,227,2134.231802
317.7082,154,2134.240515
278.66858,230,2134.335335
130.08658,148,2134.551956
268.64038,284,2134.569276
315.549,219,2134.737013
225.77766,519,2134.769894
299.083,277,2134.804686
264.41202,391,2135.174993
325.8332,189,2135.180456
-27.104012,478,2135.383196
-23.548836,512,2135.410941
272.99942,440,2135.578067
320.42877,252,2135.690931
-132.78572,497,2135.800298
278.68408,287,2135.879909
272.7818,267,2135.998171
37.59185,179,2136.012098
233.86964,430,2136.19879
-78.912415,520,2136.321876
240.20064,538,2136.67246
321.75726,163,2136.739472
290.46375,170,2136.758244
159.46626,1000,2136.75828
322.73242,260,2136.763352
298.5766,298,2136.768363
262.78943,306,2136.777264
263.44287,246,2136.984632
-136.47198,537,2137.231442
313.59335,340,2137.330762
289.00555,175,2137.547891
298.3944,223,2137.738234
345.20764,302,2138.012388
272.1548,287,2138.045267
242.00911,347,2138.293878
269.98413,597,2138.38435
259.6897,196,2138.62998
-112.08531,547,2138.641875
313.6427,266,2138.746316
297.87952,545,2138.754406
306.3507,454,2138.784146
283.88177,346,2138.78418
-14.501976,475,2138.882236
267.8413,238,2139.09184
299.2848,474,2139.110044
127.25026,1000,2139.25049
339.02454,260,2139.455487
323.61838,184,2139.455541
306.72397,314,2139.455551
142.85257,1000,2139.673884
341.42444,241,2139.719659
308.1047,217,2139.755147
316.00806,201,2139.979581
-61.79149,495,2140.574041
330.38583,319,2140.654027
-29.61013,785,2140.834167
287.96262,314,2140.843103
305.75168,247,2140.847906
293.5987,315,2140.847933
329.01385,197,2140.854545
337.1875,320,2140.873596
271.02936,273,2140.887205
260.05026,452,2140.896949
-58.540657,491,2140.939652
-96.2254,493,2140.939701
288.78235,493,2140.982615
83.3343,87,2141.246067
-6.446663,495,2141.315301
40.760197,113,2141.458793
321.57364,159,2141.573812
361.95157,202,2141.798778
353.12793,204,2141.86522
304.43152,269,2141.873509
285.3651,158,2141.962308
288.13336,247,2141.99349
292.08966,226,2142.008347
342.66293,300,2142.262347
313.81915,338,2142.395196
294.4982,162,2142.619216
37.183823,162,2142.760183
271.58972,221,2142.827781
337.39655,202,2142.942402
-90.49504,516,2142.952289
-63.343044,485,2143.075508
45.497,175,2143.080079
289.65613,387,2143.099995
314.01175,160,2143.144564
306.9922,273,2143.144617
-125.20632,552,2143.368719
81.554726,82,2143.451544
25.817177,97,2143.585769
-22.262863,137,2143.726163
343.8777,223,2143.789797
294.01944,191,2143.821041
286.94556,263,2143.833134
346.87842,150,2143.833198
311.7362,195,2143.833212
256.21176,523,2143.863636
244.60771,945,2144.012328
301.75656,279,2144.106557
118.86243,89,2144.241179
336.57648,194,2144.613546
326.63403,259,2144.640568
302.8941,179,2144.651714
309.38812,244,2144.956334
329.41843,249,2144.970071
251.15201,332,2145.118423
333.36584,195,2145.141109
260.6494,384,2145.141153
342.50427,238,2145.213974
7.339714,152,2145.324958
35.844986,113,2145.473541
270.9788,368,2145.552508
335.9066,196,2145.552557
252.08311,871,2145.579354
76.9364,90,2145.71871
321.70123,179,2145.925673
291.697,426,2145.966997
-39.32412,110,2145.967041
-19.180046,104,2146.190253
307.07294,540,2146.251034
268.74188,990,2146.496339
287.3943,270,2146.759465
282.80283,409,2146.808481
279.78033,396,2146.930167
309.14117,169,2146.958494
59.98508,147,2147.185362
58.832466,95,2147.215123
311.1632,360,2147.220411
295.70465,245,2147.380428
272.8214,310,2147.385426
309.4155,330,2147.43421
92.216034,126,2147.540646
320.7788,167,2147.593072
194.62608,1000,2147.645668
56.803486,128,2147.805788
96.00873,95,2147.979305
270.01086,544,2148.034863
338.95795,239,2148.298456
309.90967,192,2148.302598
305.57095,301,2148.542251
325.7003,199,2148.5423
341.24603,169,2148.559309
-43.331783,741,2148.56906
311.0523,360,2148.569101
222.28557,577,2148.586037
285.56018,276,2148.619178
275.9247,821,2148.845624
295.56665,220,2148.94207
69.06314,103,2148.984988
193.40671,962,2148.9928
39.514835,109,2149.035009
318.33624,180,2149.077131
83.49683,145,2149.184321
327.38684,192,2149.394563
313.54742,251,2149.398763
75.79477,114,2149.494097
-63.182045,483,2149.528335
22.38472,113,2149.582945
353.2193,284,2149.787933
216.92528,565,2150.098796
83.41809,130,2150.108014
319.00537,280,2150.273637
265.91492,424,2150.480463
317.51282,262,2150.554025
-34.47049,581,2150.584017
-92.33052,503,2150.782638
314.65198,386,2150.887994
332.3117,185,2150.897327
-89.866646,466,2151.021255
-86.21791,486,2151.063481
-24.633392,510,2151.072202
340.34625,209,2151.164447
348.6433,179,2151.310858
326.34302,357,2151.648345
-2.488617,497,2151.662369
232.63611,524,2151.681785
-96.69775,496,2151.747409
-57.968266,477,2151.86217
285.4395,210,2151.99221
323.43695,226,2152.054542
265.41437,276,2152.096293
294.607,225,2152.157038
271.5624,323,2152.186252
316.60315,398,2152.203891
95.48072,128,2152.606946
285.3329,298,2152.620151
358.7909,216,2152.620189
293.07336,239,2152.775509
-75.15467,533,2152.887256
293.45654,255,2152.961672
281.59637,321,2153.054476
-47.297596,502,2153.063494
309.51752,205,2153.071678
277.6847,225,2153.130223
-23.146141,486,2153.135346
336.2245,169,2153.340368
321.0058,195,2153.466519
286.41977,296,2153.488547
327.84976,195,2153.627481
340.92255,178,2153.667073
258.0646,201,2154.021631
254.07945,490,2154.131561
17.568817,146,2154.271909
26.285004,148,2154.326045
5.215027,512,2154.334409
-0.20521164,83,2154.496955
309.983,652,2154.502086
305.39362,245,2154.551928
322.51953,378,2154.807178
286.58514,401,2154.829347
-76.197296,479,2155.090182
33.746483,143,2155.141594
280.9948,592,2155.232026
4.12619,503,2155.296409
-150.94315,535,2155.444865
319.0292,214,2155.458755
284.93027,208,2155.747873
-178.30936,507,2155.756011
309.83667,542,2155.762393
-36.77911,479,2156.193935
261.50616,427,2156.288526
285.7663,182,2156.321268
288.226,440,2156.341248
90.20639,121,2156.341297
318.4396,223,2156.341309
305.261,330,2156.358735
311.64722,282,2156.40043
304.93152,250,2156.405603
284.85468,272,2156.410288
287.28055,472,2156.441562
320.4525,218,2156.799766
338.65393,290,2156.82119
-13.184479,509,2156.90867
98.534454,108,2156.917607
305.0428,147,2157.02375
35.440628,133,2157.033817
203.1641,308,2157.231174
303.01117,175,2157.295302
321.39178,205,2157.342054
287.5971,219,2157.357051
351.48953,209,2157.381642
311.84454,208,2157.432221
313.01065,173,2157.81699
310.94614,204,2157.961347
329.82996,181,2157.9614
88.1172,95,2158.321937
300.15662,390,2158.321994
280.89166,202,2158.428388
17.115086,86,2158.428441
328.97247,231,2158.453277
311.616,330,2158.508234
302.46777,275,2158.756054
330.8085,254,2158.78005
302.17224,383,2158.830152
-53.749146,521,2158.868078
72.81006,95,2158.952137
-37.831165,93,2159.019285
52.375374,135,2159.147836
259.19537,230,2159.165116
47.99149,99,2159.244553
298.1536,479,2159.454122
319.10245,426,2159.482491
80.734,153,2159.590977
336.62628,201,2159.731349
-11.618858,494,2159.790033
310.2304,236,2159.850052
263.45703,336,2159.874153
265.4698,311,2160.102505
-5.816139,124,2160.102565
260.05234,264,2160.108489
112.30386,97,2160.215103
351.45233,218,2160.410157
283.91034,202,2160.670564
223.27356,896,2160.687172
257.90015,324,2160.696774
-77.16502,522,2160.762739
-122.34746,510,2160.798943
301.46515,207,2160.831965
266.36615,403,2160.959082
306.3627,153,2160.973255
-52.642075,102,2161.177187
60.144028,159,2161.19116
284.18863,247,2161.324815
267.39133,406,2161.360951
304.74817,312,2161.365161
89.52556,102,2161.439992
36.547565,128,2161.924773
300.57843,293,2162.015958
341.66513,197,2162.05918
350.9969,270,2162.068458
319.3426,280,2162.082225
331.2518,244,2162.082259
234.53561,433,2162.151967
238.72247,508,2162.489162
99.24452,124,2162.578256
348.9344,281,2162.578306
339.22272,155,2162.629244
310.83734,271,2162.656383
316.4257,326,2162.661958
328.66205,184,2162.996038
288.5388,853,2163.03164
-59.118965,242,2163.191285
297.59534,251,2163.210669
332.3912,257,2163.247244
293.60223,144,2163.247286
301.6768,417,2163.247297
262.51813,249,2163.636283
335.75787,185,2163.882907
281.81396,268,2163.897042
281.667,278,2163.912972
20.365509,147,2163.921879
298.09888,231,2164.058273
79.54455,99,2164.09338
339.11627,198,2164.152976
81.105545,131,2164.488095
-5.3012886,107,2164.5448
303.06622,305,2164.60149
278.68787,313,2164.618203
287.77603,191,2164.775741
-72.23822,491,2164.820971
269.9198,391,2165.020957
143.7945,1000,2165.262492
335.53946,250,2165.279372
269.46075,265,2165.284359
0.4743271,157,2165.310516
111.207664,1000,2165.328878
325.98895,191,2165.407804
293.5542,203,2165.407843
308.0362,258,2165.778849
228.21873,691,2165.796819
71.72633,125,2165.844519
345.17615,154,2166.107345
352.17645,189,2166.149519
293.9958,248,2166.154022
284.13565,186,2166.158849
291.898,293,2166.158881
297.37714,309,2166.178339
328.79944,204,2166.253093
68.01764,98,2166.539716
309.54056,269,2166.614404
125.52189,1000,2166.62504
336.19504,206,2166.713128
280.79523,643,2166.823586
340.74677,186,2166.973972
298.28394,252,2166.97881
337.15845,199,2167.039125
337.16827,184,2167.073088
258.46362,708,2167.07313
281.50488,153,2167.322507
314.24442,293,2167.502083
277.1338,394,2167.5868
301.89844,515,2167.595951
316.74924,321,2167.608212
295.001,241,2167.641102
284.1274,186,2167.680605
33.805885,148,2167.76564
303.91626,381,2167.884109
332.88425,200,2167.898323
339.29413,205,2167.927472
282.01984,204,2167.977047
10.857975,151,2168.012474
68.70325,137,2168.117673
86.503975,112,2168.255503
284.40424,282,2168.354298
24.673653,190,2168.443666
101.7645,100,2168.449767
62.616684,119,2168.498927
9.218575,140,2168.512485
339.2478,265,2168.816454
324.07883,286,2168.881669
347.1629,290,2168.881716
316.01196,172,2168.881726
287.81177,271,2168.881734
312.9982,217,2168.88174
331.52582,172,2169.018888
77.91745,119,2169.026735
324.54633,166,2169.08491
104.05789,93,2169.288371
333.3651,227,2169.460875
310.02887,226,2169.51835
276.51022,641,2169.59264
320.57028,189,2169.728142
283.5006,415,2169.728192
358.28168,196,2169.76411
291.88892,223,2169.888724
297.30817,199,2169.918877
302.89404,244,2169.918913
293.77814,198,2169.923552
340.6283,266,2170.085783
339.13754,189,2170.159873
304.53723,218,2170.590519
299.27094,253,2170.618919
330.9525,185,2170.732801
73.7032,141,2170.797211
310.6934,169,2170.857389
293.56873,207,2170.865484
310.0696,248,2170.865512
312.32245,327,2171.021492
321.59628,283,2171.06239
155.29785,1000,2171.143031
29.215683,121,2171.422952
293.09418,187,2171.449252
301.47668,161,2171.472461
323.0075,186,2171.4725
312.14175,380,2171.47251
318.2329,345,2171.502331
63.763317,166,2171.566399
41.48993,179,2171.700135
34.768875,134,2172.114233
-36.316063,489,2172.196286
289.80432,264,2172.311761
305.49225,273,2172.311817
316.56006,214,2172.504404
326.98242,200,2172.530268
323.07568,231,2172.530296
256.6931,224,2172.550447
326.62646,233,2172.797794
313.49475,194,2173.007458
296.55908,326,2173.029516
159.9233,1000,2173.029552
295.90808,162,2173.043002
25.020206,118,2173.052918
306.85645,205,2173.124881
-54.254856,504,2173.186294
60.471992,188,2173.350706
-120.4869,519,2173.517346
69.83151,123,2173.557649
-96.631805,980,2173.566193
-34.33394,138,2173.637684
330.61084,225,2173.776075
-273.22803,514,2173.794126
323.32455,206,2173.931893
327.0797,169,2173.931952
323.07092,187,2173.945246
313.5443,222,2174.029259
270.6952,402,2174.335018
49.234917,167,2174.406005
252.29868,246,2174.465569
311.40802,209,2174.476006
306.57687,198,2174.476042
312.97452,152,2174.481356
301.13406,244,2174.693729
273.1425,486,2174.693779
-85.59252,545,2174.776786
305.60455,209,2174.909934
289.7404,279,2175.239891
297.25922,180,2175.239945
329.1378,315,2175.253432
-38.033722,521,2175.360358
323.437,158,2175.400082
312.55963,211,2175.635299
317.5531,192,2175.635378
312.58722,272,2175.698459
290.24002,366,2175.698497
333.18082,207,2175.823924
271.90494,333,2175.978173
302.20453,182,2176.050141
321.67178,187,2176.059412
314.8781,217,2176.327877
-30.935661,477,2176.492181
332.0813,207,2176.555756
309.56873,204,2176.609993
336.53137,220,2176.614558
299.56998,207,2176.623305
-117.13124,494,2176.704533
-60.370598,501,2176.734549
302.2707,318,2176.81689
273.22046,230,2177.006328
300.96454,215,2177.021918
310.3685,222,2177.048902
285.02063,177,2177.277632
304.05847,176,2177.400002
340.42194,249,2177.434422
-27.072105,513,2177.519313
334.4453,186,2177.559028
257.79916,224,2177.697218
307.40506,185,2177.834016
291.7469,288,2177.841438
314.48837,166,2178.146127
286.79465,519,2178.151353
305.8687,281,2178.308512
130.70367,1000,2178.443254
59.70054,193,2178.581137
96.677795,107,2178.641526
298.53165,272,2178.760337
294.2116,475,2178.768565
310.25366,266,2178.772464
324.83295,295,2178.776641
282.25043,486,2178.80238
355.51382,183,2178.98141
308.06143,253,2178.989103
-13.407486,486,2179.001825
307.2339,153,2179.001851
-64.83316,507,2179.300723
282.27237,334,2179.339927
62.105442,149,2179.425189
310.70374,193,2179.439147
282.6768,208,2179.565272
359.63513,183,2179.586287
56.255463,196,2179.674074
313.02863,152,2179.68602
266.18307,548,2179.746501
296.699,241,2179.829157
258.4248,280,2180.025795
282.40588,256,2180.143984
312.51825,187,2180.438024
312.3332,444,2180.451279
275.54227,225,2180.460959
324.81995,172,2180.615917
316.37485,272,2180.92775
323.5736,265,2180.959749
256.75937,305,2180.959789
279.58673,437,2180.964916
279.7735,206,2180.969606
318.81848,289,2181.000612
282.1147,399,2181.248299
296.99146,245,2181.267378
291.45245,421,2181.267417
-1.2161484,179,2181.277417
331.38986,178,2181.282055
308.29938,508,2181.31958
288.90137,526,2181.712472
324.9156,166,2181.734412
361.16888,241,2181.734465
339.55588,221,2181.992656
293.15112,229,2182.02769
278.09186,228,2182.059442
344.13544,243,2182.059482
326.5101,173,2182.081029
311.85828,247,2182.121988
308.87006,244,2182.391715
310.21564,247,2182.464551
313.15228,277,2182.566456
325.22632,182,2182.574931
309.05963,286,2182.601896
313.41553,169,2182.829586
308.5884,367,2182.970672
340.61066,242,2183.101254
328.7989,251,2183.225927
334.70798,191,2183.257952
256.5199,202,2183.487818
264.05066,360,2183.697809
294.61148,429,2183.697859
300.0402,424,2183.963991
328.7052,309,2183.990443
319.67902,288,2184.148796
335.37146,161,2184.226079
307.0465,389,2184.240947
308.25208,229,2184.269995
316.45663,372,2184.301098
281.92804,493,2184.37051
292.15054,337,2184.630111
303.48535,304,2184.639831
247.03638,947,2184.781704
339.86694,241,2184.794175
331.58624,181,2184.802853
347.6739,261,2185.138038
312.6914,215,2185.27065
311.20984,262,2185.333883
321.46667,193,2185.683785
331.45303,231,2185.690077
325.037,341,2185.919234
315.65002,284,2185.924271
351.44748,252,2185.933787
73.68679,172,2185.933827
332.99847,269,2186.027284
274.94562,399,2186.053627
94.61235,1000,2186.275119
291.52863,215,2186.305003
248.76746,456,2186.333056
-139.44235,612,2186.474214
328.22418,189,2186.53634
300.78607,194,2186.557379
293.71268,284,2186.557412
302.56784,183,2186.727846
311.93732,237,2186.975578
86.83009,106,2186.997416
274.46402,251,2187.120129
317.61597,161,2187.170775
350.73782,286,2187.18354
128.60353,1000,2187.465193
310.00708,269,2187.488492
325.93634,328,2187.494074
304.17636,283,2187.520423
256.2847,741,2187.541395
318.232,199,2187.604764
272.58063,190,2187.840099
287.88422,360,2187.918812
260.75372,458,2187.943978
319.4925,236,2188.021672
31.328026,193,2188.035156
308.2823,339,2188.048303
314.8829,228,2188.200946
323.5308,190,2188.32612
273.20667,433,2188.458534
266.53143,273,2188.723401
311.1831,205,2188.846143
317.1018,205,2188.961422
301.70572,327,2189.008392
304.7583,314,2189.013718
323.38184,351,2189.046294
307.04114,225,2189.060523
277.7439,229,2189.065622
347.31696,165,2189.097506
275.8474,260,2189.108338
318.84454,187,2189.385312
224.11185,489,2189.385363
298.43008,432,2189.503692
329.27814,179,2189.754247
357.7334,184,2189.926084
311.12698,187,2189.934476
326.46814,244,2190.151602
330.05182,233,2190.216606
273.3626,431,2190.226383
324.5845,192,2190.257192
290.5099,167,2190.262662
330.07275,356,2190.423889
286.00348,297,2190.45294
268.5863,299,2190.475523
312.13474,301,2190.480954
295.70422,209,2190.853981
287.08493,663,2190.8978
273.2456,245,2191.020402
303.9063,178,2191.04936
270.40326,223,2191.141447
343.9621,207,2191.146165
281.80316,209,2191.146197
296.3131,187,2191.287391
321.52112,215,2191.435761
326.2098,260,2191.635954
266.0198,322,2191.693138
320.0573,224,2192.064346
297.02405,280,2192.114012
305.82928,218,2192.127483
283.04324,219,2192.136487
320.2588,285,2192.310676
319.73248,283,2192.566046
315.59177,192,2192.566096
327.2932,250,2192.571117
222.01807,315,2192.571143
284.19247,273,2192.87464
106.59365,125,2193.131063
321.0381,204,2193.2345
336.2973,166,2193.327676
284.10864,288,2193.455374
352.20517,197,2193.473652
325.70935,342,2193.683496
156.19366,1000,2193.683547
328.71716,247,2193.713306
291.13806,383,2193.881027
142.26122,1000,2193.917534
76.79474,168,2194.103915
60.305885,198,2194.147546
46.909237,125,2194.25217
57.632156,86,2194.275738
159.55502,1000,2194.284491
295.8697,210,2194.416118
305.82397,221,2194.483844
339.92014,185,2194.524008
161.69894,1000,2194.967033
303.06726,164,2195.025757
319.28247,219,2195.103971
268.2948,262,2195.112396
280.67957,458,2195.232048
315.8921,255,2195.307429
330.46735,197,2195.380222
342.4652,243,2195.38979
128.61076,1000,2195.43946
-145.70468,564,2195.452854
307.20068,258,2195.599251
322.67145,192,2195.988405
339.1032,211,2195.995821
295.46194,325,2196.023511
280.02963,162,2196.067094
238.1218,889,2196.137173
227.63235,539,2196.179901
320.97156,200,2196.305444
308.4048,488,2196.495051
27.85999,96,2196.506827
267.1444,229,2196.520995
280.88348,190,2196.896365
329.95697,313,2196.89642
340.09845,199,2196.915785
325.83612,170,2196.925213
303.60202,203,2196.929363
296.8727,401,2197.079745
96.68779,89,2197.317678
340.75598,209,2197.462557
352.8177,215,2197.462609
311.53778,541,2197.578725
354.50693,282,2197.578775
297.2965,250,2197.634906
325.12457,205,2197.825004
294.37494,363,2197.843372
323.23196,206,2197.853247
309.29388,493,2197.864333
267.2868,537,2197.864377
326.44437,218,2197.892554
275.53076,218,2197.92026
-8.385723,103,2197.950869
366.41992,153,2198.031975
261.47778,669,2198.036793
331.73575,209,2198.040929
69.68581,151,2198.158896
332.2565,181,2198.652743
340.44952,243,2198.957536
325.93567,231,2198.997258
302.28918,212,2198.997305
322.0384,254,2198.997316
339.3368,307,2198.997324
314.03046,244,2198.997331
308.757,211,2198.997338
337.35498,308,2199.002362
329.85193,215,2199.007076
307.00336,300,2199.2732
348.69135,229,2199.68504
338.65286,166,2199.749039
302.029,172,2199.78677
306.42944,424,2199.793491
266.97845,471,2200.01216
298.5872,303,2200.387498
296.71948,304,2200.394008
344.00055,304,2200.394032
332.82886,167,2200.525285
332.10107,516,2200.525333
317.16327,336,2200.5394
344.1272,169,2200.567962
284.81763,383,2200.707952
286.32468,376,2200.717759
-12.010483,322,2200.757079
327.9522,185,2200.860482
350.19177,154,2201.105961
300.71997,465,2201.150914
281.16962,298,2201.172882
123.05228,163,2201.279698
339.62582,208,2201.356912
349.51862,189,2201.443175
279.6217,214,2201.521503
310.6842,198,2201.633866
305.80035,243,2201.665731
57.94246,117,2201.688935
57.25153,130,2201.703655
23.025112,118,2201.716739
71.29059,112,2201.795298
321.75336,302,2202.138718
57.635944,113,2202.211626
155.73114,1000,2202.216341
352.64798,176,2202.229188
270.38116,560,2202.255845
328.6026,307,2202.255876
304.43597,285,2202.621626
45.52992,117,2202.648284
328.77487,201,2202.675518
321.1056,232,2202.684455
340.7433,239,2202.684499
324.01187,225,2202.688768
313.5705,436,2202.688793
327.86707,276,2202.905952
257.60925,598,2203.10138
365.6656,209,2203.165344
336.35535,371,2203.174477
300.5185,207,2203.183071
79.07602,117,2203.224302
39.910145,119,2203.22887
290.18942,255,2203.354493
320.51324,248,2203.370239
55.948925,96,2203.534786
27.341946,99,2203.795772
-37.06444,135,2203.827423
16.254639,114,2203.879155
350.56357,265,2203.888296
75.68091,82,2203.90372
320.57123,297,2203.964328
305.98642,283,2203.964369
17.862846,180,2203.972942
285.3476,332,2204.172062
336.59088,281,2204.172112
89.07608,93,2204.239072
66.86571,81,2204.319518
107.59609,99,2204.336017
81.60505,104,2204.434898
326.82593,455,2204.704924
315.336,343,2204.730325
333.0031,195,2204.768571
298.93008,227,2204.827533
274.86194,248,2205.001797
354.65057,177,2205.151357
303.52042,427,2205.174407
70.63806,122,2205.303561
343.72253,212,2205.432188
270.15805,297,2205.550041
294.29706,207,2205.790766
352.6289,240,2205.823845
321.23505,352,2205.875708
311.7544,157,2205.875755
92.380936,101,2205.895081
328.6098,373,2205.900416
310.50476,191,2206.047041
298.4801,281,2206.069291
291.84094,199,2206.205238
33.44338,89,2206.268334
119.078156,90,2206.275607
335.6153,276,2206.275631
56.848515,119,2206.324764
73.05875,119,2206.354542
84.18522,116,2206.413701
94.08087,94,2206.49644
79.2436,107,2206.532426
295.96796,231,2206.592015
357.6708,159,2206.609763
282.64267,496,2206.622142
79.86757,77,2206.622183
173.70863,1000,2206.753414
145.20157,137,2206.829825
86.49162,105,2206.834671
95.78058,132,2206.874622
49.99308,137,2206.947526
48.89862,113,2207.057398
32.08721,113,2207.143417
41.45307,171,2207.195133
93.688324,131,2207.195181
33.32198,106,2207.316566
334.1866,184,2207.329511
347.22577,185,2207.5982
24.439465,94,2207.621199
67.46617,136,2207.669454
-23.30518,120,2207.689554
340.2984,186,2207.728649
206.07468,1000,2207.734221
96.36351,92,2207.758165
348.3531,279,2207.901214
235.33545,864,2207.919798
289.19525,299,2207.981013
288.73712,378,2208.006446
276.6162,238,2208.043835
44.53444,104,2208.202513
86.02371,121,2208.225576
28.215092,106,2208.244551
43.880592,149,2208.279862
36.82135,154,2208.333941
11.056709,114,2208.418901
114.21625,92,2208.424959
288.87775,304,2208.587257
34.240833,84,2208.609884
22.146042,165,2208.674877
79.71724,108,2208.7006
79.10075,94,2208.838947
302.07962,254,2208.839005
112.85994,130,2208.86874
296.7819,178,2209.036034
318.9264,245,2209.081559
305.12164,234,2209.092911
349.12302,159,2209.287603
323.40192,468,2209.431928
31.543365,158,2209.534922
9.958595,101,2209.730431
338.78232,243,2209.740554
343.05627,254,2209.824203
88.44527,76,2209.884276
325.0778,239,2209.934139
-14.858044,118,2209.967632
303.09677,308,2209.981609
337.64233,242,2210.174812
279.71997,257,2210.196314
335.16235,419,2210.209251
97.46529,125,2210.316538
73.53947,128,2210.320428
269.83057,371,2210.496894
19.317436,134,2210.529889
65.14107,151,2210.555773
304.54468,172,2210.750286
105.24299,97,2210.750337
124.2787,84,2210.87185
347.1173,221,2210.961515
234.27878,416,2210.961565
85.42239,101,2210.991676
86.02777,118,2211.290346
207.10056,995,2211.333578
80.25949,103,2211.432039
307.24158,254,2211.468039
317.4673,333,2211.676136
44.151993,112,2211.791582
69.908005,114,2211.84831
304.11426,190,2211.859446
100.672455,117,2211.966247
279.11804,324,2212.051955
169.0375,1000,2212.267005
307.93063,178,2212.288898
310.2126,459,2212.288929
288.65234,306,2212.288938
307.87463,540,2212.288945
308.40494,290,2212.297996
20.72089,114,2212.334048
-56.812584,486,2212.422063
337.8706,146,2212.517618
-23.67881,121,2212.812319
350.85144,187,2212.825387
55.182365,129,2212.882243
135.81386,1000,2212.954432
307.3714,171,2213.064837
286.2747,270,2213.100889
302.3421,193,2213.166505
310.61572,324,2213.166562
330.12775,251,2213.195811
14.957039,213,2213.256189
300.01093,178,2213.343026
312.59863,264,2213.623802
86.2439,122,2213.72455
305.97598,197,2214.017667
302.55695,262,2214.042658
334.83398,236,2214.046558
311.55542,253,2214.055471
262.52695,202,2214.194032
306.14252,299,2214.194082
332.67108,258,2214.260654
312.78473,238,2214.299394
339.12708,213,2214.333247
300.86792,257,2214.365596
53.584576,78,2214.410162
296.70883,487,2214.537309
18.801758,100,2214.72789
314.19006,185,2214.911845
329.956,215,2215.011652
288.50745,584,2215.024326
341.4759,183,2215.043439
323.52405,305,2215.141129
265.80978,217,2215.193488
304.3667,284,2215.343374
359.2271,221,2215.343435
164.8779,1000,2215.348789
315.5156,217,2215.353238
65.72684,119,2215.550405
327.71765,161,2215.643422
75.62001,112,2216.063494
296.0956,235,2216.111596
334.3088,346,2216.111635
332.77573,396,2216.111645
310.9828,311,2216.141847
305.5587,251,2216.168552
310.45755,194,2216.234714
309.75745,192,2216.234776
310.5718,246,2216.270615
8.8113785,73,2216.579205
78.99997,104,2216.610092
3.553646,105,2216.616676
328.589,494,2216.686922
41.161514,96,2216.691872
30.332817,125,2216.757533
265.21478,362,2216.867365
3.36454,186,2216.934985
8.717945,107,2217.096487
301.779,264,2217.328623
299.7617,266,2217.372012
260.84174,441,2217.372053
287.91016,182,2217.43907
299.609,199,2217.589154
329.0314,305,2217.67183
277.16034,527,2217.76905
40.45602,98,2217.781021
335.174,207,2217.874084
321.42712,221,2217.874154
58.387726,147,2218.056579
358.15143,173,2218.173607
302.86755,173,2218.240571
174.59183,1000,2218.244974
251.89601,330,2218.272756
259.4569,349,2218.285569
312.4882,210,2218.85546
-22.057362,312,2219.03998
308.7516,278,2219.077518
285.12048,281,2219.081621
302.5191,222,2219.086286
274.3205,198,2219.096108
276.8242,311,2219.118093
285.7438,495,2219.373769
263.44415,812,2219.388788
298.00433,360,2219.533764
58.65315,121,2219.590312
24.636597,119,2219.631598
298.79755,331,2219.783508
66.05004,95,2219.812559
268.08936,349,2219.840661
339.03235,218,2219.840691
284.49445,177,2219.873547
292.85425,208,2220.020083
69.91863,117,2220.346428
300.7171,276,2220.364141
321.23193,300,2220.44188
322.62726,187,2220.441944
321.8959,251,2220.517831
297.50937,230,2220.586951
320.98938,210,2220.592043
221.63881,894,2220.688283
320.96478,229,2220.844851
299.403,180,2220.859285
325.7171,247,2220.982944
318.16455,600,2220.996811
326.92694,158,2221.188427
291.90594,197,2221.512039
302.10806,702,2221.520565
310.30273,295,2221.728523
312.78787,206,2221.804378
301.91913,231,2221.937346
281.10583,321,2221.942133
-52.73668,495,2222.177162
314.98706,254,2222.368984
289.79767,368,2222.410057
328.19656,305,2222.415233
325.24765,406,2222.420573
304.87677,399,2222.460405
-7.27985,178,2222.568757
314.01712,265,2222.766224
269.81302,540,2222.894847
329.37436,179,2223.19833
308.0446,315,2223.41455
274.64685,210,2223.435346
-71.03656,145,2223.566014
327.47772,247,2223.566059
330.79913,307,2223.61239
279.94415,258,2223.612445
321.395,400,2223.678197
301.45288,574,2223.685361
319.30383,276,2223.702652
277.05,384,2223.737209
292.73752,181,2224.039709
162.85822,1000,2224.486999
311.67377,193,2224.495984
335.67926,182,2224.513052
325.38153,187,2224.546076
264.39746,269,2224.685905
315.8371,241,2224.690515
315.8441,214,2224.695244
301.2091,254,2224.914394
237.80255,507,2225.113687
309.3598,185,2225.351599
235.5853,387,2225.351652
337.10324,187,2225.351662
289.01862,378,2225.35167
295.84357,427,2225.378298
319.66425,167,2225.452144
228.28545,656,2225.601678
85.63724,111,2225.626989
301.04456,177,2225.728334
348.677,272,2225.799695
327.72125,284,2225.981528
360.59302,154,2226.056696
281.53,336,2226.056758
285.73676,440,2226.072278
140.36159,1000,2226.147177
308.21252,202,2226.27841
346.4521,181,2226.283367
9.907509,201,2226.301351
305.72913,249,2226.49033
289.8857,188,2226.649651
294.24374,290,2226.676128
324.67987,192,2226.942586
353.57794,196,2226.951355
302.58063,250,2227.126028
269.24692,341,2227.180831
302.86655,348,2227.189908
322.93884,224,2227.309891
280.50955,591,2227.396311
306.85754,272,2227.39636
284.6715,368,2227.410021
299.07764,242,2227.41534
88.640015,88,2227.600242
298.9154,229,2227.744235
302.26678,236,2227.749628
315.03058,386,2227.846307
278.1306,198,2227.874309
66.26788,126,2227.98497
358.2343,160,2228.137703
98.41675,99,2228.196773
307.85443,383,2228.257156
54.89508,98,2228.567448
335.13068,260,2228.592787
313.01627,359,2228.592824
322.09473,227,2228.625471
248.4925,334,2228.704644
293.41873,192,2229.116432
302.0287,408,2229.167446
305.07877,269,2229.191723
276.99622,453,2229.19177
335.72775,297,2229.204466
290.64508,230,2229.231682
294.6191,344,2229.398475
321.58908,233,2229.636791
259.84357,421,2229.654096
285.70807,236,2229.778818
257.25342,282,2229.917552
292.35974,177,2230.058435
270.31354,189,2230.087667
261.1156,332,2230.132375
295.32104,338,2230.160862
332.2777,213,2230.165495
87.50108,108,2230.165519
66.71259,86,2230.335054
262.6463,268,2230.448144
318.32172,182,2230.490411
286.9536,332,2230.734908
152.04488,1000,2230.877236
14.874466,157,2230.890887
286.37634,324,2230.904678
351.85992,171,2230.953128
268.7256,179,2230.992221
-31.12542,481,2231.336886
305.74353,340,2231.354945
309.28534,211,2231.410008
292.14838,278,2231.410083
247.11847,287,2231.410094
326.0829,203,2231.421313
334.062,179,2231.755864
286.61975,199,2231.823373
302.30658,230,2231.830411
337.346,319,2231.835967
85.04372,98,2231.907929
87.09887,1000,2232.059299
301.652,276,2232.306742
308.4954,177,2232.329796
323.7375,275,2232.351465
284.84717,219,2232.531849
318.08905,242,2232.572831
25.550545,179,2232.727335
54.04328,190,2232.778625
285.8797,251,2233.125894
318.31735,170,2233.125951
55.256638,102,2233.194328
284.4364,239,2233.212054
274.39697,286,2233.212093
327.5284,393,2233.285696
339.28748,176,2233.5973
329.32538,295,2233.69524
78.03891,102,2233.695289
314.33734,176,2234.023068
345.43713,229,2234.290736
340.5111,265,2234.372147
276.9332,787,2234.658502
321.1448,446,2234.663611
295.2328,224,2234.663637
281.1099,333,2234.698718
261.32104,215,2234.712246
267.00354,467,2234.719602
258.44516,505,2234.729668
65.62349,1000,2234.811891
328.2055,293,2235.065887
81.78354,94,2235.086478
299.37982,174,2235.104956
312.92352,415,2235.226171
41.046,94,2235.238629
54.300625,88,2235.483286
60.545654,122,2235.629408
295.50073,211,2235.684626
249.7612,231,2235.759469
292.73975,292,2236.002785
285.1908,292,2236.002836
329.18463,170,2236.011841
163.0494,1000,2236.154993
121.58698,119,2236.226938
276.2107,261,2236.301315
336.06982,353,2236.328568
165.32555,1000,2236.464762
345.1184,185,2236.473777
314.5312,205,2236.693635
317.52246,155,2236.721314
15.660694,105,2236.785577
265.52112,316,2236.949769
303.57172,205,2236.949814
68.1714,200,2237.092046
288.49817,565,2237.338218
339.9303,192,2237.382313
279.2787,247,2237.491969
342.38687,135,2237.586135
352.9535,327,2237.747909
254.70229,748,2237.841228
269.73105,301,2237.875489
258.3259,570,2237.884793
289.37842,250,2237.896499
283.48138,291,2238.059895
275.69794,262,2238.169604
282.849,469,2238.179582
54.71697,133,2238.493562
42.886765,137,2238.493624
-11.439018,969,2238.506017
312.32837,392,2238.597097
55.08928,165,2238.629796
319.2191,288,2238.654917
323.07306,285,2238.680984
293.4909,205,2238.685922
67.25494,112,2238.995758
330.50824,227,2239.215026
356.61273,231,2239.227017
287.43835,359,2239.232022
294.68103,171,2239.299902
336.9323,319,2239.306488
-23.252464,481,2239.306534
285.3108,206,2239.44641
331.27036,179,2239.459772
293.17456,195,2239.583003
315.88977,216,2239.597162
-4.249874,91,2239.721176
36.20269,136,2239.855217
123.45287,103,2239.921241
288.0301,427,2240.02182
266.7583,218,2240.021895
24.64021,112,2240.119893
314.78815,335,2240.234683
-33.022774,81,2240.405801
322.11487,247,2240.456419
334.22043,335,2240.806902
259.72888,341,2240.8522
339.23718,217,2240.907156
304.02954,351,2240.983443
305.47836,326,2241.026717
300.82922,185,2241.030789
291.40985,212,2241.059217
305.25076,332,2241.321236
275.70618,363,2241.325263
299.01685,216,2241.449995
275.9018,255,2241.473171
279.60303,220,2241.514651
347.07733,345,2241.569953
338.46082,153,2241.619488
306.70114,217,2241.980195
132.8773,1000,2242.145506
-48.956837,757,2242.203636
326.9433,294,2242.212225
294.52783,167,2242.235656
322.19586,310,2242.245668
340.18945,203,2242.250663
282.80188,283,2242.321151
292.10443,222,2242.581477
297.54364,342,2242.589934
61.599113,113,2242.71178
305.78516,375,2242.766732
321.94852,176,2243.008337
244.08046,306,2243.008384
333.5327,169,2243.008393
298.68164,373,2243.012451
325.3625,198,2243.038579
321.6721,367,2243.114973
308.31564,204,2243.157498
266.77008,229,2243.284277
309.94638,210,2243.55273
8.258713,128,2243.59828
346.16034,186,2243.620888
260.70898,368,2243.666471
309.22327,165,2243.779718
335.65002,207,2244.114658
315.0152,208,2244.243713
327.60983,372,2244.287059
272.13263,365,2244.39134
296.1284,278,2244.405037
308.80585,171,2244.417334
-29.03115,480,2244.528288
259.6546,383,2244.781555
286.53644,244,2244.78701
279.4974,378,2244.787055
307.94922,386,2244.791703
290.7027,293,2245.117572
318.83124,241,2245.223422
341.44745,195,2245.288925
337.27905,226,2245.288969
308.4785,379,2245.297124
283.67786,848,2245.400154
350.9199,173,2245.577376
316.2585,172,2245.577427
294.95386,256,2245.577437
300.4206,281,2245.582342
331.7619,209,2245.752625
255.17505,303,2246.186386
294.73105,252,2246.287733
294.1078,238,2246.498309
297.89032,262,2246.507305
252.45596,204,2246.522947
336.07028,226,2246.624967
293.26242,226,2246.62939
300.81668,229,2246.63855
-66.15886,566,2247.11782
311.84033,230,2247.224727
312.85248,327,2247.234313
330.27417,206,2247.566659
273.84222,285,2247.57601
310.43042,216,2247.602773
282.87057,703,2247.630284
274.92242,308,2247.896889
357.90015,170,2248.022324
-158.37694,602,2248.058141
-96.017334,995,2248.184556
320.07,230,2248.189678
310.21674,147,2248.328271
-49.947514,745,2248.712129
-130.85672,508,2248.830548
-129.45029,521,2248.905061
354.5656,196,2248.919124
292.19193,320,2249.045408
301.2481,193,2249.050017
305.46915,348,2249.196261
312.89594,226,2249.201264
330.292,286,2249.206356
254.48871,235,2249.378864
-113.24279,608,2249.393792
330.9671,181,2249.525085
103.33737,121,2249.74402
165.86313,1000,2249.794637
308.9403,221,2249.82555
323.1466,179,2249.85647
296.97125,270,2250.142397
-154.48906,484,2250.274511
337.25793,298,2250.586267
321.70575,268,2250.641031
293.26666,271,2250.641073
307.62762,239,2250.641083
287.4928,181,2250.713964
317.4333,208,2250.807979
338.0026,153,2250.866447
254.85916,288,2251.086661
270.85577,278,2251.091037
332.50528,192,2251.1566
-97.36642,857,2251.166246
-58.564323,461,2251.177064
268.72455,497,2251.190061
-10.842133,91,2251.503595
352.81375,219,2251.631595
306.7826,215,2251.779485
199.47226,1000,2252.152881
328.3363,245,2252.200156
292.11557,230,2252.200203
313.41556,243,2252.275635
264.35437,373,2252.28601
321.08478,248,2252.291192
328.27734,314,2252.291238
261.91455,201,2252.42353
61.582687,150,2252.469583
22.820606,109,2252.65799
56.88321,87,2252.689063
-83.62921,499,2252.921034
228.52744,330,2253.150552
337.0508,550,2253.155128
320.92352,154,2253.179979
332.82745,194,2253.189802
325.3355,195,2253.193923
319.63943,289,2253.762405
169.28082,1000,2253.812448
328.30444,246,2253.834567
277.93726,172,2253.949325
315.854,180,2254.022972
303.58777,436,2254.216363
303.68958,241,2254.308496
79.39811,130,2254.43796
302.9873,292,2254.520287
285.59848,313,2254.642919
283.8969,188,2254.642976
-234.35098,541,2254.720105
11.26133,766,2254.730395
31.90797,117,2254.874392
102.70906,95,2254.892035
357.64752,223,2255.005716
324.78516,169,2255.022664
-106.21802,507,2255.027231
329.49634,268,2255.065506
93.987114,90,2255.139158
47.705082,102,2255.200777
63.961124,84,2255.252047
152.074,1000,2255.323987
316.99683,174,2255.449161
324.73938,305,2255.449215
256.28815,736,2255.687723
63.0636,127,2255.771745
317.3344,274,2255.776354
353.37775,226,2256.03428
319.37885,232,2256.038684
326.55145,231,2256.053843
331.40192,189,2256.285815
339.57654,216,2256.285864
-112.31021,736,2256.303261
295.96936,264,2256.437038
294.25146,348,2256.454469
316.4998,327,2256.615161
43.415447,134,2256.940385
82.12961,104,2256.954538
295.02557,196,2256.97247
270.88043,245,2257.178809
289.31616,228,2257.362551
303.91736,298,2257.443867
315.5875,251,2257.480028
303.38376,254,2257.806475
302.3579,292,2257.811693
-220.7302,543,2257.947795
294.61432,251,2258.124368
-266.2832,765,2258.168722
310.14386,266,2258.177852
277.9827,222,2258.211936
279.59253,698,2258.27466
-283.2586,543,2258.287198
247.07834,250,2258.527204
278.46924,239,2258.577942
269.33966,342,2259.00762
352.99582,270,2259.045909
309.66992,183,2259.045958
83.891785,87,2259.517533
313.10876,321,2259.728441
318.03308,332,2259.733603
293.84045,186,2259.954357
319.75714,296,2259.966026
-192.30612,659,2260.092237
25.644154,122,2260.092284
-159.40784,927,2260.127326
292.3838,238,2260.221661
-101.801605,523,2260.29486
-97.12854,497,2260.309024
175.18472,1000,2260.37224
5.424904,164,2260.472526
305.89017,171,2260.512158
-143.16812,483,2260.570109
-206.92474,440,2260.666447
-146.44571,513,2260.712817
-212.67903,539,2260.72165
326.14746,181,2260.763261
315.78625,231,2261.001665
327.23706,265,2261.337557
275.15607,279,2261.362831
282.16888,243,2261.401754
329.622,221,2261.48688
285.90698,290,2261.555181
317.31653,220,2261.790408
315.29715,231,2261.790465
322.9993,242,2261.790478
329.56146,189,2261.898243
323.85913,269,2261.98172
313.38812,176,2262.194021
318.8855,457,2262.202509
280.29156,180,2262.254113
330.88715,203,2262.439222
-137.19922,503,2262.629486
-169.72421,509,2262.718836
-241.67694,471,2262.741055
304.00604,214,2262.772416
-146.41534,491,2262.772464
292.83582,176,2262.783219
63.293873,132,2263.374448
290.58694,308,2263.592934
307.60535,197,2263.6413
338.28693,356,2263.893028
337.2223,456,2263.898059
-184.25229,613,2264.175004
-148.6026,509,2264.236791
313.46204,404,2264.295036
76.82956,140,2264.300269
288.71405,201,2264.314812
330.24225,365,2264.314839
322.04156,356,2264.362366
295.95294,173,2264.40464
282.13263,528,2264.622441
-17.568314,94,2264.720946
117.0545,108,2264.85303
74.78047,146,2264.899955
-90.64343,731,2264.920616
-119.415245,511,2265.120995
315.89386,283,2265.190429
-137.24226,524,2265.194453
-90.613495,795,2265.443969
71.039276,154,2265.600313
61.37075,117,2265.649623
32.31689,103,2265.654985
307.53992,314,2265.727379
327.76755,221,2265.727433
333.39987,177,2265.727442
295.73862,242,2265.727449
315.22168,330,2265.811832
309.46545,212,2265.816952
264.0073,332,2265.821615
286.26166,355,2266.017963
320.2513,196,2266.078161
318.20648,193,2266.315542
72.40461,120,2266.358736
60.324463,122,2266.378339
257.25427,208,2266.547931
339.776,185,2266.568522
274.7394,189,2266.586931
310.65582,190,2266.591865
293.60052,223,2266.665009
302.8495,222,2266.665053
-77.611046,555,2266.695699
301.06696,618,2266.700294
260.8608,217,2266.70961
17.008842,153,2266.768602
311.71204,221,2266.82109
20.570778,137,2266.934464
311.58716,188,2267.217072
333.94626,214,2267.320316
262.18652,174,2267.331127
338.00113,296,2267.353296
285.70258,175,2267.370454
339.14545,182,2267.488378
331.12683,169,2267.531487
304.48114,209,2267.531525
293.79315,194,2267.578827
329.21686,210,2267.616828
307.03012,230,2267.744729
320.0821,262,2267.754116
311.8673,223,2267.830527
93.39954,169,2267.990308
-6.1452446,157,2268.042985
354.84753,159,2268.091272
310.30737,307,2268.096793
97.513275,129,2268.327097
112.1084,131,2268.419771
31.96154,152,2268.438616
306.25378,230,2268.58495
339.10468,214,2268.594526
327.88782,365,2268.599836
50.60814,155,2268.812777
-123.68939,92,2268.848596
49.926357,138,2268.96625
335.8352,205,2269.034855
276.34805,367,2269.164693
300.52737,367,2269.214018
307.45123,311,2269.413817
314.02,200,2269.500432
270.8781,482,2269.52746
-56.58836,479,2269.543974
97.90921,164,2269.565587
86.52384,80,2269.578569
-8.032921,165,2269.606936
302.66833,241,2269.693153
116.90903,85,2269.881512
359.36084,187,2269.889351
291.13196,407,2269.908399
286.38892,211,2269.927984
-89.9548,527,2269.980163
-10.612709,112,2270.082156
34.61245,151,2270.207545
361.12653,231,2270.464836
-160.61343,494,2270.707292
323.29974,252,2270.715914
-32.65298,131,2270.819421
330.42572,222,2270.90914
330.11523,203,2270.918158
310.67596,224,2270.939359
339.83643,220,2270.939398
292.2276,390,2270.951578
291.24866,275,2270.956302
286.02463,577,2271.230994
65.30745,106,2271.409878
289.6858,291,2271.409935
321.21774,212,2271.433983
308.6604,344,2271.456181
4.7458954,146,2271.470837
62.456226,91,2271.632946
57.966976,78,2271.756028
25.583813,76,2271.789164
280.8274,245,2271.803119
339.25885,243,2271.803146
313.6741,205,2271.825902
-101.21072,505,2271.830638
301.22513,208,2271.88043
350.57117,220,2271.884893
295.62103,505,2271.888941
63.881054,124,2272.023303
338.86584,197,2272.293223
68.39341,148,2272.422463
334.67203,318,2273.070354
278.13806,475,2273.070403
289.57147,283,2273.083838
339.6289,273,2273.117493
301.16357,276,2273.134707
270.22217,358,2273.420002
31.127869,95,2273.49717
-56.00032,479,2273.592597
311.42664,378,2273.600888
311.9392,391,2273.600914
332.15594,264,2273.61947
44.999966,123,2273.679107
265.50577,322,2273.754802
317.86987,185,2273.906792
322.782,190,2273.940158
263.94867,671,2273.965975
55.35009,106,2274.059233
-204.77338,506,2274.103897
-188.53976,550,2274.252721
-113.15528,504,2274.278856
331.38855,261,2274.290456
331.23026,228,2274.614716
297.4075,164,2274.632899
291.21222,208,2274.671806
1.782238,131,2274.692333
248.64478,278,2274.84526
26.533524,135,2274.875139
88.50709,132,2274.903074
304.2559,203,2274.985562
317.6129,329,2275.160588
318.04486,266,2275.172729
245.47592,388,2275.177403
287.6805,195,2275.185545
71.5148,112,2275.425029
301.21146,327,2275.429081
124.92447,123,2275.450537
-7.4682655,107,2275.47935
111.36545,94,2275.61234
323.38104,180,2275.677006
316.03687,233,2275.709727
291.34875,241,2275.726493
239.7447,239,2275.775906
39.417316,123,2275.97282
69.24779,87,2276.154671
39.18596,160,2276.158734
328.7134,190,2276.269371
340.5053,245,2276.269421
91.0948,89,2276.361858
-27.793198,620,2276.407539
260.5315,302,2276.510588
303.578,205,2276.51519
309.73163,195,2276.587654
71.88995,111,2276.653805
115.12921,116,2276.785334
304.2527,263,2276.870551
-95.23179,494,2276.920179
73.962204,134,2277.100727
353.6411,162,2277.124386
288.2759,176,2277.143315
287.17773,210,2277.202623
256.97687,293,2277.457946
350.07318,181,2277.458006
283.6167,404,2277.470895
343.1739,187,2277.711002
308.18842,269,2277.792363
308.2171,194,2277.792413
327.9154,290,2277.815408
312.11426,536,2277.872971
295.66602,192,2277.992558
153.8845,1000,2277.992616
334.80402,193,2278.015619
302.27313,275,2278.020184
317.0962,191,2278.067791
310.98938,146,2278.133999
275.09808,272,2278.342722
70.83278,117,2278.412558
355.6116,166,2278.477519
84.8366,116,2278.561378
319.8892,262,2278.664342
342.75824,192,2278.677943
75.31784,132,2278.748704
323.38513,195,2278.89696
314.0329,243,2278.911793
343.03186,239,2278.916747
322.7135,201,2278.925873
75.99652,113,2278.930539
312.9138,195,2278.974992
90.51573,94,2278.99759
23.973938,147,2279.025701
329.07486,272,2279.265955
291.94238,193,2279.349552
102.98848,100,2279.379699
243.78882,952,2279.488747
105.343285,138,2279.543853
119.4129,140,2279.612308
87.435005,154,2279.617152
8.774162,165,2279.653265
53.01837,142,2279.671665
289.1357,232,2279.731214
358.19022,178,2279.812033
305.01337,264,2279.896446
322.1454,257,2279.939095
42.49794,152,2280.06452
315.7295,195,2280.170212
22.441742,162,2280.291435
296.01257,312,2280.353786
-8.558712,123,2280.371674
59.867683,117,2280.422761
348.6808,221,2280.506609
9.427399,131,2280.524474
296.23563,672,2280.541582
294.8823,203,2280.541616
344.43124,218,2280.717165
62.46486,126,2280.735151
283.9464,297,2280.73912
348.6809,257,2280.836164
58.26157,130,2281.005832
304.95154,320,2281.070537
265.6418,315,2281.082742
344.6725,229,2281.094508
94.99028,117,2281.259404
329.25403,206,2281.278277
16.026348,123,2281.290239
311.2492,196,2281.41426
116.139,96,2281.432371
320.13254,224,2281.52088
364.83783,188,2281.67919
32.53228,89,2281.6892
-15.482811,120,2281.801418
296.6333,338,2281.810167
-56.849762,99,2281.888318
317.4535,181,2281.902356
296.1571,203,2281.990709
239.33188,382,2282.108802
110.837494,154,2282.234288
324.0338,243,2282.390384
59.988983,88,2282.503663
56.578156,144,2282.549863
271.82794,471,2282.645318
99.917656,100,2282.692726
304.2154,319,2282.877232
260.80328,215,2282.886019
249.23242,263,2282.891351
316.7641,235,2282.891382
335.98114,269,2283.041326
300.37384,427,2283.041371
53.531563,133,2283.161867
-15.949898,110,2283.374447
17.564888,85,2283.420368
289.3058,315,2283.424659
3.1427689,122,2283.442594
271.1925,605,2283.46464
303.6261,184,2283.474319
250.63918,281,2283.764098
285.76416,198,2283.768976
317.6885,156,2283.842334
337.27155,198,2283.922548
15.963509,125,2283.932124
-116.26766,111,2283.971733
114.38788,91,2284.1687
-247.05368,334,2284.182824
17.502872,97,2284.201475
302.01328,334,2284.377768
-85.704315,463,2284.469154
280.38617,250,2284.53629
300.94522,258,2284.597413
293.76968,282,2284.689272
221.53714,661,2284.689328
311.4997,186,2284.689343
315.3106,189,2284.785753
96.5412,139,2284.807924
32.13084,91,2284.888788
-13.931114,157,2284.917355
72.44867,119,2284.926573
311.06363,239,2285.033969
193.50377,1000,2285.045717
63.44497,100,2285.121648
307.19028,251,2285.304006
329.28897,313,2285.313736
350.37558,206,2285.498731
317.84357,191,2285.523438
264.88275,175,2285.680495
287.58142,203,2285.694101
296.79297,241,2285.851878
289.1027,172,2285.894217
149.23189,87,2285.921167
345.6182,275,2286.157114
-26.61718,114,2286.225987
364.81238,270,2286.255665
52.414436,111,2286.368185
274.5196,421,2286.434132
283.24017,256,2286.483329
286.8953,316,2286.488325
260.37735,355,2286.493516
269.0372,290,2286.832616
325.42755,213,2286.875132
69.95796,102,2286.943406
302.4234,229,2286.968406
279.21277,781,2286.972696
297.43393,371,2287.003498
267.09772,291,2287.017364
14.969635,156,2287.171683
286.97754,274,2287.372586
297.0735,229,2287.372648
276.41132,259,2287.372662
334.25775,210,2287.3933
306.61755,608,2287.398158
301.23663,222,2287.407809
348.16205,141,2287.603314
78.32295,108,2287.835661
266.21844,209,2287.90546
314.4138,231,2287.93202
331.903,171,2288.112344
-32.73593,432,2288.145351
316.0546,214,2288.302986
47.539833,63,2288.43587
331.25885,338,2288.440923
319.21732,195,2288.463973
218.6681,394,2288.590604
308.16403,280,2288.633124
74.6015,127,2288.689293
234.24973,347,2288.694083
329.1908,403,2288.741759
316.1285,194,2288.780702
71.16003,86,2288.82786
16.931038,126,2288.8808
-248.78273,370,2289.046258
32.95386,103,2289.159966
87.96649,116,2289.2628
235.49696,559,2289.29991
343.28876,195,2289.344314
22.477516,146,2289.348861
316.49933,202,2289.353638
-18.339535,151,2289.464661
275.98276,348,2289.509193
336.6661,156,2289.587277
36.73533,129,2289.627102
304.4923,249,2289.726135
327.7412,248,2289.756776
28.122375,127,2289.925335
88.64523,139,2289.979546
317.87613,282,2290.102104
272.1162,611,2290.142322
322.05154,166,2290.21259
308.64893,203,2290.271625
297.1823,224,2290.276522
330.96747,292,2290.477528
57.272335,121,2290.634243
77.49048,99,2290.64817
291.2495,240,2290.660753
65.038574,117,2290.660807
311.58398,260,2290.670602
275.24295,340,2290.837669
309.86115,240,2290.837718
256.39267,666,2290.842606
16.536308,155,2290.980733
59.86086,74,2291.003935
347.87463,255,2291.086321
51.65354,89,2291.086366
15.044022,100,2291.303928
-25.505424,143,2291.330289
55.894196,111,2291.36183
337.95978,253,2291.440604
77.03258,82,2291.462984
-38.361115,152,2291.683692
238.27737,474,2291.79655
343.4541,224,2291.881645
246.25351,262,2291.895702
319.52167,192,2291.89573
144.6826,147,2292.008043
299.1997,366,2292.173983
66.692215,84,2292.283508
278.33716,186,2292.30488
58.232582,102,2292.359688
-21.18784,107,2292.401518
-7.3222694,94,2292.46895
353.80524,239,2292.487867
-8.092018,104,2292.777227
317.29712,212,2292.790375
252.57149,367,2292.794875
275.10052,609,2292.794909
248.04233,323,2292.812043
39.024605,146,2292.85983
8.437206,106,2292.893824
12.471973,101,2292.947625
221.25172,735,2293.114198
42.07569,108,2293.358885
26.846382,138,2293.431576
294.39938,268,2293.548127
19.221779,200,2293.712306
17.018902,86,2293.74733
26.649067,74,2293.766048
227.60422,240,2293.897363
242.93967,244,2293.902529
273.89407,315,2293.915226
320.2119,229,2293.946747
335.05502,252,2293.97358
67.37187,123,2294.124263
272.12506,232,2294.188777
262.56366,272,2294.209908
298.2198,543,2294.216232
23.687763,99,2294.221354
325.41766,407,2294.256172
80.564095,87,2294.320703
44.217613,126,2294.373208
60.445705,105,2294.467928
79.95848,81,2294.525253
70.54328,75,2294.560341
19.440514,116,2294.772576
35.219814,113,2294.92161
79.99321,115,2295.103503
119.473526,135,2295.159543
175.03317,1000,2295.320118
307.72275,305,2295.361162
117.88029,128,2295.365554
61.625217,99,2295.552913
72.25609,141,2295.563745
92.67119,88,2295.726289
65.36337,107,2295.861465
-14.750164,69,2296.072687
-3.2068024,112,2296.101777
99.94083,119,2296.141882
148.47427,1000,2296.15893
252.19467,385,2296.269233
275.67224,502,2296.274051
352.06665,239,2296.279202
277.6978,193,2296.279228
63.62538,90,2296.294101
-63.71353,473,2296.44358
240.00726,476,2296.461081
50.681286,97,2296.504401
49.7716,92,2296.508719
70.49389,68,2296.578366
26.654541,101,2296.607862
68.23268,94,2296.694093
30.299938,132,2296.728094
56.784603,120,2296.824134
30.444088,88,2296.851465
-22.643024,74,2296.906895
55.682163,81,2297.059033
-11.799519,83,2297.284682
339.62357,228,2297.294363
224.05869,769,2297.300001
42.629234,125,2297.429532
43.059097,114,2297.583575
271.1608,258,2297.612058
-136.04399,711,2297.616968
112.245804,91,2297.715562
226.556,753,2297.750827
-209.3081,338,2297.812307
71.848236,125,2297.874999
33.465183,140,2297.929346
300.52893,245,2297.947349
312.1465,320,2298.062568
310.61145,344,2298.067514
-334.82886,347,2298.088646
76.85603,122,2298.172009
1.3345146,71,2298.193245
31.671177,103,2298.21357
212.08957,938,2298.318743
52.2365,89,2298.32305
-24.590847,122,2298.357785
326.10852,213,2298.388853
89.0479,90,2298.471667
68.11011,93,2298.488238
258.63852,195,2298.49751
95.44995,93,2298.592661
45.989273,94,2298.619507
42.9422,102,2298.678077
-122.92697,80,2298.752718
87.855606,102,2298.788478
45.18878,166,2298.835523
6.023304,114,2298.83955
92.41018,116,2298.882818
293.8427,295,2298.917547
35.544422,109,2298.953976
36.249226,85,2298.966442
259.8249,254,2299.08076
85.09889,106,2299.084562
64.661316,101,2299.119553
77.35274,89,2299.140663
42.167076,154,2299.176083
62.492203,91,2299.228597
67.06448,83,2299.275984
-20.2663,134,2299.373334
46.43872,85,2299.456638
0.2365303,84,2299.490264
-11.765602,79,2299.490303
35.239895,104,2299.53889
346.98297,165,2299.560762
223.53815,156,2299.565482
-59.33818,77,2299.623914
75.98357,125,2299.745598
89.628105,118,2299.767137
74.83746,100,2299.832047
-200.33536,313,2299.884823
-21.782238,82,2299.915357
43.05158,104,2299.934074
-13.534008,116,2300.096096
2.9804916,84,2300.116604
12.716949,89,2300.158685
67.74194,80,2300.27121
26.521244,89,2300.328425
80.981476,88,2300.482161
264.3776,353,2300.539938
328.8775,387,2300.679656
353.11847,239,2300.695614
266.05344,282,2300.755225
284.82837,268,2300.763937
329.05365,182,2300.973355
19.80083,116,2301.004412
298.0321,219,2301.099544
347.18512,202,2301.185921
294.32443,291,2301.194728
83.46361,1000,2301.235862
343.42145,219,2301.319798
343.33923,138,2301.385335
109.43749,168,2301.456191
337.3863,222,2301.543154
226.62433,387,2301.565666
87.04016,103,2301.652606
43.038868,126,2301.797381
72.45564,108,2301.874497
244.4441,929,2301.888972
33.68853,129,2302.138605
305.43033,261,2302.16459
322.76202,327,2302.170255
313.3695,217,2302.170295
39.239716,157,2302.177718
297.93622,250,2302.244928
-23.590878,101,2302.273054
295.52374,291,2302.342031
324.9157,223,2302.342078
314.1657,346,2302.35105
178.7432,646,2302.425813
316.56757,193,2302.5424
319.90408,226,2302.607197
81.51538,141,2302.900305
66.75981,132,2303.007114
287.36884,250,2303.0197
306.5534,191,2303.02454
318.07397,259,2303.048472
306.5039,162,2303.061951
326.5061,206,2303.067
284.807,198,2303.236579
321.65417,221,2303.236629
327.7125,241,2303.265647
87.78016,99,2303.345512
13.238369,75,2303.385322
93.20036,99,2303.45084
302.8693,304,2303.531154
331.03644,319,2303.597544
20.287712,104,2303.714397
313.68347,261,2303.755396
267.10706,323,2303.768661
1.9313011,98,2303.768687
306.6007,169,2303.805636
333.0115,200,2304.110645
334.06326,247,2304.110699
278.14166,358,2304.12358
43.6467,81,2304.479343
287.1565,265,2304.563957
72.41266,111,2304.632827
311.47116,322,2304.671296
318.48245,218,2304.698403
282.2603,206,2304.703383
284.58063,247,2304.708195
297.3541,211,2304.712601
287.36053,145,2304.778168
317.3731,220,2304.80425
281.63007,252,2304.917095
258.77945,361,2305.069678
16.35028,97,2305.150138
290.39673,484,2305.245301
81.60298,149,2305.383281
360.00494,201,2305.481902
308.34082,212,2305.600114
293.80923,203,2305.626543
339.3334,212,2305.640026
62.43067,88,2305.644767
312.62366,194,2305.663903
333.19855,259,2305.668411
339.82788,175,2305.714175
298.54477,226,2305.826843
314.50983,176,2305.868156
282.99146,255,2305.868215
152.04395,529,2305.917766
27.740444,83,2305.988057
348.117,226,2306.472764
268.43256,248,2306.472811
300.41376,241,2306.701604
305.4448,236,2306.701666
320.59097,249,2306.701678
271.61545,240,2306.701688
289.55377,201,2306.716767
304.49994,194,2306.72663
329.2799,221,2306.850763
336.64557,196,2306.864735
98.01566,98,2306.928964
275.49994,300,2307.000629
62.348793,97,2307.154816
97.496475,83,2307.307594
106.86172,88,2307.396068
23.916428,131,2307.452857
307.59628,175,2307.492741
181.06917,1000,2307.510137
324.9604,190,2307.556851
1.8597946,102,2307.976594
99.936905,154,2307.998586
31.539833,121,2308.003699
133.6663,116,2308.088808
301.3087,356,2308.093614
329.53336,350,2308.283441
292.84683,252,2308.292567
308.41284,353,2308.297318
292.65356,709,2308.332511
-28.7596,105,2308.467788
59.183857,97,2308.52068
309.8739,243,2308.597943
87.063515,112,2308.60349
101.165504,115,2308.835442
270.92065,462,2308.835493
96.42047,116,2308.880393
-33.683514,92,2308.910246
34.456654,103,2309.086618
246.76889,495,2309.113436
44.738045,189,2309.17013
97.14251,139,2309.187
33.83361,144,2309.282215
38.67834,126,2309.416322
301.47797,314,2309.425427
320.85947,312,2309.443764
75.55903,133,2309.448831
343.37247,207,2309.841502
286.51257,913,2309.859578
60.753094,105,2309.932386
348.06818,171,2309.969523
9.019413,127,2310.004529
39.433033,144,2310.08789
309.6361,251,2310.234226
83.74692,101,2310.293263
341.2266,264,2310.37349
308.52502,203,2310.373539
46.57499,125,2310.420572
-6.2165527,102,2310.429726
84.14621,1000,2310.462362
244.00766,334,2310.64606
95.90837,91,2310.718142
62.777317,97,2310.879257
117.1419,101,2310.944685
54.046516,135,2311.018167
289.19534,465,2311.065529
52.07726,104,2311.148827
306.54596,172,2311.197096
309.5696,236,2311.197149
117.22739,86,2311.356189
345.39038,160,2311.47668
-21.12835,704,2311.576053
78.00844,117,2311.734243
204.5427,953,2311.798499
321.16748,231,2311.956399
298.07327,205,2311.96596
-22.472408,135,2311.97037
314.5547,228,2312.188905
-44.441048,110,2312.288065
286.78497,201,2312.467626
-220.82538,489,2312.481265
293.60916,240,2312.550579
314.95816,306,2312.574594
51.192585,89,2312.579695
60.628277,82,2312.65164
311.39758,216,2312.700326
-93.03807,378,2312.778491
243.9715,637,2312.847368
326.54614,203,2312.861781
328.09485,202,2312.867177
278.73416,535,2312.887328
284.33868,219,2312.94393
25.232025,104,2312.953351
-79.35596,53,2313.100673
97.3073,99,2313.297472
279.2251,180,2313.373364
75.08501,116,2313.491068
99.7419,85,2313.501095
90.02713,145,2313.528437
289.93323,950,2313.63943
341.7785,217,2313.648337
348.88754,240,2313.677969
262.3525,268,2313.697659
297.51654,811,2313.721074
330.84058,257,2313.952323
-44.0335,103,2313.964336
90.75543,101,2314.09842
326.24435,312,2314.11937
-14.245014,124,2314.276307
298.01984,163,2314.429195
307.59247,179,2314.443615
294.54047,255,2314.644461
-116.642555,459,2314.663047
267.72943,221,2314.677452
3.1808395,92,2314.694234
74.53005,136,2314.715661
-55.841473,453,2315.00523
-199.94,377,2315.079633
-162.91049,486,2315.093248
267.41016,245,2315.21904
259.5891,317,2315.378882
327.0766,169,2315.423668
-35.24061,98,2315.447251
328.61652,178,2315.482434
336.02277,231,2315.492308
283.3667,190,2315.507441
285.98978,193,2315.569995
21.659534,113,2315.595847
54.24703,147,2315.773585
-150.60106,545,2315.78415
9.78817,121,2315.788916
-294.92078,514,2315.866796
-79.053795,440,2315.966174
277.81985,301,2316.089784
329.68564,171,2316.208044
85.48115,146,2316.25821
53.83279,120,2316.315314
100.29778,137,2316.380385
290.70828,201,2316.47023
97.74678,102,2316.659678
321.78506,205,2316.702634
340.8339,197,2316.742802
313.04712,513,2316.752514
341.1737,306,2316.874027
336.35693,189,2316.934516
81.3781,140,2317.015426
342.0919,184,2317.082494
96.36325,99,2317.105001
70.92031,153,2317.1626
-6.971611,93,2317.168214
288.49072,417,2317.356088
-21.727356,463,2317.524654
76.241264,111,2317.573067
311.25476,198,2317.626473
-70.00253,483,2317.67946
270.38055,183,2317.692924
318.2003,158,2317.718555
-243.85352,535,2317.799564
233.45908,250,2317.827785
306.9115,167,2317.916874
320.2473,244,2318.038634
256.162,198,2318.073563
-145.48294,491,2318.178378
20.618904,124,2318.291682
-40.454315,443,2318.318739
296.7832,218,2318.352022
68.204926,181,2318.405923
316.48462,200,2318.448397
-14.016342,126,2318.63704
301.53516,224,2318.652403
91.05752,93,2318.737002
324.05188,237,2318.776137
331.0586,214,2318.776231
272.74652,214,2318.80375
35.57745,110,2318.851776
327.76578,203,2318.96097
307.5924,233,2318.984289
41.632324,139,2319.085595
-41.238503,89,2319.148677
341.64,168,2319.175346
39.848022,91,2319.221654
30.686611,86,2319.250711
20.416824,110,2319.283934
297.57755,364,2319.345753
197.74847,262,2319.37579
312.20337,245,2319.413579
87.00206,100,2319.422836
90.17163,124,2319.64845
-7.133049,124,2319.73761
-0.3103447,88,2319.767923
-26.355537,145,2319.805595
106.6033,104,2319.815497
80.02282,97,2319.84863
1.0231552,128,2319.861878
343.46667,195,2319.871792
31.625668,105,2319.896832
292.60623,674,2320.167375
-35.38392,91,2320.225291
-54.28887,106,2320.249898
33.744987,108,2320.335856
315.9494,262,2320.410987
306.555,393,2320.431552
-291.76855,387,2320.534373
86.10813,157,2320.576458
332.90277,219,2320.642237
86.87741,110,2320.745661
86.509995,106,2320.891151
-1.7985649,85,2320.92009
311.55902,254,2321.016151
281.38562,270,2321.035553
308.26294,177,2321.035612
26.221386,110,2321.088179
268.25018,305,2321.127933
328.4498,154,2321.132856
289.2693,154,2321.338414
245.44255,632,2321.525172
326.24597,161,2321.740198
327.52686,160,2321.752646
-263.40088,421,2321.801475
8.46608,170,2321.801522
327.71283,157,2321.835357
233.77382,572,2321.840501
296.71893,174,2321.866123
268.02924,221,2321.888207
320.01862,173,2321.902606
-246.31824,407,2322.173093
27.887531,96,2322.225223
-98.0418,457,2322.230908
93.64281,98,2322.235435
59.63111,99,2322.280461
-31.177557,88,2322.280501
298.5171,344,2322.299418
32.699875,111,2322.332607
251.82794,228,2322.556875
102.85901,104,2322.646089
-44.093216,97,2322.672594
91.296394,99,2322.774263
363.46985,260,2322.9191
310.5694,265,2322.927851
312.95407,247,2322.970425
334.91135,154,2322.970453
296.49887,215,2323.238745
320.51822,294,2323.535894
316.85974,223,2323.535946
275.9331,278,2323.535956
319.45593,196,2323.535963
325.0865,203,2323.540779
293.13583,523,2323.673145
31.340271,456,2323.939365
287.41196,273,2323.997528
53.632374,103,2324.006319
303.54852,237,2324.034914
315.5781,250,2324.03931
294.05646,238,2324.039363
103.327866,131,2324.134564
317.3274,216,2324.21682
15.838165,134,2324.290194
296.23566,175,2324.336422
302.37204,337,2324.445372
39.445717,98,2324.44542
102.089874,115,2324.566894
5.5507736,150,2324.63272
318.23865,267,2324.766156
27.944351,122,2324.923925
321.41528,214,2325.143686
287.363,249,2325.203408
-161.92381,110,2325.425228
203.88652,1000,2325.467989
290.53046,429,2325.530882
333.2946,286,2325.554777
310.1644,326,2325.554807
301.31146,333,2325.558734
344.01135,202,2325.58267
346.08142,276,2325.582708
-49.82261,99,2325.872141
287.15405,320,2325.931107
309.7343,197,2326.095878
102.50813,132,2326.145691
318.62863,131,2326.162903
318.0965,182,2326.281806
333.73224,163,2326.281852
103.70375,107,2326.347108
321.286,226,2326.586345
285.2884,322,2326.586406
293.14978,238,2326.591335
130.61797,104,2326.616999
66.89688,149,2326.782155
157.25493,1000,2326.794386
-12.145096,113,2326.80845
-91.32663,505,2326.896577
-111.94612,478,2326.971281
93.08832,134,2326.980841
54.800655,116,2327.165268
36.62017,126,2327.191113
303.37543,274,2327.191163
327.69925,203,2327.227862
341.50314,229,2327.227904
305.87115,371,2327.250746
47.46733,101,2327.278225
110.00355,124,2327.348509
88.00038,143,2327.445601
81.11444,121,2327.518097
289.4094,200,2327.522987
53.599205,141,2327.623885
92.39321,109,2327.734059
-2.394188,139,2327.881465
40.815037,115,2327.901999
28.07151,85,2327.933228
324.16727,166,2327.948146
296.43848,227,2327.96145
331.41028,202,2328.214077
339.74704,225,2328.290865
-0.293602,134,2328.351271
70.241455,193,2328.424917
129.43234,123,2328.455405
338.0971,196,2328.531944
266.6125,240,2328.571276
-31.879517,120,2328.764121
288.06726,188,2328.790352
49.521214,107,2328.845838
351.5558,214,2328.863811
-26.042225,109,2328.937074
30.371807,108,2328.971189
354.17267,224,2329.000632
279.4458,228,2329.006161
183.3233,1000,2329.079201
245.4683,550,2329.166588
49.46196,158,2329.275535
21.755245,88,2329.368761
79.01558,113,2329.387613
8.501583,113,2329.455861
-110.85837,489,2329.455927
77.02233,151,2329.469679
300.83148,523,2329.608613
-12.005901,126,2329.653873
291.0244,252,2329.737345
88.59616,100,2329.822792
90.191925,147,2330.123759
40.864223,111,2330.235875
65.417984,101,2330.283063
337.29333,294,2330.330287
300.5492,202,2330.384447
344.07712,205,2330.384494
339.66046,348,2330.384503
273.25287,248,2330.39912
305.36548,279,2330.429951
-106.871765,525,2330.687874
309.9073,252,2330.74148
98.87931,122,2330.823571
86.8065,102,2330.837255
97.0759,139,2331.008492
324.28247,135,2331.037754
-47.703403,501,2331.136264
202.33893,483,2331.193435
207.22458,393,2331.443341
340.20184,197,2331.664942
-91.35918,504,2331.693012
351.04688,164,2331.781812
323.43024,205,2331.78625
322.81116,342,2331.806705
311.4541,248,2331.982266
305.12598,218,2332.038172
243.49805,299,2332.062095
99.93822,146,2332.419874
-168.96198,511,2332.437235
344.8333,192,2332.537533
292.86023,313,2332.547167
-185.99974,497,2332.577471
307.1915,214,2332.611351
-201.52272,508,2332.687276
-150.10321,521,2332.766584
329.8,209,2332.927792
336.8993,199,2332.942129
-279.33954,121,2333.103016
293.79993,170,2333.379016
309.43082,195,2333.524706
-238.64935,545,2333.699303
-70.69277,494,2333.713202
280.79474,295,2333.820784
-270.78482,492,2334.041622
291.5652,207,2334.075155
278.83176,506,2334.124447
-78.940865,493,2334.334521
51.468334,94,2334.545409
-63.916817,465,2334.566335
329.15833,407,2334.814795
280.5122,249,2334.829463
-83.09744,495,2334.835503
303.56232,252,2334.962013
295.58154,313,2334.962068
305.9464,275,2334.962078
-92.95392,493,2334.967578
322.67035,207,2335.010063
-121.25174,515,2335.137274
-227.33788,506,2335.262879
59.926083,101,2335.303911
308.2525,215,2335.312835
98.707565,80,2335.335295
61.902557,113,2335.340634
99.10646,84,2335.349825
114.29412,104,2335.486787
36.21617,117,2335.497786
97.32882,118,2335.50555
296.67188,216,2335.561216
-93.41164,523,2335.792378
341.68372,238,2335.940736
330.2769,305,2335.958909
79.31291,97,2335.963728
344.9687,187,2336.020873
69.748085,101,2336.043562
30.96474,123,2336.07498
315.57977,194,2336.254156
336.22144,203,2336.300561
-162.05682,508,2336.376522
293.4393,267,2336.505653
269.15506,268,2336.55911
333.3777,239,2336.611233
308.6906,164,2336.69901
340.09198,293,2336.699061
334.90784,172,2336.754035
340.0399,210,2336.763794
296.43298,166,2336.779701
358.19934,173,2336.833337
320.2832,184,2336.91486
273.7658,384,2337.072242
284.2922,244,2337.391581
327.51254,154,2337.432739
303.13144,254,2337.508031
-108.14042,178,2337.564164
298.5266,190,2337.597337
99.0181,81,2337.790583
279.54587,291,2337.800399
82.82823,108,2337.873881
315.74313,306,2337.925296
304.445,276,2337.925352
268.52368,275,2338.1299
-120.12169,486,2338.151132
96.95134,136,2338.534602
-94.58278,535,2338.647578
49.982388,125,2338.713645
295.87036,279,2338.759329
-4.572769,189,2338.767669
339.43542,298,2338.901011
254.03564,290,2338.901059
-120.05417,513,2338.905505
330.2734,231,2338.910524
337.3028,251,2338.918953
-237.72342,539,2339.099018
325.4937,168,2339.279108
-85.313736,522,2339.387113
333.92865,174,2339.408461
307.02963,298,2339.454179
343.38077,214,2339.846493
347.1454,213,2339.846569
302.80426,266,2339.945602
-6.977005,120,2339.996669
-179.13806,526,2340.158772
260.7191,300,2340.260144
234.83308,267,2340.298033
-43.3602,786,2340.346498
329.5901,181,2340.824124
310.6554,447,2340.913457
-96.606316,488,2340.957034
-147.98529,521,2341.056081
319.53558,183,2341.124388
328.60504,258,2341.124437
343.24973,409,2341.124446
321.17517,439,2341.3986
106.461685,114,2341.64269
-94.9116,522,2341.752937
325.27136,191,2341.819271
344.63672,203,2341.828172
283.48648,347,2341.834293
-96.84615,675,2341.942098
327.98627,299,2342.173678
280.8333,244,2342.225656
-143.99167,536,2342.286154
27.728577,133,2342.36689
316.3005,230,2342.46522
262.52722,600,2342.601662
259.537,569,2342.766004
277.60632,216,2342.831038
72.29521,122,2342.87019
-187.51004,628,2343.226693
-115.78002,505,2343.384434
337.39807,258,2343.389907
316.0169,524,2343.544258
300.2298,246,2343.732186
279.41177,278,2343.749026
312.57117,199,2343.792439
247.3959,423,2343.803646
-206.39563,528,2344.094507
10.089642,127,2344.132906
71.714066,89,2344.149626
293.8778,223,2344.253425
85.06741,102,2344.266226
-154.79424,510,2344.307872
-157.57329,536,2344.312923
55.1153,122,2344.346735
333.77475,232,2344.448995
-128.12384,507,2344.60184
-64.10133,500,2344.697774
92.927795,103,2344.752877
72.07848,107,2344.757829
83.361084,104,2344.800823
284.83588,190,2345.027153
-135.9808,490,2345.045042
-171.83997,510,2345.201005
114.60539,86,2345.20508
8.154678,133,2345.223663
292.1672,210,2345.30435
341.36575,273,2345.366211
250.51617,270,2345.411891
99.20169,120,2345.589964
270.85492,257,2345.648874
50.699284,102,2345.818696
-47.40322,128,2345.878861
-83.66389,476,2345.951354
346.73846,275,2346.015132
293.80426,292,2346.034009
110.9379,113,2346.097305
290.45114,220,2346.194398
298.15588,266,2346.226355
309.7663,415,2346.261725
224.34415,335,2346.720568
311.40625,208,2346.77008
-174.01822,479,2346.94946
294.29852,227,2346.991192
257.17,213,2346.99749
262.23743,299,2347.015954
288.02652,409,2347.084316
314.27216,218,2347.097148
288.56256,199,2347.107703
40.456295,99,2347.54452
330.4047,202,2347.63628
314.9936,928,2347.642037
298.2981,313,2347.683215
319.14127,184,2347.906534
319.7182,246,2348.111928
255.59625,301,2348.124421
81.568634,113,2348.147052
296.64258,346,2348.502053
41.52457,120,2348.664076
266.93164,267,2348.849408
263.1477,666,2348.904134
334.6689,430,2348.939628
296.45355,502,2349.27186
248.61232,726,2349.340456
299.50592,365,2349.349662
326.94446,202,2349.440473
-99.58983,541,2349.5627
289.86078,334,2349.66536
334.19086,211,2349.815763
-170.65176,527,2349.944127
56.8128,1000,2349.948809
-130.5143,519,2350.25117
84.14081,83,2350.306637
-117.11944,515,2350.470344
325.03693,257,2350.570933
256.06137,426,2350.57543
280.30994,323,2350.699182
119.9049,1000,2350.737728
311.4668,189,2350.76498
290.07843,264,2350.965802
38.291145,123,2351.014898
-129.34709,534,2351.317793
325.77402,173,2351.340874
342.9599,233,2351.340911
-122.66395,549,2351.356658
330.37177,163,2351.49636
-142.4372,526,2351.671134
92.775696,83,2351.70996
278.00357,262,2351.741914
286.02216,172,2351.741964
-145.16489,513,2351.826424
-53.384388,605,2352.050413
75.77232,91,2352.100833
69.19826,97,2352.208012
-117.82964,506,2352.546839
264.93073,297,2352.687189
306.5562,292,2352.699973
60.35048,211,2352.804894
-183.5795,522,2353.062503
-119.4014,533,2353.147658
333.18582,310,2353.151975
317.35107,248,2353.169976
-139.10074,491,2353.238906
298.6957,265,2353.288453
331.51358,254,2353.332899
75.35357,89,2353.546546
86.21838,86,2353.555989
-134.59192,883,2353.613112
-190.85297,523,2353.70576
301.64325,284,2353.805866
56.081543,137,2353.858345
-158.46011,537,2353.932502
360.67657,159,2354.020667
323.80017,245,2354.1831
296.5633,332,2354.183148
321.16595,224,2354.183158
-98.58197,547,2354.21141
347.41205,141,2354.364552
323.58417,226,2354.656024
348.52518,175,2354.669677
318.50598,246,2354.683011
115.90176,110,2354.713138
301.29684,243,2354.930404
319.40955,168,2354.950321
-102.7121,510,2355.122495
310.16837,331,2355.695712
304.33264,345,2355.770086
305.94562,367,2356.053849
279.96136,315,2356.141647
296.7303,459,2356.141714
255.52539,231,2356.200317
283.36212,276,2356.232378
96.66312,121,2356.339852
63.600243,106,2356.557654
-24.21185,101,2356.616895
324.84982,228,2356.764293
275.72903,447,2356.781185
-117.38646,916,2356.891277
-116.59653,494,2356.954549
297.72214,202,2357.155439
324.11145,254,2357.305467
287.3457,213,2357.305546
279.14142,867,2357.331997
299.7818,151,2357.589553
289.77612,227,2357.599523
312.90503,183,2357.608578
243.86575,264,2357.82198
64.466324,112,2357.847861
162.612,1000,2358.167985
280.26993,317,2358.235822
346.60852,146,2358.261901
253.02396,264,2358.371634
257.4485,197,2358.516506
281.3376,201,2358.516553
-128.08392,780,2358.543373
166.6217,1000,2358.559602
238.08437,162,2358.576346
71.76783,90,2358.969794
68.07313,87,2358.974203
261.4653,199,2359.151817
168.68692,1000,2359.263905
337.54782,180,2359.333753
261.72485,299,2359.633387
92.6806,114,2359.666615
-107.07968,519,2359.687145
60.349327,90,2359.733213
279.2846,437,2359.834252
298.14374,340,2359.909087
294.56104,216,2359.92589
323.012,313,2359.942066
344.51743,164,2359.988406
290.42126,874,2360.180419
298.79672,160,2360.335997
257.45898,315,2360.377818
310.03516,142,2360.568592
316.31335,221,2360.65299
328.7771,216,2360.653043
24.975113,151,2360.68014
-203.61957,515,2360.859617
225.46301,231,2361.014982
-43.005283,892,2361.041548
327.01382,150,2361.049544
308.0552,250,2361.073157
259.78308,267,2361.073188
252.25285,241,2361.304905
267.06403,159,2361.318891
308.5141,224,2361.693806
325.56445,237,2361.753362
306.40045,232,2361.753404
227.69188,445,2361.765986
333.7823,159,2361.789726
318.08386,172,2361.816352
180.86273,1000,2361.884965
331.93756,269,2362.225685
261.8702,294,2362.388138
308.66495,312,2362.444803
319.26663,269,2362.511226
344.49316,146,2362.530891
330.51605,381,2362.578065
136.27017,1000,2362.718199
-101.478264,516,2362.735418
47.330303,101,2362.906018
299.99902,263,2363.711569
285.55518,299,2363.734979
292.91284,429,2363.739897
340.15668,260,2363.747
272.6346,463,2363.831384
314.12976,301,2363.868689
340.24847,482,2363.93119
217.77295,334,2364.230222
239.2667,645,2364.230271
307.63214,594,2364.436765
256.7617,489,2364.444013
306.08752,342,2364.462598
-20.995007,125,2364.822499
298.8191,214,2364.838547
333.46326,249,2364.881046
316.12576,244,2364.885507
332.92566,206,2364.904815
320.8836,205,2365.188102
276.41187,750,2365.207288
244.59242,289,2365.216208
295.0204,166,2365.221305
301.22333,165,2365.234478
-232.34024,781,2365.254951
34.756256,105,2365.361596
77.319496,113,2365.396023
83.51651,119,2365.443233
331.17505,171,2365.606854
242.37268,255,2365.611093
96.961716,134,2365.84544
68.453995,148,2365.845492
109.56957,113,2365.892574
33.769783,101,2366.05806
-99.08665,516,2366.104121
310.91577,207,2366.141092
308.906,211,2366.152115
304.5398,207,2366.160558
-124.029236,548,2366.242608
338.17194,205,2366.530354
327.32114,268,2366.557494
333.1436,152,2366.574667
277.78607,311,2366.831274
-76.017136,909,2366.865689
280.3716,241,2366.931978
248.70276,388,2366.961458
286.02243,203,2366.974713
301.28577,189,2367.09608
-381.8323,514,2367.137708
327.2483,150,2367.252843
288.45404,332,2367.345747
287.57632,291,2367.469712
308.07556,171,2367.710634
303.19122,215,2367.837364
308.17557,269,2368.050498
235.02902,222,2368.100543
305.7496,247,2368.252917
310.33124,236,2368.321319
287.88254,320,2368.422448
-200.15666,531,2368.507728
-79.13633,537,2368.565648
326.41013,177,2368.644403
-262.74005,554,2368.667806
324.35025,167,2368.80793
282.49268,245,2368.817898
-170.64346,529,2368.956391
-208.89078,567,2369.091372
323.8292,199,2369.21948
-102.12678,519,2369.307958
295.99725,429,2369.403794
337.95624,217,2369.622523
352.80682,233,2369.622571
292.4561,276,2369.761952
295.61606,295,2369.762007
317.54303,209,2369.766822
346.68124,257,2369.973145
323.07574,308,2370.343668
338.56854,210,2370.352082
306.0327,277,2370.473822
296.25244,500,2370.512422
284.2564,539,2370.536465
291.87128,214,2370.587008
348.03552,184,2370.587071
289.34015,215,2370.59214
314.4935,333,2370.600406
329.56763,252,2371.099134
297.77502,303,2371.120605
340.97174,146,2371.125544
337.1919,409,2371.146579
-190.91953,563,2371.194486
3.3304062,862,2371.23598
88.812195,147,2371.245793
-5.539406,148,2371.250806
280.89645,158,2371.306149
312.9592,214,2371.310743
94.733376,110,2371.644614
265.021,316,2371.766824
91.60228,116,2371.771173
333.54257,291,2371.822912
329.0589,292,2371.856799
291.13043,188,2372.099097
293.66415,185,2372.099144
346.13452,213,2372.099154
285.04242,215,2372.111078
-193.2455,523,2372.124732
328.6186,285,2372.49136
254.36606,266,2372.514393
271.44354,202,2372.677427
318.925,214,2373.036057
279.94617,285,2373.036108
299.20947,274,2373.045178
282.74625,274,2373.071168
306.6161,254,2373.231802
297.94482,257,2373.231848
326.82614,261,2373.236877
-18.016357,484,2373.260344
-129.17014,441,2373.27946
58.32861,71,2373.342728
309.37683,223,2373.498004
35.39196,96,2373.502359
260.53906,237,2373.537194
286.96918,663,2373.557211
2.8117332,79,2373.638223
323.06427,220,2373.65072
291.12726,392,2373.837594
308.29932,177,2373.841996
-60.13247,501,2373.895273
334.23907,182,2374.068086
16.798512,110,2374.153229
301.31464,239,2374.349834
305.31317,180,2374.378389
292.42975,303,2374.406841
283.84467,204,2374.431916
285.36258,317,2374.688617
280.85828,239,2374.735027
297.61273,272,2374.781793
312.87714,315,2374.790699
344.00662,215,2375.127345
295.27515,172,2375.127398
350.57477,160,2375.127407
312.10013,235,2375.131462
279.87823,291,2375.211277
266.9953,439,2375.230676
334.96832,187,2375.275307
253.1485,316,2375.275359
13.748917,143,2375.418565
282.29303,357,2375.453079
293.18704,284,2375.653408
248.30597,249,2375.841629
-62.529408,526,2375.867349
320.8781,176,2375.912436
318.52295,178,2375.921064
331.341,258,2375.932849
316.0449,162,2375.999026
317.00366,167,2376.021978
333.5581,131,2376.043785
302.75406,148,2376.084319
290.68195,257,2376.369597
291.1476,227,2376.66709
333.60803,185,2376.667141
331.24847,174,2376.698348
332.10632,191,2376.719853
219.66708,369,2376.77226
325.7683,191,2376.784145
-28.774704,488,2376.858687
280.141,198,2376.89899
266.36325,412,2376.976264
310.9607,227,2377.050588
50.006943,101,2377.119275
303.9809,219,2377.360627
81.60881,120,2377.441186
98.97863,124,2377.527871
302.65237,345,2377.615437
266.18207,469,2378.005133
293.77155,291,2378.018255
330.53134,180,2378.145303
-51.877136,502,2378.227617
256.33655,398,2378.489531
304.32648,237,2378.509843
305.69293,333,2378.551279
313.66782,215,2378.588331
296.0387,169,2378.777391
-25.826385,507,2378.947479
-59.153774,497,2379.024515
-90.43829,509,2379.067915
283.31396,256,2379.180378
334.12805,146,2379.201242
300.48804,251,2379.287286
323.62537,193,2379.363178
229.32547,503,2379.373398
284.54825,182,2379.39782
59.259293,1000,2379.678073
221.56425,519,2379.848233
344.01648,197,2380.044715
301.2168,225,2380.053914
300.74048,239,2380.075398
285.48273,417,2380.099091
298.84915,272,2380.152163
311.61188,178,2380.156337
294.20663,383,2380.190696
327.1353,228,2380.207605
317.21854,228,2380.415052
287.37668,238,2380.441732
286.90433,201,2380.987016
303.25946,373,2380.987065
306.18866,285,2380.992627
293.63318,198,2381.006522
314.55103,184,2381.063068
306.897,206,2381.127173
247.16501,517,2381.127217
306.34515,239,2381.34083
338.09882,268,2381.363891
169.5899,1000,2381.394997
218.23691,209,2381.411033
269.94485,432,2381.852708
311.151,212,2381.981233
278.39902,330,2381.996193
279.04218,215,2381.996238
297.7998,173,2382.167855
334.18906,196,2382.302829
62.184048,111,2382.374986
17.321373,519,2382.570662
281.92474,317,2382.594199
266.46814,326,2382.634722
254.72626,554,2382.634771
285.82422,355,2382.638753
289.90826,382,2382.778411
316.7879,312,2382.778457
272.24158,300,2382.794495
322.72803,212,2382.966346
258.19208,184,2383.009488
334.8238,170,2383.079184
270.4161,442,2383.10134
282.80304,179,2383.189319
329.76355,284,2383.285051
-2.6450272,117,2383.316404
338.99164,196,2383.539772
254.94461,212,2383.544604
301.10376,235,2383.855431
288.0019,171,2383.865378
307.22644,271,2383.877927
340.86694,169,2383.877956
283.98926,311,2384.0264
325.29468,221,2384.026455
275.43243,224,2384.214551
324.90582,217,2384.275756
283.86255,358,2384.433983
280.64285,408,2384.505711
103.020775,141,2384.529339
45.076954,114,2384.547875
119.72443,123,2384.590038
316.8468,230,2384.59872
305.6822,280,2384.602753
284.38562,230,2384.602777
300.2727,438,2384.983746
324.84845,244,2384.983815
358.8885,252,2385.030685
63.331818,101,2385.068654
80.33332,128,2385.103264
299.38434,289,2385.209851
305.0523,180,2385.264053
297.4793,231,2385.335941
308.78833,181,2385.373094
48.084633,174,2385.381651
330.60324,190,2385.398811
240.28644,203,2385.540409
-40.168324,113,2385.588611
280.2739,215,2385.588657
293.84033,298,2385.59366
7.139164,108,2385.766072
88.79987,90,2385.825979
286.90985,185,2385.840213
316.12964,201,2385.912977
312.987,228,2386.086593
16.643585,194,2386.248051
287.02457,191,2386.278564
329.20184,161,2386.341291
289.95538,214,2386.379621
333.0526,267,2386.450489
168.04764,1000,2386.607636
275.0982,326,2386.619697
298.5455,250,2386.75746
294.90924,202,2386.762321
309.81744,184,2386.767436
325.3485,254,2386.775525
299.6781,265,2386.775563
300.62933,213,2386.832859
78.05722,103,2386.861329
336.57556,211,2387.06421
20.165337,104,2387.25426
277.45398,227,2387.346275
314.35605,237,2387.359604
55.79435,142,2387.42809
337.43726,250,2387.509089
282.20496,378,2387.537061
306.70837,218,2387.811588
306.5359,245,2387.934218
75.05715,128,2387.970819
295.99323,152,2387.975756
308.96487,289,2387.975781
296.39215,190,2387.975791
61.777824,140,2388.014033
314.1685,251,2388.024472
17.09414,134,2388.177426
252.05762,399,2388.335403
266.93988,312,2388.909734
318.75952,200,2388.909816
332.7494,213,2388.934193
258.71094,316,2389.009044
296.88318,459,2389.029003
314.90787,238,2389.093234
297.2324,239,2389.13224
332.2503,222,2389.376556
339.64197,302,2389.391459
244.61862,609,2389.646327
262.2771,675,2389.792874
339.0126,357,2389.846917
340.9286,164,2389.857481
292.22025,209,2389.886222
243.7666,398,2389.886269
-14.978981,487,2390.088284
292.011,256,2390.213432
117.16417,87,2390.245477
66.971664,94,2390.28666
318.22806,249,2390.286713
268.68182,345,2390.597032
302.9319,271,2390.620995
37.26292,94,2390.641406
332.70428,191,2390.759044
328.93176,184,2390.931777
276.359,338,2390.949671
312.8921,288,2390.973218
345.0716,256,2390.973267
276.4554,646,2390.983649
307.29395,162,2391.036134
327.81372,262,2391.095383
33.939953,115,2391.180556
-204.7203,524,2391.33165
300.46442,229,2391.340269
228.75014,523,2391.349023
317.5524,158,2391.353504
317.3455,263,2391.458907
333.13025,202,2391.533727
274.44058,183,2391.817957
330.5588,233,2392.282807
278.00635,199,2392.292651
328.8836,216,2392.363219
343.11987,295,2392.363266
313.13373,295,2392.373443
332.9897,230,2392.455613
263.1176,372,2392.512682
332.57812,368,2392.768924
320.4424,199,2392.768985
315.04346,302,2392.781276
310.03595,270,2392.820898
294.11768,415,2392.900662
110.01016,91,2392.931657
336.28516,164,2393.115569
305.49188,187,2393.143526
51.751423,102,2393.392106
292.43823,241,2393.470638
336.30743,229,2393.500326
308.6433,167,2393.526696
321.46136,230,2393.851183
329.34186,169,2393.874772
285.01233,219,2393.886604
106.847946,96,2393.896125
324.27246,243,2394.229666
283.91504,162,2394.242297
10.701141,458,2394.3717
-15.447735,114,2394.409255
297.81293,365,2394.428892
322.6315,222,2394.883673
301.4228,233,2394.910226
267.8847,229,2394.923044
204.98752,632,2395.247584
324.76422,231,2395.29777
298.32526,419,2395.297817
328.62433,201,2395.297827
298.07623,241,2395.355365
116.01458,1000,2395.53605
272.93158,988,2395.642919
-20.780811,77,2395.652191
232.37767,646,2395.713369
312.88245,183,2395.779089
299.02887,187,2395.783804
311.58167,307,2395.833298
168.07375,1000,2396.073627
349.71585,182,2396.206481
340.26868,210,2396.230185
303.27032,198,2396.561617
303.66815,220,2396.676647
276.84235,298,2396.682097
305.96674,196,2396.691109
292.3203,203,2396.728885
266.8037,259,2396.751768
277.06107,419,2396.835841
231.1276,335,2396.85941
281.65485,542,2396.941463
281.84247,255,2397.01555
259.94672,291,2397.062881
242.06638,777,2397.067403
83.54591,94,2397.115625
39.971237,93,2397.149285
302.8636,216,2397.220267
36.956005,108,2397.538967
315.2837,227,2397.84199
263.02396,233,2398.048717
315.05542,255,2398.250648
287.55798,268,2398.26217
262.4879,323,2398.303206
206.24818,517,2398.426311
280.99213,511,2398.530395
231.14423,433,2398.635218
335.80933,174,2398.639985
-69.96877,501,2398.843774
251.49826,476,2398.848572
270.6175,368,2398.892431
296.7157,269,2399.275431
305.49805,247,2399.381549
313.18585,191,2399.395201
332.6691,240,2399.400351
201.81702,436,2399.520669
273.94427,364,2399.933367
314.81915,181,2400.224667
309.3725,209,2400.233673
311.8562,350,2400.23834
294.54105,443,2400.436953
246.51901,782,2400.474763
239.7786,498,2401.083959
319.95038,199,2401.123375
292.81775,209,2401.162765
334.3907,214,2401.176802
295.21072,165,2401.176844
307.63287,279,2401.176856
329.26154,980,2401.176865
290.36435,398,2401.176873
267.13184,423,2401.305622
309.6424,408,2401.356847
141.56465,1000,2401.656771
317.33624,283,2401.737401
315.9051,153,2401.768849
7.7350426,114,2401.810715
266.19983,681,2401.941945
304.0525,186,2402.002918
63.044003,111,2402.145786
-70.82755,88,2402.154857
301.92508,261,2402.281926
299.29272,209,2402.281969
274.0318,249,2402.281978
311.76697,249,2402.281986
301.58252,249,2402.281992
235.98654,812,2402.286661
325.58344,253,2402.299061
284.76,259,2402.312388
-56.73544,114,2402.317004
103.96927,91,2402.345929
72.562874,86,2402.653658
304.23315,289,2403.013386
21.238842,105,2403.118939
247.0232,967,2403.164181
311.28345,212,2403.216283
317.47195,275,2403.216322
310.18625,212,2403.216332
276.9666,204,2403.216339
285.01483,214,2403.225481
333.59363,245,2403.357225
291.6004,251,2403.417823
341.26797,287,2403.561365
-81.30681,108,2403.833684
310.64343,170,2403.955858
299.89508,163,2404.276855
308.07056,244,2404.285853
301.89166,451,2404.328246
-38.465225,498,2404.335744
-37.888245,484,2404.410052
276.86176,283,2404.463048
110.10651,91,2404.723194
224.98555,601,2404.797828
313.7742,340,2404.917198
24.93399,152,2405.088308
338.3532,177,2405.12655
343.63373,200,2405.173618
-89.00946,476,2405.234111
249.98952,318,2405.251521
94.654465,113,2405.320447
219.18277,533,2405.38356
115.465836,142,2405.383609
-84.85589,492,2405.405188
339.59872,244,2405.572232
129.9169,95,2405.610588
166.6924,580,2405.810571
47.003323,108,2405.876563
77.706924,141,2405.884676
251.08984,629,2405.979752
314.2237,270,2406.145191
237.94817,252,2406.26936
294.90924,237,2406.317898
45.65027,142,2406.598069
278.5783,273,2406.619926
320.9355,169,2406.619962
315.1267,171,2406.624161
261.4543,310,2406.760725
59.402424,116,2406.781238
221.75052,575,2406.864591
318.24493,258,2406.94581
237.48349,467,2407.188944
247.28326,199,2407.202469
-6.640312,117,2407.281351
-25.875488,163,2407.342559
258.24643,324,2407.588114
255.91339,509,2407.601613
235.6614,457,2407.654555
42.30513,100,2407.658805
272.25836,239,2407.697253
189.84991,481,2407.724791
273.54883,203,2407.778956
251.14563,859,2407.807694
22.341846,117,2407.816572
28.923637,147,2407.858933
251.45117,283,2407.904677
269.8703,295,2407.933694
108.59392,103,2408.06135
83.1311,111,2408.110517
125.664444,101,2408.159924
-114.69232,271,2408.179033
345.0844,216,2408.34339
290.6441,352,2408.384574
27.254925,143,2408.470667
86.264084,105,2408.644366
271.5851,244,2408.771453
309.2553,226,2408.967908
315.64935,270,2409.059749
262.7788,338,2409.201345
303.11276,224,2409.201395
257.3168,324,2409.206451
334.22028,288,2409.218968
323.81656,167,2409.22734
265.7869,311,2409.525355
314.04102,325,2409.538679
-105.32187,82,2409.600199
59.371777,90,2409.632653
-30.62482,106,2409.697466
315.7118,197,2409.967772
280.52393,275,2410.039761
316.6593,491,2410.039809
316.0847,232,2410.039818
324.76605,179,2410.039826
311.6253,307,2410.06174
-188.52904,371,2410.094212
95.28572,89,2410.112835
28.070702,170,2410.34403
-91.51254,82,2410.417302
-121.83318,92,2410.534486
325.19644,231,2410.606035
319.53342,497,2410.630078
12.019653,146,2410.706073
24.51017,164,2410.71889
342.87256,207,2410.983709
-18.513092,118,2411.13675
285.31345,243,2411.198744
319.1961,174,2411.21087
311.35065,354,2411.239039
302.94202,275,2411.319857
257.7992,369,2411.33928
236.78958,228,2411.383994
310.36444,197,2411.435641
328.37457,200,2411.550812
36.76268,96,2411.652809
244.41385,534,2411.674408
70.80067,104,2411.699963
2.0054054,88,2411.74638
80.30899,98,2411.771602
34.73282,88,2411.78986
252.83107,246,2411.851311
61.531086,99,2411.887181
329.61234,226,2412.026281
47.40521,123,2412.114485
37.104088,103,2412.218739
89.59669,1000,2412.469851
74.048416,113,2412.56541
320.51172,410,2412.608367
263.95752,573,2412.688249
295.90698,197,2412.692699
39.201748,130,2412.723088
94.8196,96,2412.910667
310.98972,152,2412.929035
313.44708,277,2412.932813
280.2758,226,2412.942584
316.05005,279,2412.960439
289.13312,405,2413.015589
71.17374,104,2413.151972
322.29254,320,2413.161687
305.53302,152,2413.236706
313.0775,213,2413.620911
109.22017,109,2413.713068
118.58345,140,2413.762823
300.6839,270,2413.803743
262.75528,204,2413.827554
312.52985,185,2413.827602
-57.06238,460,2413.873086
327.96112,242,2413.978292
250.55006,605,2413.990435
60.60184,95,2414.307137
269.95322,559,2414.389211
323.69922,329,2414.393115
-2.5391388,94,2414.406476
49.889206,92,2414.410976
285.99582,378,2414.411001
285.01477,175,2414.514838
314.65784,423,2414.854579
78.92987,100,2414.868802
274.19434,273,2415.06801
55.6725,152,2415.093179
5.6550446,142,2415.158549
246.68771,554,2415.427256
32.530285,80,2415.43136
309.45947,233,2415.446692
282.2768,452,2415.67152
335.87585,279,2415.671571
231.39832,449,2415.803708
290.13705,219,2415.853986
260.73804,227,2415.880024
270.75256,332,2415.897872
4.5144043,138,2416.055122
326.82556,212,2416.055174
117.8306,83,2416.255248
190.9098,500,2416.574077
70.78912,175,2416.603463
332.11774,171,2416.673709
338.47925,185,2416.694948
280.32178,399,2416.967913
285.46533,337,2416.972816
298.20654,286,2416.97284
313.54965,206,2416.989975
74.84826,106,2417.182617
278.28412,265,2417.269333
298.30438,786,2417.38771
316.1623,246,2417.387759
296.77914,186,2417.461526
-115.26246,474,2417.589958
350.7378,211,2417.649318
118.64917,1000,2417.702586
332.21848,188,2417.841664
324.27655,196,2417.884679
53.719044,111,2417.898806
292.9124,310,2418.001181
-74.63812,511,2418.014954
308.72388,214,2418.170568
290.25806,266,2418.222341
312.36926,190,2418.25843
120.12022,1000,2418.389811
250.13467,204,2418.395164
308.4778,348,2418.581198
312.5619,216,2418.585929
307.72522,205,2418.591864
46.378944,143,2418.679766
297.46994,176,2418.711362
326.7388,238,2418.794758
52.904415,126,2418.840396
28.621681,142,2418.876967
294.16544,227,2418.924953
38.459167,121,2418.954691
62.171986,84,2419.088861
340.2412,215,2419.159464
3.1501465,127,2419.176212
42.523163,136,2419.215054
-19.72662,139,2419.223598
32.586674,123,2419.241318
62.487946,146,2419.471124
70.06786,157,2419.684353
316.27838,199,2419.853752
324.86365,166,2419.868647
248.99374,332,2419.939648
293.9154,237,2419.948621
326.14062,261,2420.44715
341.20532,265,2420.44721
323.49268,186,2420.718119
271.79236,414,2420.789277
298.0714,364,2420.860788
304.4292,202,2420.860836
304.85214,268,2421.180588
333.36404,369,2421.389056
275.5558,550,2421.755168
343.15683,212,2421.767448
296.31897,417,2421.772285
329.46378,203,2421.794508
313.8039,297,2421.820544
168.00256,1000,2421.882845
346.35056,213,2422.151252
267.62726,903,2422.166873
105.847855,1000,2422.435943
90.983246,139,2422.504986
318.0808,283,2422.672069
299.17084,207,2422.726918
327.1651,220,2422.803687
-276.49954,480,2422.899468
60.430954,93,2422.916486
349.9666,258,2422.924412
349.93176,217,2423.100692
187.37747,644,2423.356423
-6.3396645,115,2423.419634
100.26319,92,2423.507445
267.60437,188,2423.541567
345.9198,204,2423.554996
338.30502,256,2423.559606
197.21858,609,2423.594018
124.6161,1000,2423.704262
321.17087,189,2423.7568
267.9541,954,2423.790384
331.12067,282,2424.040901
59.93661,127,2424.069699
246.80536,524,2424.087108
308.335,438,2424.091848
261.25482,576,2424.298465
263.74597,182,2424.353272
86.59626,102,2424.505366
344.19073,222,2424.667272
326.83307,246,2424.832187
317.7677,185,2424.852425
247.7637,351,2424.900663
275.7223,185,2424.904539
310.13074,168,2425.040684
-50.537533,362,2425.155059
197.13916,593,2425.512754
295.82593,160,2425.552548
348.31824,206,2425.596556
319.7747,293,2425.825188
325.58322,222,2425.852684
341.02905,209,2425.989237
-22.542587,130,2426.139885
-251.25662,666,2426.378223
305.1134,288,2426.448225
289.73288,469,2426.448267
279.29636,231,2426.548236
274.98303,419,2426.77087
101.0993,97,2426.880235
231.72762,491,2427.095094
276.01788,288,2427.104196
278.87756,257,2427.122683
324.32404,188,2427.291685
249.50177,871,2427.432376
58.10874,95,2427.565695
313.45612,251,2427.69626
322.91107,291,2427.700889
281.01907,216,2427.76466
-46.152176,442,2427.835991
216.04156,936,2427.955178
131.38528,1000,2428.031321
322.22382,284,2428.129343
333.86322,245,2428.170522
332.15652,177,2428.30391
208.36575,1000,2428.476485
332.96463,282,2428.48027
235.81271,674,2428.53021
337.43982,216,2428.611427
100.56676,124,2428.649951
283.07172,285,2428.815894
298.50043,258,2428.856018
273.26404,285,2429.211994
224.08054,500,2429.240761
321.91113,419,2429.451893
295.94888,360,2429.46827
270.532,280,2429.497461
348.2334,230,2429.631849
349.78183,235,2429.71099
322.68533,274,2429.743472
311.51877,287,2429.743515
352.8294,232,2429.894724
293.91718,324,2429.911066
328.92957,228,2429.911111
84.290344,136,2430.077035
95.45204,98,2430.0934
52.565132,153,2430.16531
83.30137,108,2430.199999
87.095535,117,2430.2709
95.24313,82,2430.276954
309.76562,248,2430.346295
273.8152,250,2430.382085
335.03912,200,2430.408602
165.84473,1000,2430.516333
93.84879,95,2430.591283
93.40338,107,2430.752583
202.55956,766,2430.757209
63.17775,91,2430.918437
103.82688,126,2430.964612
49.765873,91,2430.990285
313.97226,300,2431.2333
252.59525,232,2431.233354
297.07776,335,2431.244401
89.86695,128,2431.329622
257.09497,292,2431.377072
257.91696,234,2431.389855
303.60822,303,2431.733213
106.5052,130,2431.833
36.63894,134,2431.842417
320.0816,251,2431.883315
235.56052,213,2431.883367
290.64453,203,2431.883378
295.87555,854,2431.894203
71.2408,123,2431.954407
22.398323,170,2432.011539
-2.0376587,114,2432.264351
-30.337143,495,2432.317789
56.821247,109,2432.332926
41.601402,98,2432.33296
70.85069,85,2432.337134
42.011208,100,2432.341933
83.760735,101,2432.35675
88.37845,114,2432.366716
288.279,238,2432.463316
295.7823,329,2432.489939
286.1038,254,2432.489988
308.45398,584,2432.543555
113.94842,97,2432.715356
324.90463,547,2432.759402
92.6582,161,2433.063147
80.79762,82,2433.087055
301.75684,168,2433.113885
343.06363,254,2433.176601
347.0631,189,2433.363242
319.8929,244,2433.472359
76.178085,94,2433.543326
332.5138,188,2433.619045
102.53369,96,2433.624027
319.35785,382,2433.646457
71.21929,123,2433.655066
325.66266,252,2433.6551
248.11731,308,2433.759518
82.07409,102,2433.833351
259.97412,353,2433.995786
326.78778,333,2434.000346
249.11781,316,2434.004977
313.7755,278,2434.339461
288.78348,185,2434.508846
333.4293,248,2434.680906
305.37164,240,2434.717152
8.022636,163,2434.743701
333.54095,206,2434.775345
267.02704,300,2434.848612
357.84186,207,2434.94437
311.40625,317,2435.099882
328.21686,295,2435.104609
46.239872,112,2435.190166
97.48364,106,2435.322706
335.30615,238,2435.574837
312.55124,186,2435.579177
272.1711,275,2435.5838
54.475323,91,2435.592773
118.82138,148,2435.769552
277.37305,468,2435.775321
39.651527,171,2435.880148
-167.9937,514,2435.962625
89.64949,89,2436.18181
35.380516,109,2436.271435
54.813995,100,2436.420444
309.43768,250,2436.462685
230.43802,906,2436.482439
283.5911,198,2436.492371
332.7741,394,2436.510353
258.4428,381,2436.510398
302.84894,202,2436.527219
331.8131,255,2436.763193
310.97794,202,2436.815366
291.17505,273,2436.839151
233.80518,643,2436.943587
158.10292,1000,2436.943632
93.7108,133,2437.145003
49.31554,100,2437.422636
316.6814,225,2437.482929
343.3902,267,2437.523027
321.07678,228,2437.537016
306.19873,219,2437.542575
299.5799,293,2437.555945
-16.98103,98,2437.878483
276.4229,299,2437.887679
69.35083,79,2437.931589
299.90808,219,2438.177015
296.43085,290,2438.177064
282.61682,271,2438.217854
264.89883,387,2438.324415
333.3908,336,2438.412546
246.30151,366,2438.475819
299.23822,244,2438.648762
276.90094,300,2438.910504
334.8374,218,2438.910563
311.00732,319,2438.937311
286.3266,879,2438.978498
318.2549,142,2439.102619
82.830666,106,2439.116986
102.85973,97,2439.352818
304.3131,359,2439.506527
309.17126,499,2439.810974
297.15164,312,2439.815535
319.21686,159,2439.84293
304.6731,374,2439.868775
67.82785,116,2439.883917
308.6371,224,2439.931073
325.93066,254,2440.112745
326.21988,253,2440.148781
225.1208,444,2440.208036
251.45184,835,2440.357508
54.574078,120,2440.384339
256.26526,452,2440.395178
344.09003,194,2440.41865
118.78659,120,2440.505998
61.210052,102,2440.591445
299.677,223,2440.874876
323.34418,215,2440.888911
305.80255,178,2441.050084
264.62668,692,2441.090045
189.98056,630,2441.132516
56.711,167,2441.182665
77.998276,181,2441.254381
50.962868,194,2441.280015
303.60614,195,2441.344963
324.22333,327,2441.403804
305.76337,268,2441.421638
75.16636,151,2441.601371
67.52045,167,2441.661903
20.810085,127,2441.681555
328.13495,234,2441.697754
275.7599,383,2441.697781
74.109604,115,2441.877746
90.160034,114,2441.945929
101.06612,105,2442.209759
325.79004,270,2442.34594
324.9724,246,2442.359733
347.46408,199,2442.563634
318.1239,444,2442.623543
308.66226,287,2442.623592
309.25958,196,2442.641098
286.5867,757,2442.678741
-2.5116615,125,2442.929833
313.6197,281,2442.996303
74.48181,95,2442.996349
45.00007,137,2443.241761
309.69656,453,2443.255802
82.40892,136,2443.255838
292.29163,349,2443.322346
332.10727,219,2443.347149
301.47778,306,2443.387853
92.93114,96,2443.439051
282.15472,372,2443.621352
-155.71503,514,2443.68089
315.41357,246,2443.799079
-59.40316,543,2443.937388
316.21692,186,2444.255651
233.86313,286,2444.255721
-98.90301,455,2444.31521
336.42255,220,2444.34434
309.89505,236,2444.35307
295.71735,243,2444.372667
313.9702,435,2444.62734
90.04996,116,2444.892248
94.15567,130,2444.979262
296.3382,304,2445.045163
265.09253,241,2445.068508
317.3698,451,2445.0903
300.6206,206,2445.214537
289.41473,193,2445.218424
329.8244,254,2445.433442
261.2199,352,2445.442209
327.97818,189,2445.508295
9.370285,123,2445.632856
34.986187,129,2445.813394
32.659462,138,2445.853596
317.8022,178,2445.871082
301.76965,217,2445.91099
257.65903,597,2446.125119
273.87994,635,2446.213615
332.74792,197,2446.421661
327.26404,237,2446.546525
310.65057,157,2446.546587
315.6933,223,2446.678604
243.28073,752,2446.940126
313.72638,282,2447.221371
-33.386993,495,2447.287582
265.44843,335,2447.417789
-126.99542,501,2447.422073
80.90534,105,2447.425763
281.95117,858,2447.672296
319.3064,334,2447.672349
302.29025,316,2447.677251
276.90817,298,2447.812147
288.0543,286,2447.886965
69.90615,86,2448.086896
81.03598,106,2448.183201
290.37045,365,2448.255685
281.9839,187,2448.296285
-62.097656,194,2448.336091
32.824768,140,2448.350974
43.720505,76,2448.447762
312.68372,397,2448.532113
266.08643,283,2448.614157
279.93195,686,2448.645241
298.5883,205,2448.784482
303.00626,228,2448.955769
184.1718,1000,2449.020936
316.0223,180,2449.030349
278.08838,186,2449.127294
92.143555,82,2449.167228
58.51302,116,2449.185716
37.080914,122,2449.185755
288.91177,215,2449.299519
318.73914,166,2449.309222
271.93445,449,2449.322916
337.77274,190,2449.332134
340.5074,234,2449.43485
70.328804,97,2449.461041
94.12834,121,2449.683647
99.098236,125,2449.734499
-45.382122,520,2449.840219
97.10419,140,2449.943754
300.33167,216,2449.943801
313.10333,167,2449.943811
334.90887,172,2450.09973
297.56268,183,2450.127961
296.80084,271,2450.41643
330.20905,228,2450.471677
95.95903,1000,2450.50921
303.41992,237,2450.768102
238.44641,314,2450.768148
328.70624,187,2450.803382
31.615322,131,2451.090133
339.24677,215,2451.136813
316.19775,255,2451.285001
264.6347,291,2451.290186
261.44632,351,2451.357548
-139.80994,517,2451.408417
316.46,200,2451.693759
326.95447,200,2451.732811
276.86185,291,2451.770187
281.3404,400,2451.794435
281.65063,258,2451.960414
246.37495,315,2451.968406
282.91318,178,2452.171177
307.86108,193,2452.171227
304.27063,229,2452.18088
289.2995,239,2452.185882
291.9185,190,2452.283716
313.838,223,2452.318264
55.026234,132,2452.578684
300.0873,216,2452.694571
302.93665,201,2452.699259
103.018005,109,2452.794961
28.276535,146,2452.875532
88.34635,118,2452.881207
156.45882,1000,2452.968833
287.6853,166,2452.973531
324.88165,195,2453.094195
258.77057,805,2453.188793
267.99133,267,2453.214008
306.91852,238,2453.291595
239.18694,759,2453.367097
289.9737,200,2453.643595
332.03677,405,2453.685909
321.53894,418,2453.685958
311.52887,251,2453.762249
298.17926,191,2453.766767
327.92462,230,2453.776447
329.92047,208,2453.938376
313.72522,229,2453.938426
294.54388,188,2454.062367
279.5193,172,2454.090269
336.34625,217,2454.212314
258.2854,280,2454.378453
75.61093,169,2454.409251
334.64374,270,2454.600626
339.687,404,2454.830631
326.76794,236,2454.856961
246.15839,448,2454.865453
271.85852,243,2454.880166
333.52142,268,2454.914508
347.8363,168,2454.98785
312.7943,311,2455.195961
275.15436,307,2455.358018
78.82727,138,2455.53213
311.94373,287,2455.7524
322.08136,469,2456.109004
303.114,197,2456.115533
259.90298,444,2456.15079
365.12616,276,2456.15084
247.22156,331,2456.156991
312.2161,277,2456.166562
253.75568,271,2456.266855
252.3063,507,2456.430123
297.96246,228,2456.434767
272.0207,598,2456.474234
64.022644,91,2456.549484
69.82125,89,2456.579837
104.05316,121,2456.731076
312.7484,420,2456.795003
335.713,271,2456.795052
283.54004,517,2456.795061
22.525444,95,2456.863417
301.8125,242,2456.887572
339.924,201,2457.087328
345.3919,218,2457.130128
74.74804,109,2457.304281
126.68689,106,2457.383665
332.68066,198,2457.388807
67.08593,143,2457.47702
313.7609,201,2457.527376
311.41357,215,2457.568234
271.0428,301,2457.576997
279.1287,286,2457.610858
-0.9436226,125,2457.697521
280.26074,274,2457.7233
336.12726,227,2457.807357
324.6165,217,2457.892902
73.62922,115,2457.935243
0.33486557,104,2458.062702
263.77832,298,2458.218873
309.15637,267,2458.595153
313.5169,236,2458.610256
318.91797,211,2458.624564
292.1884,256,2458.624599
291.27295,151,2458.624609
290.47253,174,2458.648634
267.30865,270,2458.8176
31.4589,84,2459.058276
247.82942,425,2459.195961
17.395721,140,2459.294234
277.2317,929,2459.345607
-7.520878,158,2459.406161
20.758198,133,2459.474852
260.31207,365,2459.489156
314.6318,190,2459.535902
329.10345,284,2459.599494
315.75192,229,2459.739049
80.79028,139,2459.852047
130.0038,109,2459.852098
97.3929,117,2460.013102
90.30748,85,2460.117552
319.08105,233,2460.158617
343.89966,205,2460.344759
293.51166,186,2460.454146
324.54446,254,2460.463731
267.25485,175,2460.655206
66.5853,119,2460.7111
40.049004,158,2460.750428
294.72424,282,2460.793825
87.70566,109,2460.85586
344.5514,161,2460.869002
250.53561,690,2460.961671
225.09047,649,2461.011062
56.522747,119,2461.195273
62.073586,160,2461.195321
94.95924,93,2461.212271
88.42462,96,2461.30056
74.24473,109,2461.471984
344.85187,180,2461.685735
302.83612,221,2461.733003
309.2703,215,2461.743021
-3.7406998,127,2461.906955
335.07748,159,2461.964901
320.53076,198,2462.12417
324.19562,203,2462.146936
244.17392,512,2462.212237
144.46413,1000,2462.27375
343.04077,288,2462.346272
261.74548,429,2462.446338
-26.770248,125,2462.547051
104.38517,85,2462.614049
260.72177,222,2462.76453
128.74919,1000,2462.769649
299.65857,234,2462.775343
306.01,285,2462.794569
83.63426,112,2462.799138
133.91754,102,2462.825576
340.10858,196,2463.036848
308.38025,246,2463.046724
37.3741,95,2463.237313
91.02258,105,2463.255494
-12.982517,106,2463.264646
171.97116,1000,2463.304808
11.830395,112,2463.322501
65.026344,215,2463.448815
320.85138,291,2463.500867
342.20572,206,2463.500909
310.94745,193,2463.510287
80.055145,114,2463.783442
105.89874,109,2463.83231
65.173294,118,2463.832363
331.73584,229,2463.861066
323.37622,232,2463.926476
94.200096,105,2464.021041
12.4661255,108,2464.026458
8.980724,135,2464.102666
42.462498,130,2464.133168
110.29568,1000,2464.204324
293.92596,248,2464.227516
341.75543,204,2464.231869
277.27734,192,2464.240405
114.07025,104,2464.319849
78.51036,104,2464.34697
30.317814,100,2464.397749
210.83546,585,2464.501412
245.29538,330,2464.622863
-28.38773,127,2464.651178
23.14611,116,2464.802154
343.1986,166,2464.829363
331.29205,206,2464.829413
288.779,239,2464.93388
356.26074,203,2465.286313
80.63123,104,2465.4073
329.14343,166,2465.412156
337.3222,225,2465.416831
296.1493,297,2465.601905
18.280834,84,2465.677277
290.7058,305,2465.677326
309.33496,328,2465.677336
295.70807,252,2465.682289
58.957016,76,2465.764315
21.60102,212,2465.794884
65.085266,93,2465.835284
78.328705,81,2465.981844
11.667511,83,2466.063195
1.1720467,110,2466.187275
282.72354,318,2466.266573
259.95166,312,2466.266623
54.29531,102,2466.275989
317.51422,381,2466.3882
114.19275,148,2466.458744
244.44345,484,2466.498471
38.97303,113,2466.506592
302.97614,516,2466.520209
306.93854,242,2466.541552
260.9826,150,2466.541588
328.00946,194,2466.583068
58.911358,135,2466.698494
8.326447,107,2466.783238
82.66854,78,2466.949195
63.384007,88,2466.954573
51.319637,94,2466.963503
266.66022,284,2467.010402
53.181297,124,2467.078825
-7.4865494,142,2467.122111
265.32715,177,2467.211879
273.37796,204,2467.216799
11.410866,219,2467.288357
296.9828,269,2467.437013
41.07384,107,2467.500906
97.978096,137,2467.589377
105.693115,114,2467.640992
324.07428,249,2467.65455
0.30252838,100,2467.673837
75.53144,85,2467.673866
73.51363,168,2467.712576
57.05957,163,2467.816487
73.061554,97,2467.877465
282.51746,285,2468.00608
60.257847,79,2468.039557
286.511,279,2468.06166
100.22906,125,2468.072717
54.772457,96,2468.087722
303.52988,340,2468.113872
269.9878,262,2468.158149
3.9694061,116,2468.252964
320.47137,179,2468.486191
43.504288,96,2468.486244
-21.212288,883,2468.518455
68.581276,108,2468.572623
11.683083,148,2468.712418
-1.0543213,150,2468.873837
100.11988,79,2468.873905
111.109184,112,2469.095711
330.90393,218,2469.10975
290.38702,292,2469.190624
202.89253,431,2469.216176
78.07532,78,2469.224687
305.93784,352,2469.322879
256.7456,373,2469.33128
24.277721,135,2469.336235
348.60397,279,2469.381012
-22.860023,112,2469.385114
278.86395,274,2469.395052
34.17705,95,2469.646907
53.08747,93,2469.665255
332.33075,252,2469.684054
267.97678,312,2469.731656
116.35766,99,2469.808979
111.61513,89,2469.822302
91.64557,106,2469.827357
133.7686,128,2469.83585
81.60798,107,2469.894198
61.93983,122,2469.910751
334.10684,300,2469.937284
337.0915,185,2469.974617
260.2054,185,2469.988227
79.67091,74,2470.157774
115.42902,119,2470.187181
-23.57048,88,2470.239259
51.966393,98,2470.256278
80.13757,188,2470.260983
74.51198,89,2470.314201
107.67375,126,2470.474703
79.37822,112,2470.496489
9.92028,137,2470.5949
316.3358,178,2470.641619
267.37573,234,2470.805949
45.266876,130,2470.867984
57.536007,99,2470.933189
336.37933,273,2470.942589
30.355762,110,2471.105678
48.73524,96,2471.247517
42.079494,92,2471.287719
292.8188,735,2471.312685
-28.639687,94,2471.380952
258.23788,314,2471.387182
299.97437,254,2471.42199
287.15872,272,2471.428019
279.2812,252,2471.432259
35.381626,121,2471.675738
45.385036,84,2471.710974
56.27082,109,2471.80001
61.08459,90,2471.805013
63.58243,86,2471.82794
306.6418,336,2471.879541
14.090775,110,2471.937159
51.374878,141,2472.090668
41.90807,92,2472.120797
59.385643,82,2472.213702
88.87051,80,2472.280145
61.41545,79,2472.455294
104.666084,135,2472.558401
2.1796799,166,2472.566744
278.4212,515,2472.579967
351.56317,286,2472.580008
67.797424,105,2472.584558
287.44464,262,2472.592729
313.7669,358,2472.592764
307.0921,421,2472.597779
97.27987,114,2472.707364
31.287773,158,2472.943996
50.195465,101,2473.016253
10.898407,113,2473.032901
118.167755,112,2473.067657
106.52989,115,2473.067708
66.33562,116,2473.079581
317.16815,310,2473.088054
36.342068,99,2473.114284
-11.657658,140,2473.169432
128.20294,145,2473.176933
96.07601,83,2473.456842
-37.411507,106,2473.500827
-2.4874153,104,2473.52673
269.4735,269,2473.610475
78.86,121,2473.721976
-63.425594,894,2473.72683
278.17892,447,2473.81787
39.887836,76,2473.872335
38.864807,102,2473.914383
83.03133,111,2474.110984
39.90052,91,2474.132378
31.100319,157,2474.214329
331.94135,268,2474.219082
323.81476,259,2474.248716
120.095955,109,2474.323076
6.829693,99,2474.385582
-48.76488,861,2474.421895
41.0449,82,2474.612204
20.855461,103,2474.627313
286.80777,332,2474.72919
324.9706,405,2474.845109
283.8214,376,2474.852905
-27.920952,90,2474.912418
-207.45082,559,2475.19281
284.17926,330,2475.371741
62.428474,122,2475.371799
304.25897,230,2475.408558
88.93097,135,2475.526825
43.361248,85,2475.603426
36.748764,144,2475.614027
-136.2804,519,2475.614062
331.7218,178,2475.726571
267.8387,388,2475.798478
326.81635,234,2475.831665
301.2884,132,2475.997748
32.889397,81,2476.002456
34.45213,85,2476.01998
82.07568,105,2476.024736
103.51356,100,2476.079147
72.434875,98,2476.25285
332.1458,197,2476.295053
335.9011,433,2476.454964
78.08903,105,2476.563839
291.08435,186,2476.594328
217.94601,477,2476.594376
293.24078,261,2476.629655
89.0027,85,2476.692308
-60.450012,531,2476.711201
101.439354,83,2476.850082
41.72448,183,2477.10245
68.53371,93,2477.141421
16.839779,103,2477.168547
71.939644,153,2477.305216
276.6001,312,2477.453469
331.96655,184,2477.453514
297.3967,333,2477.546631
-3.0145988,87,2477.57967
9.77499,107,2477.60824
311.6295,353,2477.666054
336.74292,223,2477.666098
50.63148,105,2477.922499
338.82663,241,2477.948228
22.848106,85,2477.978582
67.60654,105,2478.012895
233.08098,713,2478.028891
282.847,437,2478.034631
4.8110886,113,2478.082978
326.31293,365,2478.237053
298.40277,232,2478.350235
34.121098,99,2478.362656
83.68848,85,2478.401248
76.06604,104,2478.41063
52.871975,104,2478.445347
15.347553,125,2478.586138
-42.382584,226,2478.668101
22.167953,112,2478.731448
6.5855217,92,2478.77105
37.22109,87,2478.794493
84.70417,114,2478.851393
91.45889,110,2478.888245
27.389523,106,2478.909218
65.44195,88,2479.050759
143.58691,1000,2479.075549
5.5162506,112,2479.264046
104.03663,112,2479.289295
103.068886,110,2479.402481
85.73654,80,2479.439411
326.24887,428,2479.562426
232.21811,494,2479.649602
317.70026,191,2479.711138
79.05105,103,2479.770123
283.25128,397,2479.793026
69.38529,79,2479.80684
120.809265,122,2479.832895
122.04483,114,2479.936904
246.50723,269,2479.955234
301.81793,234,2479.960325
80.292816,101,2480.041852
307.7743,330,2480.080508
42.598824,73,2480.126933
289.63733,246,2480.181489
2.516655,93,2480.198958
47.765488,107,2480.29534
75.1069,114,2480.346765
127.91599,1000,2480.386472
299.42117,525,2480.446516
16.414051,95,2480.511899
103.65263,112,2480.546157
320.36902,229,2480.710506
332.0021,225,2480.749041
17.247993,69,2480.873029
280.24744,206,2480.899863
39.11679,207,2480.9106
104.02327,109,2480.95568
311.2699,181,2481.224924
336.61285,210,2481.265328
121.914764,124,2481.290155
233.26477,914,2481.295197
275.12387,297,2481.301507
63.810486,99,2481.331417
298.21997,217,2481.36242
331.11096,252,2481.367162
283.37512,258,2481.377267
327.11115,273,2481.397108
304.49445,192,2481.410879
32.392357,145,2481.632916
-28.342787,97,2481.687007
2.1209145,82,2481.750417
59.983376,103,2481.83832
309.73322,216,2481.899426
332.88043,214,2481.899471
317.8723,279,2482.040976
84.843994,172,2482.094266
22.499645,114,2482.148809
320.2692,192,2482.181785
318.76587,195,2482.271182
57.400997,105,2482.319371
63.908886,100,2482.606808
325.04688,308,2482.706977
97.27422,111,2482.773935
298.56793,320,2482.860924
278.81784,299,2483.04527
234.78445,254,2483.059695
341.9925,194,2483.20272
321.1762,322,2483.374541
283.33966,434,2483.399479
268.98364,472,2483.440269
64.00216,87,2483.799495
329.09207,353,2483.805362
347.1454,178,2483.870282
291.76434,238,2483.875361
303.00186,224,2483.894249
248.16843,297,2483.979489
312.85388,300,2484.093385
332.28827,226,2484.10677
353.74316,177,2484.187874
287.13623,553,2484.28175
346.17575,184,2484.287115
63.900684,96,2484.310002
37.755108,94,2484.324176
90.96994,79,2484.465393
298.36053,305,2484.60202
61.559933,95,2484.75593
90.44757,112,2484.797131
312.43457,191,2484.846356
12.069126,100,2485.260856
324.2775,272,2485.340514
129.34457,128,2485.351124
290.16092,237,2485.37305
277.2426,329,2485.387254
213.87701,728,2485.391165
315.40338,347,2485.399426
281.04456,349,2485.404754
-29.70774,139,2485.490314
343.62256,248,2485.609388
96.76072,98,2485.798117
110.74861,93,2485.821174
86.49928,105,2485.881869
186.10365,1000,2485.933838
49.37088,149,2485.95215
304.03546,362,2485.980139
314.82007,297,2485.980166
298.1998,390,2485.992088
53.888466,108,2485.99705
252.79657,896,2486.225116
358.8709,211,2486.35431
320.86115,234,2486.439352
81.32385,109,2486.461999
34.17227,125,2486.577522
312.0589,252,2486.577567
292.7168,272,2486.682558
313.47394,245,2486.949987
295.9702,205,2486.950047
343.44757,143,2487.034854
83.5281,122,2487.046257
282.51715,233,2487.088296
337.36005,261,2487.115817
119.1084,95,2487.393977
350.16742,217,2487.461256
296.38922,395,2487.461303
326.8283,190,2487.470144
112.59041,122,2487.514148
67.90532,102,2487.549152
94.08359,119,2487.59414
274.51526,201,2487.620263
256.7331,297,2487.620298
341.26535,227,2487.644055
76.995255,126,2487.690581
98.010544,89,2488.026098
96.84514,146,2488.064084
18.850246,105,2488.077308
-27.30404,100,2488.099889
328.67383,273,2488.285863
71.09044,131,2488.285915
77.08882,191,2488.34496
260.04407,515,2488.394983
268.01648,538,2488.442032
59.932995,91,2488.447282
355.69217,220,2488.565388
313.7388,240,2488.565438
77.0785,120,2488.615545
319.05914,288,2488.845737
326.4062,269,2488.857676
294.4884,199,2489.015109
349.1374,196,2489.024908
89.28993,92,2489.065306
283.21915,349,2489.100414
258.04648,703,2489.125175
292.1009,187,2489.316442
350.79886,207,2489.460742
275.61154,239,2489.460791
341.18536,180,2489.460802
330.1809,206,2489.460809
75.23964,122,2489.470811
113.206635,97,2489.576205
282.80325,334,2489.952069
319.00092,200,2489.979888
348.76038,234,2489.997688
311.8916,181,2490.165607
265.98212,222,2490.50502
281.39536,236,2490.564638
293.5665,238,2490.57403
315.84064,245,2490.609957
25.602207,131,2490.623371
301.12543,165,2490.734342
57.759796,71,2490.889832
301.2588,313,2490.916761
249.93292,309,2491.023652
342.81168,223,2491.029151
23.57729,104,2491.059605
263.86337,445,2491.225479
82.609474,83,2491.430924
-76.777176,512,2491.439977
325.26544,612,2491.460775
318.65015,211,2491.473526
-73.29553,531,2491.557945
70.81267,113,2491.721153
290.84872,178,2491.819762
289.25015,214,2491.880929
293.17645,274,2491.960691
284.60614,284,2492.284381
-140.36633,524,2492.535107
326.094,271,2492.660027
316.24622,177,2492.664175
316.07397,214,2492.669023
337.50067,280,2492.669046
310.18793,264,2492.724268
-125.1124,978,2492.817478
-55.174232,504,2492.874566
327.0733,207,2492.879113
-197.12752,539,2493.02582
281.1433,386,2493.187928
-56.05681,518,2493.202879
270.74643,336,2493.320439
272.93494,237,2493.350599
94.45273,177,2493.455889
-72.479706,494,2493.644781
312.79163,262,2493.853422
308.55786,236,2493.888464
284.33563,319,2493.969726
298.68738,290,2493.969767
301.768,277,2493.975854
306.17575,246,2493.988813
41.230118,102,2494.430477
292.15387,263,2494.531787
315.9889,367,2494.537034
239.62796,299,2494.556371
269.79047,274,2494.556428
305.26727,244,2494.556438
274.60205,303,2494.556445
317.70557,424,2494.578612
313.9234,208,2494.828091
279.7083,265,2494.842423
302.71594,192,2494.862108
321.47662,228,2495.008897
71.550415,106,2495.025888
293.35028,259,2495.031707
281.2068,279,2495.262166
-152.925,493,2495.274374
298.75952,174,2495.398209
54.802925,208,2495.402865
316.16333,210,2495.5214
253.62851,259,2495.766912
267.74744,271,2495.821945
281.71948,181,2495.858306
316.41418,291,2495.912424
293.70755,312,2496.005344
284.56424,251,2496.010219
316.02423,249,2496.019363
341.0904,216,2496.029488
289.50525,173,2496.066812
331.25336,268,2496.071622
17.482452,150,2496.085979
327.80264,300,2496.405283
329.0359,257,2496.427139
296.16394,287,2496.702591
272.22897,237,2496.982566
320.34595,350,2497.359376
322.17456,282,2497.359427
301.31033,334,2497.37841
310.8934,298,2497.378455
309.09283,296,2497.378466
318.3783,206,2497.378474
320.07523,285,2497.387722
309.21234,409,2497.387762
288.00793,345,2497.392535
260.66455,307,2497.408399
347.8697,252,2497.566594
318.37738,351,2497.61166
30.177658,162,2497.73472
330.3114,248,2497.846955
47.01602,139,2498.017831
49.47165,152,2498.085566
321.62625,205,2498.306434
300.0453,212,2498.357808
-77.53688,530,2498.504229
317.7214,258,2498.555936
332.72308,206,2498.56867
305.59833,254,2498.584356
292.81592,262,2498.604458
299.44965,283,2498.708601
264.844,281,2498.879243
289.55737,243,2498.988314
318.61945,308,2499.170808
295.60052,248,2499.179988
230.00403,421,2499.326088
73.122826,104,2499.350123
318.89435,296,2499.461008
303.93967,240,2499.474451
307.77112,193,2499.497036
309.4521,217,2499.595381
306.79608,281,2499.619452
284.67078,239,2499.619494
295.40216,205,2499.657643
272.9672,500,2499.698957
67.63312,151,2499.867944
264.60864,301,2499.956446
69.53816,113,2500.123929
264.86887,207,2500.142325
50.2647,167,2500.247236
27.159382,139,2500.305346
300.19452,188,2500.352344
311.84167,156,2500.591294
301.47052,269,2500.605072
276.11804,213,2500.60513
356.49805,214,2500.610266
348.18256,352,2500.610299
305.05353,277,2500.621415
315.57806,206,2500.657514
286.23853,213,2500.94579
312.4845,210,2501.115663
271.15054,590,2501.314941
311.3822,219,2501.324224
288.8141,217,2501.363893
271.92276,402,2501.372516
297.76642,237,2501.68635
283.14856,339,2501.6864
326.60223,274,2501.882074
302.0514,335,2502.164167
310.36115,334,2502.172779
310.81635,339,2502.181661
323.88434,340,2502.192217
323.544,214,2502.330895
331.65512,215,2502.384018
301.11182,192,2502.602605
319.0652,284,2502.648856
279.49838,416,2502.892817
275.34412,344,2502.96823
68.06683,87,2503.000417
301.84027,186,2503.045809
-52.70598,514,2503.055269
310.4751,191,2503.076359
269.0794,623,2503.147063
312.60294,270,2503.147109
341.58185,222,2503.411753
-30.570854,519,2503.540181
316.96597,142,2503.554803
322.70346,195,2503.554868
25.992607,150,2503.750371
22.244278,181,2503.815398
268.93732,357,2503.870855
316.4124,208,2504.056315
100.38765,113,2504.113139
281.21906,227,2504.23927
334.72406,299,2504.433609
266.29816,267,2504.433657
272.64325,479,2504.443075
274.99103,284,2504.443117
328.40344,229,2504.529434
342.3105,241,2504.745028
-49.28001,502,2504.750469
305.4488,208,2504.80284
323.02777,195,2504.807678
307.24762,292,2505.01556
298.80383,191,2505.224087
325.4439,202,2505.466682
271.64432,320,2505.486386
286.61932,217,2505.54175
307.4921,287,2505.553203
271.2858,307,2505.603294
275.3977,200,2505.750588
283.06805,258,2505.850636
288.31937,274,2505.850691
304.326,230,2505.973856
324.87125,245,2505.99379
321.8672,198,2506.029861
344.4942,187,2506.176694
273.72424,273,2506.204322
301.09952,362,2506.30792
186.56868,1000,2506.611279
299.48737,261,2506.952387
85.30939,148,2507.068678
325.5174,259,2507.093153
335.43802,326,2507.174507
310.27692,237,2507.263291
341.58664,339,2507.334976
293.9178,377,2507.514646
341.1903,307,2507.601154
270.23474,334,2507.601206
329.23245,340,2507.637858
313.60764,283,2507.664146
301.02502,212,2508.081192
322.23117,199,2508.129775
308.2995,368,2508.129832
-42.77423,519,2508.184343
335.7363,194,2508.343926
273.33508,173,2508.422562
277.01538,350,2508.448135
321.5195,215,2508.731214
243.73145,296,2508.746365
-107.09171,530,2508.751288
298.51538,214,2508.790349
309.43536,239,2508.864179
277.21017,304,2508.8692
298.2104,340,2508.90244
299.52176,200,2509.194004
64.91112,99,2509.257666
311.4776,215,2509.266138
306.86908,252,2509.709118
297.33038,303,2509.735097
316.7726,204,2509.775426
327.08124,246,2510.097795
-65.0462,504,2510.180628
251.00525,297,2510.208886
314.59674,354,2510.208931
312.0922,374,2510.208941
320.5653,280,2510.231706
292.57074,296,2510.236036
278.52084,282,2510.236063
289.908,160,2510.516596
307.19907,272,2510.534509
71.25302,96,2510.542563
85.087265,88,2510.618665
283.5865,312,2510.657507
287.19495,298,2510.661893
287.86243,247,2510.888928
298.18344,143,2510.902703
291.48425,263,2510.94237
338.35773,175,2511.049216
321.6087,184,2511.071575
71.448746,149,2511.216713
310.64514,243,2511.375837
313.44647,259,2511.398004
299.98682,253,2511.398034
320.8606,213,2511.653734
270.86438,736,2511.658279
342.40186,240,2511.662922
262.77277,242,2511.662946
310.84756,225,2511.667826
338.57474,234,2511.758432
272.86136,194,2511.789221
301.2084,212,2511.920471
310.48947,185,2511.925929
86.897675,105,2512.126856
312.92627,209,2512.166814
23.383595,113,2512.171827
320.7148,247,2512.176971
290.90735,173,2512.177006
326.08508,173,2512.177016
304.21246,278,2512.177023
251.24301,266,2512.575427
312.0933,200,2512.694984
261.59784,243,2512.774597
329.86517,175,2512.988449
314.87476,291,2512.994419
302.08307,249,2513.071279
309.4077,226,2513.229221
304.20044,251,2513.29373
269.6765,242,2513.298435
316.26126,303,2513.316543
51.21109,111,2513.510518
314.7279,304,2513.596706
324.93457,199,2513.635576
327.39932,244,2513.727678
300.9936,373,2513.915441
73.92975,97,2514.053092
331.56046,202,2514.244821
281.73523,269,2514.254117
304.57773,229,2514.594282
324.84634,271,2514.594334
326.80475,205,2514.599261
312.94247,186,2514.604371
299.61182,343,2514.843059
327.63672,222,2515.310826
334.6208,224,2515.31087
297.795,673,2515.33382
325.2145,298,2515.33386
295.72632,169,2515.396909
280.52737,807,2515.528191
326.72772,196,2515.532498
291.3709,321,2515.569329
310.73468,625,2515.721071
331.61035,191,2515.74568
-129.3666,573,2515.768194
99.895615,102,2515.781267
272.4035,551,2515.902422
283.1195,287,2515.958246
97.973625,127,2516.171749
142.33199,1000,2516.330735
50.230225,146,2516.396663
103.875336,74,2516.492881
292.84882,263,2516.519112
265.70355,258,2516.519158
324.58423,246,2516.528301
330.02924,228,2516.571852
305.8747,425,2516.576613
310.81235,220,2516.752543
282.68542,267,2516.986129
35.291885,143,2517.046186
338.8731,198,2517.219045
326.90732,169,2517.282331
297.75363,171,2517.30014
272.4815,173,2517.354326
290.01776,279,2517.83393
-84.532486,509,2517.843413
304.38995,295,2517.847001
292.02203,149,2517.950738
330.39584,206,2517.964668
-46.774944,485,2517.977929
289.7384,224,2517.991924
302.69043,276,2517.991965
300.62592,172,2518.076957
-84.821365,506,2518.236096
-32.02118,525,2518.271508
309.80096,302,2518.584038
297.33044,178,2518.643072
-76.91873,495,2518.731711
82.117714,149,2518.75931
83.38083,178,2518.807672
291.2486,332,2518.862913
289.86987,207,2518.926779
355.35516,204,2518.926829
311.78186,224,2518.979199
97.91322,98,2519.248349
329.26996,311,2519.256947
82.80199,85,2519.303561
77.54912,87,2519.359348
298.7952,247,2519.386595
316.21417,154,2519.447462
316.81476,210,2519.889541
170.65424,1000,2519.894587
102.06265,96,2519.903954
304.19458,289,2519.91355
318.9013,285,2519.964097
11.977058,122,2519.973088
42.067078,162,2520.01119
307.62384,273,2520.133822
303.10443,218,2520.34647
318.50037,206,2520.351662
259.64954,232,2520.361197
283.38272,518,2520.369785
278.49237,352,2520.379411
247.45212,482,2520.471741
42.81077,184,2520.815416
301.46753,190,2520.849637
316.98962,210,2520.883414
321.26596,170,2521.10865
268.10974,709,2521.108696
295.80505,262,2521.108706
317.19727,267,2521.150067
332.1738,179,2521.161966
338.98914,201,2521.383495
281.5564,299,2521.388513
270.2328,324,2521.396251
28.620232,153,2521.8094
286.37433,215,2522.149946
290.02795,391,2522.154227
305.39545,283,2522.178276
281.84924,448,2522.183825
283.21338,291,2522.183887
277.2248,234,2522.183903
278.24863,229,2522.201426
286.57635,357,2522.443753
295.97223,293,2522.449051
310.7394,238,2522.47261
290.47382,465,2522.481611
266.53204,472,2522.498644
260.52692,298,2522.745783
263.6935,304,2522.781631
26.18129,142,2522.830511
51.753235,151,2522.870243
275.25232,246,2522.934239
311.41086,171,2522.957347
287.43604,224,2523.22654
305.6353,231,2523.244625
283.6833,217,2523.453273
334.87683,151,2523.457451
278.93604,290,2523.465751
312.91492,217,2523.474026
266.29788,209,2523.677371
284.74005,277,2523.696652
310.86664,280,2523.704209
338.37158,223,2523.929638
280.9456,349,2524.050711
297.135,245,2524.050762
299.68817,264,2524.050771
313.00955,208,2524.153562
318.72076,226,2524.230447
330.8023,173,2524.230503
281.8006,186,2524.293061
-107.18497,516,2524.468182
295.5742,212,2524.633723
315.22327,209,2524.63817
60.56834,99,2524.739794
268.3933,284,2524.745042
285.16455,279,2524.969371
303.9416,203,2524.974139
-100.15334,492,2525.043376
286.58728,210,2525.104346
316.71136,279,2525.18217
306.80402,221,2525.216989
50.736916,240,2525.298808
81.4988,97,2525.387374
272.1433,306,2525.416229
289.95157,179,2525.43121
-2.4283867,89,2525.603239
96.634056,135,2525.688637
73.85144,108,2525.768013
317.07434,201,2525.844647
331.36618,186,2525.849143
311.70352,313,2525.859666
312.21564,289,2526.009517
-62.345898,490,2526.226802
62.35208,118,2526.294248
74.595795,105,2526.315745
83.243645,113,2526.525725
338.8642,194,2526.569773
309.16348,272,2526.611716
316.16968,265,2526.628033
84.17859,125,2526.811731
69.5936,89,2527.015751
67.08017,107,2527.020996
272.4401,284,2527.163445
265.08453,827,2527.196701
311.9041,199,2527.254743
267.19165,403,2527.25479
293.3775,580,2527.2548
343.58447,175,2527.384549
86.82904,120,2527.714583
86.00091,162,2527.762946
98.023254,127,2527.777112
296.61884,579,2527.804086
109.83082,138,2527.874485
307.64954,317,2528.072456
280.03638,789,2528.317852
313.136,204,2528.317901
304.9436,234,2528.323059
301.63907,283,2528.328079
285.02148,332,2528.340986
-73.30914,488,2528.545614
346.5941,216,2528.702947
307.08737,180,2528.702994
288.8781,198,2528.712567
265.47144,687,2528.74652
260.8897,195,2528.976578
286.16736,270,2529.002197
294.77618,207,2529.265787
267.51733,219,2529.325418
326.9206,223,2529.338932
296.8091,196,2529.610134
266.97226,204,2529.674233
260.3858,310,2529.752593
294.3072,179,2529.819804
324.424,213,2529.951211
279.50784,610,2530.058179
302.80988,375,2530.058239
289.12344,312,2530.15403
319.21753,348,2530.163346
70.31421,132,2530.29877
350.93365,165,2530.383743
285.17957,245,2530.403737
149.86418,1000,2530.452265
294.00574,277,2530.621435
345.3355,186,2530.688328
281.45984,468,2530.849174
289.51862,182,2530.877591
34.34435,124,2531.005472
83.44127,97,2531.060773
313.4402,263,2531.165656
83.5121,123,2531.250861
327.34534,335,2531.30721
320.06915,251,2531.30727
322.69153,198,2531.307284
58.518692,114,2531.415031
350.58734,234,2531.45627
297.24,268,2531.534803
327.30405,149,2531.551874
266.6596,831,2531.603674
268.08545,318,2531.611361
280.15952,342,2531.630156
-47.41066,511,2531.683746
332.82187,192,2531.896404
59.727966,138,2531.940866
86.74001,95,2531.964505
314.72192,177,2532.063446
60.696236,108,2532.100351
346.19687,227,2532.214531
314.0891,233,2532.382962
334.98083,210,2532.383027
290.65747,236,2532.397117
38.174503,101,2532.575483
-34.75272,139,2532.721458
10.270657,109,2532.730511
346.62677,278,2532.748127
25.559921,191,2533.270288
294.47144,331,2533.503692
305.3869,241,2533.503744
259.62262,395,2533.511071
325.95917,366,2533.593946
294.10632,220,2533.593997
317.44513,196,2533.620304
323.46912,362,2533.620351
308.2121,431,2533.620363
293.9469,266,2533.629535
300.04755,573,2533.712422
312.1078,468,2533.712476
287.74118,222,2533.768506
-15.889984,110,2533.778767
297.99268,481,2533.832582
80.737206,124,2534.234426
-7.1015472,132,2534.259673
30.974182,123,2534.315904
290.40533,186,2534.485679
312.21777,186,2534.51529
353.0255,212,2534.524711
293.09323,214,2534.524747
361.33624,189,2534.529129
90.92438,100,2534.729187
320.21594,196,2534.780082
11.37212,118,2534.791182
323.58224,237,2534.90971
298.47345,275,2534.909765
257.29968,313,2534.991611
277.59747,305,2535.165677
311.99164,203,2535.262175
322.12573,545,2535.290007
27.91676,143,2535.453705
60.141438,109,2535.500009
330.7021,191,2535.639076
307.39307,242,2535.670962
320.94427,191,2535.681019
68.30202,103,2535.781232
313.49173,305,2535.973158
305.17752,172,2535.99271
270.79553,247,2536.083375
281.69403,256,2536.122848
319.34985,155,2536.197825
58.3951,106,2536.275528
274.19922,377,2536.301654
249.23419,395,2536.372239
107.57042,101,2536.427403
293.21393,192,2536.553695
275.36484,287,2536.605338
294.57483,201,2536.60539
297.36163,238,2536.610139
355.95135,228,2536.688976
69.82637,89,2536.708595
349.16803,169,2536.75866
82.81044,102,2536.839439
21.817822,144,2537.093754
273.95862,250,2537.227523
261.8653,247,2537.251962
315.54227,177,2537.517779
-61.999542,840,2537.711029
296.40546,239,2537.788922
313.82333,263,2537.821477
277.44922,265,2537.826244
259.91574,218,2537.839211
298.62494,293,2537.955229
270.12183,370,2537.975596
330.70972,193,2538.113103
-10.813957,816,2538.303254
296.2602,184,2538.395975
-70.42454,512,2538.57392
255.55905,193,2538.763696
300.35876,211,2538.796993
240.04803,208,2538.951471
300.3135,513,2538.956491
-12.502602,507,2539.123221
309.90875,431,2539.270347
58.02101,99,2539.420515
332.1563,192,2539.647425
267.70947,358,2539.655788
-63.205513,453,2539.940312
329.42932,456,2539.950333
-185.83098,486,2539.982095
283.7584,309,2539.999348
247.72864,413,2540.291367
-31.084785,474,2540.482569
-92.89786,516,2540.506693
320.18225,234,2540.709658
256.59863,351,2540.727755
-17.821198,793,2540.759828
228.35585,427,2540.893884
352.4243,208,2540.927298
295.42392,205,2540.927332
276.97964,282,2540.935647
335.47742,394,2541.050498
-74.392654,516,2541.135955
68.05966,110,2541.216692
239.92284,301,2541.306172
66.59268,103,2541.349147
71.83522,105,2541.401468
-253.68484,490,2541.622606
286.53677,274,2541.999252
289.49316,301,2542.075695
334.1305,348,2542.084969
282.20218,295,2542.265865
-147.6286,521,2542.307469
332.97943,191,2542.508853
290.0843,329,2542.559607
354.39224,282,2542.64933
-133.86465,546,2542.790638
340.53394,209,2543.060864
295.50214,398,2543.060919
251.4245,571,2543.102229
326.25763,220,2543.102286
309.12866,176,2543.133379
-79.62364,543,2543.413303
-91.35734,505,2543.465807
-147.42262,497,2543.602541
311.52087,277,2543.832681
318.72736,175,2543.926078
312.4198,248,2543.926128
350.13928,191,2543.926138
244.45337,423,2543.947654
95.37279,92,2544.016364
305.18536,401,2544.118377
307.10687,153,2544.118427
260.43515,320,2544.128278
349.6858,256,2544.230269
344.42383,373,2544.230317
338.17453,271,2544.334299
72.27641,140,2544.575463
100.20497,124,2544.686673
330.19867,270,2544.705384
294.98224,233,2545.017124
269.60358,192,2545.017179
333.0581,255,2545.025747
302.98566,177,2545.059339
260.93262,246,2545.079737
315.46924,194,2545.137933
289.20538,254,2545.204126
-64.21083,500,2545.408546
334.71738,211,2545.561211
276.22385,279,2545.639226
312.61105,278,2546.002993
192.28159,1000,2546.026325
296.38495,458,2546.263119
330.40912,259,2546.283648
270.966,275,2546.297376
309.3521,253,2546.316123
341.8308,293,2546.423984
264.8869,394,2546.527321
287.6676,294,2546.564855
224.19617,587,2546.681328
299.99146,209,2546.972465
259.86804,426,2546.992935
254.09471,281,2547.324536
336.34567,230,2547.350358
-43.347603,528,2547.451641
270.2877,235,2547.495808
305.08664,182,2547.51287
327.1748,208,2547.521991
275.84937,275,2547.522019
266.3299,220,2547.533786
-127.14904,531,2547.846275
302.84283,338,2547.851166
287.68036,201,2547.881516
64.55003,91,2547.940439
-22.240837,525,2547.966835
-48.36182,518,2548.017893
59.95202,148,2548.017933
320.43164,234,2548.061348
214.05084,459,2548.368636
337.4881,224,2548.502384
310.70212,262,2548.510583
330.8891,164,2548.601934
326.29724,194,2548.733171
299.81747,284,2548.808214
270.7173,223,2548.960665
288.10394,339,2548.995937
307.2879,325,2549.001437
300.4678,225,2549.001476
354.27142,209,2549.019835
280.66556,219,2549.024951
99.54862,118,2549.14725
301.2137,266,2549.242109
316.24738,259,2549.569863
311.27338,228,2549.569912
283.06345,366,2549.569922
313.5614,236,2549.601172
298.72046,212,2549.713775
-39.504597,503,2549.8109
323.4787,217,2549.955769
290.0019,250,2549.955821
326.05524,212,2549.986518
286.54785,276,2550.273499
313.74768,286,2550.455569
303.11548,317,2550.455638
295.07416,302,2550.615977
316.47687,263,2550.757306
231.65921,387,2550.762182
308.28625,193,2550.837905
52.713276,102,2550.920309
266.77997,298,2550.924676
61.012245,113,2550.969558
252.33002,305,2551.099063
286.9078,332,2551.107456
313.64252,457,2551.107502
335.32758,309,2551.36329
302.47015,182,2551.441686
312.27115,260,2551.446251
308.5964,200,2551.661128
327.41138,158,2551.675285
278.1941,387,2551.741665
343.62225,239,2551.846657
296.96265,503,2551.846706
-5.4686966,507,2552.105813
307.40576,230,2552.135821
319.74588,298,2552.265932
264.66583,315,2552.266017
322.95593,256,2552.266027
314.81036,186,2552.286064
349.6477,191,2552.313007
310.16632,321,2552.3794
358.96466,205,2552.609754
331.78067,233,2552.814764
283.8358,362,2553.02001
260.6565,313,2553.120695
330.63696,279,2553.133018
258.63156,291,2553.188766
340.44998,191,2553.19766
333.62323,201,2553.197697
248.38696,231,2553.207827
292.06073,224,2553.303439
293.4906,258,2553.303548
258.41486,235,2553.353769
296.9773,316,2553.755826
284.50513,213,2553.805745
297.1784,259,2553.81204
326.36322,207,2554.091047
307.86038,193,2554.104063
190.21072,371,2554.108745
281.8596,653,2554.11855
316.98737,224,2554.18756
88.34495,91,2554.236232
331.9985,240,2554.472217
313.10773,251,2554.472266
332.78082,277,2554.485387
270.93225,254,2554.485433
316.52634,276,2554.489822
315.80725,285,2554.513556
341.93286,175,2554.566546
40.177147,124,2554.740754
86.86722,85,2554.867272
7.554573,191,2554.977474
251.44449,436,2555.029232
-18.953285,137,2555.08885
248.32388,231,2555.142816
308.36047,244,2555.188925
337.91595,163,2555.20275
304.27545,309,2555.215976
275.97714,294,2555.426011
308.87204,235,2555.528561
97.43109,110,2555.671882
285.25842,339,2555.745857
325.01004,213,2555.816208
305.19238,309,2555.869549
321.6576,262,2555.915176
321.59027,161,2555.923134
301.77957,305,2555.928135
301.28436,212,2555.928159
48.048042,82,2556.184995
305.03815,298,2556.415582
336.20642,221,2556.415643
214.73181,279,2556.462028
282.03473,323,2556.470122
334.49347,211,2556.47895
82.94075,91,2556.589621
24.579803,161,2556.647594
72.596954,183,2556.689558
285.2639,180,2556.728826
294.50256,241,2556.758483
-70.15686,511,2556.802622
300.92267,220,2556.903226
284.82483,169,2557.237742
286.533,183,2557.247163
273.0317,313,2557.333903
93.12972,125,2557.367971
15.234993,149,2557.413047
266.976,251,2557.552472
348.1518,177,2557.562099
290.65863,548,2557.611822
332.58258,247,2557.717849
40.321114,120,2557.786515
331.60907,253,2557.800548
30.535225,128,2557.838791
314.3933,277,2557.967418
285.96173,232,2557.972761
42.156303,146,2558.281434
316.87817,414,2558.349743
52.261093,153,2558.493368
-63.463863,498,2558.763721
281.28748,268,2558.798784
340.63052,225,2558.845489
249.31233,306,2558.972635
299.2218,358,2558.977263
292.40045,224,2558.992759
293.9589,283,2559.248392
319.43427,415,2559.309913
251.12582,230,2559.401009
262.24713,369,2559.406161
326.41962,212,2559.46012
242.03922,832,2559.543017
290.64194,282,2559.581242
290.7155,184,2559.603957
305.24683,200,2559.708779
13.69989,108,2559.752643
289.1181,211,2559.94506
319.18658,219,2559.99539
302.02686,257,2560.014262
285.2972,579,2560.028998
314.7415,151,2560.103143
289.66595,156,2560.121306
79.34744,153,2560.299388
309.75812,207,2560.410823
271.03223,604,2560.601108
276.20322,248,2560.678719
337.5243,231,2560.767205
252.05301,332,2560.837699
332.33417,282,2561.045552
300.64362,257,2561.167673
298.8413,238,2561.211432
-52.164223,508,2561.289353
297.25302,305,2561.332486
341.24533,289,2561.341652
321.2757,230,2561.346214
109.8221,97,2561.479329
306.06128,311,2561.819664
295.63855,494,2561.824299
331.80865,255,2561.831766
334.92767,174,2561.951357
113.94716,95,2562.245406
-41.14198,517,2562.344344
349.40674,254,2562.481663
289.33777,287,2562.499787
331.19608,216,2562.802991
315.93304,189,2562.803054
315.25647,294,2562.80307
227.92746,442,2562.829468
313.45392,330,2562.835246
287.6294,166,2563.006963
-154.33833,505,2563.045775
19.124336,126,2563.376245
84.23354,168,2563.564549
337.60028,214,2563.794706
302.9613,319,2563.794758
330.7489,220,2563.794768
275.99408,450,2563.846024
299.6236,292,2564.149136
296.5157,259,2564.166615
271.7443,405,2564.308508
274.27078,206,2564.486608
151.08435,1000,2564.616946
300.3337,289,2564.671149
284.7874,365,2564.685507
334.9015,204,2564.713899
-169.67372,532,2564.906793
26.279728,105,2564.970335
298.91287,199,2565.076526
330.9879,284,2565.086869
165.45029,1000,2565.127861
302.2733,300,2565.159767
277.98453,263,2565.349181
78.61763,153,2565.383257
-154.53032,902,2565.417126
326.3254,261,2565.509423
342.1192,198,2565.626952
338.32812,207,2565.639354
31.12262,159,2565.791862
139.48805,1000,2565.807264
39.649094,109,2565.902249
325.08557,282,2565.906746
97.96908,118,2566.147158
305.29443,297,2566.244145
326.60367,225,2566.355321
294.66162,283,2566.426543
303.58508,208,2566.431408
305.07837,300,2566.431453
257.42743,325,2566.431463
337.65784,238,2566.440436
316.2005,197,2566.514685
319.3061,204,2566.820359
283.33026,250,2567.298231
279.224,203,2567.298299
336.7013,189,2567.314023
294.0009,334,2567.322802
232.73483,312,2567.331406
230.01682,793,2567.465329
329.46442,223,2567.484529
326.2695,178,2567.667546
312.40594,253,2567.701145
260.89502,410,2567.701181
323.963,562,2567.70119
316.54944,278,2567.729615
59.071346,114,2567.979168
359.81647,224,2568.357987
309.0274,249,2568.460095
340.75366,219,2568.488973
307.40817,259,2568.493836
70.34761,178,2568.511376
269.0603,183,2568.532983
341.0241,244,2568.812222
290.37286,520,2568.835179
276.01004,334,2568.835227
293.31415,243,2568.840148
282.51468,282,2568.949469
311.9206,209,2569.313002
315.02472,183,2569.322101
282.13226,191,2569.326185
336.2627,184,2569.346229
-2.2438278,769,2569.775044
291.32898,213,2569.780038
326.60312,210,2569.789092
268.91608,212,2569.800098
287.7543,542,2569.804365
330.16913,342,2570.045312
31.677856,160,2570.053608
-15.674213,141,2570.424001
287.70636,345,2570.495887
284.20148,370,2570.495935
281.4644,282,2570.582168
-4.9988785,135,2570.628597
327.61078,197,2570.642399
331.57574,298,2570.642427
293.00516,291,2570.642438
277.9483,208,2570.703835
316.9465,160,2570.754206
319.60394,225,2570.776809
294.2068,225,2570.794709
157.33794,1000,2570.977265
47.831856,106,2571.114374
250.84467,577,2571.118273
49.84475,114,2571.152186
292.10803,165,2571.156787
274.36716,194,2571.356392
17.567444,148,2571.452814
101.36023,93,2571.569948
282.2202,227,2571.719397
344.1071,273,2571.844868
283.2512,331,2571.972039
105.41258,114,2572.079262
292.5766,339,2572.100108
296.23407,308,2572.125682
269.25787,306,2572.142683
304.89487,281,2572.231629
301.75696,248,2572.266371
253.15482,978,2572.38011
311.08002,245,2572.462842
336.08932,301,2572.467515
296.797,300,2572.467563
74.39095,113,2572.784007
290.2331,162,2572.815669
347.68097,159,2572.829527
282.20145,486,2572.834332
295.54425,245,2572.834365
321.38547,169,2572.919759
293.437,329,2572.949888
318.91333,215,2572.964188
343.45255,159,2572.973192
43.409744,160,2573.538443
310.26758,242,2573.564079
309.36047,261,2573.653533
331.50537,314,2573.890834
340.742,213,2573.905693
297.46606,337,2573.918932
304.52228,248,2573.954675
60.16068,103,2574.00902
316.89505,318,2574.235674
343.59216,291,2574.239899
279.1955,315,2574.262326
33.257587,114,2574.415305
225.64925,580,2574.486597
305.12213,383,2574.571017
281.35815,223,2574.664293
38.827507,135,2574.860898
260.33643,430,2574.89697
320.16095,217,2574.897023
92.650345,98,2574.918559
58.994728,103,2575.025878
333.6173,236,2575.068385
34.16191,196,2575.107563
296.2577,229,2575.254046
295.59332,380,2575.282313
318.26578,303,2575.317533
283.01288,205,2575.326535
296.1869,318,2575.335738
308.96155,161,2575.383854
259.41904,794,2575.717349
74.5515,94,2575.740349
258.41708,651,2575.906607
318.0863,256,2576.089903
323.47784,214,2576.095057
290.8837,264,2576.104691
313.63766,178,2576.104726
329.60052,236,2576.109201
331.16827,274,2576.113639
292.29523,296,2576.432945
255.4413,335,2576.433007
88.237114,94,2576.553331
306.05753,300,2576.645413
312.298,280,2576.684967
307.78345,169,2576.698629
286.56268,295,2576.703599
337.96838,214,2576.722456
313.78485,157,2576.837299
302.50946,261,2576.966117
314.03638,189,2576.974232
103.07036,120,2577.249697
311.7276,157,2577.406549
282.3319,188,2577.415569
317.1123,215,2577.425135
288.27682,173,2577.438823
80.9583,105,2577.450458
354.92963,200,2577.633095
302.4525,334,2577.637959
342.48303,249,2577.835186
260.16418,547,2577.839815
336.886,146,2577.908444
325.61316,267,2578.184894
298.0047,466,2578.236968
282.68207,473,2578.285892
326.47665,404,2578.295271
319.4663,320,2578.309256
310.88556,196,2578.3093
316.0247,194,2578.30931
293.1875,201,2578.364644
82.57911,102,2578.726032
79.99858,101,2578.787582
326.59964,264,2578.872158
339.15924,272,2578.912667
272.89194,330,2578.960266
262.42795,336,2579.016325
66.493,147,2579.059819
64.24795,175,2579.110709
300.72986,291,2579.216144
302.5633,224,2579.246977
269.87695,201,2579.262153
108.2646,145,2579.4794
325.39825,258,2579.533706
67.81265,102,2579.547448
74.03516,108,2579.629307
287.49268,288,2579.660572
298.38663,214,2579.891411
325.51715,263,2579.967558
349.31403,184,2580.112927
277.26746,466,2580.112976
310.78598,498,2580.188109
295.05963,281,2580.288197
279.21024,311,2580.493223
303.8333,220,2580.570817
279.15533,197,2580.589451
280.37482,372,2580.667729
279.94916,224,2580.940701
264.91177,374,2580.984246
291.53625,289,2580.989182
288.4724,383,2581.069553
282.0821,234,2581.069606
263.33725,214,2581.125211
315.43008,354,2581.218842
312.34082,156,2581.228179
297.19574,221,2581.236985
305.5728,376,2581.251636
88.15805,204,2581.256267
90.323685,101,2581.464262
312.02765,297,2581.513507
92.32106,112,2581.590886
321.98834,193,2581.966368
304.70227,168,2582.023456
285.26556,178,2582.034894
306.2138,240,2582.05261
350.40125,179,2582.06967
95.092804,105,2582.069699
276.48224,302,2582.074736
329.93887,345,2582.166766
336.90387,342,2582.171245
88.709724,104,2582.544358
82.32588,117,2582.572464
292.00635,249,2582.601132
71.33741,94,2582.998068
305.86624,213,2583.026042
276.54877,415,2583.030493
292.52365,447,2583.038427
333.63516,335,2583.043447
339.345,215,2583.053468
329.88647,229,2583.075609
327.89893,266,2583.185111
103.57819,94,2583.488312
-48.522217,507,2583.563259
89.2964,123,2583.570407
280.06326,238,2583.696905
293.60114,253,2583.710433
287.78412,380,2583.921373
83.71785,83,2583.95211
60.869907,102,2583.965989
319.17618,242,2584.144448
287.31714,246,2584.174483
332.38614,248,2584.21719
358.85968,225,2584.217246
334.16324,258,2584.21726
288.77032,256,2584.228505
-37.427658,489,2584.326796
-78.829124,494,2584.445813
42.28617,150,2584.655364
319.0495,213,2584.694893
316.31738,241,2584.694949
42.947327,101,2584.699538
301.2353,225,2584.76877
325.90094,201,2584.910114
343.7364,164,2584.962563
346.12955,197,2585.088365
90.24878,97,2585.163047
38.351254,97,2585.36009
354.43622,194,2585.371201
336.7232,234,2585.441968
306.67047,267,2585.486755
337.7001,170,2585.571079
349.77106,239,2585.827901
274.4701,339,2585.827959
140.7403,1000,2585.875542
329.87537,210,2585.954514
28.624619,134,2586.006242
279.3703,202,2586.044274
119.055664,85,2586.23642
309.15833,170,2586.249232
35.508926,95,2586.283751
262.59137,436,2586.303596
59.567505,82,2586.39884
127.77315,126,2586.486941
330.68768,235,2586.507119
55.299767,98,2586.520959
286.78772,468,2586.866989
320.5042,163,2587.065825
-59.960552,509,2587.109027
306.65103,202,2587.350997
283.63486,465,2587.365803
87.20505,107,2587.380786
301.39008,732,2587.385119
302.85406,442,2587.600277
248.45218,230,2587.613725
257.6221,288,2587.629084
315.56827,245,2587.65325
322.89813,435,2587.653305
271.96747,296,2587.653317
320.0249,241,2587.653327
271.95435,288,2587.663103
45.960236,91,2588.082376
21.56686,104,2588.091404
304.5557,191,2588.263279
359.0878,184,2588.263329
307.06854,254,2588.280375
1.9214249,76,2588.424538
268.2641,227,2588.439523
308.36066,174,2588.459913
74.339836,105,2588.573409
334.8272,199,2588.578185
9.781197,77,2588.617645
317.08392,286,2588.726979
338.0268,353,2588.775185
314.5855,257,2588.821566
338.8905,271,2588.880789
251.92763,618,2588.880847
63.24044,127,2589.21344
318.77533,208,2589.248352
328.0548,188,2589.315655
97.403465,98,2589.330869
68.47836,110,2589.336183
351.5962,169,2589.368037
321.64258,173,2589.381911
278.0484,244,2589.400907
15.542202,119,2589.898842
300.6867,309,2589.927273
57.83618,175,2590.093803
310.2563,157,2590.143197
297.6752,286,2590.143245
296.44574,265,2590.143255
302.1479,163,2590.160135
293.41025,534,2590.174221
313.169,242,2590.376395
286.48975,412,2590.386301
304.07617,220,2590.398813
308.32697,234,2590.461139
48.14698,143,2590.574155
96.72827,102,2590.618034
91.97935,92,2590.804832
74.55409,96,2591.069963
355.16602,263,2591.163581
287.17432,518,2591.182003
305.35193,234,2591.464688
329.06104,219,2591.468985
321.65515,300,2591.560646
48.12424,125,2591.73862
47.34671,151,2591.767194
318.35583,377,2591.893321
338.80658,236,2591.893387
286.67685,395,2591.930858
78.125626,86,2591.962797
78.81146,107,2591.962833
36.702232,126,2592.323255
162.2172,1000,2592.35021
72.696625,87,2592.374637
-282.04254,500,2592.48357
12.327625,127,2592.489385
354.60077,229,2592.541105
358.29456,166,2592.541149
35.764256,93,2592.74943
105.87066,112,2592.878717
64.53255,78,2592.888833
-18.402634,81,2592.905441
17.973892,111,2592.98642
289.84784,616,2592.995815
-41.76164,535,2593.04981
301.4052,259,2593.127732
338.411,186,2593.333279
257.0981,225,2593.373567
220.89923,863,2593.424334
306.4945,160,2593.61086
299.85162,529,2593.610921
311.18616,201,2593.665698
314.56827,190,2593.853486
328.72485,178,2593.859223
329.00726,272,2594.153771
292.53503,179,2594.158297
262.00256,493,2594.163507
-62.44897,816,2594.163543
297.33624,258,2594.182334
319.67224,281,2594.182372
262.65292,217,2594.390204
276.4806,551,2594.516476
314.93533,252,2594.603309
74.13046,96,2594.613897
286.69232,203,2594.622206
34.21823,99,2594.629853
81.39523,94,2594.629898
267.87976,329,2594.654712
309.69296,200,2594.796336
300.70047,253,2594.796391
274.84784,253,2594.796402
327.49966,220,2594.897482
319.29047,197,2595.103965
41.609844,125,2595.190798
95.45761,127,2595.218732
29.17517,162,2595.390086
283.66406,275,2595.463974
25.347725,184,2595.469105
266.49597,279,2595.483983
-9.057465,130,2595.513376
299.09586,191,2595.555375
234.639,269,2595.656683
343.05692,244,2595.773832
349.80432,208,2595.782305
306.52222,219,2595.833025
297.9652,252,2595.980218
64.09245,175,2596.019694
55.37934,88,2596.059685
57.511475,130,2596.069444
321.91843,143,2596.21384
302.42004,259,2596.416419
312.49387,202,2596.431203
18.27127,178,2596.580699
258.61847,385,2596.885027
340.198,310,2596.899623
305.45663,237,2596.904428
317.73523,186,2596.909247
312.50916,522,2596.925728
302.46515,383,2597.137826
309.846,240,2597.137878
51.41825,94,2597.314976
290.2281,201,2597.350323
354.77988,208,2597.368015
292.75146,359,2597.608019
250.74336,492,2597.708566
295.99078,179,2597.708608
305.485,436,2597.747734
278.8992,186,2597.751815
317.06528,265,2597.787372
318.06543,438,2597.995691
28.80281,114,2598.210409
66.657974,150,2598.267681
325.59415,228,2598.390026
316.70648,234,2598.400139
273.19794,281,2598.409031
327.658,244,2598.409074
39.935738,93,2598.414314
310.97955,330,2598.414347
336.3197,340,2598.436901
84.75721,78,2598.629853
345.13702,215,2598.714933
333.20624,207,2598.714986
69.33157,115,2598.735671
73.32738,92,2598.814898
239.41975,391,2598.913396
292.43674,278,2599.008163
305.2627,178,2599.218558
261.1386,187,2599.256057
326.6457,192,2599.272241
285.5937,357,2599.315069
95.22923,177,2599.513115
326.8639,279,2599.887186
311.84006,255,2599.887234
314.36273,248,2599.935142
335.85358,276,2600.224945
354.92416,164,2600.240429
104.765,108,2600.402485
292.92105,266,2600.501014
110.18771,144,2600.523086
281.97604,295,2600.531343
149.2778,1000,2600.706676
234.00528,476,2600.844769
329.80545,216,2600.844814
60.06829,155,2600.924051
212.81085,578,2600.983005
258.6759,396,2601.048691
314.7291,185,2601.082266
258.98688,658,2601.38707
343.66132,260,2601.903926
309.59882,236,2602.015245
308.8958,360,2602.171108
338.76343,250,2602.225907
289.23877,270,2602.225986
328.037,318,2602.307487
312.1682,416,2602.307534
297.5628,219,2602.381462
-94.32806,708,2602.470122
42.052383,134,2602.82578
265.0153,975,2602.839799
219.2648,872,2602.844659
187.27039,520,2602.868929
292.30023,443,2602.868973
-101.8268,515,2602.878942
50.426315,158,2603.01404
67.385635,136,2603.064096
28.087074,105,2603.332327
123.29744,114,2603.345583
-130.72179,508,2603.349843
51.225147,146,2603.473763
34.750774,102,2603.514606
327.48685,198,2603.757565
286.88803,393,2603.771562
286.9592,358,2603.771595
293.4214,329,2603.776497
35.8458,95,2603.941549
284.17917,251,2603.959062
295.12888,383,2604.077586
298.9912,284,2604.125847
-60.146603,526,2604.245564
266.61423,225,2604.324006
-218.08249,517,2604.51412
280.81116,372,2604.650922
340.18024,358,2605.362416
293.79437,359,2605.362467
297.13477,289,2605.411552
308.98297,243,2605.411592
318.50275,261,2605.411602
321.18945,170,2605.421717
314.50546,373,2605.425495
286.11105,336,2605.433675
262.64758,380,2605.442994
-24.5766,460,2605.52316
-70.980415,501,2605.585155
-167.69034,536,2605.747451
244.38434,411,2605.803334
7.1813126,123,2605.991289
24.30521,109,2606.024642
274.63342,358,2606.146954
252.90088,467,2606.186028
291.67667,197,2606.317595
298.66388,201,2606.346421
304.13373,209,2606.374685
86.95528,169,2606.513233
346.7123,270,2606.599285
279.49704,259,2606.599336
327.1789,256,2606.617781
293.0822,307,2606.765052
293.38806,222,2607.029789
-11.771812,297,2607.146359
284.43112,185,2607.183839
295.78784,193,2607.193564
338.4096,225,2607.201675
231.96126,357,2607.211565
298.67413,331,2607.646681
-28.293983,488,2607.66001
318.79108,284,2607.66006
82.42609,142,2607.6778
292.48334,303,2607.972618
22.081604,81,2608.024319
31.060646,91,2608.085957
328.98547,201,2608.119482
3.981186,476,2608.148564
295.11584,255,2608.293756
261.25525,269,2608.405277
280.46857,429,2608.43956
56.094505,107,2608.580626
94.77397,88,2608.829112
-112.48496,531,2608.974937
301.2583,205,2608.988538
-81.58166,515,2609.07093
335.94452,234,2609.185833
345.96646,200,2609.185886
275.95242,274,2609.185897
345.2369,176,2609.190639
-34.046158,482,2609.340401
217.56207,620,2609.398771
93.94693,98,2609.433106
-52.615864,519,2609.51003
99.86184,92,2609.595817
91.44488,91,2609.800327
-32.137733,487,2609.816916
-72.186,488,2609.837854
50.849586,201,2609.971774
264.67087,385,2610.316115
329.6256,208,2610.372995
331.55988,183,2610.424768
267.1198,307,2610.573001
300.49545,386,2610.573048
262.19476,353,2610.573058
254.48805,272,2610.734652
307.54846,222,2610.81716
292.35324,229,2611.005544
271.75836,371,2611.005595
259.74933,431,2611.126561
325.41785,205,2611.352554
346.64792,237,2611.439234
323.92822,274,2611.551746
197.13007,549,2611.664523
290.22504,435,2611.772374
-14.882648,142,2611.772435
118.30498,101,2611.906019
315.9605,305,2611.959463
310.35486,253,2611.978356
304.5788,313,2611.995416
283.0044,313,2611.99545
295.03015,219,2612.018525
317.0094,490,2612.070888
309.23297,210,2612.330814
269.03476,289,2612.348798
145.79933,1000,2612.558196
274.39978,271,2612.82408
277.15125,455,2612.847845
308.63953,230,2612.862802
282.19888,254,2612.867862
319.73804,191,2612.901421
304.56842,240,2613.109316
-4.0023804,162,2613.109362
291.22742,248,2613.127604
339.17975,226,2613.594358
284.75677,278,2613.612229
250.48798,406,2613.78494
241.62927,384,2613.835892
254.29388,437,2614.005419
288.78122,267,2614.033993
239.26599,490,2614.034043
300.9795,208,2614.038936
330.4417,211,2614.051188
340.53455,315,2614.282198
260.95215,266,2614.311175
-21.316689,505,2614.327297
282.7987,329,2614.32734
41.25582,192,2614.445107
41.960396,125,2614.590483
289.06412,412,2614.745552
297.40155,257,2614.753787
77.96303,128,2614.856382
316.96875,190,2614.889994
7.992565,138,2614.946981
83.71936,123,2615.004022
301.8625,225,2615.060325
291.56732,501,2615.115608
254.99445,312,2615.180659
257.14764,373,2615.507959
275.2181,269,2615.537774
340.67908,336,2615.54312
17.38961,152,2615.57411
273.81958,222,2615.591535
311.56458,285,2615.595556
241.27802,380,2615.711556
319.37833,189,2615.798769
282.86447,243,2615.854303
311.02283,262,2615.930888
-8.439461,123,2616.14858
96.58568,84,2616.180483
276.46298,309,2616.252563
89.934906,91,2616.265921
65.02655,132,2616.313951
313.28845,194,2616.431149
85.84299,80,2616.526186
288.4083,207,2616.526232
293.22415,372,2616.695445
304.5723,254,2616.700104
290.01447,357,2616.809167
293.77686,385,2616.813751
267.6676,305,2616.918569
272.52612,394,2616.923638
257.695,292,2616.948251
347.83813,174,2617.082653
46.450058,126,2617.108128
56.55375,102,2617.174363
34.937824,118,2617.238321
42.24188,112,2617.324491
67.59828,105,2617.389818
276.25433,272,2617.431527
37.796124,79,2617.459862
317.39908,343,2617.504734
320.2901,219,2617.521666
314.6035,265,2617.529986
319.9588,243,2617.539881
21.648403,127,2617.814465
51.338734,88,2617.949038
337.02356,231,2617.99682
337.5649,202,2618.001913
314.34912,260,2618.011325
298.4658,239,2618.011362
302.6969,177,2618.204044
71.2148,145,2618.204101
303.71625,243,2618.283605
318.0078,188,2618.298001
312.82892,242,2618.42868
317.9227,206,2618.445858
303.16373,216,2618.445892
107.76524,126,2618.571915
71.83575,90,2618.598088
106.74618,77,2618.637438
318.38556,176,2618.7474
335.00897,178,2618.815688
304.76883,188,2618.872418
323.21075,153,2618.903845
292.15494,286,2619.129613
310.42648,320,2619.452535
310.22437,188,2619.466892
317.56592,224,2619.472971
305.11078,198,2619.490008
89.58508,110,2619.624139
271.33746,324,2619.753907
292.84772,295,2619.772122
280.01862,196,2619.785891
53.906055,96,2619.902611
71.65037,145,2620.121837
108.35789,164,2620.191715
282.7863,318,2620.250392
281.09802,306,2620.25044
313.4638,356,2620.258459
278.3553,880,2620.27265
227.66484,409,2620.303678
351.7127,202,2620.678095
335.19836,171,2620.68751
274.08136,267,2620.844632
310.92548,301,2620.858553
290.01666,242,2620.885558
307.09683,240,2620.890707
354.67084,147,2620.937209
238.4553,778,2621.089768
326.1967,184,2621.124051
322.68976,185,2621.142527
299.90894,224,2621.163272
72.00332,149,2621.383225
292.58954,236,2621.416846
320.82678,262,2621.42272
334.13794,186,2621.560462
282.63452,171,2621.684136
301.7464,311,2621.697017
315.36298,247,2622.020755
303.42847,243,2622.266153
316.29633,294,2622.281896
278.69186,318,2622.305028
301.6126,257,2622.309654
302.75195,350,2622.712804
268.08032,366,2622.757568
265.40405,310,2622.784602
307.6621,334,2622.924768
260.8173,336,2622.938498
333.8358,283,2622.963194
281.67676,462,2622.972341
321.604,216,2623.004798
227.46585,930,2623.004837
282.5417,331,2623.059751
279.53406,308,2623.095742
343.55734,214,2623.288271
315.96014,223,2623.334241
312.4851,253,2623.425194
5.8091507,141,2623.761852
338.6391,390,2624.084108
291.0462,293,2624.272958
281.37555,269,2624.296093
300.4692,336,2624.330622
336.39642,297,2624.370561
296.53015,361,2624.375433
314.3831,208,2624.38383
296.69788,301,2624.388999
274.595,241,2624.393259
281.85248,368,2624.448459
119.67259,94,2624.697524
29.640709,106,2624.776641
320.33926,228,2624.78515
270.66028,320,2624.794139
132.04193,91,2624.801935
313.46973,407,2624.828043
-56.83402,498,2625.245162
172.97299,527,2625.346055
361.85168,247,2625.447989
308.15463,234,2625.448035
308.36407,305,2625.456805
332.61017,267,2625.581697
327.6103,268,2625.581746
338.52853,197,2625.593713
268.97086,258,2625.615718
299.6955,231,2625.826236
341.40552,239,2625.844082
305.62537,282,2626.090634
323.768,296,2626.107088
49.991936,134,2626.170425
319.31256,206,2626.370011
277.0601,352,2626.380027
308.18628,212,2626.388232
305.53003,219,2626.423334
79.51401,161,2626.553133
300.2423,283,2626.611026
74.62343,129,2626.69036
263.9468,262,2626.779028
330.59558,274,2627.083467
321.80396,341,2627.111479
304.9709,414,2627.111534
348.7386,164,2627.126748
339.11658,242,2627.269874
298.9425,242,2627.480138
305.09967,235,2627.611492
298.7401,386,2627.830536
287.7254,234,2627.836597
263.276,309,2628.088253
291.5594,233,2628.135137
281.58698,232,2628.169841
66.89653,108,2628.331476
237.38382,451,2628.420589
250.88397,252,2628.639305
259.95837,943,2628.64895
274.07397,496,2628.6792
227.65903,457,2628.69266
243.09497,365,2628.770808
322.26743,221,2628.848218
243.8421,725,2628.861742
246.34482,403,2629.100083
305.73056,172,2629.114303
315.2297,184,2629.259972
301.65616,473,2629.265288
261.72516,365,2629.283973
288.03757,264,2629.381411
316.70688,155,2629.555883
47.990334,104,2629.57514
232.2763,358,2629.72731
316.12277,253,2629.855821
270.5622,353,2630.411725
-90.89641,493,2630.423695
356.56702,278,2630.56906
319.8289,251,2630.569108
329.10626,306,2630.704243
286.43726,238,2630.710356
288.14835,246,2630.73023
319.91296,307,2630.73026
34.981422,195,2630.780644
298.0143,428,2630.869591
64.36485,131,2631.035595
58.688717,111,2631.082913
313.327,286,2631.082964
87.28872,98,2631.174271
262.81186,553,2631.209318
-68.517,505,2631.467258
250.89656,609,2631.501012
318.9927,261,2631.765635
307.6691,206,2631.807711
284.0276,225,2631.807749
337.31024,256,2631.88061
329.1247,212,2632.057728
16.478695,96,2632.252572
98.56349,116,2632.339425
319.60016,288,2632.399413
297.8763,296,2632.568093
61.141655,128,2632.63659
258.02365,418,2632.640506
66.88868,90,2632.66169
309.72107,170,2632.661751
298.43314,339,2632.730523
250.94725,326,2633.010659
277.8266,434,2633.04002
40.461403,81,2633.050005
73.89416,114,2633.166953
202.46675,1000,2633.259064
329.05194,190,2633.278723
262.32407,206,2633.533668
69.75674,115,2633.542803
310.24637,270,2633.594149
326.98904,204,2633.594182
339.06976,186,2633.600528
320.8758,205,2633.618954
286.9817,217,2634.044116
108.12075,112,2634.114282
268.76624,815,2634.180888
254.34772,294,2634.412492
316.93274,196,2634.458915
318.67053,256,2634.464882
327.8435,200,2634.47101
-21.8945,193,2634.506712
320.91113,346,2634.796186
271.3274,288,2634.968956
236.17545,307,2635.034857
253.72687,769,2635.039428
114.8843,1000,2635.318408
321.79245,246,2635.543855
253.49052,488,2635.543907
306.87054,237,2635.543917
242.52217,817,2635.548574
308.69693,326,2635.548606
328.1796,310,2635.615068
31.955086,162,2635.692372
321.77362,271,2635.736351
319.20114,308,2635.867567
291.48212,197,2635.921302
326.96344,235,2636.097704
50.078842,125,2636.106866
339.76108,441,2636.13539
103.54898,143,2636.19036
330.00955,321,2636.24439
-28.252548,459,2636.558014
63.203743,108,2636.631444
310.9069,264,2636.737015
300.7425,268,2636.943087
322.61646,278,2636.947236
32.173077,98,2636.990547
314.1668,200,2636.995692
322.90317,341,2637.154081
313.5058,296,2637.203992
27.32734,133,2637.336806
280.79248,270,2637.417157
-139.66258,544,2637.78602
-39.410385,506,2637.833502
18.41346,111,2637.916553
-115.466415,533,2637.951268
-144.23723,508,2638.224409
288.9513,279,2638.266772
291.27924,480,2638.291761
325.56873,248,2638.291796
339.46686,288,2638.321988
275.3948,455,2638.71811
12.574703,98,2638.755013
68.78232,144,2638.994198
-168.0357,500,2639.25808
133.22873,116,2639.289051
333.71997,332,2639.330685
313.88016,236,2639.330743
-74.84714,476,2639.406019
311.07007,354,2639.561943
224.48795,737,2639.620259
272.13376,385,2639.620317
317.44562,291,2639.620331
296.89886,333,2639.828927
303.82007,155,2640.034089
-7.9464836,163,2640.070901
247.62167,600,2640.097241
19.736568,129,2640.147986
97.25611,121,2640.168403
93.969475,122,2640.173264
50.98105,168,2640.381784
295.04013,368,2640.395227
20.6973,127,2640.404073
60.00042,87,2640.5438
6.286129,108,2640.561697
284.74484,314,2640.687469
20.544502,130,2640.768048
44.29972,147,2640.838755
-14.299717,132,2641.013295
266.10187,379,2641.018468
63.371643,105,2641.17217
79.58278,96,2641.214782
331.16016,218,2641.388941
326.9343,297,2641.398989
278.81818,221,2641.417652
293.1447,191,2641.445898
141.58493,1000,2641.546025
271.02197,324,2641.592499
265.6608,226,2641.592543
97.151886,108,2641.673516
310.74838,210,2641.809328
291.95215,194,2641.905147
21.93013,110,2641.913782
284.2232,250,2642.155096
212.97597,918,2642.173731
286.9613,237,2642.294261
302.25684,168,2642.304118
125.49779,91,2642.321857
330.52368,146,2642.334367
273.06573,240,2642.488518
313.09756,239,2642.543276
233.59183,775,2642.54849
291.2046,172,2642.714041
25.769867,94,2642.749593
78.88255,97,2642.754086
297.39203,205,2642.758068
66.91005,124,2642.758106
332.12744,254,2642.758123
309.57404,261,2642.795667
338.32977,302,2642.795708
88.57652,99,2642.957294
85.53281,104,2643.236977
36.00279,115,2643.255982
10.517227,116,2643.301248
101.626976,122,2643.330525
18.257622,140,2643.453888
-36.41287,248,2643.505129
16.504654,254,2643.522228
329.75488,305,2643.597609
334.6592,287,2643.90776
151.78485,1000,2644.025387
106.803024,107,2644.025434
31.254486,93,2644.029831
22.219597,125,2644.036973
-40.64039,160,2644.078312
269.8423,355,2644.194052
294.76917,305,2644.201447
334.77795,212,2644.211712
17.501488,74,2644.215353
313.53622,275,2644.223449
328.5907,202,2644.227522
300.37158,323,2644.241799
115.21846,123,2644.510051
63.614143,125,2644.521185
53.934097,104,2644.63126
288.47775,452,2644.748921
337.69617,175,2644.768094
11.223656,138,2644.779152
320.53845,191,2644.779197
294.80804,167,2644.875292
332.24884,227,2645.08949
299.88745,259,2645.211724
254.26349,346,2645.385873
323.03766,177,2645.427466
72.89546,94,2645.44988
-111.151825,489,2645.499992
310.92664,282,2645.606679
293.66907,282,2645.618576
344.05835,219,2645.62634
272.69904,224,2645.633953
62.30909,92,2645.744726
292.4297,297,2645.773433
10.059818,153,2646.024763
343.17743,161,2646.077294
291.73642,314,2646.08958
24.89502,232,2646.11486
-1.351387,502,2646.150368
310.47018,222,2646.364097
57.588833,97,2646.403711
327.98425,214,2646.471577
336.57373,217,2646.475234
5.6046257,111,2646.583047
339.07086,219,2646.596977
293.31165,471,2646.605238
337.10797,255,2646.609442
295.6147,147,2646.691587
35.362267,94,2646.829421
308.49725,218,2646.934566
304.9828,224,2646.945871
49.16905,93,2646.953853
276.76825,350,2646.961523
283.33798,343,2647.10292
273.28748,761,2647.142833
172.19035,1000,2647.275308
59.109882,117,2647.279384
87.99403,92,2647.302508
286.4085,271,2647.450847
297.62857,218,2647.537215
73.159966,90,2647.632147
301.90784,228,2647.826211
147.65784,119,2647.919868
319.13242,201,2647.931557
266.525,405,2647.938546
246.35251,358,2647.996868
328.16718,357,2647.996914
269.90167,394,2647.996924
237.72565,364,2647.99693
83.208954,95,2648.00466
16.138046,86,2648.151905
313.2492,312,2648.170223
262.92853,340,2648.285304
83.15883,95,2648.307674
47.963417,83,2648.328449
268.81763,317,2648.356548
-4.6041336,143,2648.562962
87.74573,159,2648.566969
340.8227,287,2648.667216
35.132496,92,2648.671026
-7.496151,172,2648.679374
99.36728,116,2648.74665
20.672127,142,2648.946419
293.8573,235,2648.963467
269.11798,417,2648.963507
324.97394,230,2649.153714
80.17779,108,2649.167008
328.06915,301,2649.171952
19.42088,134,2649.275074
-22.162178,165,2649.489425
0.1551857,79,2649.51527
47.0596,131,2649.523592
25.167553,104,2649.611797
65.63754,104,2649.62466
-4.868271,170,2649.714416
248.19803,595,2649.779118
300.245,275,2649.77916
344.0188,337,2649.788513
338.82886,252,2649.795067
281.20126,460,2649.981978
49.675217,128,2650.111194
105.39619,111,2650.135021
43.866577,143,2650.144234
95.449715,96,2650.161854
35.79082,126,2650.192873
96.337364,100,2650.259972
334.1884,168,2650.29399
121.595245,141,2650.433877
44.37814,166,2650.557341
300.47876,624,2650.913679
316.13635,247,2651.239047
300.93237,256,2651.326576
300.08575,274,2651.38903
306.93292,257,2651.459493
258.916,555,2651.483132
290.31638,331,2651.495269
268.8717,661,2651.54645
282.16534,261,2651.618791
229.7294,517,2651.624056
297.54068,306,2651.648791
103.59065,96,2651.820118
274.9909,222,2651.923686
296.2428,408,2651.999207
252.63861,404,2652.029059
41.98678,123,2652.03862
-25.050327,132,2652.057143
314.9076,179,2652.141588
59.075745,91,2652.243535
37.611,164,2652.249142
36.38592,109,2652.547584
63.186398,111,2652.547632
325.51477,159,2652.657514
228.75621,256,2652.720042
340.26544,269,2652.849184
69.42431,230,2653.112097
107.41176,77,2653.198912
73.91518,158,2653.258384
310.78723,470,2653.384387
336.0519,185,2653.384439
329.3944,251,2653.384449
274.02823,216,2653.648488
319.67767,306,2653.648538
107.57871,88,2653.670642
281.74512,363,2653.670679
303.94437,228,2653.765758
93.83983,94,2653.82085
16.830902,157,2653.835343
70.50255,156,2653.916913
100.80823,123,2653.955034
250.50891,410,2654.030416
87.94765,116,2654.204877
91.57564,123,2654.214868
-10.925732,132,2654.257821
-7.681736,138,2654.309707
304.90582,201,2654.318897
129.56198,1000,2654.366877
107.29993,119,2654.391246
75.83977,115,2654.448668
104.795845,151,2654.519657
2.680828,123,2654.52489
232.85263,657,2654.667451
-23.102135,87,2654.718739
12.335472,115,2654.748345
54.375546,95,2654.826077
-5.335434,102,2654.836082
43.081165,116,2654.845874
17.888664,98,2654.906057
291.06122,254,2654.942367
48.86233,92,2654.952328
4.253845,163,2654.961464
356.69507,182,2655.09782
249.20969,231,2655.097865
90.92352,129,2655.118886
144.63539,1000,2655.140505
76.67638,110,2655.175321
103.49983,105,2655.297167
144.88905,111,2655.435921
12.7390175,131,2655.495349
75.601204,84,2655.553512
87.74129,115,2655.63136
18.221596,167,2655.703383
53.70525,143,2655.737051
24.740692,165,2655.835823
3.4137802,107,2655.923416
-7.938614,114,2656.062083
314.68738,297,2656.091311
265.19217,987,2656.135533
306.62592,286,2656.135569
317.67108,231,2656.175434
322.89636,270,2656.175465
356.01978,159,2656.349703
30.77208,140,2656.470111
62.7612,94,2656.560385
301.46228,389,2656.590855
282.67615,304,2656.673438
48.521885,131,2656.68242
331.6822,172,2656.961947
274.08466,323,2656.961995
108.97842,123,2657.028396
255.212,318,2657.13707
291.93475,246,2657.177639
77.86714,112,2657.192197
109.3625,122,2657.229537
313.57916,288,2657.229588
86.10971,82,2657.398459
122.49437,102,2657.417204
317.02835,238,2657.426857
91.0392,105,2657.621229
345.23853,241,2657.68979
108.46003,116,2657.722987
79.75999,116,2657.756643
112.984985,128,2657.762444
104.03754,85,2657.8158
27.919151,99,2657.85155
246.29138,468,2657.861586
308.0465,226,2657.986012
284.0396,403,2658.007452
281.41858,437,2658.126005
316.6539,762,2658.17951
101.569916,130,2658.214629
13.747963,111,2658.232666
88.120224,107,2658.345013
68.70449,79,2658.352873
44.07168,88,2658.421022
329.33804,160,2658.563365
118.908936,116,2658.763495
35.888866,105,2658.843043
305.23218,288,2659.112892
68.737366,124,2659.148678
309.90393,232,2659.273319
19.741245,113,2659.371428
267.1194,384,2659.483324
253.909,443,2659.483383
32.312977,153,2659.483396
311.4431,316,2659.618512
78.12024,121,2659.688524
283.47046,325,2659.7768
241.18593,286,2659.781882
274.33514,550,2659.805556
308.83374,430,2659.897809
86.43379,98,2659.960912
56.43315,167,2660.183906
125.352325,90,2660.207163
46.56501,140,2660.294734
-2.0487213,113,2660.324719
1.6169548,89,2660.324777
36.983177,96,2660.424504
11.458748,139,2660.474135
285.70486,307,2660.61033
56.880337,99,2660.673614
84.47238,83,2660.711282
25.58252,125,2660.769535
213.7214,512,2660.783595
100.74533,114,2660.85266
26.165432,140,2660.943725
275.938,684,2660.979949
344.96783,275,2660.9841
12.936909,141,2661.111944
98.83745,93,2661.129873
56.200096,1000,2661.214443
63.15603,109,2661.262978
21.931355,100,2661.303854
304.1275,394,2661.337977
51.048725,80,2661.342555
148.88452,132,2661.386715
49.48737,87,2661.510918
59.262226,99,2661.668339
242.68219,488,2661.770338
70.15852,141,2661.785493
355.86105,247,2661.809707
22.904911,111,2661.85902
9.268715,141,2661.921371
29.8013,113,2662.049182
27.76535,160,2662.057936
83.57797,100,2662.145801
289.6789,350,2662.229986
298.59933,269,2662.230046
264.5753,393,2662.239518
90.42984,102,2662.252088
289.74652,208,2662.305977
87.379166,103,2662.339127
17.77861,129,2662.382237
279.1521,323,2662.432488
291.45917,235,2662.471529
66.71083,102,2662.511274
128.17476,93,2662.569336
6.0400505,86,2662.634161
300.90253,213,2662.787397
323.13034,150,2662.910581
111.731026,145,2662.910631
288.1315,196,2662.947337
17.422394,163,2663.051764
-18.34768,143,2663.086921
315.0323,192,2663.105853
72.62788,118,2663.110363
130.405,143,2663.129171
31.328522,139,2663.149002
27.91671,181,2663.166241
16.543194,104,2663.382693
41.949085,124,2663.477814
65.45305,109,2663.547295
57.799316,99,2663.560482
41.360176,95,2663.582187
106.41522,106,2663.592572
3.187561,112,2663.602313
57.963856,108,2663.627563
349.19876,243,2663.743134
266.6759,401,2663.760362
79.90805,138,2663.798859
170.95718,1000,2663.933619
134.21121,110,2663.997705
325.37427,297,2664.159825
39.742573,121,2664.186601
62.40854,147,2664.233786
38.22958,107,2664.24533
111.88408,109,2664.27352
63.82839,105,2664.294605
14.304802,153,2664.308141
278.63245,423,2664.336793
275.31372,222,2664.631788
321.61536,237,2664.665961
65.8394,100,2664.746013
54.30708,112,2664.784058
47.1683,140,2664.802727
297.04498,225,2664.966658
313.76312,211,2664.966706
296.17346,181,2665.026724
291.2724,317,2665.054574
25.034077,107,2665.15564
78.929596,95,2665.189644
363.06586,221,2665.261053
31.789307,151,2665.329192
40.987133,95,2665.411056
19.498112,99,2665.485529
89.92909,127,2665.561247
-17.928688,86,2665.561301
323.41376,168,2665.589406
256.27078,291,2665.657607
95.958916,81,2665.712355
69.707054,112,2665.719133
78.65042,98,2665.727977
15.833191,147,2665.741235
8.376629,118,2666.037723
-44.47331,118,2666.116956
61.741375,94,2666.183103
45.145233,113,2666.2481
284.27856,323,2666.301613
56.860245,171,2666.364256
41.829037,78,2666.403364
284.5858,445,2666.403413
345.33167,181,2666.553514
236.81876,685,2666.57716
290.10303,504,2666.585556
58.66,101,2666.590778
58.456326,100,2666.649684
36.452774,100,2666.774869
75.42504,112,2666.779599
307.13672,318,2666.910799
75.55203,89,2666.986846
330.61682,300,2667.005584
99.7164,113,2667.123046
35.176033,175,2667.232808
98.11151,93,2667.345236
14.80653,94,2667.423481
15.020409,157,2667.510715
181.64407,1000,2667.613544
290.07343,261,2667.639631
-18.577133,134,2667.754325
335.37802,238,2667.899958
308.94818,263,2667.900012
291.25247,324,2667.900022
312.3591,278,2667.905133
5.2405853,191,2667.910093
285.0242,284,2667.92902
48.711243,89,2668.047423
118.068344,87,2668.315464
47.092743,125,2668.359158
91.339264,114,2668.457654
260.96793,593,2668.472028
325.18622,264,2668.508451
16.233223,128,2668.527398
78.24627,135,2668.559428
356.09586,196,2668.594147
323.82755,156,2668.68582
339.65408,173,2668.748953
23.06488,205,2669.029853
17.241604,125,2669.067379
45.707767,130,2669.141331
-5.863949,130,2669.171535
14.745369,143,2669.360037
310.32626,209,2669.360097
300.63074,188,2669.394214
74.06212,87,2669.445079
294.93756,150,2669.459045
241.09152,469,2669.589668
291.53293,284,2669.675421
82.709984,108,2669.685351
275.46307,474,2669.694276
251.18478,455,2669.69432
80.06273,100,2669.840271
81.63064,105,2669.861523
73.49105,88,2669.876616
283.40244,347,2670.107417
11.275558,116,2670.237616
105.68267,85,2670.241851
96.3486,116,2670.247976
27.763348,89,2670.29835
11.837074,139,2670.337645
128.49675,1000,2670.478361
347.56174,309,2670.53491
341.90143,182,2670.560129
289.98697,252,2670.594062
10.195591,107,2670.619441
77.54967,117,2670.796757
38.601982,134,2670.870981
74.03525,91,2670.905918
12.234188,128,2670.942553
97.13785,88,2670.952971
288.07068,387,2670.978909
38.112442,161,2671.008931
65.18726,108,2671.066727
330.44586,344,2671.07185
346.82446,257,2671.076447
321.49887,317,2671.089563
112.89049,93,2671.290149
65.01886,111,2671.299668
-2.0390396,219,2671.31402
-51.049236,162,2671.335802
108.87509,94,2671.366129
54.121418,109,2671.582495
32.823235,163,2671.651626
305.8614,162,2671.710537
330.78146,245,2671.741536
-3.1021767,101,2672.042972
70.60031,173,2672.105168
-2.4645996,109,2672.232634
287.3021,216,2672.275103
233.13403,284,2672.293567
13.870178,142,2672.352131
327.3983,240,2672.42996
236.96017,328,2672.439256
23.172028,177,2672.45624
69.31284,94,2672.535709
80.083694,81,2672.619463
281.1799,363,2672.737345
7.4504204,111,2672.801349
298.2036,316,2672.822803
109.10275,92,2672.878364
76.19559,124,2672.939805
87.315994,112,2672.96302
312.34003,423,2673.020738
281.34308,213,2673.033753
156.39566,1000,2673.254107
79.71151,106,2673.307612
53.492134,89,2673.347214
53.129116,85,2673.352181
68.88044,130,2673.395636
69.35098,153,2673.435028
34.94738,93,2673.439767
258.99435,476,2673.488635
278.1847,275,2673.568822
330.39362,178,2673.691465
42.549187,153,2673.728122
52.275112,105,2673.789374
35.862038,91,2673.851268
85.914185,96,2673.928013
14.615948,115,2674.097859
42.988533,88,2674.097922
361.16104,163,2674.141937
303.6007,173,2674.141995
103.06973,91,2674.146258
272.95197,170,2674.229504
288.43262,365,2674.229553
281.64505,367,2674.314771
-59.87818,121,2674.355514
23.815819,245,2674.387681
70.397995,115,2674.392643
65.26793,111,2674.451944
51.661396,70,2674.712679
39.437496,106,2674.801445
40.685616,168,2674.884729
314.2376,169,2674.940878
-6.985203,133,2675.077053
-1.6678162,214,2675.154425
19.101208,82,2675.197693
91.7384,109,2675.238634
29.887878,109,2675.605014
31.623112,101,2675.643211
294.23785,315,2675.648814
293.55743,492,2675.657267
301.03516,269,2675.667161
304.80872,306,2675.684279
281.50293,689,2675.689162
6.9238663,170,2675.707896
140.42348,1000,2675.71199
329.20926,339,2675.712027
12.964386,178,2675.794889
116.4313,89,2676.075111
65.41614,98,2676.080676
-10.2521515,88,2676.110484
55.09634,96,2676.149723
29.352776,103,2676.163189
33.84187,109,2676.179067
66.98738,100,2676.183313
-0.23788834,122,2676.233878
303.02194,229,2676.303886
74.70282,108,2676.318299
7.5356903,129,2676.334299
66.79256,75,2676.444623
29.442108,153,2676.458647
253.38358,456,2676.546616
2.8220863,85,2676.569831
85.28296,77,2676.569871
43.893925,81,2676.582421
18.5214,129,2676.790364
42.618217,153,2676.848984
43.521626,116,2676.871489
98.177,119,2676.91562
44.940388,123,2676.920654
100.34981,144,2676.944138
26.964882,105,2676.955025
300.26636,354,2676.959777
33.290825,104,2676.965068
17.936142,97,2677.057632
17.447933,114,2677.118709
18.00459,74,2677.209409
-6.1318893,94,2677.400146
56.058178,110,2677.484572
2.7053566,145,2677.496192
91.10361,93,2677.502154
27.3013,127,2677.537487
27.366009,138,2677.542623
222.79947,696,2677.58132
132.98616,145,2677.649049
7.3675766,155,2677.717174
77.60628,123,2677.722576
-26.0761,119,2677.793808
-2.778839,104,2677.909816
132.29706,106,2678.005963
86.270065,110,2678.032309
119.315155,92,2678.089988
101.33957,115,2678.101866
310.57977,252,2678.140747
95.23634,125,2678.14552
345.0737,327,2678.15563
308.05328,427,2678.155695
301.81335,336,2678.176822
92.83093,84,2678.201043
68.596985,107,2678.232391
32.649055,120,2678.294935
-21.193848,159,2678.345604
19.868763,99,2678.385399
30.172565,115,2678.585518
84.481094,110,2678.695887
9.631088,116,2678.695936
43.274136,129,2678.772278
63.517952,126,2678.798081
19.23304,107,2678.806006
59.269505,94,2678.833152
80.97963,106,2678.847035
321.92963,298,2678.913614
307.698,184,2678.971813
28.723866,86,2678.988287
332.19055,202,2679.093915
302.76135,183,2679.093964
281.12646,220,2679.196042
39.943737,116,2679.246374
-4.3071976,103,2679.256107
107.42291,131,2679.313268
18.741741,119,2679.405417
50.857376,132,2679.45549
47.420185,144,2679.483457
16.05724,99,2679.557671
80.588196,84,2679.586082
-25.318775,120,2679.659432
60.94034,188,2679.80219
42.926224,86,2679.811385
27.454155,124,2679.823645
13.4058,141,2679.977762
288.00684,218,2680.022411
272.46844,424,2680.022458
330.5635,408,2680.022468
47.75069,100,2680.059894
79.865,109,2680.171795
25.068829,94,2680.264832
57.53836,103,2680.292706
31.0187,117,2680.356358
311.3576,300,2680.389772
132.3586,193,2680.394596
33.069042,99,2680.452391
102.67314,98,2680.489815
86.78114,109,2680.582754
12.439735,122,2680.599927
250.6972,382,2680.599956
71.39192,88,2680.697922
116.67859,117,2680.747028
77.444,92,2680.753446
4.858238,79,2680.779361
102.36832,94,2680.817261
-47.307373,89,2680.833852
60.50065,80,2680.844042
306.4274,290,2680.844079
356.48138,335,2680.856567
305.45538,270,2680.86163
47.309322,94,2680.9504
110.505714,80,2680.996316
27.757938,122,2681.200852
12.305412,140,2681.264056
94.53665,127,2681.454485
47.041206,110,2681.469373
81.53221,132,2681.469423
33.463657,103,2681.482439
122.206314,144,2681.540719
289.977,324,2681.573311
95.00154,90,2681.621444
79.29253,79,2681.638833
7.2937355,60,2681.740986
49.3095,74,2681.831212
10.74472,231,2681.87718
2.6036377,257,2681.972989
41.58923,111,2682.002746
-4.1324806,84,2682.048765
50.58846,125,2682.079355
287.00217,258,2682.08474
286.73178,268,2682.12481
41.17455,79,2682.134519
282.9881,290,2682.210726
233.80798,305,2682.214901
3.428814,147,2682.252601
36.321712,142,2682.26176
73.20427,149,2682.339956
-8.7645645,78,2682.376042
51.3104,72,2682.386052
29.577171,86,2682.386093
17.821987,75,2682.563431
100.11415,93,2682.56348
37.696323,67,2682.572346
-50.545452,116,2682.61601
21.00079,85,2682.641312
-40.338097,174,2682.66246
26.924992,106,2682.696738
19.23994,90,2682.748731
25.4058,144,2682.784587
71.30068,96,2682.828845
28.339642,62,2682.939249
40.928867,88,2682.989526
39.608994,92,2682.997457
90.11132,134,2683.006562
49.348686,142,2683.052327
104.44735,86,2683.070436
-28.548328,109,2683.075466
44.23402,103,2683.104442
71.8679,88,2683.247123
229.67844,291,2683.255121
-3.4530716,121,2683.267952
38.991608,130,2683.36462
283.87,289,2683.428017
3.6007996,140,2683.440196
61.234005,98,2683.514328
70.76294,105,2683.542439
61.230354,130,2683.573041
108.72127,95,2683.669902
22.701683,107,2683.731435
16.514454,81,2683.801142
308.64377,190,2683.855102
69.685135,111,2683.860105
56.34059,74,2683.911529
17.651138,143,2683.911582
31.401627,203,2683.924707
10.120399,140,2684.055806
12.883312,119,2684.0845
306.8352,266,2684.147225
3.6102982,90,2684.21445
75.64575,87,2684.307252
6.23925,79,2684.41502
40.355217,80,2684.446844
50.821396,151,2684.546545
319.19052,238,2684.603371
-34.114174,104,2684.695628
73.46067,97,2684.75864
286.52893,210,2684.889116
270.64642,266,2684.889168
43.760715,99,2684.908231
237.27312,906,2684.929054
18.715294,121,2685.252874
42.274204,91,2685.327279
288.30276,348,2685.331939
59.071857,101,2685.394164
268.66513,327,2685.410691
288.34912,187,2685.458004
268.30508,351,2685.468248
250.82935,521,2685.478117
53.592674,190,2685.617266
80.962296,112,2685.747832
18.702892,96,2685.887291
281.99612,414,2686.041659
59.077656,98,2686.068185
68.30899,158,2686.123868
345.79822,197,2686.218489
304.8025,300,2686.251482
243.50496,412,2686.29418
31.894558,87,2686.525896
-13.814903,75,2686.598595
310.4903,376,2686.603507
272.6622,450,2686.603553
272.01263,249,2686.603562
317.6759,266,2686.60357
293.6455,252,2686.627695
23.382301,145,2686.707213
343.0209,208,2686.707262
-28.542795,95,2686.736784
57.064484,148,2686.745333
309.5466,187,2686.74958
91.95606,84,2686.989663
-14.38422,94,2687.133966
-5.064537,123,2687.159137
97.091125,123,2687.163367
118.49016,123,2687.163409
35.803967,96,2687.180563
40.316486,99,2687.185367
69.26335,128,2687.332667
296.737,178,2687.50782
299.6932,201,2687.514158
330.8015,285,2687.519101
-25.028301,118,2687.519147
132.56467,1000,2687.6021
68.15622,101,2687.617554
50.161663,109,2687.652123
-15.154331,85,2687.714416
279.74695,531,2687.737712
314.05402,184,2687.976159
2.378746,194,2688.075801
321.56445,198,2688.088563
61.798534,97,2688.192197
40.311207,113,2688.241165
36.72022,102,2688.555192
311.30292,249,2688.777786
328.87772,252,2688.808765
296.14948,354,2688.813784
349.2135,287,2688.870353
309.30325,316,2689.005133
300.0617,287,2689.005181
304.00452,318,2689.005191
321.31723,208,2689.077702
68.56485,110,2689.082565
280.0877,189,2689.091998
325.2746,265,2689.233262
244.91931,560,2689.233311
30.85352,117,2689.363305
291.732,249,2689.425421
306.80396,144,2689.490206
329.183,157,2689.521752
42.22236,150,2689.794192
42.650288,131,2689.841627
73.9338,108,2689.864943
291.9217,215,2690.017207
315.03983,201,2690.022732
331.99576,261,2690.096819
45.11962,81,2690.17708
317.83337,267,2690.257464
303.82147,587,2690.271119
73.49469,121,2690.671918
57.69093,90,2690.703293
78.36595,130,2690.788906
335.5833,309,2690.877566
275.35284,354,2690.893252
277.93903,193,2690.925901
313.71136,244,2691.000599
210.89838,985,2691.132792
7.0706635,77,2691.160125
55.93354,106,2691.17474
342.3727,278,2691.186316
304.67212,470,2691.226645
278.40497,373,2691.297246
63.410976,114,2691.824939
302.20087,198,2691.840561
296.0904,203,2691.849346
295.88654,261,2691.941715
321.674,212,2692.156546
332.0589,251,2692.179446
273.4191,234,2692.2269
296.69086,215,2692.232064
51.05028,100,2692.621837
50.065193,171,2692.63203
62.880722,151,2692.893111
42.11029,161,2692.998377
-1.3300781,105,2693.130555
307.39465,282,2693.168664
326.56366,430,2693.19925
293.5008,461,2693.361044
164.55685,655,2693.361092
317.2329,305,2693.380237
79.59183,108,2693.502325
22.336891,160,2693.638118
331.85062,394,2693.665519
101.95653,116,2693.670189
93.25968,110,2693.679549
141.78986,1000,2693.788853
295.75204,344,2693.852462
278.29764,929,2693.872363
336.0067,158,2693.951736
299.13922,277,2694.671105
319.58572,275,2694.680804
147.15622,1000,2694.747749
310.44122,481,2694.906005
321.54428,261,2694.915246
292.25418,205,2694.920401
325.4132,260,2694.924596
277.58325,270,2694.929781
292.74878,289,2695.045453
348.88763,252,2695.045503
302.90906,327,2695.050431
312.08356,272,2695.082294
78.28732,177,2695.505435
235.17152,357,2695.571372
142.67622,1000,2695.658322
40.84086,157,2695.658381
97.489655,136,2695.733002
286.513,217,2695.772653
114.15663,97,2695.956666
327.55084,245,2696.067655
321.9507,299,2696.309874
314.44897,270,2696.318472
293.19556,300,2696.339431
273.81027,353,2696.339477
301.95062,301,2696.339493
309.80255,180,2696.494477
309.66443,210,2696.548007
314.94043,205,2696.607322
293.56616,232,2696.809103
278.77014,230,2696.841982
299.31546,171,2697.139914
56.692482,156,2697.346333
51.330048,140,2697.501801
295.84787,259,2697.523225
278.17407,349,2697.709673
286.86002,258,2697.70975
266.36218,375,2697.71977
222.7799,929,2697.734862
47.59838,133,2697.770497
141.96286,101,2698.222289
254.42229,411,2698.264719
348.2841,196,2698.284824
308.7462,177,2698.355725
329.04163,200,2698.479067
35.654213,94,2698.695146
278.99847,211,2698.762462
274.65424,470,2698.762512
250.50076,516,2698.767747
290.37912,457,2698.965015
-8.748074,113,2698.995683
285.4576,274,2698.99573
289.81262,291,2699.088595
242.87337,294,2699.093198
341.24054,201,2699.209537
-5.3958893,99,2699.423316
38.497017,149,2699.453841
40.8929,167,2699.534279
155.79395,1000,2699.743323
171.7376,1000,2699.747683
-19.144287,344,2699.817925
57.813145,111,2699.972164
311.21454,362,2700.033884
-21.468952,76,2700.095536
290.88626,256,2700.185368
324.1195,256,2700.185421
331.60388,238,2700.196095
60.526123,116,2700.281628
332.10175,264,2700.435883
349.5002,236,2700.524864
269.8327,905,2700.573492
-8.096844,101,2700.653248
51.85309,100,2700.746617
31.12436,149,2700.878788
344.23062,231,2700.887408
357.1853,294,2700.900953
302.38522,188,2700.900979
315.0835,393,2700.910009
53.71777,101,2700.985215
319.87897,235,2701.05296
314.58832,209,2701.057962
295.23224,503,2701.094102
274.41284,218,2701.198137
294.46808,218,2701.439816
23.30001,173,2701.537011
65.57535,121,2701.537061
-24.035927,77,2701.551162
28.539951,104,2701.570014
324.0594,225,2701.604357
-27.282017,134,2701.673385
292.47992,174,2701.682675
299.20435,177,2701.688145
287.70496,172,2701.688185
324.70474,197,2701.806122
38.447407,88,2701.942099
120.45033,89,2701.947716
279.349,290,2701.984057
-19.390877,92,2701.995003
78.63416,97,2701.999714
79.71155,75,2702.018822
40.194744,99,2702.257208
109.100784,141,2702.326831
61.301563,83,2702.364449
61.684135,83,2702.379012
321.18036,313,2702.485755
291.70874,372,2702.607269
334.58157,266,2702.655151
224.36935,232,2702.663626
10.76786,165,2702.698345
71.708694,78,2702.840509
301.8218,182,2702.845601
305.93756,199,2702.899871
116.348526,143,2703.011602
16.76458,162,2703.057578
335.80737,293,2703.274475
112.51104,1000,2703.293104
335.92578,172,2703.448787
320.33008,276,2703.510704
330.78683,249,2703.510746
297.8573,190,2703.519751
274.22015,410,2703.553929
306.19437,134,2703.678474
302.66815,188,2703.707482
287.6208,246,2703.735806
319.79126,186,2703.753432
326.786,210,2703.800172
26.557243,126,2703.85968
287.49506,195,2703.911792
85.78124,112,2703.967133
69.3022,115,2704.042741
109.278015,106,2704.047843
47.44642,108,2704.195904
310.26044,552,2704.204263
39.454334,101,2704.357616
298.66156,200,2704.434319
269.50998,380,2704.434379
58.57754,91,2704.632625
334.95242,195,2704.651816
51.326546,166,2704.728275
313.77618,268,2704.972261
314.60452,241,2704.972318
244.51741,348,2705.115605
298.50092,289,2705.132408
289.8095,329,2705.189686
292.76743,275,2705.461866
287.75742,309,2705.461916
277.04364,484,2705.516469
273.1711,279,2705.651608
335.4368,199,2705.879786
269.2722,323,2705.925853
78.61844,101,2705.930243
263.98444,425,2705.996739
248.37715,342,2706.0146
296.91562,302,2706.039514
292.44128,243,2706.233018
280.89377,333,2706.260307
259.3168,281,2706.260346
290.69696,268,2706.365467
305.93616,203,2706.401212
326.24805,388,2706.414496
275.09436,271,2706.437739
65.4315,116,2706.572359
305.88428,199,2706.842808
285.59482,315,2706.982243
289.36957,220,2707.018757
290.3719,300,2707.045589
298.99628,252,2707.050855
321.7628,191,2707.12297
354.30994,180,2707.209859
320.25006,174,2707.219536
287.70453,210,2707.242548
292.40186,249,2707.414844
14.652336,97,2707.462003
121.08245,113,2707.562999
319.53064,250,2707.567913
300.9048,258,2707.758185
5.103195,73,2707.887469
11.309597,80,2707.92537
340.5321,358,2708.075992
333.18207,201,2708.141009
309.69763,228,2708.150388
338.4391,245,2708.15775
280.0055,262,2708.171411
304.32117,173,2708.238501
273.55078,253,2708.345397
324.22418,293,2708.532984
324.39932,190,2708.615594
218.01926,587,2708.615645
275.43433,396,2708.645841
242.54074,582,2708.677747
302.59088,137,2708.789828
326.06183,152,2708.839569
326.03943,204,2708.855377
69.66098,96,2709.123816
288.98865,215,2709.127725
328.03104,275,2709.149538
331.53513,209,2709.198227
307.5013,236,2709.237547
315.77698,249,2709.661727
327.66974,197,2709.727084
314.7293,202,2709.76404
275.58777,378,2709.784774
311.99597,329,2709.826125
307.44653,279,2709.871382
271.5349,280,2709.906458
325.17468,187,2709.979681
316.47644,192,2710.05436
285.2185,319,2710.228593
107.31024,121,2710.308784
92.61961,92,2710.389242
38.6444,154,2710.752815
288.88123,366,2710.766052
256.95276,477,2710.774748
310.07,224,2710.847578
254.46487,368,2710.886173
67.60219,146,2710.89139
255.34023,800,2711.028629
333.31287,208,2711.256929
235.10011,348,2711.308444
283.30902,336,2711.437505
87.625885,110,2711.750747
265.44446,420,2711.777711
296.61176,206,2711.777758
285.63232,468,2711.777768
361.00168,196,2711.777776
276.6443,444,2711.79579
293.20276,235,2711.816091
329.87823,232,2711.824838
296.0153,215,2711.859658
283.39935,252,2712.190576
17.73804,96,2712.209004
322.0313,225,2712.347775
92.17372,112,2712.355788
281.8398,367,2712.444722
349.27094,147,2712.462226
327.9682,188,2712.650359
238.84253,500,2712.680586
277.16968,195,2712.699093
335.77316,188,2712.727147
4.0230713,136,2712.798726
306.3311,228,2712.828346
317.9895,196,2713.106253
313.71063,161,2713.203395
323.41635,200,2713.263284
256.0268,210,2713.302049
314.905,188,2713.307338
274.0785,326,2713.321511
284.25378,417,2713.354202
294.15063,181,2713.537136
312.64215,161,2713.550503
313.2528,199,2713.602252
257.94025,397,2713.614906
349.22247,192,2713.620287
155.4028,1000,2713.675275
51.94417,97,2713.71413
95.89491,103,2713.796742
320.20337,187,2713.962896
275.3912,296,2714.012852
285.88916,257,2714.017564
106.77767,121,2714.181882
60.725246,100,2714.187306
334.67242,178,2714.376229
353.02448,232,2714.385788
276.1667,225,2714.399293
60.03457,105,2714.505949
25.059551,114,2714.553214
45.38552,139,2714.61828
300.7005,328,2714.728174
103.045685,120,2714.737371
305.17825,271,2714.794652
89.11068,85,2714.899413
12.040821,137,2715.009242
75.081116,136,2715.03016
24.929302,112,2715.076282
313.49393,308,2715.113301
330.3338,338,2715.194813
307.43823,176,2715.209591
58.98996,111,2715.245038
230.30557,512,2715.692868
344.82855,212,2715.735388
104.761406,158,2715.791942
339.24634,229,2715.890845
314.81613,288,2715.978671
300.2799,219,2716.058274
322.78265,170,2716.058318
312.52576,246,2716.07318
212.45248,483,2716.073227
327.20755,190,2716.111023
306.5699,212,2716.121092
264.6916,413,2716.125965
286.9552,184,2716.533419
278.3872,388,2716.972013
290.3863,231,2717.136336
274.6609,294,2717.19735
304.66455,257,2717.266401
284.8882,289,2717.266452
291.56616,274,2717.273729
311.5383,381,2717.507029
239.11598,396,2717.527949
276.33783,308,2717.916183
339.185,201,2718.175136
266.18555,682,2718.189102
91.53358,1000,2718.193489
286.51276,239,2718.354321
-36.5124,513,2718.364135
255.12253,514,2718.381154
-52.80554,507,2718.397383
325.6915,220,2718.499797
303.00958,293,2718.603037
250.38718,578,2718.670312
6.4289055,101,2718.832778
278.11426,223,2718.930971
298.5738,443,2718.981837
294.15213,446,2719.22177
273.445,227,2719.221831
282.9579,492,2719.368465
270.14978,224,2719.380093
303.8277,266,2719.389481
260.86926,231,2719.445577
334.88812,234,2719.562039
297.11453,309,2719.757421
42.655518,96,2720.004954
305.74896,245,2720.053667
343.85538,152,2720.0613
321.01538,325,2720.086562
287.48657,258,2720.16116
290.6881,442,2720.21487
294.26404,341,2720.229148
277.89316,271,2720.62269
-33.04091,691,2720.66665
277.3789,424,2720.765408
341.83575,293,2720.778888
15.815643,193,2720.88058
280.03983,237,2721.121769
243.80923,385,2721.121823
297.91415,233,2721.135575
300.32422,423,2721.142791
312.64923,204,2721.142829
275.2232,426,2721.158847
303.15594,222,2721.165233
321.4909,214,2721.184585
281.1141,315,2721.19491
338.25308,239,2721.868305
338.98352,218,2721.873183
306.43027,297,2722.01935
301.26285,279,2722.038824
354.87463,201,2722.095667
249.28784,507,2722.370321
302.82977,305,2722.547258
267.66025,309,2722.547323
291.21204,305,2722.547343
300.2242,310,2722.552193
264.53146,315,2722.593998
32.245056,216,2722.868283
310.84952,215,2723.093026
286.4674,450,2723.23038
116.793015,97,2723.313423
332.22614,218,2723.557439
295.42487,331,2723.571121
304.22766,396,2723.702022
306.8443,249,2723.702074
302.6679,250,2723.702085
333.5755,242,2723.706662
329.75864,181,2723.927033
297.20447,299,2723.927083
329.57892,353,2724.001766
29.735813,100,2724.010522
247.4561,746,2724.047757
289.3839,194,2724.135036
283.47638,459,2724.144423
-14.463833,131,2724.304265
96.25542,119,2724.465103
301.46747,262,2724.511585
110.09325,112,2724.511631
64.321045,99,2724.571613
321.8048,217,2724.696042
347.75974,178,2724.737729
285.30548,249,2724.837331
239.502,269,2724.927747
13.485397,226,2725.075204
275.5385,354,2725.19041
135.95143,98,2725.190462
285.2282,270,2725.251056
300.00784,208,2725.256
297.7313,182,2725.348395
298.6988,282,2725.426011
348.4994,186,2725.430108
316.6308,218,2725.467003
157.48593,1000,2725.741019
136.44241,1000,2725.769912
310.4823,197,2725.824085
96.03722,91,2725.834737
289.3894,253,2725.847873
316.76697,223,2725.852859
315.7207,294,2725.852883
23.788849,151,2725.872091
339.78015,230,2726.122503
97.87984,89,2726.251739
261.8251,228,2726.285856
79.21976,103,2726.318498
280.6301,239,2726.439406
113.10507,87,2726.52424
36.84337,148,2726.534221
333.5683,253,2726.618235
328.8003,225,2726.800114
314.3994,221,2726.887236
313.17395,372,2726.953653
290.8813,333,2726.95897
307.1914,280,2727.040495
306.6277,175,2727.078634
345.26123,221,2727.340448
283.78445,329,2727.340508
276.17828,476,2727.369214
327.03125,185,2727.388664
291.92767,209,2727.486544
56.92711,125,2727.525998
343.38953,293,2727.633144
278.35242,261,2727.633193
332.87604,223,2727.641762
327.7106,153,2727.646596
29.4188,138,2727.697579
303.75864,411,2727.72385
304.37012,182,2728.43202
313.31818,198,2728.518671
319.36044,224,2728.62663
277.81097,289,2728.626672
333.18628,222,2728.626682
327.93668,289,2728.626689
332.05826,279,2728.626696
320.77655,257,2728.626703
298.4038,212,2728.636082
303.90903,252,2728.646481
270.6953,290,2728.664299
284.8332,428,2728.734784
55.94922,78,2729.003937
89.37551,103,2729.088644
236.46045,530,2729.417127
359.72125,176,2729.424883
295.79987,564,2729.429371
333.61655,179,2729.455827
254.0168,412,2729.564168
320.2838,218,2729.624214
320.22324,224,2729.64238
293.23627,225,2729.64731
315.65552,275,2729.769576
268.44916,296,2730.068676
313.47,330,2730.115156
331.95926,173,2730.207127
299.0871,193,2730.293322
304.60388,294,2730.337301
278.86362,161,2730.368794
-39.102955,484,2730.614083
310.3838,227,2730.656476
331.04013,200,2730.660708
299.00165,279,2730.664869
354.112,252,2730.693737
321.28033,279,2730.706983
271.38983,361,2730.71617
295.9657,258,2730.778221
40.54223,112,2730.794669
243.44841,520,2730.967699
340.6938,206,2730.987581
329.36328,160,2731.082225
341.27975,206,2731.126245
90.96564,155,2731.354657
295.9264,177,2731.4558
324.78604,168,2731.472703
283.24408,335,2731.619127
320.99823,219,2731.647304
344.25848,194,2731.652203
305.29834,219,2731.77634
281.99588,213,2732.082433
272.49887,259,2732.131803
352.20224,254,2732.131848
253.7844,352,2732.277937
285.09393,371,2732.287234
267.42014,193,2732.342726
287.39844,226,2732.386614
316.6778,179,2732.46097
29.942444,175,2732.566972
321.1667,225,2732.637088
327.28638,164,2732.835531
322.0102,176,2733.104896
289.3062,223,2733.168954
292.3576,333,2733.177959
282.90387,256,2733.317392
283.7035,407,2733.31745
231.45926,666,2733.362136
327.20236,220,2733.405443
314.55798,213,2733.565775
292.4121,545,2733.577767
312.5917,282,2733.659374
332.0461,238,2733.954825
334.08093,225,2734.145171
308.30154,373,2734.192052
327.7765,235,2734.248952
37.97232,89,2734.353589
329.20255,269,2734.413801
342.09888,198,2734.489594
261.70312,399,2734.489645
269.37366,834,2734.519572
311.23785,278,2734.598866
325.53418,206,2734.598924
300.59387,267,2734.78721
278.3174,362,2734.987746
280.8273,354,2734.998036
276.482,244,2735.270812
274.80713,434,2735.407683
255.26439,192,2735.407731
306.65753,254,2735.423541
281.9304,269,2735.432673
298.92072,183,2735.445737
304.5512,245,2735.615407
278.15643,238,2735.695266
336.65024,213,2735.974896
291.27496,331,2736.026562
92.96005,94,2736.155832
244.35318,396,2736.275999
286.73712,183,2736.29896
332.66998,160,2736.392921
70.22479,101,2736.730793
283.9455,969,2736.775814
313.71606,381,2736.775855
295.1109,288,2736.795125
318.05765,206,2736.941203
306.73044,165,2737.133963
51.36068,123,2737.329208
288.82513,334,2737.57159
320.5858,281,2737.576875
299.69766,175,2737.595986
325.4134,214,2737.716846
232.69254,347,2737.750437
299.31522,229,2737.8247
264.8681,534,2737.882413
-42.82164,687,2737.970613
-9.4494095,159,2738.057586
1.6029129,581,2738.086451
66.30618,120,2738.136906
57.479324,93,2738.163588
35.5505,132,2738.172148
50.30335,106,2738.186146
113.54164,94,2738.300767
319.4538,311,2738.350579
270.41266,637,2738.364661
298.97903,678,2738.390268
52.2362,94,2738.476994
25.08287,920,2738.586369
332.78876,172,2738.59101
283.08875,390,2738.888969
26.505585,179,2738.973866
308.39667,323,2739.017041
274.55823,203,2739.067497
330.62476,209,2739.067551
323.5072,246,2739.067561
303.2282,219,2739.067568
300.55197,206,2739.092638
14.4125595,136,2739.192818
266.4309,244,2739.384485
263.3144,213,2739.966206
323.53687,220,2740.075011
310.02097,333,2740.078912
286.61423,230,2740.095636
353.3775,231,2740.099802
318.6627,392,2740.113368
252.3597,393,2740.145833
42.21783,86,2740.548321
346.76395,168,2740.86205
307.99576,323,2740.866498
-37.212975,464,2740.999523
345.9164,201,2741.057032
309.55377,211,2741.061947
298.02548,254,2741.154725
257.36465,505,2741.373547
305.7401,524,2741.373613
312.54303,302,2741.49853
313.64896,282,2741.838991
275.62994,681,2742.17282
299.47473,292,2742.200612
272.22995,850,2742.209018
21.593048,185,2742.213463
292.18286,834,2742.269111
262.60788,247,2742.273781
296.92035,309,2742.273807
306.89972,295,2742.399599
301.22693,323,2742.475128
240.42487,395,2742.854336
280.37473,328,2742.869253
303.23712,230,2742.896768
344.4458,167,2742.973288
314.80945,211,2743.377479
274.7447,241,2743.382732
307.61035,280,2743.564101
297.17358,305,2743.5773
174.98083,1000,2743.768313
239.30997,799,2743.776088
278.91452,344,2743.785217
290.13428,220,2743.867825
255.56926,392,2744.070046
267.97253,248,2744.11098
337.3297,201,2744.293143
264.47192,612,2744.298489
288.4984,397,2744.298532
288.9807,161,2744.31021
-25.533096,158,2744.496914
324.35126,170,2744.542012
54.87019,86,2744.687178
289.54117,417,2744.772227
274.21753,222,2744.772274
267.59622,320,2744.82657
-11.908833,118,2744.831692
25.13836,150,2745.184208
-0.108299255,90,2745.188672
322.45798,291,2745.193286
40.28049,92,2745.197529
315.8816,150,2745.228354
342.48837,248,2745.242287
321.7215,369,2745.242314
264.32416,513,2745.242324
285.83044,272,2745.521989
327.9854,347,2745.637673
227.00867,759,2745.669285
312.74347,232,2745.738111
337.33102,156,2745.880107
316.1107,153,2745.925896
317.9544,168,2745.948657
33.489487,198,2746.128029
284.79663,425,2746.227024
330.48224,223,2746.240232
280.51126,277,2746.467346
276.7794,177,2746.540912
341.41742,199,2746.581219
354.11267,167,2746.643979
271.6867,400,2746.644025
285.47403,327,2746.67207
26.883728,157,2746.954877
298.4212,324,2747.1288
288.551,261,2747.128855
73.70635,120,2747.203597
8.022167,122,2747.212238
343.12817,307,2747.369048
298.8086,267,2747.369109
333.9886,247,2747.37861
310.02402,227,2747.551348
64.12955,143,2747.931283
333.7696,299,2748.00792
291.04822,222,2748.088877
278.16357,230,2748.317736
324.8523,184,2748.342546
311.56378,241,2748.377317
271.85706,271,2748.802798
331.66254,300,2748.966678
313.54642,267,2748.972285
275.51663,201,2749.079231
346.92456,165,2749.215539
300.07013,242,2749.374774
302.04968,259,2749.681516
318.22357,168,2749.687488
265.28906,333,2749.696976
136.7715,1000,2749.721682
325.21436,154,2749.781589
322.50317,165,2749.833327
257.32758,870,2749.848294
282.30524,513,2749.905484
242.55502,679,2750.080448
55.041924,162,2750.086094
184.03607,1000,2750.144534
347.23663,214,2750.216369
132.0258,100,2750.31913
322.964,234,2750.604848
264.21967,437,2750.682504
266.38535,191,2750.734596
324.1576,203,2750.769541
255.5518,803,2750.818466
279.04553,235,2751.075226
335.39374,192,2751.080511
348.5207,181,2751.086691
302.37344,285,2751.190229
306.28857,254,2751.399256
305.39587,162,2751.530289
287.57355,239,2751.566687
327.09097,316,2751.566733
322.8137,260,2751.572661
275.02966,328,2751.572695
347.18164,154,2751.876457
311.85254,215,2751.882079
91.50524,112,2752.097882
270.78238,310,2752.213299
322.2964,213,2752.284771
276.19827,175,2752.294911
294.99503,286,2752.299707
210.73645,504,2752.309562
295.31332,247,2752.348158
248.57336,346,2752.521091
337.36835,149,2752.64688
314.153,184,2752.837809
34.113518,160,2753.147215
275.749,220,2753.254569
315.3626,232,2753.42539
281.94617,460,2753.464384
299.7721,377,2753.521289
315.89532,234,2753.521339
349.01413,234,2753.526937
313.04007,194,2753.54076
341.63403,153,2753.642526
326.71515,190,2753.648043
316.12134,274,2753.722919
10.939056,459,2753.945947
308.14777,334,2754.093331
112.8051,107,2754.199055
54.99985,109,2754.204719
14.249912,150,2754.204757
302.7571,200,2754.564349
332.69,173,2755.117935
279.01263,223,2755.117986
304.8091,184,2755.174153
339.45288,161,2755.397647
333.3714,303,2755.740483
36.376114,97,2755.855108
-93.782524,157,2755.877006
287.09973,480,2755.909262
285.71707,477,2755.949409
315.49182,491,2756.012724
270.4215,383,2756.026795
316.44995,258,2756.374103
306.35608,162,2756.633873
145.13943,1000,2756.652331
110.568016,1000,2756.652377
224.72318,588,2756.662384
343.77014,205,2756.994797
321.55524,209,2756.999297
329.2068,269,2757.013032
303.75342,274,2757.23637
286.72266,189,2757.519727
293.23276,349,2757.54304
291.7169,558,2757.80364
329.61926,175,2757.803692
316.30212,174,2757.803702
283.12897,339,2757.934024
114.89299,1000,2758.062964
161.09366,1000,2758.150019
313.51447,339,2758.231715
58.231075,91,2758.231765
96.80229,120,2758.364625
114.20426,1000,2758.412888
269.99896,382,2758.422874
29.122448,125,2758.521207
63.757004,122,2758.635368
298.00897,596,2758.668177
319.44586,216,2758.808576
276.13324,273,2758.813371
278.37805,355,2758.886477
334.02615,200,2759.14004
311.74158,161,2759.150141
237.62006,355,2759.155282
104.49855,124,2759.217008
273.14746,237,2759.307944
27.397934,99,2759.667143
289.91144,258,2759.686276
129.87885,143,2759.800708
273.94705,226,2759.823031
-213.32538,418,2760.058921
-8.265121,86,2760.063235
277.14935,394,2760.159902
278.9429,685,2760.159951
295.64493,386,2760.168695
336.40497,225,2760.168737
241.48111,770,2760.168752
346.6935,303,2760.185958
285.81656,196,2760.202429
76.33853,102,2760.266442
257.93616,268,2760.370587
301.40143,187,2760.543531
75.45534,91,2760.584369
49.029343,115,2760.584419
53.506584,96,2760.596514
49.928787,95,2760.810316
271.09488,519,2760.973696
320.16498,213,2761.099959
321.56006,241,2761.119612
75.93718,106,2761.394624
299.02835,303,2761.459658
306.37054,214,2761.467328
310.50894,315,2761.600438
300.60895,252,2761.633137
266.054,424,2761.648559
38.60689,96,2762.083794
29.123787,184,2762.192067
-132.35843,518,2762.465005
310.07397,321,2762.524944
285.1864,461,2762.541796
276.01544,240,2762.541839
301.11993,238,2762.541848
343.7152,205,2762.541855
324.7286,331,2762.546488
125.98973,90,2762.612983
74.17488,133,2762.696496
55.70618,75,2762.789495
37.77791,80,2762.889789
257.49313,628,2762.903746
16.38733,111,2763.045995
43.6665,119,2763.076814
21.72477,133,2763.137892
152.13612,1000,2763.322293
85.12878,104,2763.379618
332.98175,171,2763.384144
61.961895,92,2763.458241
123.21948,87,2763.466691
35.780968,87,2763.524798
338.28833,235,2763.593715
303.88147,246,2763.625624
311.787,233,2763.952033
308.9128,262,2763.985558
219.09915,775,2763.999268
62.52849,90,2764.040429
26.283882,168,2764.085037
46.65651,72,2764.278911
313.03485,259,2764.567514
171.14293,1000,2764.639567
77.38698,86,2764.690761
276.64508,275,2764.798054
255.88171,310,2764.815518
307.40802,294,2764.81557
282.20496,717,2764.928871
281.0277,317,2764.943359
46.044746,207,2765.066252
73.49335,96,2765.105787
41.118706,82,2765.21174
151.56122,1000,2765.286179
76.104866,79,2765.294044
69.89231,96,2765.384765
240.11536,392,2765.424158
11.092171,353,2765.69003
22.430214,90,2765.69939
87.03837,111,2765.717922
89.111465,82,2765.800107
28.505264,153,2765.804519
267.9745,427,2765.991355
283.5694,449,2766.080853
35.76677,98,2766.14747
290.9854,752,2766.171743
20.392796,87,2766.209011
327.23245,198,2766.215958
35.39291,87,2766.215998
88.27893,124,2766.281913
53.81438,96,2766.441733
323.80054,235,2766.479939
69.279785,106,2766.581962
53.659985,112,2766.702781
-85.63817,155,2766.888236
44.78769,133,2766.913124
36.392746,162,2766.98349
349.55194,211,2767.211507
270.37332,218,2767.238994
21.377945,126,2767.480989
315.51196,374,2767.485902
-98.2221,199,2767.528092
333.24518,161,2767.668448
251.59857,273,2767.732648
294.8648,674,2767.737118
83.98729,90,2768.152698
318.98547,380,2768.263703
318.68652,173,2768.320624
334.73334,259,2768.411798
-84.18241,810,2768.484161
309.66724,443,2768.77055
30.563126,153,2768.964127
9.465057,903,2769.02426
-42.76553,902,2769.033617
2.6612778,460,2769.12273
82.59285,159,2769.15135
336.8226,369,2769.182725
77.79639,120,2769.325167
98.677246,82,2769.352471
304.1848,198,2769.396895
231.11583,377,2769.411892
42.10262,96,2769.474427
32.426983,118,2769.570776
115.09106,1000,2769.721772
26.736885,144,2769.788934
21.43063,100,2769.813119
36.56143,93,2769.828334
96.51579,119,2769.878782
45.7544,105,2769.900045
259.75146,171,2770.264548
322.31622,246,2770.289428
27.729988,99,2770.332593
314.71948,599,2770.506101
292.46616,718,2770.567663
52.36274,191,2770.666042
4.858738,99,2770.743288
124.431595,81,2770.866939
-74.802475,229,2770.87684
223.30887,293,2770.912977
-5.738102,102,2771.02339
329.239,302,2771.105797
198.66779,790,2771.122588
16.07093,652,2771.154522
66.15724,91,2771.328302
44.238506,83,2771.49912
97.04164,110,2771.645959
46.872826,82,2771.68872
22.714272,155,2771.716631
297.22946,332,2771.817809
72.47493,88,2772.115201
347.8754,239,2772.177385
26.644737,119,2772.182306
330.13007,175,2772.28442
349.46118,323,2772.326699
338.9605,375,2772.364849
38.74303,80,2772.493267
14.20628,69,2772.507882
315.181,591,2772.594191
344.49884,511,2772.594239
292.43573,409,2772.603091
65.74717,82,2772.66941
-46.36078,99,2772.781692
350.95306,231,2772.884558
171.21286,1000,2772.899624
60.80268,99,2772.952749
-45.086056,467,2772.992733
318.8935,231,2773.231913
348.44907,177,2773.381263
347.71558,232,2773.406277
309.47382,192,2773.459718
305.87244,222,2773.672002
300.33157,985,2773.676847
261.82574,280,2773.859473
279.32227,891,2773.869688
288.72165,213,2773.86975
327.6571,202,2773.875558
267.76028,196,2773.88854
336.7495,244,2773.8936
325.66895,250,2774.384997
258.75354,417,2774.399863
300.88318,214,2774.404714
286.64276,258,2774.570863
304.98993,164,2774.627286
256.6023,383,2774.640082
301.28247,176,2774.679993
90.67738,102,2774.864692
294.00323,259,2774.864745
339.88086,263,2775.08215
293.23862,378,2775.193304
274.8888,797,2775.338784
303.70547,337,2775.437642
94.83758,105,2775.55799
276.16714,446,2775.702133
311.36057,251,2775.706144
327.2223,237,2775.706169
293.00208,243,2775.776062
311.82635,333,2775.894274
254.88042,448,2775.902511
308.67352,163,2775.933908
281.5569,245,2775.973006
-27.745583,455,2776.449383
315.43738,272,2776.644901
286.1049,295,2776.649104
304.60797,211,2776.653957
289.67654,213,2776.662953
329.1548,215,2776.667807
306.12335,279,2776.793483
312.15387,229,2776.907741
-17.367157,463,2776.927727
335.16095,270,2777.077972
256.0453,558,2777.114031
83.6472,125,2777.181061
333.35733,313,2777.306914
22.034073,87,2777.573094
96.62042,116,2777.632701
286.68384,289,2777.939747
301.69055,287,2777.946443
330.09314,290,2777.965353
312.1908,233,2777.992507
254.52734,238,2777.992553
332.60626,344,2777.992562
323.53418,230,2778.135765
264.42447,485,2778.151192
135.35355,1000,2778.409479
302.1407,366,2778.448809
338.05835,191,2778.458107
357.14734,208,2778.604662
267.92712,191,2778.824088
303.99237,205,2778.906296
308.91803,202,2778.91606
303.5513,217,2778.983436
264.7182,544,2779.121035
284.74442,184,2779.251209
314.81757,283,2779.282005
247.21964,785,2779.316265
303.3812,259,2779.324298
321.43378,233,2779.514003
317.91522,297,2779.79212
331.0807,216,2779.79217
316.7286,266,2779.796689
303.95322,204,2779.827168
304.53406,197,2779.990437
320.44034,176,2780.033491
289.58325,209,2780.266657
241.0963,513,2780.272192
276.13828,271,2780.511184
311.4897,223,2780.532718
302.34515,284,2780.607579
283.63284,438,2780.900273
272.21335,281,2781.089333
312.71716,238,2781.099808
292.01932,275,2781.099857
317.54285,293,2781.143689
305.6036,246,2781.394038
238.11826,297,2781.613666
282.48688,946,2781.613723
302.73785,253,2781.64992
278.1236,208,2782.01651
288.2345,247,2782.180872
285.12085,301,2782.238569
231.69107,383,2782.252789
295.09573,265,2782.315278
233.40265,594,2782.479838
335.65353,261,2782.558563
315.23267,217,2782.622838
331.31143,226,2782.627408
93.912704,1000,2782.653628
-59.458244,486,2782.780549
271.6826,675,2783.072383
318.34058,248,2783.11825
20.935371,199,2783.122748
330.60443,159,2783.194894
292.55548,366,2783.256957
318.6521,216,2783.289631
283.98083,244,2783.356869
102.66966,1000,2783.485934
310.15796,215,2783.608095
283.27853,291,2783.921058
325.63126,215,2784.15867
262.59897,344,2784.330537
236.37048,257,2784.503644
226.81564,518,2784.508275
315.41064,246,2784.596695
257.97913,787,2784.618753
-71.51082,472,2784.681591
339.33002,262,2784.804937
269.3447,340,2784.824296
276.20593,407,2784.920292
46.76613,164,2785.255321
268.12112,475,2785.408452
300.90295,189,2785.49224
313.448,360,2785.574353
264.81146,321,2785.632403
325.30322,283,2785.632483
266.61322,255,2785.774241
324.9834,191,2785.807993
308.89008,295,2786.041509
292.53925,265,2786.041575
280.77448,642,2786.051241
297.49432,203,2786.536093
288.1801,268,2786.615391
292.35587,250,2786.696486
-12.514839,918,2786.774676
340.70166,249,2786.881322
9.963242,830,2786.885124
303.26086,246,2786.901955
316.35638,245,2787.133382
320.87732,422,2787.16326
293.88998,341,2787.163298
301.7571,374,2787.172463
260.00958,644,2787.427541
288.92688,195,2787.492862
318.0211,204,2787.694168
256.22018,276,2787.78328
61.94011,165,2787.913383
255.5364,422,2787.927204
305.17957,232,2788.194237
288.78717,241,2788.203662
288.42505,340,2788.212371
4.7046585,495,2788.252699
256.56497,401,2788.673445
282.8545,273,2788.691053
259.3161,463,2788.939951
317.51642,278,2789.02204
320.87473,364,2789.063886
321.15704,220,2789.238645
323.5951,292,2789.277477
294.37323,226,2789.277521
304.9896,230,2789.277531
326.5971,344,2789.277538
29.561962,1000,2789.355128
315.77295,239,2789.377321
235.19565,550,2789.656022
247.52435,384,2789.661798
232.2015,612,2789.661833
267.58972,271,2789.961823
297.97037,278,2790.294759
325.21912,293,2790.294821
301.49545,255,2790.395835
29.966911,211,2790.592301
226.47903,303,2790.710887
272.8569,373,2790.751291
312.2234,345,2790.763501
296.01712,344,2790.79448
-59.99345,492,2790.926248
304.87875,332,2791.129725
241.21542,307,2791.306871
14.478722,474,2791.357859
-51.933475,477,2791.371359
258.81775,466,2791.398416
300.88144,257,2791.42299
261.25543,504,2791.887693
327.4425,226,2791.914528
270.296,368,2791.920595
278.55954,375,2792.04742
-12.265957,150,2792.089753
253.25946,348,2792.127922
303.61633,339,2792.246209
346.4109,213,2792.323835
277.3825,208,2792.328665
314.82324,220,2792.346131
248.80283,294,2792.62006
270.25327,401,2792.910132
192.04694,486,2792.914595
301.312,266,2793.108471
200.6107,540,2793.182376
242.9485,564,2793.204937
302.43195,185,2793.740199
280.09387,250,2793.740247
276.7116,363,2793.7542
316.7791,418,2793.922704
259.25635,454,2793.946323
304.5337,361,2793.955651
324.8912,204,2794.10073
290.2274,504,2794.138723
259.59744,463,2794.159876
12.350639,106,2794.222024
251.9075,446,2794.234896
279.29407,329,2794.388536
316.80893,296,2794.433225
264.7625,281,2794.467404
240.37906,482,2794.482841
292.39008,189,2794.763067
6.451515,101,2794.911177
323.1105,234,2794.980616
337.8772,206,2795.134091
310.045,320,2795.156616
284.94147,272,2795.156649
333.6824,236,2795.206789
283.96136,214,2795.331158
196.30356,698,2795.430471
266.03107,215,2795.430535
260.98343,299,2795.565155
256.69,257,2795.570326
326.0967,431,2795.658067
342.74677,201,2796.042711
96.01292,105,2796.047221
295.70862,287,2796.27521
283.80023,237,2796.280096
282.52936,486,2796.317968
324.5249,350,2796.335036
310.43036,239,2796.526485
291.10068,312,2796.580289
268.5522,328,2796.943233
238.71103,278,2796.943279
295.99158,221,2797.079243
293.01495,385,2797.108658
283.83746,480,2797.108706
296.67828,256,2797.520386
308.84244,333,2797.846722
310.9246,341,2797.846777
282.98657,498,2797.846791
292.78888,222,2797.948129
259.68326,432,2798.032273
245.93723,391,2798.078246
338.6499,258,2798.118076
293.42175,238,2798.157265
284.3143,234,2798.167337
250.50308,940,2798.369931
229.99283,419,2798.496746
-7.436924,188,2798.691027
278.3,230,2798.884355
49.167824,167,2798.902113
226.24219,871,2799.116491
286.2895,294,2799.337654
332.897,341,2799.372954
261.72977,277,2799.393108
301.19537,204,2799.393137
276.62994,511,2799.393147
277.77167,236,2799.404485
302.15912,291,2799.409137
190.9977,356,2799.541264
261.86816,512,2799.811265
245.66666,300,2800.209582
289.4118,239,2800.42763
321.8772,237,2800.442994
304.73425,397,2800.451978
276.29446,310,2800.487493
294.3033,370,2800.543818
233.79457,565,2800.587269
248.69186,281,2800.587312
291.01874,270,2800.597168
303.38086,272,2800.617507
317.8141,204,2800.721457
302.4179,293,2800.845953
282.14893,332,2800.887957
160.7108,1000,2801.020192
311.17786,461,2801.468154
265.26654,280,2801.484792
304.90717,233,2801.498332
276.5409,203,2801.516
304.9765,238,2801.700343
324.46698,263,2801.780263
258.37982,297,2801.801699
257.5163,366,2802.092003
66.57041,156,2802.168191
298.39767,305,2802.260175
328.10266,182,2802.318925
334.38065,395,2802.318986
284.21588,484,2802.671975
268.78296,373,2802.708234
310.93118,287,2802.754964
330.9807,160,2803.036771
-83.7382,494,2803.065319
286.78674,289,2803.069998
275.23117,227,2803.191103
192.5825,586,2803.352854
319.34473,235,2803.377902
304.11716,245,2803.764159
326.57184,545,2803.930937
281.41483,393,2804.025532
300.3272,222,2804.035716
326.41003,299,2804.045207
292.7624,588,2804.432729
289.8824,236,2804.432782
251.0859,529,2804.474441
261.13184,866,2804.493097
299.555,416,2804.626102
300.0024,317,2804.626153
297.86053,198,2804.833188
306.21783,431,2805.32263
272.4621,227,2805.53569
294.4029,342,2805.608867
335.14563,259,2805.650971
274.40695,589,2805.762669
303.01837,601,2805.819493
286.93625,298,2805.823304
328.58112,162,2806.067759
139.29321,1000,2806.226778
17.73378,114,2806.269443
335.8399,448,2806.541322
277.66888,211,2806.581645
290.29327,563,2806.600289
273.16684,192,2806.673365
257.62595,452,2806.68278
242.93993,325,2806.986476
330.77637,283,2807.328287
306.13092,237,2807.328332
321.5713,338,2807.328341
290.7965,148,2807.342155
300.20612,170,2807.352361
77.40343,86,2807.379259
301.5077,669,2807.655488
-18.961872,251,2807.728388
187.91895,845,2807.887997
9.128174,672,2807.88805
259.08548,514,2807.92109
316.57162,308,2808.078778
305.35318,167,2808.088103
315.0263,167,2808.088145
327.39304,174,2808.123536
94.748825,118,2808.278821
188.54355,1000,2808.316032
276.24152,399,2808.352932
334.56982,213,2808.352985
252.93451,508,2808.523313
314.27774,170,2808.675811
43.52352,86,2808.762544
63.715252,99,2808.78791
294.7242,160,2808.876237
305.15222,204,2808.876284
298.29474,334,2808.890379
292.47888,199,2809.026579
307.33136,206,2809.058842
85.583115,81,2809.139475
-46.7705,193,2809.264886
-3.1745377,110,2809.304048
276.32544,428,2809.339637
109.15332,123,2809.450824
16.171417,105,2809.519522
26.978489,103,2809.819867
331.13263,286,2809.868137
81.48712,90,2809.868184
312.69055,241,2809.991496
-64.92807,504,2810.007452
103.322784,128,2810.110718
327.38635,323,2810.191728
294.32318,441,2810.346077
305.56647,261,2810.360226
254.203,318,2810.37434
31.076485,259,2810.465143
18.240616,167,2810.759862
334.5259,174,2810.807868
292.38403,213,2810.847623
290.04895,231,2810.929389
245.7479,186,2810.961345
-99.75412,384,2811.068905
284.28906,226,2811.213379
327.63757,231,2811.394019
35.534496,85,2811.441322
338.6832,186,2811.680474
310.75006,171,2811.725484
306.85486,309,2811.735567
285.69073,423,2811.740476
264.26624,307,2811.856658
184.0891,260,2812.104008
264.28143,320,2812.21081
291.1116,339,2812.353349
332.1134,197,2812.353395
267.2519,249,2812.353405
240.46573,974,2812.382212
311.26938,165,2812.500871
330.78345,164,2812.500918
216.83005,966,2812.535154
53.41994,93,2812.767797
312.3147,177,2812.90677
66.72342,107,2812.971247
69.59922,138,2812.991682
336.76788,265,2813.050326
45.331642,183,2813.159531
285.87772,350,2813.255665
286.03772,340,2813.255714
304.3532,216,2813.308689
325.78738,249,2813.326781
-12.333179,90,2813.457119
315.49127,235,2813.589515
76.0724,1000,2813.622932
308.71317,173,2813.792694
304.95496,255,2814.463751
293.98868,342,2814.491749
314.88318,327,2814.491788
346.3786,191,2814.491798
362.59528,262,2814.495858
43.00904,252,2814.52047
322.7604,262,2814.693532
274.06314,352,2814.816518
238.64215,757,2814.884814
41.692432,89,2814.913305
128.84583,99,2814.934866
270.20657,530,2814.950737
255.07642,470,2814.955029
154.95033,1000,2814.959866
297.87372,388,2815.447046
321.5262,210,2815.472598
293.92734,463,2815.486407
290.65863,213,2815.49093
316.01532,190,2815.820782
246.93576,285,2816.005754
-1.0740051,124,2816.046871
26.658798,67,2816.124773
299.20908,327,2816.454987
308.06757,238,2816.560888
348.31415,352,2816.560937
282.3382,372,2816.594274
70.046005,129,2816.642314
273.83957,484,2816.728453
239.2746,323,2816.935456
324.0735,175,2816.947504
290.2013,436,2816.947529
277.5676,539,2817.020916
254.2544,365,2817.182359
21.022266,77,2817.301319
-12.440861,94,2817.381988
331.96857,221,2817.587826
355.29468,264,2817.785067
336.89264,179,2817.839821
267.54395,271,2817.851418
253.97557,302,2817.857477
28.765144,279,2818.018486
298.23572,312,2818.367272
311.2229,217,2818.374714
260.59958,999,2818.42324
312.69354,535,2818.483741
300.75882,235,2818.926526
5.4649353,116,2818.954691
78.06046,106,2818.968393
279.3437,369,2818.996805
12.022224,971,2819.301742
263.58527,397,2819.414488
94.57148,1000,2819.519894
243.20853,518,2819.557833
-129.86569,485,2820.033006
319.4697,237,2820.037545
274.4475,476,2820.06082
197.96158,739,2820.070271
277.0197,366,2820.074705
332.78436,242,2820.083081
290.5306,172,2820.219608
243.76956,457,2820.498633
-30.221405,126,2820.619927
269.41763,249,2820.69499
297.02075,265,2820.806058
289.98248,626,2820.925165
290.4909,189,2820.950375
252.09189,439,2821.034382
309.03003,217,2821.039127
251.82825,271,2821.330083
207.33041,280,2821.349859
321.0442,253,2821.38593
49.931572,90,2821.4517
284.00208,579,2821.646593
35.874535,179,2821.761834
293.19196,400,2821.903182
-12.221603,243,2822.024121
73.21333,85,2822.141561
281.46735,346,2822.185303
337.70453,170,2822.213985
281.29584,384,2822.24122
259.0285,963,2822.270213
309.65564,342,2822.582238
307.8484,313,2822.747056
345.55664,166,2822.973142
324.75848,186,2823.040372
233.59259,829,2823.102844
347.10065,227,2823.178868
300.1153,243,2823.375091
245.02502,455,2823.419072
304.69647,207,2823.536967
65.835754,92,2823.604462
315.98227,364,2823.693258
300.75604,510,2823.715534
312.33856,212,2823.730063
35.934097,143,2823.766124
321.8346,361,2823.905194
347.85385,230,2824.113391
258.9477,551,2824.176212
310.53058,213,2824.379124
25.405312,157,2824.460302
285.43494,830,2824.494879
277.51617,187,2824.644184
338.946,201,2824.659755
263.62534,363,2824.67037
308.08313,300,2824.951462
304.18808,344,2825.217891
306.48102,244,2825.252227
290.26175,337,2825.2709
66.9014,136,2825.293865
277.31482,207,2825.354069
323.29083,191,2825.367494
344.75766,161,2825.404243
116.12054,1000,2825.413645
290.25043,251,2825.852751
349.81946,206,2825.91994
313.51797,429,2825.925136
337.6222,169,2826.078222
323.80127,183,2826.093265
283.04755,182,2826.26602
321.19907,199,2826.355837
314.35678,249,2826.469367
-35.010914,123,2826.49578
146.87482,1000,2826.54805
324.49625,262,2826.586125
316.19617,170,2826.635164
260.22818,489,2826.788176
302.45734,272,2827.174571
336.36206,237,2827.179824
294.5185,182,2827.184377
284.5486,190,2827.422162
324.98212,253,2827.422215
349.2198,142,2827.440833
309.0653,219,2827.472132
319.3168,219,2827.502086
258.88806,778,2827.801023
92.93619,110,2827.946644
266.8908,299,2828.021369
54.339813,118,2828.049898
293.0002,603,2828.059995
123.908485,1000,2828.087564
277.31458,219,2828.194141
317.88092,378,2828.332793
342.5779,218,2828.43771
306.70227,273,2828.442859
291.33942,515,2828.459198
36.97641,107,2828.688586
285.47577,194,2828.703393
290.47495,374,2828.91465
84.358154,114,2828.977916
311.1754,280,2829.245406
306.7637,272,2829.314869
303.93875,266,2829.314917
335.97742,274,2829.314927
311.87402,193,2829.323436
323.92682,311,2829.451009
313.31793,242,2829.547115
287.9744,450,2829.547167
304.88403,179,2829.742454
79.47797,94,2829.751716
335.55118,170,2829.765548
64.147934,133,2829.934033
38.860104,149,2829.939919
29.985153,142,2829.979036
112.61222,1000,2830.002963
54.05745,97,2830.021159
27.826122,59,2830.042079
280.7602,373,2830.079751
338.93262,196,2830.265174
259.42047,625,2830.352945
24.369995,137,2830.434715
67.0339,174,2830.584203
294.67633,188,2830.836691
282.1529,179,2830.836734
295.56268,290,2830.836744
292.3808,170,2830.88557
-29.92952,519,2831.123196
55.080025,210,2831.235651
60.123062,176,2831.389469
351.943,318,2831.519746
311.52563,339,2831.529849
77.48765,189,2831.710417
263.13095,475,2831.802042
319.81494,196,2832.075733
303.9017,265,2832.111919
297.77246,397,2832.248018
269.22247,470,2832.260566
329.98886,212,2832.279776
39.50576,140,2832.505229
311.75507,527,2832.549916
65.673386,100,2832.601802
332.02106,223,2832.640732
287.51974,366,2832.653375
307.21893,265,2832.706361
331.98962,307,2833.043785
302.37683,205,2833.061529
282.7907,464,2833.066182
312.3492,195,2833.187242
196.2898,960,2833.258483
326.04056,226,2833.312707
265.9631,639,2833.468349
317.55573,248,2833.656961
5.0297546,151,2833.72876
260.52997,434,2833.787188
308.4843,268,2833.832655
303.98874,170,2833.837372
312.13574,281,2833.846479
295.39444,269,2833.878784
320.52472,270,2833.941003
323.44525,176,2834.113503
324.68045,261,2834.269243
19.665703,235,2834.274323
297.36826,351,2834.283497
101.00732,154,2834.563483
328.68292,244,2834.802709
283.67834,234,2834.833874
17.497787,157,2834.870621
298.85822,562,2834.91739
345.2379,246,2834.957248
345.287,263,2835.09602
34.944157,66,2835.17973
250.56929,268,2835.208986
279.10028,199,2835.209022
5.7791634,89,2835.222096
316.5799,384,2835.260273
10.64333,154,2835.552879
11.467888,141,2835.607846
265.67828,379,2835.622094
316.61478,141,2835.863414
308.40903,181,2836.01907
326.36655,212,2836.079595
302.91754,201,2836.195771
269.6004,638,2836.227648
332.18524,313,2836.669897
324.79236,144,2836.680556
306.28378,237,2836.720673
292.8308,257,2836.74324
239.1011,535,2836.776025
302.65994,447,2837.000442
311.92828,593,2837.04779
283.65192,183,2837.066188
77.68976,221,2837.132908
286.9665,328,2837.165679
65.97965,115,2837.289255
76.79532,108,2837.3137
302.3166,138,2837.358308
321.5327,241,2837.384631
62.196083,104,2837.506694
3.8525314,114,2837.697992
11.6092415,89,2837.706819
290.4953,813,2837.711297
311.0047,223,2837.746595
266.349,407,2837.791652
78.0479,89,2837.800784
235.4737,565,2837.870643
242.2897,237,2837.885088
34.842674,133,2838.12888
24.574223,102,2838.259762
39.107914,109,2838.384057
282.27063,290,2838.416138
321.3842,157,2838.426033
15.52824,67,2838.570689
72.623985,101,2838.595716
316.35724,204,2838.658574
324.97064,280,2838.663471
279.0135,189,2838.678767
316.17822,175,2838.683408
323.69595,203,2838.693426
-21.06012,92,2838.857203
326.84167,386,2838.879923
79.58911,96,2839.021329
3.525772,79,2839.031158
71.88362,98,2839.05622
54.340252,106,2839.186891
283.3293,407,2839.211157
170.54405,1000,2839.259522
274.2174,203,2839.373231
309.3274,210,2839.378368
330.39734,194,2839.572217
301.85242,190,2839.572266
18.197685,91,2839.683776
323.00192,430,2839.712701
303.81204,186,2839.724636
21.182697,148,2839.724665
45.944843,117,2839.734674
-29.571346,202,2839.823735
40.01093,137,2839.852805
300.32718,229,2840.088404
25.051067,107,2840.220685
73.19762,88,2840.220736
296.2896,391,2840.490994
304.74268,245,2840.496208
-1.0649719,93,2840.933218
332.23688,183,2840.938646
300.8369,272,2840.946472
316.20984,346,2840.974869
322.71796,270,2840.981566
307.37738,318,2841.050305
27.51545,158,2841.25024
63.302242,77,2841.313652
-37.637745,120,2841.51372
295.7593,359,2841.533403
336.4878,534,2841.556287
326.35126,284,2841.56655
310.24216,433,2841.594484
16.04591,93,2841.753537
131.13431,1000,2841.806634
74.86882,170,2841.844593
343.10376,370,2841.961996
262.51205,485,2841.976264
303.1703,156,2841.981214
346.34937,248,2842.104271
66.546165,131,2842.170699
93.15081,105,2842.286576
56.59632,91,2842.385257
293.52386,184,2842.385313
350.33737,173,2842.393538
350.55737,310,2842.424529
312.9057,202,2842.447492
354.4897,195,2842.456579
39.435047,137,2842.482643
305.38873,164,2842.510941
-10.551857,92,2842.592086
334.02823,166,2842.731318
26.95237,82,2842.755027
72.30374,112,2842.789362
88.08263,87,2842.807363
93.54023,89,2842.867647
46.71486,102,2842.893358
337.49054,211,2842.932563
331.39172,424,2842.932609
249.12112,694,2842.932618
-5.652542,133,2842.971448
107.42086,111,2842.992722
15.166473,157,2843.073652
9.93264,88,2843.141105
318.97424,248,2843.206478
30.977135,101,2843.23578
-47.06176,92,2843.302233
13.196087,108,2843.350616
48.813908,97,2843.365572
53.504204,111,2843.421061
114.71954,113,2843.429979
110.331314,106,2843.437631
-10.743752,145,2843.448074
40.253536,109,2843.474771
-14.883816,81,2843.498985
-23.832512,175,2843.499028
56.87455,148,2843.732129
88.46619,104,2843.764955
8.531437,135,2843.811297
74.21633,104,2843.824604
304.56952,302,2843.927949
29.102798,96,2843.931674
74.44548,95,2844.152681
55.296803,90,2844.161001
29.461872,86,2844.184597
300.18396,421,2844.311427
336.32587,219,2844.311474
288.82306,226,2844.490837
277.94562,253,2844.528883
54.684803,120,2844.685903
262.13547,319,2844.858873
95.01335,96,2844.92591
346.53503,227,2844.92596
302.44968,180,2844.947646
346.74365,144,2844.951854
271.32202,256,2844.951877
29.992477,134,2845.137924
292.46616,432,2845.151193
42.060986,104,2845.156909
328.77145,191,2845.165505
70.68492,99,2845.366256
132.28598,100,2845.394765
10.470779,124,2845.411833
253.68152,304,2845.539791
23.073936,141,2845.582554
32.957935,105,2845.61681
22.344196,110,2845.626122
-20.190899,78,2845.719039
57.81989,140,2845.779877
313.42822,229,2845.973853
275.41653,469,2846.010263
30.75848,78,2846.131567
248.15924,629,2846.235135
310.18506,192,2846.253042
68.645325,136,2846.324239
302.87766,322,2846.367857
320.6861,668,2846.405348
307.02246,193,2846.405403
291.5935,281,2846.421621
119.82704,112,2846.513489
55.1029,124,2846.530769
309.47076,216,2846.580132
300.5885,733,2846.731358
90.014305,100,2846.860434
57.184723,85,2846.905316
290.00342,172,2847.019621
302.5679,176,2847.019673
331.32727,334,2847.120959
23.524696,162,2847.128402
66.29753,84,2847.242028
343.7938,191,2847.256753
28.04271,71,2847.344211
325.25085,244,2847.42063
300.74274,451,2847.434318
301.09875,243,2847.457905
293.71042,418,2847.457945
55.097553,127,2847.597726
-0.16795349,82,2847.797363
320.09985,184,2847.957013
328.37878,307,2847.971324
311.9441,276,2847.989765
73.6409,168,2848.012965
52.165764,139,2848.097742
322.13525,294,2848.260185
317.10693,218,2848.266026
280.9461,191,2848.3259
302.68146,193,2848.360627
277.70105,286,2848.4516
108.35485,103,2848.465603
279.4124,241,2848.465636
22.936924,110,2848.622721
10.505615,80,2848.733285
290.11072,202,2848.747786
22.939423,106,2848.956532
290.9804,219,2849.00091
310.60312,186,2849.138974
342.9316,176,2849.153455
14.784157,100,2849.205993
13.628273,85,2849.345238
322.14032,198,2849.391792
291.90796,301,2849.432185
332.65424,206,2849.432229
276.7566,147,2849.43623
289.1722,396,2849.454861
312.83252,244,2849.75806
318.67938,182,2849.843569
292.59433,401,2849.873926
354.26718,164,2849.915962
275.00592,217,2850.153955
292.54926,172,2850.154024
291.08414,176,2850.222785
42.153442,196,2850.352127
240.40703,931,2850.428049
319.87628,210,2850.437476
-28.57859,123,2850.452277
56.64048,95,2850.668678
286.1137,331,2850.75196
325.06293,299,2850.834101
357.82288,230,2850.842128
320.82324,206,2850.885094
340.94208,232,2850.936546
28.233135,141,2851.00958
29.811554,133,2851.050405
124.288055,1000,2851.157404
113.575066,93,2851.185934
3.666092,79,2851.199115
87.28977,78,2851.204859
8.932102,140,2851.571529
283.47342,307,2851.57158
296.03876,250,2851.591333
296.48407,257,2851.638728
105.32778,104,2851.674268
57.46842,138,2851.679461
32.272263,115,2851.720021
274.55524,241,2851.767965
305.78607,194,2851.768016
256.98608,220,2852.010563
296.20233,429,2852.137125
34.757236,107,2852.224449
1.4191666,132,2852.259624
329.1073,264,2852.375162
324.82544,175,2852.394253
12.974606,126,2852.824627
29.948631,108,2852.913006
176.5074,1000,2852.954337
56.49205,136,2853.028486
319.76648,296,2853.18173
303.35562,348,2853.222841
242.71986,460,2853.364353
107.738556,92,2853.369719
267.0116,286,2853.401732
322.71045,360,2853.401775
260.4729,378,2853.401785
265.53088,361,2853.411067
290.6536,240,2853.421089
21.439667,126,2853.445087
274.08386,367,2853.54015
38.048347,78,2853.573
278.26083,329,2853.716691
-4.2599487,115,2853.900753
122.19858,93,2853.943294
105.55395,1000,2854.059263
315.31152,172,2854.08654
-19.849144,144,2854.11262
318.53503,270,2854.201301
309.21136,233,2854.323981
321.91306,237,2854.370142
336.14328,271,2854.506932
296.18677,274,2854.523331
263.4231,279,2854.811777
307.18353,248,2854.883013
319.1409,215,2854.939015
315.7497,202,2855.182954
324.25403,256,2855.232538
14.789524,77,2855.259045
234.59277,457,2855.296562
231.3439,381,2855.596372
247.70572,322,2855.628439
279.84485,276,2855.628488
74.10275,111,2855.689744
22.503479,86,2855.947318
104.30567,88,2856.041845
283.05676,383,2856.069742
323.74533,226,2856.103396
328.18607,200,2856.10719
275.26508,360,2856.341991
290.05408,271,2856.352679
331.6869,197,2856.422031
-19.879417,845,2856.696481
4.0162506,93,2856.723188
320.18158,168,2856.783442
293.9218,187,2856.795639
319.13934,180,2856.825877
63.295193,103,2856.833363
27.975647,138,2856.91538
289.27698,746,2856.945071
11.966263,85,2857.028763
152.50397,1000,2857.080381
69.924225,109,2857.221786
159.10678,1000,2857.447788
351.23264,209,2857.538582
287.48322,489,2857.571277
293.42395,202,2857.571314
316.0864,242,2857.882607
34.091816,91,2857.921976
311.0893,499,2858.040914
329.27783,291,2858.044857
311.61334,218,2858.070154
252.48837,1000,2858.098764
285.58264,304,2858.205494
319.54996,357,2858.221075
320.1744,212,2858.270236
340.3524,220,2858.394179
248.44093,409,2858.420192
96.91166,175,2858.608423
-5.663418,111,2858.642105
89.09458,121,2858.698323
143.36702,1000,2858.783118
268.39355,205,2858.842791
9.376011,100,2859.043635
338.80475,246,2859.370572
299.8684,277,2859.370627
238.86606,593,2859.404519
255.61935,339,2859.408316
257.9402,347,2859.408349
234.15244,263,2859.466297
323.60168,356,2859.508922
333.88812,229,2859.521324
336.22763,416,2859.525573
358.4162,209,2859.535774
280.46436,500,2859.54539
266.99835,189,2859.549145
145.6254,1000,2859.911431
321.77213,218,2859.927557
321.96576,163,2860.071188
298.24426,177,2860.296576
307.10992,223,2860.319411
344.46185,247,2860.631227
299.852,285,2860.649015
313.5921,159,2860.649087
325.9059,253,2860.653636
345.2563,265,2860.692167
224.74823,358,2860.947742
182.25525,502,2861.00807
298.45187,163,2861.058604
342.27982,251,2861.068144
287.5191,381,2861.175845
270.00623,396,2861.292359
31.961845,167,2861.424667
-28.859928,104,2861.557582
262.2955,317,2861.56786
220.86044,451,2861.567902
275.46323,203,2861.648106
354.224,189,2861.896259
259.44073,550,2861.896309
332.47763,205,2861.909242
318.77438,182,2862.014507
231.16916,327,2862.179073
328.45386,417,2862.258106
322.31,182,2862.258163
299.2671,211,2862.267039
327.39886,264,2862.28198
32.219406,171,2862.344596
48.13792,114,2862.417577
272.79132,204,2862.504467
366.78033,152,2862.60361
291.90018,222,2862.672879
339.61423,203,2862.824983
37.032467,104,2863.088785
-10.759365,129,2863.269358
36.99598,178,2863.337074
288.0494,215,2863.347155
327.16568,199,2863.34719
298.97943,288,2863.356734
270.7228,235,2863.356787
297.82318,237,2863.366435
291.4629,235,2863.366481
222.67044,233,2863.371188
259.57556,607,2863.494143
94.443016,121,2863.674246
84.59549,96,2863.7397
279.1767,226,2863.901291
78.36459,117,2863.914425
98.079605,119,2863.930464
-6.968704,106,2863.990982
337.5499,148,2864.056997
305.31732,168,2864.164741
68.293594,109,2864.428327
77.47032,113,2864.46866
302.06744,238,2864.479032
298.37982,492,2864.496439
296.09482,178,2864.576546
310.9433,246,2864.838397
305.13287,703,2864.872259
309.32715,325,2864.8922
75.24362,85,2864.892247
43.476486,86,2864.916478
300.44568,263,2865.160586
269.74985,223,2865.222991
150.31712,1000,2865.357711
10.721268,125,2865.48273
253.5392,224,2865.503617
336.85422,196,2865.518821
219.62912,222,2865.53242
19.166569,168,2865.693143
-57.934677,492,2865.723961
317.3837,212,2865.884538
300.4594,416,2866.035725
335.8589,182,2866.354344
296.29663,247,2866.405649
274.10788,507,2866.41436
274.64856,163,2866.499452
305.09595,229,2866.598411
301.7812,230,2866.615722
263.5639,308,2866.626761
50.57364,149,2866.746995
103.669464,118,2866.964413
61.399696,85,2867.014008
59.932648,115,2867.161879
283.6631,203,2867.358958
-65.54025,849,2867.404927
296.1573,602,2867.702365
-11.083221,116,2867.922717
296.15515,203,2867.942893
286.23923,423,2868.357876
286.75015,200,2868.357927
334.2276,342,2868.367939
282.48926,290,2868.39129
290.21326,596,2868.525875
88.5986,95,2868.801515
318.539,246,2869.066249
281.17667,678,2869.082699
254.25763,571,2869.285674
282.46985,209,2869.344069
92.77598,1000,2869.636036
286.93665,350,2870.006268
312.91388,357,2870.006331
275.95364,957,2870.031286
142.932,1000,2870.063392
242.07535,764,2870.07197
308.18073,224,2870.09614
318.29108,197,2870.190556
254.3789,544,2870.239978
274.59558,288,2870.409787
26.224674,91,2870.492451
23.522274,92,2870.518392
289.85974,255,2870.806651
335.94885,173,2870.863982
65.54206,148,2870.873391
279.59857,189,2870.882593
297.8905,479,2871.005777
320.88196,257,2871.216379
309.90802,213,2871.216424
328.48218,177,2871.227622
0.9269333,1000,2871.820579
256.03452,293,2871.88279
311.98074,312,2872.330282
304.61285,357,2872.487068
250.07214,553,2872.598071
105.070915,1000,2872.59813
318.8308,294,2872.622447
310.54678,341,2872.622494
325.25925,369,2872.622509
150.36734,1000,2873.174319
300.643,281,2873.210095
278.23068,193,2873.231881
328.32812,298,2873.231929
298.24347,507,2873.252096
260.38885,443,2873.299717
253.84946,252,2873.76784
229.50348,720,2873.841749
231.62535,973,2873.849661
258.57205,273,2873.868357
312.0479,308,2873.906134
287.73975,205,2874.108119
285.3143,341,2874.159983
273.67087,356,2874.874339
-103.60149,500,2874.888285
271.26447,374,2874.936611
304.19852,239,2874.946304
-90.1219,510,2874.953439
276.05505,235,2875.17115
279.78418,234,2875.225047
292.84616,298,2875.230188
272.64,869,2875.2409
263.68976,433,2875.2732
-65.722946,500,2875.486687
290.2859,523,2875.614972
260.27014,390,2875.625824
270.69556,378,2875.630768
322.475,186,2875.776423
335.97824,184,2875.776472
263.29062,183,2875.780872
249.88014,442,2875.78584
287.56537,181,2876.059837
298.87332,265,2876.086982
316.58783,222,2876.184801
304.62994,213,2876.235867
291.5586,228,2876.260711
318.43478,203,2876.697809
301.9132,268,2876.697874
297.8125,238,2876.697891
315.6653,237,2876.697902
293.0968,412,2876.737111
311.1777,333,2876.737152
301.0472,226,2877.0846
308.7069,224,2877.102899
272.01202,296,2877.124065
328.37256,207,2877.685933
-58.692684,517,2877.962734
312.3176,275,2877.993296
285.23505,291,2878.024888
281.6412,295,2878.041572
-31.057098,503,2878.070685
-57.845898,509,2878.100076
319.32578,230,2878.168483
289.08844,332,2878.211764
287.77612,293,2878.421083
241.91373,379,2878.425689
-98.61756,489,2878.462571
260.81668,298,2878.462603
-53.541424,504,2878.474783
-124.09378,494,2878.507167
20.403896,96,2878.603167
300.30362,277,2879.326633
308.08984,302,2879.396052
256.33368,298,2879.3961
246.84697,378,2879.401203
272.6645,220,2879.502619
286.92123,324,2879.685024
281.44086,282,2879.704539
310.03357,277,2879.723893
297.0576,298,2879.819869
281.59058,438,2879.984311
-51.550316,479,2880.138088
48.330894,106,2880.186009
-48.265316,490,2880.326333
290.66724,274,2880.637406
-86.37018,490,2880.646742
-32.323715,480,2880.6535
282.0863,455,2880.671564
314.26785,275,2880.746114
307.9995,365,2880.975401
69.749985,122,2881.174963
311.85138,396,2881.1806
334.27844,193,2881.187098
334.7591,184,2881.574332
-80.59945,512,2881.702538
-158.21841,511,2881.972292
311.71542,315,2882.078348
-166.81519,526,2882.082881
326.51395,350,2882.215676
315.19617,277,2882.215724
294.15317,251,2882.31987
317.48212,373,2882.319932
261.79016,523,2882.333823
-72.57917,502,2882.389822
322.8601,297,2882.516073
-101.63358,526,2882.544275
316.63803,282,2882.983987
328.2364,214,2883.060252
313.86206,330,2883.069156
290.7711,258,2883.415907
317.11597,248,2883.476829
305.94257,327,2883.494553
300.5536,309,2883.512944
323.44632,255,2883.523265
243.76685,829,2883.59762
270.82788,284,2883.656999
265.97943,553,2883.737254
52.201687,125,2884.099539
290.3197,390,2884.210309
328.97894,264,2884.223808
304.79727,170,2884.26566
312.4654,165,2884.280449
309.44257,252,2884.663678
269.4915,344,2884.683633
302.9496,227,2884.696498
328.28882,278,2884.712499
-7.4583817,499,2884.869733
271.71527,323,2885.081917
305.77115,297,2885.096834
270.7811,437,2885.102383
280.797,239,2885.359528
295.778,248,2885.359579
298.99072,238,2885.370442
320.34708,263,2885.415684
249.76532,693,2885.424657
305.8899,140,2885.506958
241.68777,344,2885.677581
309.23663,249,2885.817426
330.47946,183,2885.938564
271.96677,275,2885.955822
221.16057,755,2886.016499
303.0677,186,2886.219207
276.9137,256,2886.2675
330.44748,230,2886.479978
270.17557,411,2886.543563
310.7691,256,2886.543617
294.27307,320,2886.543631
321.97528,238,2886.598821
-68.182434,513,2887.065834
322.1214,374,2887.137204
282.02948,393,2887.169446
267.7984,337,2887.238551
269.74594,329,2887.345811
290.10303,256,2887.668651
330.88922,242,2887.668704
308.03607,371,2887.668713
306.43243,364,2887.695724
68.389435,103,2888.140259
295.9311,429,2888.202231
282.42142,245,2888.202277
264.8042,345,2888.202287
285.73575,490,2888.202295
315.11322,357,2888.202301
294.72855,421,2888.216873
343.10553,225,2888.216915
300.71692,249,2888.379428
284.3976,318,2888.596663
298.73245,204,2888.596714
315.52863,318,2888.806665
4.3739014,518,2888.94826
304.55078,172,2889.014053
298.73126,183,2889.053462
326.57452,186,2889.066907
297.12003,256,2889.394744
247.05515,262,2889.420576
307.63934,193,2889.513911
320.70883,280,2889.517741
333.0297,195,2889.848924
305.18845,360,2889.868098
318.93973,271,2889.86815
332.0692,191,2889.895801
244.9684,482,2889.900242
295.432,267,2890.04876
303.9853,216,2890.048811
278.3266,461,2890.274364
306.03345,182,2890.352795
316.07294,221,2890.409778
293.63132,198,2890.428543
27.45137,118,2890.446384
308.97375,231,2890.951813
325.24857,224,2890.951871
265.16296,563,2891.0157
318.97034,216,2891.295228
271.87445,309,2891.295276
320.10944,202,2891.304335
339.73755,197,2891.338371
325.9007,278,2891.351783
306.4923,829,2891.547467
274.60587,329,2891.588572
343.21844,251,2891.625222
341.2615,185,2891.825972
305.13284,418,2891.835714
314.17206,523,2891.866062
349.47412,148,2891.993481
9.447296,148,2891.993532
287.9834,250,2892.124711
284.0421,235,2892.40238
271.25208,207,2892.769042
317.179,202,2892.909708
304.04407,241,2892.928257
316.8945,344,2892.938308
353.19232,240,2892.957189
294.20868,298,2892.961975
319.74844,467,2893.167942
272.87985,310,2893.407206
308.15887,223,2893.416431
270.19022,452,2893.421486
68.55818,120,2893.511307
310.37677,168,2893.539733
320.8639,164,2893.662531
138.07877,1000,2893.695897
265.07208,357,2893.754707
298.32935,731,2893.814842
-9.085625,487,2893.86833
250.53108,519,2893.940366
53.209328,151,2894.118792
337.04175,155,2894.224092
115.13186,92,2894.239202
-3.10775,132,2894.275741
302.31372,286,2894.280783
311.11108,344,2894.519216
-41.21388,127,2894.533714
314.84833,241,2894.53377
332.9478,168,2894.533785
319.12726,210,2894.675521
313.2556,202,2894.806428
305.44275,317,2895.014548
302.79666,201,2895.061856
320.87125,227,2895.297084
313.27008,213,2895.528966
283.9926,203,2895.621695
304.2541,307,2895.716003
349.33908,258,2895.724843
272.73087,325,2895.742296
284.5261,215,2895.80498
277.44354,349,2895.8995
-77.857285,82,2895.998404
315.5643,253,2896.179595
166.6483,638,2896.365849
308.79352,298,2896.433028
259.62067,419,2896.476705
244.14505,323,2896.779854
325.28653,193,2896.87373
-80.140015,510,2896.882425
302.0857,198,2897.078119
-55.66469,856,2897.117245
272.83765,268,2897.122173
240.4165,323,2897.277606
22.651955,956,2897.344517
345.75525,144,2897.527637
277.19748,424,2897.649385
-92.84326,146,2897.75177
78.209236,92,2897.949025
-76.92566,495,2897.974441
-53.403915,513,2898.071537
333.2161,269,2898.102527
301.654,566,2898.102574
244.74649,208,2898.280528
268.7071,226,2898.29324
320.83575,263,2898.301937
312.48022,405,2898.30197
296.52,415,2898.306008
249.10117,264,2898.310746
291.60397,209,2898.569474
-220.71608,495,2898.587582
77.79392,132,2898.650595
323.03217,190,2898.780767
36.22934,139,2898.891592
-83.946915,521,2899.112323
299.09192,259,2899.117377
323.01498,185,2899.117401
295.0254,256,2899.228812
350.97375,152,2899.262812
291.08643,219,2899.26758
298.09985,272,2899.305062
311.67807,237,2899.355142
334.03674,243,2899.386621
-31.261566,257,2899.430997
335.10333,194,2899.435983
322.89642,212,2899.596462
347.3069,224,2899.892606
105.30994,115,2899.950752
314.73724,189,2899.970045
-192.64835,505,2899.997658
342.35648,178,2900.042689
300.69257,309,2900.178559
322.49454,205,2900.199832
-21.005009,210,2900.221134
318.69495,246,2900.23642
91.55151,101,2900.41163
287.4484,290,2900.424622
290.99454,182,2900.424648
315.03912,247,2900.552319
105.4171,116,2900.939016
314.70288,226,2900.986375
321.25558,242,2900.986423
281.5229,362,2900.986437
257.7281,373,2900.986448
281.04178,224,2901.004213
109.745865,105,2901.025092
317.2658,234,2901.091469
-3.2568817,167,2901.160975
337.0277,216,2901.169685
295.81833,223,2901.178181
349.4036,217,2901.402879
-6.7068825,109,2901.662283
333.48407,224,2901.966795
329.60577,246,2902.146851
324.08722,252,2902.157734
286.95905,230,2902.162965
300.6682,423,2902.168178
311.33722,242,2902.307362
317.73657,500,2902.503819
337.94644,182,2902.519659
242.3069,302,2902.802324
2.591591,147,2902.978859
284.3115,181,2902.993144
315.6187,436,2903.003268
275.31473,421,2903.111241
267.77814,237,2903.24274
313.5418,521,2903.391378
219.33755,521,2903.391431
333.90762,305,2903.543066
10.600517,145,2903.668979
59.19462,98,2903.697044
321.2221,278,2903.791287
181.06638,1000,2903.97688
20.768974,136,2904.034594
261.93835,444,2904.041375
270.09442,337,2904.093138
224.88467,419,2904.115701
351.81018,259,2904.325308
272.8448,312,2904.458005
42.875,101,2904.514758
321.56366,188,2904.677995
258.1925,790,2904.697371
22.839386,133,2904.708983
19.830925,151,2904.744807
81.80487,74,2904.799097
295.8898,240,2904.803156
321.70404,430,2904.812015
306.37888,271,2904.824104
-19.742027,95,2904.945904
306.54733,189,2904.991664
221.87482,344,2905.00491
329.32758,440,2905.032491
111.66292,84,2905.063597
274.23688,291,2905.063628
-142.67789,85,2905.084739
305.87305,164,2905.460597
317.53625,209,2905.701726
260.0476,326,2905.820755
62.91224,181,2905.860605
347.95557,239,2906.113835
341.72894,227,2906.118146
310.5968,230,2906.132747
56.776127,104,2906.201698
253.63474,377,2906.578391
104.05983,81,2906.578443
103.33711,116,2906.658824
317.4057,195,2906.75412
291.89572,377,2906.754163
272.47852,275,2906.758352
368.2823,134,2906.767089
314.81146,422,2906.771959
258.125,451,2906.90146
340.55426,237,2906.985356
34.4647,107,2907.243894
279.9343,252,2907.294277
342.0987,207,2907.605833
310.90887,218,2907.750172
302.8648,255,2907.750222
331.06546,216,2907.750232
287.99942,268,2907.813205
224.90587,853,2907.935393
316.7672,218,2907.975792
330.7122,160,2908.022893
63.121784,75,2908.0969
284.96423,294,2908.11463
48.880882,188,2908.476617
30.438122,113,2908.501131
197.60355,752,2908.568744
58.35764,126,2908.607487
-29.036318,114,2908.65055
295.0169,332,2908.768952
290.50516,221,2908.773695
300.92923,208,2908.773727
57.095787,78,2908.840939
278.18335,428,2908.86778
255.18542,884,2908.907266
71.62899,106,2909.069023
23.951931,91,2909.073861
83.115265,75,2909.122796
16.81926,137,2909.143417
12.83691,83,2909.168473
85.502945,89,2909.193639
104.105316,75,2909.219933
-23.655437,72,2909.243082
68.775024,103,2909.317749
327.0337,281,2909.400248
289.98734,335,2909.484344
286.8676,200,2909.527111
141.02786,1000,2909.573733
13.328812,135,2909.725077
89.5705,80,2909.886858
298.98224,177,2909.934636
262.4809,478,2909.943837
297.7113,182,2910.133518
294.20935,199,2910.13357
299.5943,212,2910.142533
80.26254,128,2910.146848
298.8725,215,2910.364453
302.6978,268,2910.368951
111.07225,120,2910.480083
53.81173,140,2910.589116
97.76347,97,2910.593312
-46.37536,108,2910.642405
354.18823,171,2910.677903
311.8487,207,2910.682638
-13.121693,140,2910.785822
54.736004,102,2910.844959
302.24698,369,2910.903178
64.478806,82,2910.9721
89.92009,132,2911.098508
32.950512,92,2911.10426
15.948494,106,2911.128569
103.53241,117,2911.134717
7.448967,165,2911.143393
205.58475,975,2911.232368
21.827301,118,2911.327064
63.23025,130,2911.444214
-47.211212,122,2911.461977
79.73091,79,2911.462008
89.167786,114,2911.496161
54.849277,74,2911.565232
16.618229,104,2911.582094
294.36102,310,2911.582122
77.28575,100,2911.586658
-111.657,555,2911.607277
343.6884,250,2911.812814
82.91382,116,2911.854126
23.178001,158,2911.859126
41.88875,84,2911.877874
70.468025,98,2911.903913
129.3239,87,2911.972181
65.96895,88,2911.981224
249.64459,550,2911.997996
22.809692,96,2912.016371
19.668686,124,2912.025494
31.970879,144,2912.103199
72.332016,69,2912.140292
11.2024,131,2912.205326
44.40184,142,2912.214499
55.496067,87,2912.260287
40.21441,86,2912.298483
51.239635,87,2912.416982
-1.933342,120,2912.421587
41.46365,95,2912.426632
92.523994,110,2912.48121
3.3298798,149,2912.527491
-60.14204,125,2912.576281
280.67102,322,2912.589706
61.198425,83,2912.665161
-2.1196442,92,2912.665222
0.20646667,74,2912.929839
21.62638,79,2913.030117
70.77017,86,2913.062486
326.5113,201,2913.114897
262.73117,893,2913.135234
308.23108,179,2913.2354
321.99982,181,2913.239463
293.81113,293,2913.301666
25.3998,83,2913.30641
57.631374,62,2913.311419
47.46465,75,2913.402897
307.2107,272,2913.451747
254.76285,274,2913.674986
321.19183,339,2913.675049
341.9434,240,2913.675059
17.484257,98,2913.754642
104.696976,82,2913.819008
38.16132,95,2913.839573
40.0748,121,2913.86385
310.1478,306,2913.923843
72.48108,171,2914.02152
75.70198,67,2914.161307
264.12167,378,2914.198835
313.41827,239,2914.198886
23.644455,117,2914.204181
306.53638,216,2914.217622
313.5763,241,2914.230587
6.9734383,87,2914.23062
42.49964,110,2914.424783
36.663155,74,2914.504092
106.01401,109,2914.517827
83.90161,84,2914.582304
58.891945,98,2914.661438
88.934784,100,2914.682604
106.20189,108,2914.689312
248.90488,228,2914.708869
70.5554,125,2914.769487
302.71283,355,2914.930674
277.2207,181,2915.062115
76.20834,123,2915.081818
78.612495,91,2915.133139
-178.06725,305,2915.147986
-13.289726,124,2915.157353
334.03262,189,2915.298486
338.35132,143,2915.358322
-0.11078644,157,2915.398492
35.797497,100,2915.402924
54.950985,98,2915.593822
121.78629,116,2915.607753
304.72363,185,2915.64314
26.050938,107,2915.66303
58.609077,117,2915.7046
267.07144,439,2915.70467
37.597942,102,2915.789598
28.202072,98,2915.871508
29.88892,116,2915.912704
4.217697,93,2916.041939
53.19304,152,2916.121792
26.947353,89,2916.125857
73.41986,103,2916.134094
39.59842,115,2916.205887
35.31349,68,2916.224348
42.4438,145,2916.2906
50.67098,122,2916.352456
74.22441,112,2916.388637
-92.303215,87,2916.439415
320.20026,294,2916.46168
25.610298,166,2916.474895
2.6147804,86,2916.51509
282.72516,403,2916.576984
88.100586,82,2916.581523
271.56903,981,2916.60713
10.79324,86,2916.617999
13.158665,124,2916.683184
19.702354,131,2916.730362
82.37007,86,2916.742962
266.17157,504,2916.842298
-67.49182,66,2916.87971
62.275433,116,2916.914714
63.551445,69,2916.993672
30.83192,119,2917.010745
-40.10984,129,2917.020306
30.922634,90,2917.020354
60.72971,93,2917.025646
-23.634556,131,2917.051512
-133.07611,121,2917.062472
-82.982925,74,2917.062507
51.0462,112,2917.081305
42.83807,79,2917.097952
319.2066,181,2917.110718
44.509453,65,2917.206131
21.833282,97,2917.282299
0.6500511,61,2917.291595
8.406109,85,2917.409378
-137.05145,92,2917.414759
-146.50897,119,2917.419547
8.703747,81,2917.432052
97.31292,88,2917.455503
-44.94204,75,2917.455533
44.83771,62,2917.492604
17.814243,88,2917.501941
-208.09322,100,2917.519988
70.58746,118,2917.560045
-58.36785,119,2917.626278
-92.634186,86,2917.671816
56.99939,62,2917.780175
36.375954,72,2917.844918
78.91058,66,2917.85857
-99.693,91,2917.868606
-51.059917,104,2917.889515
22.469746,136,2917.915013
259.2061,891,2917.927685
37.331646,108,2917.958969
88.54812,118,2917.985999
25.923393,140,2918.077191
60.046497,106,2918.12886
56.38336,138,2918.14296
66.698044,75,2918.147089
-98.56775,131,2918.285376
20.322506,89,2918.288861
-217.36375,83,2918.301294
85.725624,98,2918.306261
8.816067,90,2918.311211
-184.76971,102,2918.338105
-203.85583,94,2918.411397
-8.593662,124,2918.500672
83.64845,97,2918.582997
67.69829,103,2918.592009
82.77415,75,2918.655021
85.43166,103,2918.760169
40.02259,104,2918.760229
70.368675,101,2918.769729
282.2821,310,2918.839204
83.70543,100,2918.870667
5.5391197,111,2919.002501
29.617638,100,2919.044537
109.094635,109,2919.074122
26.829556,107,2919.135039
275.13733,477,2919.204489
313.7493,243,2919.232019
-85.58441,115,2919.270988
258.385,221,2919.295886
0.7161064,125,2919.312564
-44.72064,86,2919.378461
29.535473,92,2919.44193
-165.68626,77,2919.47669
281.87073,270,2919.553902
-11.716061,121,2919.615047
27.13456,88,2919.674555
296.83844,188,2919.683103
283.54388,359,2919.696368
-91.17532,58,2919.718895
5.6652184,122,2919.761331
-71.79356,98,2919.766004
285.34814,405,2919.796959
32.635838,124,2919.864439
47.066273,71,2919.882594
59.859528,108,2919.970565
-50.016273,164,2919.974635
39.71511,81,2919.982848
20.086205,150,2920.062663
38.20286,92,2920.096947
-360.23645,96,2920.105363
-492.68805,96,2920.130257
31.139011,83,2920.135765
-71.86274,75,2920.327751
-115.17865,58,2920.332164
286.228,347,2920.337144
20.675423,135,2920.376183
-65.66536,95,2920.412694
-151.27786,93,2920.519519
-191.07643,97,2920.546229
-214.64981,99,2920.579771
12.640747,86,2920.719097
298.96387,413,2920.729757
302.76788,231,2920.760067
85.91148,111,2920.828513
19.894688,77,2920.868392
-33.74326,73,2920.911469
-27.114853,85,2920.933257
12.252899,146,2921.049875
297.5199,164,2921.085639
275.7836,284,2921.181014
20.83939,74,2921.213188
-3.310379,85,2921.225271
-26.97474,122,2921.284008
-144.94893,95,2921.368377
-270.73074,100,2921.368427
280.28857,285,2921.434305
42.329117,82,2921.451163
87.712265,101,2921.501679
65.773964,75,2921.51566
53.23044,82,2921.581955
-231.02298,76,2921.711824
283.35974,386,2921.730434
-292.29303,69,2921.748239
48.24914,94,2921.800994
297.61224,448,2921.845064
-10.863373,86,2921.84921
-2.6788177,124,2921.859188
63.08875,79,2921.872201
57.883255,76,2921.872232
27.788803,72,2922.047606
-38.05911,104,2922.060488
7.379963,74,2922.133364
-46.480267,76,2922.204013
-231.88895,80,2922.207916
-238.01898,116,2922.259671
-68.84291,96,2922.27223
108.07808,110,2922.363435
-156.37752,57,2922.39531
-170.58517,90,2922.454353
9.576569,87,2922.454405
305.1159,176,2922.555647
263.7682,319,2922.67719
-231.62207,103,2922.681665
225.2002,424,2922.70033
-49.049515,55,2922.790906
35.119484,97,2922.88111
265.26495,580,2923.038994
-36.715878,89,2923.070277
-107.12703,64,2923.170552
287.43567,216,2923.224113
277.94235,253,2923.397094
307.8678,160,2923.401727
256.68994,315,2923.609554
77.02184,101,2923.614742
34.27422,110,2923.708009
74.258865,75,2923.733781
67.58931,84,2923.774734
283.90894,330,2923.831025
312.44385,174,2923.840609
261.5411,883,2923.849574
315.1327,195,2923.906175
216.44708,468,2923.936227
310.20697,265,2923.974573
-204.41232,53,2924.015439
-208.48932,52,2924.079755
44.02546,81,2924.106783
87.58411,110,2924.1107
-367.43857,79,2924.208489
16.954815,84,2924.213226
-189.93933,396,2924.222667
75.24049,85,2924.288728
-320.19373,65,2924.307798
-189.80386,85,2924.322246
-176.20834,138,2924.338096
-190.37941,62,2924.361849
