#{"t_start": 1780230364.476171, "env_id": "None"}
r,l,t
-116.39992,67,4.17221
-271.58102,73,4.179902
-63.97782,80,4.18809
-59.306335,80,4.188146
-169.1578,83,4.191865
-299.751,84,4.194726
-26.04277,86,4.201226
11.975731,100,4.220538
-101.9297,104,4.226129
-246.97202,105,4.22795
-53.30178,106,4.230518
-142.5456,115,4.241154
-222.83162,119,4.245924
-286.262,119,4.245978
-113.17526,134,4.265682
-9.822659,71,4.271171
-49.291656,59,4.279682
-114.01197,63,4.279737
-36.75503,63,4.279752
82.79333,144,4.281438
-193.53033,74,4.285031
-78.813446,68,4.29002
-60.06261,74,4.301123
-62.19965,59,4.307934
-165.48964,78,4.330692
-281.32022,92,4.34889
-46.39746,81,4.352977
-308.59048,103,4.356932
-232.52664,86,4.359665
-266.26257,95,4.368401
-199.1611,77,4.369903
-122.058334,72,4.374557
-391.60742,86,4.387688
-158.10345,88,4.39714
-155.41876,84,4.40254
-269.9139,79,4.416734
-244.30963,88,4.422283
-79.108604,106,4.42384
-310.59555,114,4.434113
-39.5753,110,4.434142
-161.25838,62,4.44324
-6.156986,67,4.446666
-102.04317,88,4.450717
-36.138817,72,4.466278
-145.91748,69,4.468029
-198.48416,54,4.476405
-319.12784,65,4.476458
-92.56036,84,4.476472
-181.25415,85,4.48749
-367.24884,107,4.50073
-142.44437,63,4.509218
-143.60994,58,4.5126
-266.3389,72,4.513838
-123.03412,94,4.52594
-104.19092,72,4.530245
-63.916267,88,4.539379
-70.97577,70,4.559316
-51.37473,89,4.559354
-69.88637,71,4.566094
-50.841778,100,4.573493
-112.198364,63,4.583575
-300.46442,88,4.586229
-216.88791,67,4.591705
-38.897728,94,4.593163
-67.16899,81,4.595798
-89.80867,95,4.601389
-85.33248,123,4.604836
-222.92789,111,4.606187
-239.90913,69,4.610561
-302.14078,90,4.620486
85.56523,72,4.623303
-2.8006706,93,4.638107
-60.043026,68,4.641879
-31.655811,64,4.663181
-98.53691,65,4.666859
-34.202145,60,4.670535
-249.41928,97,4.677302
-104.62876,98,4.685379
-36.652203,66,4.687109
-74.123665,102,4.699816
-146.12067,67,4.704537
-69.40704,76,4.706333
-62.424957,92,4.707905
-56.243538,62,4.714406
-73.88387,100,4.71581
-177.59998,101,4.726344
-300.44284,91,4.736536
-3.434227,82,4.743516
-70.139984,119,4.755146
-54.307602,66,4.76051
-100.27084,90,4.775203
-366.59552,89,4.781599
-56.097675,74,4.793018
-255.30942,103,4.795712
-44.085274,71,4.797547
-80.95987,68,4.804168
-138.9235,70,4.805746
55.323162,86,4.815455
-98.99216,102,4.817084
-382.17227,95,4.847787
-205.03879,84,4.850529
-80.16261,116,4.852793
-74.27132,137,4.859333
-273.53287,91,4.869488
-61.604584,90,4.873531
-231.86371,78,4.880026
-298.4223,115,4.882704
-19.948826,66,4.885237
-161.84743,72,4.893046
45.713173,103,4.905405
-147.58817,91,4.90949
59.12074,91,4.911907
-279.64417,94,4.916359
-180.4295,82,4.918907
-89.82881,86,4.922313
-77.18822,71,4.940632
-128.09901,56,4.943393
-42.932426,74,4.950827
-262.5326,87,4.95434
-284.96744,87,4.957035
-98.74666,67,4.974585
-137.00653,64,4.985797
-86.90689,89,4.990199
-236.1331,97,4.990236
-225.33719,73,4.995065
-39.36637,94,5.000893
-107.5331,108,5.013577
-330.56662,85,5.0186
-79.51065,84,5.020392
-31.707233,62,5.029243
-151.29788,67,5.040195
-155.35709,81,5.045582
-174.219,88,5.052639
-4.2627106,78,5.05779
-126.28531,114,5.065797
-133.45256,72,5.070285
-181.98347,65,5.072165
9.789627,127,5.072202
-28.0905,61,5.076553
-31.685562,56,5.091175
-33.322727,72,5.096137
-287.1216,80,5.131014
-30.062473,70,5.1366
-172.53192,111,5.139415
-112.84149,80,5.154219
-246.01434,61,5.158172
-43.48844,72,5.1699
-120.349365,136,5.17329
-63.89099,98,5.187625
-72.83695,95,5.189544
-72.48294,125,5.192683
-47.470367,123,5.200387
15.251106,96,5.200437
-77.78233,116,5.239594
-62.370636,119,5.242979
-254.33794,103,5.24919
-80.127304,64,5.254497
-214.38586,128,5.283052
-46.503113,85,5.291717
-107.76372,101,5.293491
-26.315334,72,5.302999
-54.038853,110,5.303038
-120.02516,121,5.312205
-122.444885,92,5.315088
-146.7442,90,5.326256
-99.73459,60,5.332211
-115.064964,63,5.333899
-33.231804,97,5.349174
-67.664314,107,5.361878
-285.2462,127,5.361923
-159.09036,51,5.373612
-195.97137,125,5.378819
-17.997822,101,5.3918
-83.34361,104,5.398652
-73.080055,83,5.403522
-212.64992,96,5.418695
-103.75866,80,5.420162
-114.98406,113,5.432364
-34.577164,107,8.874542
-168.96442,59,8.87836
-342.70728,96,8.8872
-287.64273,101,8.902959
-165.6571,79,8.904397
-30.757187,129,8.907099
-49.736343,118,8.910346
-352.78067,126,8.914608
-102.987335,72,8.916212
-90.650055,122,8.936807
1.341835,89,8.938449
-114.008156,99,8.938479
-317.22107,125,8.94109
-87.522545,82,8.945457
-119.47948,78,8.951574
-30.482304,99,8.961599
-111.210495,69,8.979601
-5.250374,101,8.987735
-146.24466,77,8.990139
-192.32114,83,8.999873
-86.86326,122,9.007294
-64.61353,89,9.0107
-11.711094,62,9.012049
-53.096153,72,9.016617
-44.135666,94,9.018178
-95.7736,128,9.027673
-224.98708,81,9.030175
-158.71992,90,9.036524
-4.315357,79,9.064391
-72.616646,150,9.06582
-219.72385,124,9.072166
-227.70241,112,9.084047
-79.67714,83,9.090489
-48.981255,68,9.092315
-92.295105,64,9.098983
-98.950935,77,9.101524
-48.233536,104,9.105007
-5.335388,73,9.107594
-60.676674,88,9.109028
-95.6184,92,9.114403
17.691288,154,9.120784
-79.68181,122,9.123257
-184.4387,117,9.13715
-70.8531,102,9.147892
-92.8976,76,9.151291
-91.501495,72,9.154124
-150.733,58,9.16402
-42.49819,97,9.17379
-52.875237,69,9.183977
-91.81515,76,9.186861
-50.737564,83,9.196903
-74.801315,99,9.201429
-43.068436,95,9.21209
-24.694702,62,9.216707
-228.37831,118,9.223598
-98.8866,69,9.231069
-65.31931,132,9.232748
-74.10631,106,9.232774
-83.065094,116,9.250174
-1.6177406,116,9.252929
-167.10127,72,9.255719
-27.817322,111,9.262851
-188.24522,76,9.271565
-118.66837,98,9.274995
-51.584614,114,9.281285
1.4758797,89,9.30011
-59.054543,97,9.313309
-73.85095,78,9.323316
-127.688576,86,9.331966
-118.62188,105,9.334296
-64.27809,74,9.338795
-77.33214,68,9.341317
-13.00388,75,9.342952
-201.5831,121,9.358066
-32.14599,153,9.362592
-16.87999,97,9.364043
-64.952835,88,9.374725
-40.434135,125,9.377759
-99.485504,131,9.377791
-123.42221,95,9.386497
-67.021515,94,9.391106
-49.475807,93,9.410353
-15.221962,72,9.428217
-60.81568,85,9.432504
-28.610296,82,9.43607
-150.30997,100,9.440474
-98.97957,72,9.448747
-322.17792,101,9.453317
-258.1159,103,9.461801
-97.15761,80,9.467099
-125.455154,97,9.470561
-73.1893,96,9.474325
-1.4320183,78,9.476686
-395.16837,157,9.494678
-29.756199,109,9.501207
-68.47187,66,9.505687
-38.95536,121,9.514015
-345.28613,115,9.521722
-114.55608,79,9.52403
-96.12608,111,9.533732
-60.805717,85,9.547223
-68.19619,113,9.554231
-36.908386,91,9.56907
-22.894093,88,9.574548
-101.93965,95,9.576986
-126.97203,103,9.577034
-119.88823,127,9.589965
-109.59195,135,9.591252
-56.710896,84,9.595628
-61.779892,81,9.596976
-12.946686,68,9.598342
-86.333084,88,9.613018
-38.401276,85,9.618506
-172.87605,132,9.620942
-72.45022,122,9.632284
-251.31593,60,9.657635
-79.569145,74,9.659091
22.456253,121,9.670844
-59.18956,73,9.673332
-111.5029,118,9.68061
-91.19447,82,9.689909
15.537632,72,9.699521
-102.25715,118,9.700945
-101.92403,112,9.702371
-45.395756,84,9.707918
-13.991428,145,9.716799
-28.47211,108,9.718101
-98.05344,129,9.719635
-62.0031,81,9.722945
-128.17987,119,9.729502
-284.22568,98,9.731832
-45.247284,68,9.737682
47.894657,97,9.780061
-83.55089,112,9.786386
-191.99121,102,9.788853
-6.8445625,87,9.790094
-65.92026,83,9.797301
-193.50385,75,9.80267
-68.39772,84,9.814292
-196.0496,102,9.817204
-28.066292,76,9.818902
-169.64507,124,9.821309
-78.26049,108,9.82364
-99.26868,95,9.844331
-52.481194,121,9.84791
-154.44397,114,9.850547
40.490307,104,9.850575
-50.30213,112,9.85298
-150.98825,55,9.861525
-44.86839,79,9.879537
-45.974224,67,9.881209
-16.187958,89,9.889526
-31.408966,66,9.893535
-73.6751,98,9.894826
-16.279373,84,9.924933
-127.73563,64,9.927421
-116.34299,98,9.935259
-52.717407,103,9.944718
-63.954166,131,9.944749
-18.500885,97,9.967642
-128.37653,70,9.967673
-85.26827,76,9.974335
-74.79358,105,9.974376
-62.114826,105,9.975995
-65.049614,100,9.98423
-305.66437,137,9.985607
-16.998169,129,10.009177
-47.036762,71,10.012107
-102.885666,108,10.023752
-276.02164,108,10.028113
-80.69304,66,10.02815
-71.02495,108,10.029683
-14.306377,79,10.035151
-63.33239,90,10.040101
-89.43489,64,13.394492
-58.38699,57,13.401256
-53.236645,83,13.421335
-70.24447,78,13.426503
-57.38912,95,13.437039
-30.84826,114,13.451383
-85.657684,134,13.454151
-38.82363,89,13.477395
40.65327,133,13.478744
-112.244354,86,13.480042
-124.52556,83,13.495814
-99.03984,122,13.499379
-142.10666,106,13.507365
-56.15307,119,13.508947
-20.609726,131,13.512585
-6.2339478,126,13.520596
3.249672,119,13.530142
-47.937634,83,13.531612
-11.615734,138,13.535142
-79.90488,107,13.543497
-71.59769,113,13.554724
-29.52491,82,13.570476
-36.16487,112,13.576829
-28.595474,78,13.583624
-65.77073,124,13.593396
-111.259094,116,13.608689
3.3938065,122,13.613563
-21.396244,77,13.616332
-61.06033,71,13.632595
-106.63855,102,13.632626
-90.24896,125,13.638089
-96.08574,115,13.639493
-23.0616,118,13.639518
-15.911129,117,13.658081
-77.75502,76,13.660481
-54.37388,114,13.668357
-76.27252,122,13.668385
-66.82914,81,13.671916
-60.151627,154,13.678435
-6.427017,75,13.693413
-40.881393,92,13.695592
-34.57608,126,13.709826
-23.906605,74,13.721022
-44.65078,83,13.729674
-65.999985,112,13.73898
-15.397743,81,13.747127
-48.49504,106,13.748418
-35.12793,104,13.752807
-9.5425,77,13.752831
-98.90928,132,13.758305
-26.925993,79,13.758329
-26.963634,65,13.764532
-42.797974,95,13.77221
-91.615585,104,13.774549
-109.85115,131,13.7759
-5.829071,65,13.780063
4.655628,87,13.786314
-18.081367,113,13.801162
-105.46022,107,13.836197
-77.649185,95,13.849889
-131.2012,97,13.853192
-150.90488,78,13.856389
-44.718777,86,13.857811
-194.2787,123,13.862095
-261.56055,102,13.863424
-83.53607,99,13.865706
-25.073355,80,13.866922
-81.9319,109,13.876314
-71.80824,131,13.881045
-57.908848,88,13.882461
-33.740143,82,13.889984
27.506939,109,13.893688
-22.311314,130,13.895095
-2.3478622,128,13.916773
-38.77532,73,13.946636
-37.049484,79,13.949064
-71.65648,101,13.965185
-80.06163,65,13.966641
-146.01474,132,13.981915
-74.43117,116,13.985583
-45.344112,125,13.988925
-136.55933,102,13.990355
-8.391903,103,13.996661
28.285107,82,14.006694
-90.41043,52,14.008267
-15.29118,118,14.013487
-5.790085,140,14.014894
-56.50682,139,14.020708
-59.67914,116,14.02227
-31.967539,121,14.031426
-43.1195,148,14.034155
-82.6286,76,14.054112
-19.452053,93,14.056036
-130.8901,72,14.068591
-28.788246,93,14.077088
-50.43364,67,14.078611
-89.41967,83,14.088705
-30.116716,89,14.092092
1.7132072,72,14.094596
2.5125732,69,14.11331
3.3053055,84,14.119517
-115.27169,104,14.137861
-68.099754,128,14.141608
-179.67377,116,14.146379
-47.225082,71,14.151561
-45.025375,127,14.177618
-99.034904,142,14.178921
-80.91049,110,14.182167
-173.83244,143,14.185438
-68.87583,101,14.191107
3.5771866,94,14.199795
-53.320442,116,14.208441
-23.43843,140,14.214209
-87.20729,84,14.214236
-107.749535,82,14.227651
-61.528896,78,14.231094
-118.66855,120,14.24876
-65.33846,107,14.2606
-93.31244,155,14.263238
38.555607,77,14.264726
120.16968,153,14.264766
-69.68642,104,14.267648
-79.75951,77,14.270438
-90.245575,80,14.303665
-39.1295,83,14.307008
0.05765915,123,14.322453
-69.0131,71,14.327907
-64.644646,118,14.331196
-62.162315,130,14.335685
8.856747,157,14.35384
-46.556244,110,14.355273
-61.558586,131,14.355296
-51.274887,83,14.355306
-31.331106,114,14.356505
-7.5900536,107,14.382122
29.886395,74,14.38563
-51.10161,107,14.387
-57.23259,85,14.415851
37.380165,81,14.424754
-56.197716,149,14.428111
-203.61716,152,14.428139
-39.56817,113,14.431479
-106.05746,51,14.4378
-82.422745,160,14.442163
-25.004776,105,14.446352
-31.118378,87,14.450237
-37.700787,63,14.45635
5.552765,99,14.464692
-80.06995,102,14.468093
-43.34999,104,14.469395
-149.21057,142,14.484879
8.643986,74,14.505648
-81.73145,138,14.506965
-51.80624,82,14.517418
-40.080406,87,14.526321
-42.493683,83,14.528856
-54.307625,73,14.530142
-67.079216,100,17.920625
-11.27309,69,17.922286
-37.07467,123,17.935602
-5.305397,79,17.939452
27.731613,67,17.94464
11.034584,157,17.946091
-31.891169,126,17.969923
-70.499146,110,17.977723
-106.57949,82,17.986553
20.25692,74,18.000904
-35.031166,85,18.000952
8.919914,70,18.00452
-43.33976,153,18.013023
-14.385536,160,18.01306
25.315083,81,18.018764
-16.078926,125,18.03451
-73.93398,66,18.051483
-55.02699,103,18.061328
47.1482,109,18.061374
8.567459,84,18.063975
-35.55526,144,18.078446
16.74403,144,18.081119
-21.223804,87,18.087262
-86.38281,124,18.090129
-0.5797539,77,18.09156
-17.8843,81,18.099987
-25.198582,148,18.113338
-115.922806,93,18.123082
-72.992714,103,18.157376
-34.924675,133,18.158807
27.456326,83,18.165545
-92.40299,68,18.172147
-7.1851463,132,18.174546
-17.89954,81,18.176057
2.9396553,96,18.178354
23.379238,80,18.185954
-11.165306,88,18.188618
-54.794235,103,18.188667
-47.372925,88,18.194203
21.267868,90,18.207969
-52.838776,181,18.228473
-76.06134,100,18.243489
-44.124172,109,18.245201
-21.756744,159,18.245231
15.551857,75,18.250829
7.9167976,87,18.274681
6.436882,80,18.27766
-16.992138,73,18.280616
-13.716637,118,18.308627
-13.473064,103,18.308677
-49.190372,100,18.316143
-21.966228,121,18.330111
-50.625717,85,18.341771
-13.449734,131,18.348543
-26.5096,77,18.348594
-48.662354,115,18.358997
-111.33902,129,18.361969
-13.9640465,80,18.380605
-4.1975327,154,18.386757
-44.252266,116,18.401221
-88.84749,74,18.401264
-22.830158,101,18.411095
-43.717384,103,18.411134
-17.278942,130,18.414094
18.446278,73,18.421303
9.964733,91,18.424021
2.694065,139,18.426866
-158.51715,103,18.445732
-50.474,114,18.485985
-8.070473,107,18.489614
-57.448715,120,18.501435
23.504478,79,18.511747
-87.711655,97,18.515226
-42.818047,98,18.516574
-23.613586,117,18.519275
-19.774426,95,18.52535
-60.78482,148,18.526871
-3.1076202,81,18.538882
-11.05455,110,18.551219
-2.3010025,180,18.556696
26.208244,148,18.560001
-65.810394,129,18.561393
25.981403,68,18.564998
-38.625275,138,18.572041
38.054783,150,18.604386
-146.26518,89,18.611655
-80.04857,81,18.621264
-54.368526,89,18.627125
-19.240898,86,18.636132
2.8542366,109,18.657987
-8.090645,92,18.659984
-47.12608,106,18.664346
2.6724625,148,18.678212
-29.313114,108,18.695828
-158.39531,142,18.701058
-24.185669,122,18.734292
56.696426,129,18.737542
-75.19502,100,18.739007
-25.070099,94,18.74496
-18.03268,86,18.747444
6.289501,147,18.754258
-73.370125,154,18.763511
6.8873596,161,18.768071
40.15733,88,18.77531
-41.368065,129,18.782498
-83.709915,80,18.797863
-34.72443,78,18.80053
-12.9053,150,18.819537
-29.173748,125,18.819585
-102.2697,75,18.832603
-54.583656,69,18.834156
-98.26225,146,18.846349
-61.941605,64,18.857621
8.344986,97,18.867701
14.061901,78,18.867743
11.6838455,159,18.87949
-95.097595,117,18.883301
-25.000908,86,18.889482
-30.736511,126,18.897046
1.1359444,116,18.902023
-45.092083,115,18.910822
29.935368,101,18.943534
-2.7204857,126,18.956569
-31.893621,112,18.959561
-35.69887,135,18.9664
16.756104,107,18.969296
-12.991764,82,18.970902
-60.716614,99,18.981804
30.97445,78,18.993522
-105.635895,89,19.000311
0.54859924,136,19.003227
-15.486435,88,19.009979
7.601551,107,19.012485
-29.837925,129,19.026995
8.030056,148,19.02891
-32.64505,102,19.036463
-20.417755,87,19.051653
-70.58587,146,19.061922
-38.641747,82,19.06655
-77.657616,113,19.103291
-7.4827347,92,19.107855
-30.761036,70,19.109293
-70.020164,129,19.110646
49.57203,88,19.112972
-19.152107,88,19.11543
19.667301,128,19.129772
-35.24076,149,19.134527
-21.035748,97,19.147177
-21.256695,106,19.14992
-121.80872,155,19.151344
-1.8793907,82,19.157031
64.27209,97,19.163647
-13.705914,152,19.171624
-66.723816,65,22.547055
-50.35867,156,22.548473
-41.73902,110,22.554934
-41.720543,81,22.587228
21.925175,107,22.595177
-58.763573,71,22.595226
-73.4828,112,22.604458
16.918533,109,22.621784
-125.18463,67,22.628295
19.45123,140,22.631876
-3.979538,104,22.636275
25.66866,145,22.642012
-11.833305,92,22.648994
44.63279,163,22.651693
-112.722115,124,22.664621
42.4676,141,22.691149
33.08895,144,22.708339
-34.2752,110,22.717095
-23.94703,80,22.718352
0.3214264,104,22.719663
-22.432892,122,22.722914
-12.412163,187,22.722938
29.501816,74,22.725212
4.3570175,192,22.726569
-57.495182,95,22.729108
16.09652,133,22.743353
43.460575,127,22.772979
-1.2680168,131,22.784183
-44.955334,121,22.788001
9.901707,131,22.814555
7.8925476,79,22.81632
10.606556,83,22.825319
11.899364,94,22.826717
-33.65522,124,22.8349
2.0829048,115,22.851885
44.377068,116,22.857778
-3.7266083,183,22.85913
-33.411827,132,22.861677
-77.82094,133,22.877766
-43.102432,141,22.892391
23.385025,128,22.894748
-16.13084,108,22.903579
-12.293938,76,22.905836
-32.307148,109,22.916654
-41.974983,123,22.955803
-20.08416,111,22.95915
19.769413,97,22.960536
3.8853683,218,22.968171
53.94974,103,22.976196
-20.055992,183,22.994771
-64.35325,103,23.005498
-18.8023,106,23.01102
1.593277,166,23.014302
33.870583,140,23.016675
-33.124104,144,23.020298
-39.312096,107,23.021738
31.629074,175,23.02407
-14.22945,142,23.038053
-20.874165,115,23.044671
7.9726067,85,23.063902
19.742172,160,23.080721
7.6704483,96,23.08336
-38.306572,129,23.099152
-72.34997,131,23.105998
-47.670067,93,23.113528
13.332325,101,23.126751
-25.400867,105,23.138925
32.933006,159,23.141943
12.118031,93,23.152347
-55.065434,116,23.159717
-15.261066,149,23.169593
25.439526,117,23.177391
1.7476273,135,23.177433
-3.608158,87,23.190742
-48.7902,135,23.228812
70.361664,108,23.236227
-26.618433,77,23.237805
-62.541607,103,23.245728
35.71322,188,23.24719
-28.232784,204,23.250236
13.650608,105,23.262853
12.2590065,153,23.27553
-31.808834,140,23.283631
-26.98016,103,23.288345
24.7168,109,23.290041
-46.111435,104,23.298609
-47.062428,114,23.316704
-12.440971,102,23.352314
14.486355,148,23.356496
46.128937,145,23.365564
-9.893925,103,23.370434
44.264847,185,23.37048
45.054966,111,23.378158
-29.681286,124,23.394408
-68.59272,99,23.396766
14.815716,100,23.403859
43.26262,106,23.409337
13.284637,160,23.42441
20.967937,133,23.426732
-13.448757,124,23.440066
5.2578964,175,23.442547
54.31366,114,23.447149
16.625626,106,23.486779
32.640923,211,23.501225
-28.815075,120,23.501258
9.021263,128,23.505625
-70.51589,103,23.509964
-25.434162,114,23.528046
32.422546,161,23.529365
-12.857571,118,23.537817
69.34982,90,23.537847
-18.989182,167,23.540651
-8.823921,134,23.543066
-11.932423,108,23.544523
18.394226,108,23.546993
31.65937,166,23.561714
-36.139107,125,23.578045
-52.332012,76,23.597064
-25.793095,148,23.610285
-28.085747,80,23.629233
13.530727,123,23.639283
5.0778275,124,23.644773
16.630135,107,23.650776
-35.441498,142,23.661376
-2.8434715,117,23.671249
6.94162,168,23.674617
-119.62573,123,23.683147
55.692375,96,23.685704
41.717243,135,23.694325
18.618118,152,23.70409
-2.894024,129,23.709342
16.183804,143,23.711062
-12.156166,149,23.715205
-8.373634,111,27.202369
39.26979,98,27.222843
-38.44726,81,27.258294
-6.555958,101,27.259944
36.70935,163,27.280119
-48.471363,122,27.296395
71.87166,117,27.326784
40.893326,178,27.334381
-14.207752,183,27.334424
-0.6198616,101,27.342243
80.84933,186,27.348036
-40.51407,127,27.352781
1.1526489,175,27.361108
48.38311,154,27.364849
-14.390503,184,27.383657
18.551605,184,27.39169
33.520584,180,27.40119
66.237465,181,27.407317
-19.624233,129,27.412492
-10.099186,166,27.453541
111.19316,100,27.458318
46.29628,161,27.466596
37.881203,141,27.493805
21.006535,111,27.496315
32.58852,141,27.50139
40.350647,147,27.528161
-59.130104,108,27.535252
8.845009,159,27.537782
-18.943333,173,27.54033
-38.086937,213,27.549267
34.567215,144,27.555777
46.222458,149,27.570098
49.247017,192,27.590681
37.900257,121,27.607362
44.14586,172,27.619184
-22.211464,181,27.619214
22.681988,108,27.629853
-23.295948,134,27.633608
-17.807838,115,27.642445
68.07242,115,27.673884
40.459846,154,27.680357
-79.93303,85,27.692418
57.34424,213,27.712389
33.97541,139,27.716244
-2.8693962,142,27.725785
-14.051613,133,27.729184
-31.598564,170,27.741391
-19.8759,117,27.746306
-10.976898,195,27.762139
3.8647423,114,27.76366
90.438324,131,27.773893
24.30259,120,27.773925
-65.42959,197,27.776514
72.90104,135,27.779032
-54.70402,113,27.807523
24.624393,129,27.834101
16.789757,176,27.849814
29.984283,92,27.85535
-15.971714,126,27.861511
59.12233,115,27.861555
1.6534119,153,27.896715
71.15468,117,27.911303
18.223373,186,27.913075
13.043224,141,27.9302
-42.832756,137,27.942364
-44.5085,123,27.954984
39.99949,153,27.956658
-38.229256,109,27.963549
-18.374165,91,27.965141
-28.26329,193,27.97229
42.393425,135,28.014931
-40.71736,213,28.021962
54.68869,89,28.042901
-71.72375,80,28.044454
29.027313,150,28.048567
1.2949219,224,28.051344
-65.37276,87,28.068049
-5.4106903,90,28.073705
13.95472,179,28.086844
-48.266262,100,28.103803
19.126682,118,28.118197
18.303764,200,28.164409
-8.0756,123,28.171523
38.800594,120,28.175084
33.11384,165,28.175126
-44.905613,124,28.198023
58.259895,234,28.207997
-21.348652,151,28.232474
20.907509,121,28.235232
-10.289398,151,28.237145
54.398163,120,28.270085
59.381317,181,28.280743
7.352745,199,28.326706
0.7713165,95,28.334007
33.321335,144,28.359989
-12.215977,144,28.360041
14.823254,153,28.36439
-39.77269,81,28.374698
12.145683,131,28.406765
-5.3833046,141,28.415753
65.485916,165,31.947243
29.873093,202,31.955175
31.31947,140,31.997088
37.065125,123,32.007995
20.386978,112,32.008044
9.513142,126,32.013719
-43.774708,153,32.018646
-133.02324,236,32.063494
206.95625,700,32.08422
20.660912,160,32.097781
30.870918,158,32.130682
4.524399,180,32.148404
35.98419,217,32.254081
209.80724,723,32.271235
-24.982136,179,32.286954
-13.086655,272,32.312541
29.768509,176,32.333055
13.789665,214,32.340443
180.50607,675,32.397668
-49.813385,92,32.432216
45.31917,106,32.454606
42.51764,205,32.481424
-5.0811386,314,32.499436
221.59213,723,32.512233
12.934608,218,32.52797
162.92221,844,32.56202
41.220543,243,32.587793
33.867565,122,32.62574
-19.66933,185,32.646375
15.995789,171,32.653915
185.26752,696,32.653949
-69.6488,228,32.659496
143.39024,621,32.704668
46.582817,191,32.718328
229.19537,738,32.738306
5.012062,222,32.765944
-28.623672,219,32.777903
184.1822,705,32.788867
177.75186,715,32.820856
32.035034,168,32.831903
209.90991,685,32.836045
-67.12797,74,32.864032
13.533676,225,32.909097
11.953285,149,32.9374
-37.84125,271,32.963012
25.32315,197,32.963058
46.26174,241,32.979998
1.2362595,145,33.000556
20.266731,245,33.000601
-28.459005,78,33.054032
79.24978,157,33.088826
207.4001,752,36.538462
54.452972,213,36.621571
43.159492,217,36.746433
190.04868,758,36.842494
214.63495,745,36.853513
244.95079,766,36.939607
-127.88191,171,36.944197
-179.78395,362,37.034935
214.54352,883,37.044533
-12.80513,195,37.059274
167.84193,693,37.071457
-12.514763,218,37.102332
245.06467,838,37.179332
201.82803,821,37.206452
256.07544,859,37.232536
202.96875,764,37.240306
-191.23181,284,37.282996
211.23651,778,37.318364
253.23248,800,37.324513
-192.24011,755,37.348015
195.72784,804,37.34937
173.35501,709,37.365769
-219.32977,261,37.376605
-8.911175,205,37.414459
46.85002,277,37.681643
17.213692,254,37.683374
255.79056,753,41.404503
243.36327,700,41.441349
-83.18632,487,41.465415
157.59796,761,41.574199
214.54411,793,41.583669
174.66275,824,41.593501
151.08551,734,41.634142
28.57402,278,41.723929
211.44817,783,41.726427
226.03864,851,41.793326
222.1012,785,41.807412
250.26575,848,41.840551
206.02762,794,41.843507
162.90039,744,41.851282
241.89201,795,41.861953
13.398315,297,41.930413
-59.897453,139,42.019076
26.995956,199,42.055106
217.24545,841,42.223749
217.21172,731,42.282743
208.83176,903,42.292631
206.95259,769,42.346684
215.8809,732,42.413444
240.29709,757,42.450487
190.8839,792,46.238728
211.26884,775,46.306874
230.96999,822,46.357278
202.01938,769,46.369107
226.40265,744,46.387648
221.37772,736,46.397292
209.05449,773,46.427807
200.48917,721,46.517669
223.78105,826,46.564615
31.073723,197,46.588254
-20.56744,305,46.646893
-182.40509,415,46.698069
178.23264,874,46.722611
-25.441662,207,46.819127
238.30391,865,46.881911
201.27658,808,46.888807
252.9189,786,46.919671
220.81735,851,46.927987
252.92613,790,47.032588
162.41286,696,47.135238
268.10583,940,47.160404
-19.272755,289,47.210099
231.91647,762,47.249472
219.61624,799,47.281371
237.23036,834,50.81185
213.62164,727,50.908431
218.84412,845,50.911859
247.19554,840,50.95179
197.12492,647,50.989341
208.79382,796,51.056935
214.74744,819,51.059511
201.85098,835,51.304453
190.37866,829,51.30599
214.74731,869,51.312655
239.01987,810,51.384958
215.03668,785,51.460236
169.85858,743,51.488733
228.95132,841,51.635877
238.15009,950,51.669031
209.19513,698,51.687826
172.90973,789,51.690403
232.09787,875,51.706917
-21.459484,292,51.783101
203.20656,812,51.815351
247.25912,828,51.872409
205.62054,827,55.261101
237.50044,898,55.271138
273.39603,898,55.344311
154.61768,706,55.371938
-14.113438,276,55.405063
203.00644,813,55.492044
238.51373,851,55.544115
208.03812,804,55.669244
216.85434,942,55.71698
-92.60363,462,55.794563
236.48352,836,55.85397
240.81152,827,55.896805
242.69368,933,55.997485
236.54407,906,56.003491
126.542206,925,56.007276
262.9566,854,56.027619
183.7598,688,56.040639
250.5344,797,56.054462
-244.45314,593,56.159519
24.400658,223,56.254763
229.79109,824,56.271546
183.67624,846,59.735342
250.9934,878,59.739219
181.24251,777,59.791857
-53.016323,266,59.947971
156.59384,652,59.962597
214.40247,861,60.009923
191.20862,850,60.048217
233.30196,900,60.178699
89.88056,684,60.18184
268.66473,843,60.229052
173.18643,807,60.297315
123.94699,835,60.351222
245.6741,864,60.355745
35.594795,166,60.381108
167.97583,742,60.383569
175.27045,887,60.438707
-7.5551453,151,60.552222
-36.190754,215,60.620773
-163.6642,889,60.640616
203.41283,835,60.682627
-68.0099,391,60.788525
234.57973,758,60.805754
212.82065,923,60.836293
19.045326,1000,64.156618
-135.68933,297,64.170023
216.57602,865,64.23064
56.49971,202,64.350281
235.23618,944,64.365403
232.50758,918,64.37452
18.726929,260,64.445509
-20.735397,304,64.507845
216.3901,904,64.530915
77.16391,1000,64.597712
258.55466,913,64.602362
62.660614,220,64.610572
259.71948,844,64.66683
245.70981,933,64.679652
236.33594,835,64.860713
234.77779,869,64.876943
268.63705,838,64.904201
183.1897,794,64.967393
175.60466,867,65.065731
222.51709,906,65.242039
4.144005,265,65.263264
126.53609,674,65.289675
180.48169,862,68.625494
133.96817,643,68.641027
194.94861,803,68.656272
202.23804,898,68.689398
243.91226,883,68.804433
233.21701,813,68.816273
189.41791,809,68.817752
12.075882,239,68.819617
213.14278,783,68.865798
215.44434,826,68.901429
190.67938,676,68.929622
238.58385,829,69.115929
233.01035,847,69.165957
-45.4208,111,69.286922
223.17136,884,69.360867
253.19853,763,69.445309
236.8936,721,69.495118
236.31848,765,69.510974
240.10313,848,69.522284
198.60118,927,69.679028
205.33371,965,69.707209
249.17165,838,73.021922
189.93124,877,73.053335
222.98383,825,73.054727
215.03104,933,73.127984
77.0112,1000,73.19858
253.2589,935,73.23235
97.70153,1000,73.275821
263.492,940,73.422855
206.9324,755,73.592446
233.2274,948,73.600582
254.6172,898,73.621555
265.5546,789,73.657783
-24.93433,216,73.662309
208.0715,816,73.678342
203.37485,736,73.751226
222.76796,989,73.805097
24.273819,175,73.815809
248.12857,752,73.879935
241.7659,762,73.889767
260.53717,837,73.940813
238.56473,762,74.043233
234.71173,972,74.044966
243.50478,788,74.105551
201.5846,764,74.124422
-24.198303,1000,77.527389
51.410538,267,77.715383
260.8069,789,77.764757
264.16104,800,77.784163
199.16888,802,77.859708
276.63934,895,77.9441
23.284264,223,77.960459
236.42355,801,77.987337
103.57165,1000,78.065671
116.66373,1000,78.158666
135.64536,1000,78.219241
159.16946,961,78.240644
32.025616,1000,78.295211
268.8151,864,78.295262
177.84181,955,78.297948
263.59723,890,78.323472
176.02655,884,78.381306
225.16206,846,78.467932
197.958,689,78.555062
206.4331,796,81.926692
156.41162,645,81.94004
224.54501,855,82.087842
237.28792,937,82.282071
112.81392,1000,82.379848
241.91248,855,82.387966
256.3364,798,82.409787
238.02707,760,82.421077
271.3008,767,82.43075
262.00534,838,82.434231
203.2438,981,82.439177
241.14554,875,82.579803
221.6773,988,82.680925
178.58896,847,82.689861
204.94843,932,82.701063
224.01257,752,82.784683
224.11234,781,82.803515
132.07701,983,82.930781
21.576332,533,86.377575
250.50012,720,86.431928
-125.23585,934,86.477714
254.22545,717,86.55529
187.87143,853,86.717655
247.58037,876,86.751799
171.70203,922,86.76371
260.37744,700,86.80378
237.02591,725,86.845404
20.952675,1000,86.847067
219.7125,969,86.863994
226.37804,850,86.875733
236.61234,774,86.909714
221.85173,669,87.017227
260.88916,820,87.060182
162.4838,899,87.127424
45.543846,630,87.134319
46.50747,283,87.174218
193.79214,666,87.21705
221.88129,776,87.238021
224.11871,764,87.402166
59.083405,231,87.427433
129.83403,728,90.948161
141.73955,725,90.983911
225.78595,895,91.045933
207.50305,784,91.076152
191.27853,937,91.126204
196.23094,879,91.150026
119.78687,967,91.170904
264.6184,598,91.218668
209.58665,932,91.273867
233.82762,746,91.294255
233.39578,876,91.321609
253.56293,843,91.327451
-5.498108,237,91.389945
199.61975,866,91.533239
130.6518,1000,91.565511
207.25528,708,91.72594
237.55035,617,91.829964
58.283257,1000,91.843183
82.20569,1000,91.869228
221.91946,837,91.905786
212.11383,729,95.287526
-110.196976,394,95.316809
205.34091,730,95.337323
239.48108,707,95.368682
243.68599,891,95.37514
231.98744,343,95.423265
231.36787,731,95.447563
173.5727,1000,95.465766
261.89362,872,95.603401
31.892784,174,95.64493
283.31363,966,95.678097
276.39355,897,95.694922
172.40672,1000,95.952997
238.91956,750,95.989269
237.60545,811,96.044163
248.02739,795,96.099869
211.01056,871,96.147038
222.50061,754,96.151907
250.16603,751,96.200644
235.62251,777,96.286608
264.58453,863,96.297001
209.46115,680,96.353946
196.07803,889,96.361467
217.88351,1000,96.400485
264.3692,666,99.870296
201.4755,322,99.95871
125.48095,1000,100.027743
221.93716,868,100.056549
249.4222,725,100.246167
119.501976,1000,100.255295
208.28363,792,100.284928
243.01176,558,100.364922
240.01135,804,100.496443
269.58316,709,100.522842
209.7933,815,100.556399
170.78375,933,100.587372
129.67136,583,100.603662
148.23958,1000,100.605272
266.65372,750,100.6424
261.69012,766,100.652606
43.178314,168,100.67966
209.20558,787,100.71788
51.316437,244,100.86646
99.708176,1000,100.968205
267.24048,669,104.297024
234.64937,678,104.298435
-4.763794,159,104.348339
108.81082,1000,104.431439
106.28257,1000,104.460263
204.53113,902,104.658313
213.83377,996,104.682521
33.5524,209,104.691581
235.10268,724,104.753063
224.83676,763,104.824248
206.8538,920,104.87516
241.01186,896,104.879429
125.62834,1000,104.928308
145.17456,836,104.948072
102.44305,1000,105.011423
246.16336,968,105.013882
240.26099,807,105.168874
244.01306,857,105.2454
245.11304,931,105.376623
97.65902,1000,105.400017
237.70522,891,108.65089
68.40562,250,108.751546
241.61182,878,108.888425
204.6774,671,108.901725
188.95349,1000,108.999208
165.70735,1000,109.031109
121.6089,1000,109.092614
249.9386,883,109.15479
103.628426,1000,109.16329
274.41626,958,109.165755
104.97808,1000,109.215725
213.01965,961,109.305721
256.8446,995,109.340415
198.62991,795,109.482638
144.33723,1000,109.497065
41.17311,274,109.636575
235.26488,928,109.651217
271.2257,940,109.681223
232.48889,731,109.701659
269.51517,825,113.048351
228.71223,957,113.055756
256.9399,704,113.186759
266.75043,877,113.245018
247.23445,776,113.268681
-118.639465,133,113.332361
127.75979,1000,113.35011
203.47269,735,113.364843
100.93967,1000,113.44312
232.86507,944,113.44492
216.12714,732,113.559222
182.98398,1000,113.569704
233.5108,333,113.721881
233.90309,746,113.780157
247.76929,812,113.803973
251.65572,855,113.836484
-4.77789,1000,113.840943
104.82262,1000,114.038054
206.76834,785,114.110806
259.1239,988,114.138409
157.63463,1000,117.444906
254.56328,794,117.496688
220.09673,914,117.564595
255.36005,786,117.596077
268.24988,897,117.640275
213.97784,892,117.71151
250.14052,943,117.888678
206.479,853,117.939786
101.726006,1000,117.942228
213.46738,800,117.942257
189.96362,749,117.946921
261.75238,831,118.040274
219.05777,745,118.165232
149.46219,1000,118.215341
230.92404,715,118.23796
253.67091,708,118.251751
234.29259,629,118.285605
239.52551,607,118.29387
218.40665,840,118.353978
263.77625,799,118.406902
238.12051,635,118.442448
254.46452,543,118.520095
240.1789,351,121.974936
197.8957,630,122.021544
235.70932,985,122.10041
228.86246,785,122.189385
239.57233,596,122.290582
236.28691,834,122.33445
263.2845,266,122.397574
188.07814,813,122.420547
278.91772,775,122.423231
112.43365,1000,122.425744
124.678635,1000,122.42882
233.81015,660,122.431379
261.85602,717,122.434669
221.69104,618,122.439547
131.24332,1000,122.703548
31.899788,274,122.723697
233.42601,641,122.729258
-79.09514,461,122.797275
206.25125,579,122.825345
110.1841,1000,122.892228
5.9556656,216,122.957819
107.21888,1000,122.965958
237.61182,548,123.029965
153.68091,1000,123.076994
237.51648,618,126.444242
229.41682,730,126.465873
245.32693,819,126.649498
205.13696,875,126.717075
271.98352,917,126.734819
196.77904,923,126.773178
232.33936,702,126.804384
-72.15486,468,126.812685
138.04248,1000,126.861677
219.9752,762,126.897723
241.45055,691,126.916567
-4.678192,221,126.978164
191.72527,713,127.005726
228.6489,703,127.179186
136.835,1000,127.2279
221.38412,706,127.242908
194.97469,921,127.307489
237.10422,831,127.361553
207.95729,1000,127.464437
223.00873,680,127.470243
235.08423,612,127.492581
240.4786,340,130.816274
233.65472,876,130.997564
217.61569,859,131.010466
-67.73093,1000,131.010503
-67.96002,473,131.023604
222.06088,813,131.050612
222.19455,858,131.11952
253.6981,870,131.190607
243.13759,984,131.200395
246.14922,577,131.251057
231.52983,722,131.280239
29.878136,277,131.356261
100.51376,1000,131.366255
230.10167,806,131.451667
276.87225,313,131.466016
233.07063,700,131.494799
20.88395,228,131.504987
233.1212,911,131.721018
270.02716,908,131.814289
207.9433,997,131.844444
269.49225,799,131.891169
186.12729,921,135.326529
59.484528,183,135.380459
133.50609,1000,135.386825
50.464058,1000,135.399531
254.70984,756,135.40335
244.47609,864,135.434626
192.52289,691,135.512937
251.66411,940,135.52684
219.91159,799,135.66537
-8.567547,1000,135.737514
165.31427,1000,135.747164
269.82056,323,135.750804
276.54437,718,135.792101
243.26096,972,135.801926
221.81409,1000,135.888304
243.03177,822,136.038792
226.6448,572,136.065433
234.93065,657,136.108373
231.47392,921,136.114003
27.812263,255,136.315746
254.07718,760,139.609508
251.88695,511,139.621948
195.86856,558,139.632244
96.61966,1000,139.687802
220.8104,960,139.697996
261.7721,852,139.725577
191.23706,672,139.745812
186.49489,1000,139.762127
234.52724,794,139.807309
252.76195,691,139.829533
207.26562,666,139.878175
275.7491,282,139.923755
221.24478,604,139.993924
259.5052,289,140.019252
243.6866,928,140.040655
-36.52091,449,140.120746
282.3568,303,140.167949
220.7666,551,140.244191
-83.89159,503,140.305019
231.91216,549,140.336618
284.71954,313,140.341374
248.7712,922,140.399112
207.12921,762,140.427159
245.22305,306,140.464762
238.11217,592,140.470014
145.79834,1000,140.481811
204.95833,800,140.578948
247.24817,390,140.679983
233.76956,595,140.681768
215.86627,741,144.079697
285.8549,409,144.091917
249.08575,589,144.157166
144.46172,1000,144.205747
225.52415,526,144.256529
269.17828,456,144.303322
127.72089,1000,144.320782
265.42007,289,144.33027
-35.97953,545,144.333642
254.8605,313,144.358151
274.94983,263,144.380825
250.9342,434,144.387148
218.2174,639,144.461088
173.2553,1000,144.48014
274.71848,721,144.593737
244.18466,400,144.7101
276.14532,371,144.754001
45.223362,1000,144.784883
234.9076,673,144.835395
206.52023,530,144.899526
12.632263,278,144.910807
105.88836,1000,144.928203
251.6852,544,144.943096
263.67996,680,144.969995
199.83827,604,145.082282
246.81874,603,145.088529
14.35215,236,145.208042
247.7277,439,148.5488
114.02358,1000,148.579422
234.80661,329,148.583045
200.01993,887,148.620062
275.60498,270,148.667013
218.35712,355,148.667056
9.109169,198,148.714911
95.750206,1000,148.782276
134.82803,922,148.802624
224.25604,548,148.815314
233.18735,950,148.851611
67.013245,247,148.858101
240.77559,654,148.867546
297.16333,313,148.971209
223.62819,675,148.998948
229.36867,616,149.054528
199.96826,879,149.065777
247.82535,986,149.106987
205.36267,519,149.120598
278.49377,282,149.125562
313.56494,298,149.131169
260.75867,281,149.161564
315.18655,276,149.272627
254.20923,289,149.37271
214.90628,604,149.38149
232.7779,741,149.395256
291.92453,313,149.411117
238.20064,707,149.445665
261.35602,293,149.447117
276.73267,317,149.455417
207.35083,772,149.514969
242.17635,387,149.582391
247.98245,268,153.800739
220.6521,524,153.836014
264.4348,651,153.855003
241.37422,308,153.886173
269.86255,260,153.893966
264.11746,278,153.911081
242.2197,902,153.939294
264.45837,357,154.018579
120.82884,908,154.045793
296.48596,265,154.059997
123.04968,1000,154.147194
60.61168,221,154.172571
47.46305,253,154.187753
260.9146,258,154.241583
282.25983,353,154.263459
269.7542,275,154.29091
261.9903,315,154.302014
311.6679,447,154.41561
254.28334,298,154.435858
276.37546,315,154.442346
150.45007,1000,154.464397
213.42018,776,154.501393
253.02625,304,154.531348
246.5296,245,154.606041
82.793465,1000,154.621013
262.14328,309,154.651033
275.5553,292,154.655297
295.53204,376,154.662207
250.85336,573,154.733875
121.81383,1000,154.748716
288.85297,274,154.75883
299.63663,337,154.852062
251.19968,317,154.858157
244.78104,977,154.877526
278.7116,363,154.966205
277.82434,344,154.972577
272.2476,284,154.974203
50.61696,273,154.975848
283.86447,294,155.027989
38.69919,252,155.058971
225.36255,329,155.082832
256.52423,277,159.008916
282.70862,269,159.102425
245.707,396,159.160782
322.46155,491,159.174688
269.35516,260,159.190909
3.8999863,204,159.23235
261.5623,262,159.250091
241.14464,747,159.278483
274.43036,422,159.287227
269.8052,367,159.323546
115.85058,1000,159.328826
266.38196,308,159.337372
271.84045,383,159.343515
267.02148,981,159.371859
285.06104,323,159.39985
27.416527,225,159.450571
21.186699,197,159.492536
277.26077,257,159.544842
301.14615,379,159.568628
258.5758,312,159.574752
-16.227467,250,159.629847
269.22266,291,159.641201
277.57114,252,159.649405
260.16876,281,159.679977
268.53302,309,159.705737
215.6048,698,159.719612
269.51428,373,159.819748
305.8793,276,159.821206
262.95758,262,159.888753
306.83957,264,159.898793
312.68213,251,159.953156
294.59872,251,159.962845
229.1079,584,159.998655
95.231766,1000,160.019679
265.3656,292,160.045617
5.1407394,344,160.138124
219.20023,581,160.170372
281.10675,261,160.226628
268.15976,269,160.228351
309.151,210,164.124994
277.82278,354,164.135139
295.7165,249,164.139488
299.79004,291,164.179736
278.7899,260,164.202857
-181.61127,800,164.25036
9.951847,1000,164.255461
230.84525,716,164.377801
243.74706,557,164.381859
186.49133,668,164.409999
262.8846,267,164.413816
263.36926,250,164.427875
267.5957,264,164.45511
265.74475,283,164.523476
260.7647,279,164.541735
168.50522,522,164.546943
241.36136,464,164.565889
295.2121,303,164.625696
135.19379,1000,164.641305
270.79938,329,164.651928
24.447762,260,164.696765
69.997444,197,164.6968
257.3207,258,164.728009
314.6759,270,164.739608
242.94835,296,164.743489
164.01755,601,164.766175
297.4966,290,164.892122
298.5364,292,164.918284
249.82576,355,164.951305
265.3888,278,164.984037
268.1197,260,165.005822
278.6474,751,165.044847
182.95163,817,165.076888
278.27194,294,165.11493
250.1944,316,165.11866
254.3222,397,165.168912
266.2414,235,165.172693
306.81488,409,165.213481
259.0968,262,165.22808
275.68158,243,165.241251
211.06534,289,165.330132
254.98068,605,169.20664
298.298,229,169.250181
239.73376,298,169.261269
271.3199,287,169.282889
202.21173,864,169.328935
263.13306,211,169.333327
301.14145,275,169.364206
311.56635,241,169.384724
154.34988,662,169.397543
280.82397,253,169.412269
222.4419,812,169.48235
250.46346,247,169.495884
177.76657,934,169.539978
262.29138,295,169.620109
256.35876,239,169.629521
271.21698,237,169.631465
247.66196,359,169.715798
320.3717,346,169.723672
229.02261,717,169.756394
266.10507,269,169.759374
317.6515,314,169.802965
267.13107,255,169.816671
341.3888,223,169.836311
39.975044,292,169.8787
211.47865,694,169.929299
311.0972,245,169.966174
256.36893,241,169.970187
207.34692,590,169.985499
11.401634,173,170.00157
-143.4656,303,170.045643
266.736,239,170.151531
215.4448,607,170.156796
280.5507,328,170.161305
301.40204,187,170.198335
231.09097,235,170.219604
305.36386,271,170.233704
178.04546,998,170.248681
287.81427,238,170.256336
273.6382,229,170.325643
272.61115,270,170.330402
281.17575,474,170.37006
265.86884,258,170.465668
302.903,256,170.508682
265.22644,248,174.56829
5.609558,208,174.589378
296.45117,348,174.656975
126.77321,1000,174.674044
248.62488,297,174.70984
221.0426,704,174.722728
234.67316,751,174.785007
291.123,222,174.908906
198.45987,978,175.008263
266.19382,254,175.013316
308.85135,257,175.067649
232.6187,651,175.089298
281.34702,285,175.155376
313.2868,378,175.182241
289.2843,224,175.186121
242.77481,729,175.201367
241.03171,392,175.245317
255.22052,851,175.265642
124.477974,1000,175.273263
320.04968,224,175.293389
280.6778,250,175.331228
51.22107,240,175.374898
278.75693,648,175.37689
241.99933,280,175.452456
47.679276,211,175.461454
75.23032,1000,175.462971
25.4021,164,175.46722
149.066,682,175.477143
281.58142,230,175.491549
288.25616,274,175.567077
285.18207,246,175.59639
290.8128,251,175.668522
148.96487,1000,175.699759
235.23158,948,175.742161
1.349823,227,175.774136
65.685684,207,175.777466
267.44946,301,175.789451
306.4188,255,175.803998
295.38354,269,175.835832
264.95834,276,175.859547
244.64316,328,179.893555
220.15373,458,179.96935
307.1515,297,179.973276
273.4393,230,179.983892
-28.973251,191,179.999513
295.0299,248,180.037824
281.56924,235,180.053116
265.99536,253,180.089272
282.62036,232,180.102742
277.88477,349,180.104296
309.14417,265,180.160726
305.34354,221,180.16228
38.767677,177,180.18575
264.87027,328,180.193126
233.03375,857,180.269401
310.55353,237,180.289479
337.81848,259,180.306337
253.70119,263,180.388787
159.89203,863,180.401356
308.8557,251,180.408484
208.66623,286,180.463815
296.41718,231,180.47934
42.147583,176,180.497878
43.761536,1000,180.547355
300.32648,307,180.549296
318.9113,366,180.558832
238.77504,855,180.637012
277.57428,294,180.656818
287.2109,255,180.716265
198.26575,463,180.740088
-176.28137,419,180.781183
271.27783,271,180.797565
296.3896,226,180.838606
261.0143,295,180.842345
308.16373,247,180.964261
198.25804,789,180.976701
321.34058,306,181.014294
272.838,516,181.019326
260.04843,388,181.025231
300.78064,265,181.117949
254.41737,251,185.100435
293.66437,614,185.103466
209.12482,333,185.195436
18.046127,1000,185.22647
-10.748802,126,185.226525
274.3098,223,185.250011
-40.980473,495,185.277079
-189.16193,666,185.319326
231.24982,711,185.324436
281.96558,309,185.350926
304.11905,314,185.352755
140.49112,1000,185.381536
283.0559,296,185.462682
79.37728,183,185.572951
293.81696,214,185.58202
263.87564,228,185.59405
276.4455,306,185.648648
293.20465,329,185.651906
273.7137,372,185.680111
291.05853,274,185.716118
202.65857,679,185.760073
213.18513,253,185.774206
134.32227,907,185.804765
18.44368,176,185.813464
186.53825,732,185.813506
292.27356,271,185.90924
219.84619,290,185.939995
140.40596,1000,185.955867
257.8648,248,185.987595
307.37167,231,186.001044
240.47758,286,186.00663
231.18307,291,186.010447
192.35312,553,186.029173
214.56389,683,186.035094
305.88226,234,186.046963
320.97473,225,186.081366
347.60413,228,186.093504
318.71088,223,186.214068
44.535156,188,186.239445
266.67722,279,186.250318
6.5904083,207,186.254329
330.77243,211,186.298346
230.00519,253,186.320654
142.27501,1000,186.333746
322.42136,312,186.344615
295.69174,256,186.348535
246.49088,277,190.262845
233.81348,957,190.276509
316.16754,287,190.319035
281.1369,318,190.345203
282.46558,220,190.396817
331.10803,241,190.418671
-167.60735,107,190.475137
290.1077,225,190.478872
294.43283,239,190.483263
260.5915,315,190.499946
259.19366,266,190.536818
317.79672,263,190.536863
261.29675,258,190.591131
264.22443,227,190.597618
296.2342,314,190.646401
266.2132,406,190.667578
253.3115,509,190.715727
287.5133,237,190.795143
300.69333,302,190.795206
297.72223,238,190.836509
-260.91812,937,190.842349
273.10516,297,190.850147
291.1925,317,190.879474
152.58054,1000,190.882386
203.19095,855,190.921967
242.87894,249,191.037054
315.16113,321,191.061156
265.86572,380,191.080433
314.76447,219,191.083033
300.14163,231,191.097262
278.6655,227,191.141908
307.2162,234,191.157968
-154.51875,544,191.170061
312.19904,226,191.21688
244.22855,307,191.237794
287.11426,219,191.339618
296.25494,214,191.367593
195.6839,269,191.379787
321.0564,244,191.391167
5.97229,238,191.455765
295.6203,259,191.466582
311.9435,242,191.475154
294.6438,480,191.497489
269.56384,264,195.518469
168.96686,862,195.617965
212.74277,820,195.623934
132.38771,1000,195.645762
243.1271,390,195.707648
323.26624,302,195.750333
280.2591,260,195.762073
279.07013,354,195.7637
259.26947,886,195.775218
294.13043,310,195.85773
290.29346,306,195.875169
-242.3603,786,195.87811
23.04213,246,195.940359
303.0263,238,195.96652
-141.59332,534,196.042725
41.32946,136,196.057528
277.67627,232,196.067469
9.6154175,168,196.080648
287.59924,346,196.082399
284.4157,255,196.109578
313.79077,253,196.120078
320.63605,312,196.129073
284.99365,260,196.216022
269.49585,260,196.297171
125.00734,988,196.330925
278.83542,230,196.35126
21.545845,244,196.355306
314.21497,247,196.394977
296.67792,261,196.399701
312.11017,223,196.407617
277.67688,313,196.475571
294.80884,309,196.500532
-233.2093,907,196.525991
299.33167,226,196.578682
263.5653,232,196.626254
329.79156,334,196.640769
189.78668,864,196.64918
296.76175,208,196.668682
239.98877,603,196.726219
284.66995,248,196.735759
139.01347,1000,196.749633
288.51855,281,196.76852
301.9805,317,196.775311
25.098877,206,196.783472
297.64465,246,200.793757
224.51547,857,200.828226
304.57306,231,200.872548
282.12823,240,200.895604
174.08609,476,200.908824
300.70612,246,200.928676
319.8676,317,200.941804
293.66528,224,200.953717
321.3977,218,200.967301
251.81679,422,200.9699
298.71155,244,200.986905
19.489998,307,200.989302
329.8946,227,201.006988
307.83313,238,201.014802
60.254997,128,201.035428
255.1086,305,201.09787
216.0957,853,201.163585
273.0398,269,201.180248
265.64227,219,201.184877
289.8927,257,201.279114
269.98624,236,201.281092
287.51566,209,201.28457
261.6249,256,201.326155
300.1933,203,201.36483
328.2519,441,201.373169
308.40546,259,201.381811
35.596764,117,201.431812
286.8904,360,201.461565
299.57547,218,201.467632
278.92484,421,201.50299
278.87177,214,201.557052
301.7522,307,201.574231
14.389046,184,201.597909
307.61072,256,201.607723
19.646149,204,201.637112
279.1205,243,201.674591
179.91147,607,201.689694
199.0267,594,201.730168
298.55777,247,201.738709
326.85233,204,201.754406
282.28775,264,201.791314
328.89545,206,201.809763
164.32425,740,201.870162
276.38916,239,201.886124
224.66821,351,201.890122
256.63623,262,201.928428
294.0385,250,201.943178
306.47205,243,201.974227
248.77783,252,202.001179
295.74365,223,202.004967
291.83966,217,202.006652
308.09143,285,206.065491
304.07217,201,206.098919
281.44604,271,206.105088
275.60168,223,206.129816
298.66748,224,206.163941
283.74673,218,206.203094
279.63315,309,206.214752
292.97427,252,206.214845
285.09058,222,206.233814
1.2680949,1000,206.235419
74.24599,138,206.268954
345.5323,267,206.305666
234.38936,446,206.318735
73.17132,1000,206.401423
229.77866,904,206.43922
187.59338,714,206.449575
260.28946,308,206.482504
315.72934,235,206.493403
332.1595,200,206.525382
285.95496,252,206.638101
306.7859,313,206.661323
324.48547,250,206.664381
298.84943,318,206.669366
294.6954,431,206.732296
267.557,324,206.778344
249.49261,268,206.780249
297.2414,267,206.816004
255.31708,443,206.833504
41.745834,123,206.839594
305.9624,251,206.852172
238.43056,279,206.917817
319.10138,213,206.962204
177.01785,752,206.993083
312.6649,204,207.017248
286.49426,273,207.021314
343.7381,422,207.042608
289.55902,210,207.157743
250.00504,755,207.173706
274.0718,251,207.185763
299.3609,242,207.189023
298.8196,291,207.204833
281.16022,254,207.21244
280.30786,236,207.268416
227.17052,345,207.28478
305.80243,205,207.300682
316.2505,232,207.357228
260.7849,234,207.386561
300.30426,305,207.405373
257.7281,269,207.414771
271.96497,210,211.490582
279.93384,231,211.49225
273.19708,241,211.526599
274.0509,228,211.526638
307.21017,289,211.574935
207.00674,235,211.600771
303.20642,202,211.630474
56.137913,1000,211.650528
299.75238,335,211.66363
250.21683,219,211.674725
298.60388,303,211.697525
5.8483047,183,211.711902
252.17491,241,211.723762
207.86296,354,211.730946
282.86798,231,211.771963
314.3975,333,211.825577
287.25116,217,211.83496
311.98834,201,211.842853
65.080765,1000,211.855881
268.01495,227,211.903492
297.8046,210,211.903546
290.78088,204,211.919793
296.6565,278,211.995876
89.713585,1000,212.010925
188.7772,297,212.052634
52.452522,211,212.107797
260.76837,325,212.121809
245.17706,347,212.140998
319.09717,322,212.158346
204.94502,271,212.169749
317.05164,258,212.214849
318.07544,201,212.352053
262.7564,224,212.441363
302.22925,247,212.441417
294.9128,361,212.44865
257.3241,395,212.474795
283.11664,219,212.479724
256.36087,306,212.494336
303.02832,212,212.608863
239.8653,398,212.642021
279.58325,195,216.634484
225.6221,828,216.637772
278.91736,228,216.643494
307.53616,230,216.646407
142.28273,1000,216.662077
119.065315,1000,216.662117
-8.402161,128,216.691808
233.57626,236,216.693219
-9.95969,82,216.759751
227.01529,368,216.821722
297.32916,230,216.847562
-17.900776,102,216.886507
328.06952,199,216.887956
303.07666,221,216.917131
257.66995,235,216.926965
208.16548,257,216.94952
268.23434,444,216.958885
135.38078,1000,216.963849
269.5713,227,216.967967
79.68762,1000,216.974032
236.09348,942,216.9891
290.73038,253,217.000793
295.62274,279,217.003488
150.12227,1000,217.042214
309.30005,179,217.10436
322.7641,193,217.122113
335.02853,252,217.15296
9.344223,162,217.160829
327.26935,289,217.17288
277.1325,221,217.193055
105.83767,1000,217.194982
291.7116,237,217.257119
259.03967,258,217.265195
340.52887,241,217.2692
246.25177,239,217.292816
298.3626,220,217.311252
316.58817,263,217.320783
2.5313492,138,217.324752
332.0152,301,217.328993
301.21777,315,217.372119
304.76242,247,217.422096
337.16782,279,217.44296
291.97827,226,217.449377
13.311401,165,217.458189
39.059303,145,217.500046
269.19183,218,217.53514
264.75113,226,217.541296
262.8742,295,217.556758
313.75226,213,217.589653
335.27228,236,217.600639
302.13052,361,217.641411
309.49548,236,217.664469
25.930946,187,217.682851
212.51326,210,217.703384
341.32782,186,217.729975
-14.249924,160,217.796914
287.82983,221,217.827672
290.20947,214,217.850881
48.773666,171,221.832816
264.48108,209,221.839021
293.02286,383,221.849896
265.6778,258,221.874985
310.488,261,221.91944
284.82797,374,221.919496
230.501,901,221.93778
268.88354,229,222.026244
285.2141,269,222.096068
282.23862,226,222.104261
61.723892,154,222.104294
228.99446,562,222.140219
272.87613,351,222.141749
274.95734,271,222.176436
283.93387,256,222.183613
307.37042,230,222.212935
329.1031,247,222.215643
269.4198,352,222.26932
-28.462461,85,222.294414
155.45044,1000,222.311081
303.38928,246,222.333581
306.7909,187,222.343855
43.888687,223,222.38243
318.11487,214,222.417141
332.47742,252,222.429238
289.3038,207,222.446493
97.35395,1000,222.452019
311.67664,243,222.457428
142.94978,1000,222.482042
219.63776,280,222.590275
131.10135,1000,222.5941
305.16852,298,222.60942
330.35977,253,222.627996
74.00601,143,222.639428
222.76166,259,222.6499
306.31027,249,222.660436
183.90848,814,222.67511
294.51172,188,222.676702
271.0556,264,222.690976
323.88583,208,222.691038
247.47632,237,222.693784
310.54843,215,222.728024
325.69806,238,222.765189
75.88887,123,222.830948
290.4049,330,222.904727
335.2699,222,222.932853
285.7312,218,222.96745
284.5983,273,222.974
278.12952,302,222.976618
312.32483,232,222.982534
253.78098,236,222.987163
285.87115,263,222.995425
272.84113,255,223.000257
287.35242,302,223.025268
318.4577,246,223.041421
216.44116,364,223.05294
287.01657,242,227.078041
306.63577,230,227.137866
300.899,241,227.180183
316.8492,193,227.185438
257.99704,219,227.187999
331.1946,222,227.200778
314.19308,229,227.228072
250.89244,812,227.254597
292.74872,238,227.268656
297.53967,240,227.287113
309.5921,238,227.296438
287.35342,197,227.32903
249.59929,329,227.346795
271.2932,351,227.37134
313.3169,200,227.392215
23.048218,139,227.440404
27.63863,124,227.440465
194.9396,231,227.475983
311.61212,238,227.479894
301.32867,238,227.499806
246.30353,281,227.537898
299.41132,221,227.617717
231.75966,318,227.642539
342.12518,268,227.64857
305.64093,238,227.664549
314.47443,232,227.681074
-63.13196,110,227.703305
255.64658,241,227.717868
308.10767,182,227.730399
315.39575,211,227.731976
283.11728,219,227.781554
205.5691,867,227.82929
118.5332,1000,227.844508
8.811111,131,227.899517
339.88232,385,227.954423
281.28015,200,227.975749
245.83777,365,227.989361
336.96106,274,228.001886
287.1045,297,228.066081
327.87408,187,228.082025
281.4009,327,228.088192
214.56354,329,228.12396
234.81792,947,228.141855
310.64316,306,228.171638
-80.56292,102,228.19347
271.2885,231,228.242215
277.10803,227,228.259459
223.0596,778,228.262392
296.93335,289,228.264099
271.0562,237,228.287983
283.5047,249,228.317375
294.42606,228,232.351895
281.5068,242,232.374547
245.85936,548,232.40736
282.08008,225,232.435378
263.27747,250,232.436823
296.05237,227,232.458566
320.57968,198,232.47381
323.49994,199,232.491928
284.3449,332,232.52387
88.091385,90,232.551583
263.16547,274,232.590546
297.47623,208,232.616128
332.8734,224,232.662296
290.84998,210,232.677874
237.96027,865,232.714194
235.02054,711,232.719501
281.24017,216,232.71956
320.75232,203,232.727782
27.850216,85,232.730554
56.56118,206,232.748966
304.81415,189,232.774342
319.8489,235,232.808339
277.82718,217,232.842029
165.67262,1000,232.928607
298.95343,212,232.953587
275.41858,239,233.004208
40.980286,214,233.020812
285.43958,217,233.042273
252.5319,219,233.069818
292.1751,274,233.08489
55.829773,135,233.102678
286.61768,289,233.10272
243.81592,660,233.106581
243.01985,309,233.132932
346.1748,190,233.187658
238.47595,694,233.196376
261.13687,724,233.206323
274.56482,322,233.223333
269.77383,328,233.257701
327.5289,197,233.260922
241.22635,423,233.264049
13.836815,171,233.277643
316.9679,211,233.298774
237.97922,203,233.351623
302.99084,223,233.374511
26.138187,98,233.380012
-4.7783813,184,233.414731
14.891754,146,233.439076
333.90033,200,233.441739
41.408306,90,233.522018
226.5418,334,233.539895
318.07477,231,233.544125
305.26932,285,233.554272
34.656063,96,233.555886
308.0932,227,233.575142
281.25446,417,233.593906
-39.267166,72,233.634733
300.6087,298,233.642342
296.86066,241,233.651277
23.624977,229,237.63711
257.02322,263,237.673697
228.84929,522,237.715422
269.5573,444,237.748005
318.1632,232,237.815355
247.54729,258,237.830394
290.41818,330,237.83666
129.17743,1000,237.845697
337.19855,229,237.848699
46.221382,179,237.860156
309.00214,225,237.861819
282.47403,262,237.869204
331.85266,207,237.880641
283.6515,211,237.910639
313.59296,231,237.917424
-10.981747,72,237.971384
327.7102,234,237.978767
276.11713,258,238.08202
281.8865,204,238.088764
339.86945,192,238.10319
268.1521,231,238.110327
305.8532,229,238.139717
20.952843,225,238.147941
287.82635,250,238.159063
280.94043,205,238.186443
235.33264,970,238.204461
291.54633,258,238.206128
321.5476,200,238.243154
-4.7094765,141,238.279651
61.766785,121,238.319641
-25.30037,155,238.346663
263.9474,352,238.369354
243.48918,238,238.396728
216.82748,364,238.444644
285.0275,205,238.465828
233.05737,576,238.468531
201.54716,286,238.48556
235.78012,749,238.500504
276.7073,238,238.50951
285.5312,208,238.509551
279.2145,282,238.517815
275.96655,291,238.559811
288.14966,372,238.585151
324.3332,188,238.632045
316.53018,249,238.660315
276.5697,258,238.764148
310.57788,241,238.765526
322.23956,226,238.784726
274.55093,258,238.787308
314.27356,243,238.805272
282.76624,205,238.807831
305.68243,269,238.815839
290.2565,249,238.822249
350.53455,202,238.877992
267.82483,280,238.926438
296.7246,231,242.817194
336.3202,190,242.877413
292.9392,204,242.916477
271.03052,580,242.918262
236.63193,556,242.941277
276.9937,222,242.945626
336.54895,209,242.948645
271.46063,272,242.987618
144.72943,1000,242.997294
297.6042,197,243.013346
281.4901,249,243.01344
39.17018,150,243.076348
334.94043,239,243.121509
314.06482,234,243.129874
277.15598,212,243.227145
80.73569,87,243.241434
321.87872,244,243.242935
287.63544,233,243.248847
275.1994,228,243.248875
317.35446,224,243.279804
260.74283,725,243.298666
356.88586,289,243.300536
283.20755,226,243.308069
281.55176,225,243.365586
303.90326,315,243.413949
49.46957,1000,243.421433
30.316238,170,243.452453
303.4544,197,243.49162
211.98758,325,243.529977
272.9888,209,243.538489
337.6751,200,243.544642
310.19125,210,243.56532
321.3346,227,243.579047
304.16345,295,243.59134
228.0319,720,243.600895
337.86517,197,243.607824
288.59534,228,243.69297
323.68692,205,243.702344
11.874062,139,243.710772
303.13293,202,243.738613
345.42548,174,243.740466
307.84503,190,243.767354
112.91586,152,243.774802
207.26488,915,243.848514
299.7406,247,243.864113
27.132843,143,243.910233
-7.3584557,120,243.911859
259.11038,543,243.911893
305.51233,254,243.914529
270.5686,293,243.931974
267.23605,326,243.99529
295.82324,243,243.998077
282.54755,226,244.014928
-24.970093,84,244.018944
294.45435,272,244.025166
203.81937,656,244.045546
319.99792,194,244.090285
301.36676,308,244.092017
269.56653,198,247.999881
349.00574,183,248.05249
313.5708,204,248.057491
3.1536179,211,248.067143
321.48587,231,248.09072
259.71008,991,248.122127
282.63495,201,248.139154
93.115524,134,248.146687
297.45334,229,248.193843
300.5108,232,248.204261
298.56052,247,248.21456
320.4504,218,248.249031
312.5075,226,248.276098
303.1644,305,248.312168
300.17203,263,248.380127
302.15945,215,248.385271
322.16046,230,248.42826
273.12976,294,248.428309
341.57382,195,248.453846
324.17242,214,248.469364
238.01776,511,248.523158
78.87902,1000,248.544654
263.67767,214,248.579966
261.47363,342,248.616305
328.2544,195,248.621332
301.98187,229,248.669817
307.89194,202,248.679742
316.06384,231,248.716258
263.6181,383,248.7539
315.09998,233,248.759673
325.7417,184,248.772789
266.2752,260,248.778289
313.2036,241,248.82515
212.12222,963,248.857134
15.223682,100,248.885399
240.94194,256,248.90049
307.22504,233,248.915308
281.26477,222,248.948914
309.48285,279,248.966808
253.17279,739,249.010613
265.58954,205,249.012241
333.47165,213,249.040673
285.5028,235,249.072888
261.70306,835,249.091851
312.97345,327,249.09189
255.96632,249,249.138519
273.95795,244,249.166497
309.01575,229,249.174679
333.1949,198,249.204612
317.67517,198,249.225813
274.90964,272,249.265823
288.32562,230,253.349481
297.58087,344,253.35257
279.04614,209,253.373825
85.67911,1000,253.405196
293.7987,258,253.416227
294.37628,210,253.420413
298.5978,225,253.467137
328.56888,202,253.489169
152.82549,1000,253.517632
207.59464,390,253.517692
121.906715,108,253.539133
254.40639,647,253.547123
-31.535648,120,253.571954
277.0803,286,253.577121
227.26932,455,253.603948
277.914,209,253.635379
316.5495,228,253.638444
267.96466,411,253.70855
318.38702,293,253.717781
270.97107,213,253.735543
350.10583,175,253.822232
301.18927,241,253.822281
311.99384,283,253.844437
309.2315,250,253.854205
337.74707,226,253.854242
320.13715,194,253.881299
256.5065,244,253.882849
316.69,226,253.918463
326.9598,214,253.973631
11.784935,146,254.004324
198.47763,713,254.00438
304.60397,230,254.022495
299.00916,262,254.045188
352.7046,204,254.097527
36.24865,194,254.124653
333.90735,192,254.159202
331.45013,244,254.160963
249.0523,611,254.183384
239.94237,291,254.187726
321.71613,296,254.230288
333.66635,209,254.275283
306.33026,209,254.293638
283.54462,200,254.30546
307.8218,370,254.355137
-1.4758606,156,254.389687
340.1494,211,254.401049
258.39508,248,254.424406
346.48047,202,254.426078
310.33618,183,254.431578
208.11821,346,254.454871
238.55502,776,254.508875
254.9717,232,254.532092
90.37944,1000,254.547406
255.56784,347,258.486313
246.24954,504,258.501374
280.09558,271,258.529772
347.5066,189,258.547164
275.8842,251,258.553531
274.56805,226,258.556834
275.69263,333,258.57895
262.27136,234,258.601145
293.9736,244,258.643155
308.29248,201,258.68118
43.03389,108,258.688173
119.70812,1000,258.703852
301.31323,191,258.740874
315.9346,188,258.805252
281.95328,220,258.818422
267.19547,515,258.840973
-233.68298,114,258.858953
327.48334,203,258.918447
251.80641,402,258.944394
257.43674,298,259.008936
333.75153,289,259.084563
338.06003,199,259.094961
275.4657,252,259.14966
274.35696,266,259.209544
318.41464,215,259.215178
308.721,198,259.21523
219.20326,494,259.228637
260.67313,271,259.236853
11.547852,165,259.316273
295.65213,259,259.366156
257.9027,728,259.367913
334.852,202,259.379327
241.09566,846,259.420313
326.37378,218,259.460102
357.02948,209,259.513165
329.61716,217,259.543091
296.35217,282,259.615735
290.18866,218,259.626162
243.94186,284,259.630544
260.8618,196,259.650172
117.88472,1000,259.669052
225.6588,847,259.675841
308.95197,213,259.689878
294.31512,219,259.760218
282.85394,216,259.804429
192.04453,867,259.82397
262.68338,430,259.858488
295.9292,228,259.874283
27.80259,151,259.882652
30.665642,155,263.884406
224.82283,378,263.898012
336.04538,203,263.951245
287.11765,307,263.95735
340.5442,193,263.983225
157.16321,972,264.014578
247.20486,931,264.016154
299.87482,281,264.017678
314.05847,222,264.060931
303.82486,235,264.121812
297.89636,217,264.145772
309.48428,277,264.159552
309.18585,226,264.171565
278.36212,230,264.239426
313.30423,247,264.25395
319.20703,203,264.267671
332.19318,208,264.272796
247.91647,382,264.314753
261.2777,198,264.395434
303.4583,199,264.412709
300.648,223,264.452138
329.50037,181,264.482543
303.78494,172,264.484368
240.27103,650,264.490615
237.66597,711,264.525463
281.24564,327,264.533332
262.85992,236,264.53943
307.42252,265,264.606346
251.55745,769,264.606404
298.32605,238,264.612757
291.79654,189,264.651617
280.41174,292,264.768035
304.82123,200,264.789809
279.37534,277,264.805939
231.64162,829,264.815348
265.56387,261,264.818432
301.7266,225,264.82713
271.1223,182,264.84444
328.57245,194,264.85988
283.01398,635,264.868054
287.3329,265,264.868098
297.15506,319,264.897202
304.2274,302,265.002821
316.66064,200,265.042234
305.7693,217,265.101289
275.7552,217,265.129075
290.90076,195,265.13703
331.30133,320,269.097738
300.68304,245,269.099529
271.30298,292,269.112729
232.05124,432,269.126028
313.46527,269,269.131052
287.15527,989,269.153888
299.4699,209,269.186764
165.87325,1000,269.201153
314.7693,348,269.206423
241.00948,695,269.293322
322.53815,173,269.313096
310.4067,172,269.337379
278.67856,254,269.342471
280.1784,227,269.379091
290.7564,240,269.406827
272.6218,300,269.428649
252.03802,394,269.458018
301.01794,255,269.468227
287.5477,231,269.473557
295.3466,254,269.517973
278.32037,323,269.529103
292.9661,279,269.54472
303.12134,205,269.548436
335.6907,204,269.588903
277.7817,215,269.606627
288.93927,228,269.66224
312.7231,192,269.666257
37.667805,107,269.677501
323.30554,173,269.741136
232.1508,383,269.785835
314.39374,194,269.788461
258.99426,850,269.799869
231.3109,288,269.814976
302.5902,175,269.824776
303.55927,195,269.830981
-5.221718,164,269.865942
244.11484,977,269.949
339.3971,176,269.961074
291.0688,255,269.987149
287.19708,209,270.052178
284.50378,243,270.094141
301.42368,229,270.121346
213.1387,542,270.145937
290.05817,239,270.166611
300.70456,332,270.217356
244.61855,216,270.234669
276.76105,226,270.268782
339.49188,183,270.28154
318.44974,283,270.307189
146.56996,1000,270.311657
319.24445,224,274.274454
337.03925,197,274.287333
285.79877,752,274.328757
271.53256,188,274.375242
307.22342,221,274.382984
354.96582,166,274.389192
47.296825,113,274.42418
256.116,257,274.473255
85.64319,137,274.499721
319.5851,268,274.511467
182.85162,400,274.515446
64.815315,1000,274.528204
323.37543,166,274.587698
124.57982,1000,274.592227
333.7536,201,274.638169
301.5669,296,274.639714
337.11243,215,274.642207
270.51306,184,274.654501
209.50308,909,274.687462
328.44272,183,274.730296
348.23145,166,274.73633
302.89868,226,274.757044
260.97256,867,274.783613
351.31976,219,274.787411
278.8377,236,274.812018
307.43976,186,274.825832
300.1545,209,274.898094
118.117134,1000,274.933974
309.1952,212,274.946672
287.35504,261,274.965736
312.55054,268,274.972294
256.27106,218,275.004995
251.27493,225,275.032975
264.3576,252,275.040114
325.00702,212,275.043053
339.56314,248,275.088899
322.42053,217,275.090425
279.88605,266,275.136654
326.5833,220,275.168261
311.43222,198,275.178373
311.82056,196,275.188093
20.08098,1000,275.205267
310.79163,210,275.261103
313.98508,207,275.285239
321.18555,205,275.290143
337.69275,275,275.302258
317.42816,217,275.307686
318.9776,186,275.318822
149.10783,1000,275.329111
297.49564,325,275.371516
284.85742,201,275.414198
319.1203,186,275.415793
252.32227,271,275.421999
11.957779,108,275.441889
338.95468,208,275.460689
290.87555,232,275.46387
315.32523,274,275.473639
25.558777,143,275.480381
316.90475,181,279.458356
271.80054,777,279.463729
50.38679,118,279.480231
288.3513,252,279.489374
283.3609,235,279.492991
271.1147,203,279.495589
19.305294,124,279.532431
299.7663,220,279.557302
319.43085,190,279.571611
287.09814,213,279.619443
75.722595,131,279.648563
66.38685,158,279.652755
331.25592,262,279.654408
341.42285,174,279.678249
267.61816,260,279.699349
358.79993,182,279.720211
74.21095,141,279.733562
328.825,208,279.74894
280.3742,233,279.765604
230.17976,185,279.800783
132.88918,1000,279.803449
-6.6179314,130,279.814956
318.2383,174,279.863003
332.86813,175,279.868042
283.59207,216,279.884732
299.7852,203,279.925697
254.19057,440,279.929496
285.62894,196,279.937445
319.4637,333,279.941313
49.211533,157,279.95656
296.95535,223,279.990191
317.4953,189,280.032206
318.62717,248,280.050839
308.3021,212,280.062417
307.9055,216,280.07841
37.086388,126,280.081111
23.041187,130,280.098909
336.43365,212,280.126534
331.46323,209,280.144552
-8.583801,124,280.147265
328.97485,183,280.15839
233.29446,627,280.169882
312.9787,192,280.195117
301.6416,209,280.200047
284.38226,301,280.238908
321.09756,421,280.250602
307.98132,208,280.289362
334.49194,181,280.30594
23.157463,114,280.308848
349.0276,189,280.314197
289.5197,213,280.32881
317.5961,210,280.360366
298.96848,249,280.363271
303.36078,178,280.366505
283.90335,202,280.409204
45.016727,103,280.436245
297.29813,255,280.44297
59.344673,1000,280.443007
297.76593,207,280.461246
54.928192,131,280.481254
298.1093,193,280.483767
307.8734,202,280.504792
309.23755,290,280.508641
348.35458,161,280.512275
64.74233,124,280.520472
297.2975,267,280.529583
267.90094,190,280.567099
67.9583,220,280.567141
309.5193,213,280.62823
334.98184,223,280.638685
-28.966057,117,280.649219
306.8064,237,284.696544
332.06323,208,284.710876
337.00488,228,284.757469
-5.815426,95,284.762258
319.48108,269,284.766265
258.9425,217,284.78478
263.44678,288,284.795292
300.99698,262,284.803566
279.7309,246,284.813713
359.5458,161,284.835052
332.40485,257,284.886907
317.0628,266,284.898299
296.14694,379,284.918909
314.64105,212,284.976858
300.68454,298,285.011043
329.62378,203,285.035735
310.02313,253,285.064873
244.64844,440,285.095534
264.81256,195,285.103564
270.60107,244,285.120578
303.6494,197,285.142632
297.17093,266,285.194669
332.64966,289,285.206269
323.60764,181,285.216021
322.0866,281,285.228974
346.56952,218,285.252318
271.88434,301,285.271396
295.11276,252,285.298923
270.62323,245,285.397445
328.94238,224,285.403313
332.6561,202,285.41183
333.7082,198,285.44344
253.46344,231,285.445722
302.04285,182,285.512606
309.3261,245,285.554387
345.03983,200,285.572091
291.2472,214,285.582867
248.41913,276,285.615171
32.834587,141,285.638566
283.67075,234,285.668512
317.337,255,285.6844
280.61194,284,285.706249
297.44275,197,285.731894
232.87924,385,285.762906
-25.103207,127,285.773566
292.61554,198,285.775587
267.35147,222,285.798836
267.1431,838,285.814242
292.50238,219,285.819033
267.18262,184,285.820713
320.28568,170,285.863267
246.39679,335,285.871699
285.0635,243,285.957221
326.68732,206,285.963196
313.48914,176,285.973076
31.313213,103,285.988013
306.4581,203,286.029188
296.3698,183,286.043344
307.26697,204,286.052368
312.6684,280,286.096495
314.8048,204,286.102599
330.54102,217,286.116567
324.28082,200,286.136416
329.46375,257,286.18211
288.58423,203,286.183595
294.25763,240,286.185024
321.48877,171,286.221685
70.31181,127,286.228217
328.51953,263,286.26052
338.64825,218,290.25459
297.10413,182,290.263162
25.606018,135,290.272541
324.26978,362,290.289881
298.32782,278,290.303555
279.40094,281,290.31253
278.74402,193,290.319494
336.47095,203,290.328581
306.777,210,290.349517
315.51556,273,290.35661
284.0189,194,290.388206
-5.569088,103,290.391471
300.4068,198,290.427546
304.68542,214,290.450196
250.89996,250,290.456298
317.11816,259,290.465847
44.64807,138,290.489512
317.4428,231,290.499967
313.9984,170,290.535304
277.33847,205,290.540982
291.9121,234,290.542506
310.82202,199,290.555612
240.1083,266,290.59652
319.33157,174,290.600101
104.31282,126,290.605346
301.33374,226,290.624942
352.1381,226,290.632232
300.28946,274,290.638673
291.49725,192,290.661418
98.824005,92,290.6664
308.75858,247,290.690125
326.08893,204,290.714473
326.2298,188,290.728201
316.89407,164,290.735968
73.849304,148,290.776708
67.317856,106,290.791304
303.4718,251,290.793943
264.20712,290,290.812594
251.27052,232,290.825194
291.70844,237,290.89157
309.1237,230,290.90918
266.4629,259,290.91308
280.75626,212,290.926284
298.11597,172,290.938021
329.76404,261,290.957214
327.04407,188,290.965846
288.92676,282,290.969628
302.6254,228,290.994359
318.22055,249,290.997087
310.3972,189,291.025125
304.016,213,291.05477
303.8277,204,291.063648
309.86276,241,291.07538
311.7792,207,291.082422
336.10907,154,291.132216
340.33685,191,291.166452
300.70087,235,291.189706
326.77667,187,291.193538
350.2487,164,291.203587
85.77986,115,291.280584
325.57117,224,291.283323
307.01654,210,291.294973
308.06433,265,291.302167
314.80804,190,291.315937
261.81482,229,291.369649
274.9832,259,291.381466
278.2163,180,291.392596
333.55707,296,291.433502
306.9881,173,291.490633
332.63525,243,295.386087
328.9209,256,295.400978
297.02515,192,295.411738
252.03633,273,295.43469
246.9901,917,295.567626
305.6164,247,295.577719
72.20985,124,295.585988
273.1786,256,295.598841
287.8687,277,295.60267
318.85245,180,295.609349
249.75125,242,295.626816
290.85583,225,295.680541
278.96548,451,295.750695
252.71848,299,295.754602
343.00714,218,295.846065
282.31772,207,295.858896
237.18085,848,295.862918
319.3802,193,295.864358
263.23444,255,295.882227
260.42285,264,295.924123
280.81152,271,295.94203
272.09344,341,296.004211
324.63022,206,296.004261
263.1391,285,296.024933
90.55672,1000,296.041999
316.25778,164,296.044649
206.47826,729,296.080343
158.98586,1000,296.098439
337.49527,216,296.124508
263.89545,240,296.154755
278.849,199,296.166992
258.96597,245,296.180699
265.94067,297,296.219334
318.50726,180,296.259687
249.4062,275,296.277478
264.83414,206,296.277519
276.7187,224,296.317717
287.7282,261,296.321357
214.55768,747,296.325235
73.484695,157,296.369036
103.77763,94,296.375216
294.31262,247,296.382084
156.76343,1000,296.432168
112.196304,98,296.437696
270.1777,360,296.442657
336.04105,176,296.491801
291.90955,286,296.504139
332.67963,165,296.525244
211.30603,662,296.554753
276.70984,276,296.554809
318.41058,247,296.578262
194.87325,395,296.580904
296.87836,183,296.60175
243.35075,236,296.611282
305.9072,196,296.62249
350.3827,198,300.556917
325.80994,198,300.566435
319.51874,170,300.580359
340.94025,197,300.622626
168.28798,519,300.635146
314.48413,198,300.675776
249.73325,255,300.714398
279.06927,223,300.730053
308.96106,236,300.742755
317.05176,158,300.744493
295.3765,256,300.747974
308.026,238,300.779979
296.41406,247,300.801691
283.30045,194,300.815729
335.19836,254,300.875817
309.1902,157,300.938243
279.20676,183,300.941063
335.65884,178,300.950598
275.65945,286,300.989272
277.48242,270,301.009947
290.58646,233,301.036567
206.32085,846,301.082701
277.2063,219,301.087559
271.33856,264,301.127449
332.65277,166,301.145097
291.3288,301,301.149833
319.76038,184,301.213661
289.94894,243,301.236461
198.29613,761,301.248731
278.53336,438,301.281879
319.73132,235,301.296295
21.955963,191,301.317519
328.9989,202,301.370054
267.15112,301,301.399719
218.206,767,301.417836
268.56284,281,301.423171
244.65933,411,301.453999
151.3123,1000,301.473672
298.93784,184,301.473711
39.482925,133,301.481567
289.77148,272,301.48299
302.40356,205,301.487929
221.90094,726,301.514242
272.1358,255,301.525972
279.41235,317,301.533167
318.08957,242,301.591459
14.114544,101,301.596693
330.0921,158,301.611104
288.02466,184,301.650223
281.348,302,301.655451
275.05066,242,301.671489
314.91257,176,301.69652
258.15173,258,301.717552
233.26355,741,305.615239
305.75775,253,305.616741
291.1875,291,305.644322
305.9086,266,305.692524
288.21594,172,305.699132
312.6419,309,305.700722
299.80585,165,305.70685
268.42865,220,305.716523
307.27148,248,305.734961
259.3521,325,305.744736
280.71664,164,305.753754
18.344318,89,305.753796
297.8441,229,305.763525
325.37024,205,305.783929
320.84344,296,305.791442
333.13965,401,305.810224
301.2102,199,305.860846
281.1548,240,305.912388
320.83768,184,305.925442
317.6756,179,305.935153
300.64337,215,305.954737
345.42136,213,305.965863
320.43567,170,305.971984
297.02716,213,305.999418
280.69666,240,306.049026
300.02313,184,306.086918
288.19415,295,306.116541
299.14304,288,306.159881
331.22513,168,306.175221
274.9643,220,306.179379
282.48608,200,306.208097
291.8915,229,306.213519
249.8976,222,306.224751
301.98376,183,306.267666
253.60432,478,306.279756
304.0715,247,306.294265
244.09946,428,306.309042
227.0422,833,306.373593
304.64215,380,306.384074
288.65686,265,306.402022
264.94452,247,306.408937
301.37903,201,306.414912
321.59082,198,306.463694
284.77472,264,306.49894
287.61407,293,306.513257
313.85538,203,306.514889
336.58337,202,306.539777
275.031,213,306.570521
317.1468,302,306.582422
229.7464,704,306.603738
307.87796,210,306.632399
285.62323,299,306.645987
343.6164,222,306.660848
292.18823,221,306.687506
293.83063,184,306.695301
254.78235,246,306.710764
350.94257,168,306.725608
315.0174,270,306.752461
307.68842,179,306.765308
306.33447,188,306.837578
62.208656,119,306.856378
274.17883,288,306.856417
277.0484,187,310.739406
329.24512,185,310.765445
267.10992,209,310.784946
300.52673,296,310.831135
332.88217,350,310.831187
251.0238,190,310.843506
266.19476,222,310.852761
290.22455,206,310.89376
109.79257,1000,310.893811
331.31866,211,310.912521
25.991623,122,310.947023
323.09766,206,310.984142
255.13516,349,311.014144
299.60156,223,311.062579
311.1011,170,311.067634
287.21994,275,311.094056
263.37503,833,311.131142
318.4007,191,311.158442
310.6063,242,311.164977
303.83374,177,311.173436
320.7976,269,311.178372
313.44788,291,311.262253
293.84546,408,311.265181
316.92432,171,311.272185
283.42065,346,311.272214
-16.920353,123,311.284578
270.09375,668,311.294558
333.73853,175,311.312244
324.92902,207,311.326264
334.48676,340,311.329083
256.86072,477,311.346822
285.83868,304,311.368139
285.61017,285,311.373173
336.35345,194,311.403355
333.18506,221,311.457803
337.75952,228,311.461941
283.54868,188,311.513388
63.50247,98,311.526331
322.7115,177,311.536129
300.19434,304,311.547066
323.7957,219,311.570906
252.58566,253,311.586279
296.91028,182,311.600809
273.05264,274,311.611647
300.7614,249,311.638357
288.0497,297,311.658377
290.23645,187,311.692303
299.7223,263,311.695967
303.41412,344,311.705942
331.1139,194,311.823797
296.23383,209,311.828026
301.25955,394,311.835917
288.77197,314,311.844348
326.0846,195,311.895572
307.7787,297,311.899282
259.30368,309,311.904202
317.74274,296,311.909718
304.65836,339,311.92952
282.1029,242,311.934948
298.68103,273,311.934978
296.7099,277,311.949766
277.82965,215,311.956495
296.28833,232,311.988282
291.94232,231,316.09097
344.34534,179,316.092469
298.86407,200,316.126945
279.4273,189,316.137407
283.3517,187,316.158055
276.32916,292,316.163144
302.48492,242,316.176611
343.5204,217,316.184143
57.958733,213,316.204861
233.36206,736,316.227049
294.15012,313,316.292498
257.31107,260,316.308055
214.04773,540,316.359192
289.0531,191,316.387563
299.6286,157,316.395253
307.5293,195,316.403633
278.3397,469,316.427281
343.5632,176,316.46455
293.76126,297,316.496502
327.33362,228,316.510429
330.94934,264,316.533761
296.19415,289,316.550558
260.70667,503,316.569649
312.92975,251,316.61867
285.6159,203,316.659141
311.1955,192,316.67306
265.91278,231,316.686229
296.82318,326,316.722398
296.6582,300,316.742862
306.35858,238,316.760684
275.6403,536,316.792463
313.97595,186,316.793981
282.7354,246,316.799987
275.99646,243,316.809067
271.8717,279,316.87269
310.099,215,316.94411
304.7431,241,316.949112
293.2893,280,316.961089
309.00174,184,316.96813
320.80875,211,316.984068
302.19684,255,316.98563
286.18964,381,317.01643
309.71686,184,317.019185
349.07538,182,317.034413
294.74948,251,317.068814
84.90936,1000,317.072042
258.1906,258,317.112842
272.39178,211,317.135875
264.848,593,317.145423
298.4709,301,317.174459
285.58026,172,317.198553
357.49646,201,317.20484
270.141,201,317.273684
310.7426,262,317.280531
263.14664,256,317.295703
284.5556,213,321.28567
248.75696,252,321.298929
306.9605,297,321.336995
304.08,188,321.379702
112.647804,1000,321.381264
325.6965,257,321.383034
301.6563,191,321.390633
323.03552,226,321.403025
265.6142,307,321.466036
32.841568,190,321.470137
299.5132,304,321.471619
319.93884,252,321.531859
211.87411,488,321.535764
288.1663,199,321.540708
17.825668,187,321.562737
-26.515617,171,321.586648
287.97415,249,321.586701
319.89807,181,321.59993
324.63934,170,321.606783
294.40146,356,321.654766
299.04645,231,321.669991
323.96262,180,321.688179
295.60147,284,321.725777
256.16656,578,321.733066
270.93808,676,321.744555
39.213844,151,321.75222
319.2848,174,321.752248
338.7846,179,321.755064
265.98132,246,321.771241
347.62958,166,321.79694
270.35706,271,321.806682
274.6554,237,321.901913
311.51254,201,321.90465
281.44812,249,321.909738
280.45282,299,321.909774
326.3624,233,321.955924
299.70007,207,321.980108
292.36206,200,321.994354
284.64703,252,321.998435
312.20312,184,322.017502
315.9823,254,322.042931
289.94946,241,322.045705
283.80432,247,322.051071
306.3866,257,322.058796
270.4197,261,322.086929
350.27713,174,322.115947
250.05078,262,322.123256
336.65112,164,322.15672
309.0064,158,322.211533
300.1026,193,322.21678
263.41364,278,322.246797
73.02888,165,322.260474
299.54398,310,322.278293
316.7378,197,322.284704
261.95752,243,322.291019
301.59644,204,322.298289
312.21167,244,322.298321
302.46436,237,322.340865
289.00793,224,322.393017
-24.662659,97,322.413019
310.24448,273,322.417942
328.21048,180,322.432992
253.91333,730,322.479386
355.5579,175,322.490216
247.11577,480,322.491592
299.44904,318,322.501296
281.58652,181,322.504301
280.39758,188,326.404084
295.46915,234,326.427156
305.04822,215,326.435763
309.23407,272,326.462519
304.70178,306,326.467547
296.80936,361,326.481284
312.66693,207,326.54685
327.84912,194,326.55204
294.29984,273,326.554714
331.8274,231,326.582588
277.44177,205,326.623896
269.24445,203,326.633433
318.75018,188,326.67166
332.33185,240,326.687463
309.05447,236,326.707499
284.99133,202,326.720094
274.4895,284,326.733581
304.6214,231,326.771933
325.01523,213,326.824996
281.16125,295,326.836381
304.43033,169,326.84252
300.04926,232,326.842552
340.8243,241,326.86093
309.55304,170,326.896397
248.80508,465,326.940946
280.79352,230,326.955302
75.97279,212,326.964157
355.42026,206,326.969359
326.7529,180,326.990362
252.04642,460,327.001263
322.5976,245,327.031955
277.21948,176,327.041
301.2862,158,327.090073
340.0487,188,327.091494
301.4029,222,327.1154
253.08936,264,327.165976
327.99982,172,327.19978
337.37894,146,327.214716
288.5378,232,327.223898
314.01495,225,327.243023
263.558,234,327.249233
268.9696,256,327.269028
270.84344,251,327.30582
280.69427,210,327.347747
252.81297,220,327.361431
318.30518,250,327.470477
340.5611,229,327.496404
276.9545,546,327.503022
120.486946,1000,327.509252
270.65976,249,327.556378
305.72174,206,327.560745
292.95734,301,327.571882
303.0892,185,327.574986
282.09103,263,327.592927
309.20386,215,327.623948
219.922,835,331.4963
273.61932,219,331.565872
296.43777,259,331.641506
134.9844,1000,331.643174
334.5614,218,331.649701
282.26984,187,331.677605
303.61847,239,331.689968
274.3605,225,331.691575
304.20563,280,331.728047
313.32343,289,331.749679
324.97818,219,331.760676
319.80597,169,331.771946
289.21857,659,331.874625
288.89935,190,331.922576
269.30457,238,331.931659
319.5748,195,331.964794
276.71375,285,331.995807
275.2649,265,332.001123
325.39075,192,332.005971
295.18774,215,332.011967
302.6036,307,332.015992
225.56151,885,332.022113
320.1767,273,332.026805
120.56275,1000,332.078743
314.54913,182,332.144547
48.968254,234,332.160964
298.7898,185,332.1898
285.1242,714,332.200528
312.1548,166,332.206589
310.9413,175,332.208332
310.49255,156,332.213106
320.1541,180,332.219032
285.76703,243,332.227632
339.31696,202,332.267016
190.95255,1000,332.272151
273.22922,246,332.312643
272.03717,208,332.328825
308.56396,274,332.342297
332.02277,187,332.414723
335.73096,177,332.425517
271.17468,231,332.438169
328.5174,203,332.443892
335.99915,172,332.477012
324.02017,233,332.486255
256.1517,292,332.496068
291.1835,258,332.529089
251.45941,985,332.532867
347.10315,196,332.57769
299.31937,253,332.615942
333.6349,171,332.619677
264.166,276,332.658209
236.25195,331,332.660737
345.40344,219,332.68689
298.62872,188,332.710621
306.7237,198,332.713771
295.41693,242,336.618962
246.27737,251,336.625449
295.3602,186,336.636916
287.5783,195,336.653072
328.5723,184,336.684832
307.39764,207,336.794278
295.84772,219,336.810291
277.81546,591,336.821699
326.0299,159,336.828105
289.67438,276,336.836608
312.39954,206,336.847543
53.245728,1000,336.855025
330.78946,194,336.86222
320.6317,305,336.872009
313.82742,207,336.873698
290.0386,255,336.884441
311.26117,234,336.885957
238.71622,712,336.949981
293.91937,249,336.954277
289.84012,225,336.957974
277.2944,201,337.053772
226.16052,563,337.058757
321.3136,203,337.075348
313.92633,198,337.078486
312.28244,219,337.088963
42.646614,182,337.09166
328.52728,197,337.108684
314.3719,195,337.119478
332.26535,239,337.136933
314.57184,283,337.139642
309.87692,223,337.152152
315.92944,247,337.159422
303.8156,194,337.192345
318.88046,281,337.195332
294.22717,239,337.241555
-3.4540367,130,337.274562
313.97525,191,337.308076
298.4758,188,337.315188
321.5905,247,337.351448
319.02066,254,337.364873
252.97832,216,337.39534
287.34354,204,337.396912
335.23816,219,337.401983
295.03094,273,337.404696
306.82837,254,337.414884
348.02893,212,337.414922
324.97375,269,337.416447
291.04688,190,337.421487
327.9772,209,337.445307
275.07593,184,337.463639
324.53256,178,337.490511
104.2976,121,337.514798
284.1172,182,337.536332
300.9242,204,337.555778
328.01712,188,337.582833
312.85,174,337.615971
332.2276,173,337.627471
324.33118,174,337.630729
302.5151,194,337.643696
293.64636,213,337.658281
312.0983,178,337.665875
320.98016,222,337.671073
38.616302,146,337.715336
336.56793,172,337.727009
309.45053,269,337.744103
321.27582,256,337.776892
327.8381,168,337.788624
303.00974,264,337.814181
316.36438,169,337.821808
312.32953,178,341.706526
308.39127,197,341.742702
287.94122,203,341.773726
293.05804,216,341.782946
313.68835,212,341.791214
312.54498,263,341.900299
279.8942,189,341.913046
329.96417,164,341.914987
302.99237,273,341.932215
329.02148,195,341.934217
277.5973,412,341.934263
259.5669,266,341.980802
250.28117,955,341.992956
318.54596,171,342.015759
305.3347,186,342.019084
286.6467,246,342.098121
328.57837,171,342.130773
288.51996,168,342.140164
332.9851,198,342.177419
234.13367,474,342.198205
298.06946,245,342.213034
294.79044,187,342.218503
315.94385,192,342.249348
283.23016,198,342.258795
273.18115,254,342.289763
255.14005,519,342.298839
270.8994,830,342.311961
262.3381,459,342.320952
324.90042,327,342.323772
303.62573,187,342.359894
328.6748,220,342.477781
334.02695,279,342.477832
232.48538,321,342.485788
258.59555,250,342.518784
304.0251,175,342.529185
293.18024,199,342.551436
294.89413,220,342.555571
300.27286,271,342.576423
269.63284,229,342.633566
308.37573,303,342.664836
223.22232,393,342.675198
324.5257,193,342.713967
65.74221,1000,342.7214
246.90031,654,342.73229
317.61765,208,342.740916
324.1029,169,342.764023
267.28418,231,342.815312
335.44577,217,342.819154
264.119,221,342.848028
320.88998,270,342.85192
290.2827,307,342.856025
-27.244488,159,342.910979
297.1781,167,342.928173
249.06604,262,342.957471
314.1003,233,342.96259
304.05005,274,346.861903
324.9972,199,346.92213
337.44785,193,346.943686
290.28485,275,346.959791
273.42377,300,346.969475
332.591,224,346.988479
302.0067,335,347.00284
253.59256,733,347.011285
273.8518,292,347.032634
282.9472,177,347.040256
319.0733,200,347.062404
295.0227,290,347.066082
305.14777,252,347.077839
339.3235,176,347.077896
280.13278,257,347.102089
311.03766,141,347.131694
267.83594,207,347.196499
328.6795,239,347.21274
277.70245,218,347.2562
137.90428,1000,347.260612
286.2514,235,347.292486
289.71,219,347.300841
329.49963,163,347.302398
272.46765,282,347.315382
328.47702,220,347.336552
318.97607,263,347.363515
250.40097,293,347.374266
321.96014,244,347.380581
66.527916,1000,347.406913
275.05396,286,347.415747
274.55792,225,347.474119
284.5619,332,347.48642
252.25117,291,347.490139
312.60162,228,347.495174
332.36542,194,347.498984
291.0394,199,347.536058
328.15173,204,347.549788
274.8738,206,347.553509
314.16138,210,347.57322
313.64575,170,347.58097
332.23596,192,347.597505
292.9692,201,347.62412
326.4489,242,347.632703
275.66037,188,347.6433
308.63837,203,347.744406
308.2699,218,347.750443
340.5346,197,347.773684
267.3835,208,347.803007
324.02527,259,347.809709
284.16025,193,347.831308
293.02158,179,347.859173
293.50214,253,347.877983
-24.196732,117,347.89159
270.01437,269,347.906263
293.26343,240,347.922786
-89.91227,111,347.966083
313.03165,297,347.983678
263.2619,199,348.049432
319.7443,213,348.061338
335.4937,246,348.073621
352.8964,181,351.937245
347.59634,173,351.941086
306.40887,171,351.954002
265.27228,623,352.00225
345.37064,207,352.014305
216.44247,570,352.08721
224.2316,640,352.107896
303.10162,192,352.123745
327.7868,198,352.154696
352.3648,185,352.167961
305.15887,292,352.181108
306.15924,211,352.199146
320.74564,205,352.2548
328.53815,215,352.279072
263.4145,337,352.316794
153.2405,1000,352.31958
307.27472,183,352.335312
320.0443,178,352.387765
295.0318,588,352.418981
297.4781,305,352.460283
335.64557,193,352.514758
283.51407,266,352.523282
315.93433,301,352.525363
316.4068,333,352.533933
95.421715,1000,352.533981
343.41327,206,352.584458
341.19397,163,352.587346
245.71811,548,352.625437
273.135,275,352.653694
299.92935,311,352.69384
285.15338,201,352.706036
308.4602,166,352.727325
324.25223,192,352.751268
317.07956,191,352.7691
303.88153,205,352.786192
99.37091,1000,352.807016
321.26074,262,352.848325
335.5052,227,352.86812
294.24112,259,352.943032
330.7683,190,352.959713
340.18036,220,352.976053
297.16028,186,352.993807
109.93135,1000,353.027412
347.5514,244,353.081558
332.94092,201,353.090591
336.11487,185,353.090621
266.1114,264,353.128834
268.22998,375,353.152614
282.35577,183,357.026274
300.66556,227,357.027654
263.62186,476,357.043153
308.4184,214,357.045919
281.63257,241,357.060857
294.0675,200,357.078955
336.5276,171,357.10613
336.572,180,357.108902
315.53775,184,357.180121
334.03723,204,357.180171
281.1255,527,357.195657
150.36249,1000,357.207255
307.60767,194,357.275745
140.3343,1000,357.278456
286.39355,234,357.304669
282.40198,241,357.31607
302.56906,238,357.346651
331.39865,217,357.366676
273.98752,291,357.390469
299.64142,177,357.394065
289.00885,241,357.396721
222.45306,415,357.398231
194.71684,970,357.404109
315.51862,185,357.420156
295.92896,177,357.420184
271.83563,322,357.464598
305.90366,237,357.466362
298.11572,191,357.506847
329.88074,201,357.545825
259.0739,216,357.572975
308.66626,257,357.585672
309.00153,176,357.602105
74.02941,1000,357.603909
316.03534,203,357.611259
274.18182,201,357.636901
291.3503,249,357.647447
266.521,213,357.656416
292.86414,229,357.698573
300.7035,244,357.701029
310.75995,233,357.703732
323.6832,251,357.703758
276.4538,195,357.705132
314.005,201,357.711305
335.8724,165,357.750659
328.59946,235,357.795863
343.4361,162,357.802357
300.72925,197,357.816587
351.22687,174,357.85634
318.45578,199,357.879555
303.9419,227,357.886903
307.57977,197,357.894761
340.71344,162,357.906542
273.62546,275,357.939524
290.2291,223,357.976389
308.6514,241,357.991808
49.78543,161,358.013413
325.74353,174,358.015031
248.56241,364,358.031733
280.42297,279,358.041246
317.77667,241,358.043837
289.3301,312,358.086848
297.91464,272,358.130844
273.52185,183,358.134604
-17.633537,85,358.13875
333.3753,227,358.140415
336.851,227,358.170694
303.52167,207,358.199984
300.132,261,358.207253
315.11267,195,362.244019
333.54547,201,362.252859
273.71234,179,362.255378
337.52032,214,362.29611
298.45343,192,362.311741
260.00726,344,362.391551
321.82672,215,362.393063
300.6333,218,362.39823
281.67572,200,362.405538
107.83827,97,362.433702
322.9549,267,362.45488
340.65378,224,362.471582
324.75983,202,362.507218
289.73163,238,362.549728
290.21332,301,362.560875
300.21973,167,362.59938
334.11288,268,362.626562
352.8327,208,362.661795
307.92422,177,362.67225
286.86487,230,362.68191
307.26205,172,362.681943
342.87555,215,362.69697
10.503845,120,362.705538
277.59827,254,362.855461
287.7019,194,362.862185
182.33813,1000,362.920221
297.86542,223,362.941501
343.2277,299,362.961712
316.84238,235,362.965576
248.04,808,362.975757
274.06033,251,362.987594
286.40405,273,362.994597
293.75195,252,363.01231
239.97577,979,363.086686
313.2511,207,363.115504
322.1891,182,363.18326
272.71417,193,363.203539
325.5511,244,363.220033
273.10553,233,363.272096
298.60696,257,363.289418
325.16748,190,363.325434
311.26562,172,363.332448
171.12968,1000,363.360031
267.2011,348,363.390671
317.6234,181,363.438648
44.959934,1000,363.501405
308.38574,276,367.530094
292.48077,244,367.543479
317.31586,232,367.548111
303.81937,210,367.552087
304.68506,195,367.559818
332.08136,216,367.567592
314.81854,182,367.567622
159.17824,1000,367.592649
235.88422,834,367.693151
101.61089,1000,367.706295
335.3533,162,367.745872
288.70264,175,367.769021
-43.24916,76,367.787826
326.90942,223,367.835514
280.9599,249,367.83952
303.7659,222,367.841038
321.83582,237,367.842514
259.9324,246,367.893864
79.03388,128,367.902134
311.9331,180,367.984271
289.29504,377,368.025489
64.86035,160,368.02695
286.14124,219,368.049575
141.94005,1000,368.053242
321.2129,288,368.053269
344.787,203,368.08345
67.07109,87,368.091507
291.9946,169,368.105019
278.9848,963,368.164211
318.13284,289,368.187804
169.01497,1000,368.190514
275.69846,270,368.219536
273.19653,228,368.306747
297.3216,219,368.31941
238.67216,398,368.325733
321.55774,198,368.350633
296.94373,226,368.372339
25.122269,986,368.388168
281.699,278,368.398303
315.13516,171,368.40442
314.3655,308,368.433884
298.179,218,368.460198
328.69086,221,368.495861
309.3981,169,368.530153
233.9257,892,368.540365
317.8864,165,368.592556
341.80573,232,368.59751
15.052492,1000,368.612402
289.26147,262,368.65269
344.38702,165,368.665962
343.29327,222,368.674847
305.49118,227,368.686806
303.65475,222,372.640269
292.9767,169,372.667655
290.95352,503,372.716324
309.42462,247,372.73033
310.26965,629,372.789394
328.44928,274,372.804491
269.35852,196,372.819887
287.2851,196,372.831816
289.13028,219,372.867246
257.96576,279,372.879562
299.33572,298,372.883586
269.15485,485,372.895435
52.448845,159,372.979628
292.36368,226,372.987398
310.64084,289,373.016219
320.667,245,373.023273
321.51852,179,373.035487
286.8224,197,373.042601
19.795597,109,373.118224
344.9245,218,373.128842
114.885895,1000,373.178375
260.46802,265,373.199063
345.95752,161,373.211852
303.40155,265,373.215677
325.72437,220,373.246451
290.9063,239,373.312692
314.56268,226,373.315463
269.652,262,373.351144
321.31696,215,373.391783
215.24557,982,373.477537
285.51215,238,373.490517
338.477,308,373.495988
357.39337,158,373.584669
294.8171,280,373.588766
319.10672,225,373.627935
274.92227,283,373.658041
310.3923,404,373.670595
304.34842,299,373.680547
337.49664,197,373.731978
139.35904,1000,373.74279
292.23697,235,373.782217
174.89505,1000,373.83222
294.16382,202,373.83865
272.70572,173,373.843937
168.29076,1000,373.85855
247.35338,556,377.727438
289.2411,264,377.74303
272.25223,210,377.762832
306.56842,197,377.805396
310.38434,200,377.86106
132.70631,1000,377.88373
299.74432,166,377.89303
310.04742,188,377.902674
339.40015,189,377.907866
38.660763,1000,377.940493
282.47397,178,377.968686
271.8468,245,377.973953
246.73952,757,377.983758
304.4706,208,378.037507
342.53064,162,378.083185
310.60254,156,378.107812
308.6654,220,378.20102
283.09747,200,378.234964
319.84747,236,378.250438
228.45364,309,378.288661
313.7776,296,378.349545
288.3275,215,378.372649
302.44913,291,378.403961
315.934,178,378.424435
291.6982,188,378.473681
297.91235,192,378.496345
249.48589,724,378.499999
55.51595,1000,378.575297
229.31253,664,378.581222
314.0207,191,378.596316
270.9193,175,378.600384
294.04706,202,378.662784
333.5969,195,378.67218
275.23462,333,378.709358
147.80214,1000,378.765294
303.18054,155,378.774594
90.633255,1000,378.789522
295.1525,247,378.791251
291.44348,168,378.798652
287.98944,287,378.863886
256.12448,829,378.873817
337.72748,225,378.887877
293.21143,196,378.924386
313.33347,213,378.935678
270.6693,204,378.97375
312.23315,178,379.012908
309.56616,198,379.014443
270.74457,186,382.832493
317.47284,242,382.877204
234.76883,466,382.890167
217.19882,816,382.914314
310.8343,210,382.932654
332.01355,182,382.947932
326.8963,213,382.9505
283.78403,309,382.971408
154.623,1000,382.97799
277.24692,311,383.04826
63.058605,1000,383.05326
296.51166,219,383.10496
273.43958,303,383.114912
282.69836,284,383.128279
301.05682,290,383.173048
274.7871,213,383.17831
283.1425,185,383.179788
320.49908,248,383.184688
275.84973,282,383.303014
274.89972,272,383.312649
232.95868,362,383.340811
333.1145,280,383.417866
331.2496,178,383.423417
317.97934,257,383.440208
309.62244,236,383.491224
255.95697,257,383.519686
298.2527,273,383.533634
231.34949,577,383.553516
307.6364,207,383.581991
229.36212,456,383.636429
97.279724,1000,383.669196
331.4648,277,383.679441
291.06473,264,383.688641
330.68408,171,383.745933
313.51056,162,383.753388
287.7797,229,383.779044
248.22742,284,383.796941
245.7402,310,383.809503
283.18365,193,383.823134
79.63665,112,383.887875
324.74518,210,383.900973
337.36517,188,383.905164
219.21532,743,383.927998
227.81508,667,383.974808
335.83685,246,383.985667
259.62653,463,384.003986
323.66995,254,384.004034
340.7853,189,384.030141
291.5309,213,384.083996
333.24133,175,387.991607
278.86127,254,387.995556
295.02078,231,388.057786
108.019394,1000,388.071184
327.703,185,388.140756
301.73944,228,388.148609
309.48926,268,388.213417
303.96707,189,388.230825
327.2406,224,388.241775
64.517044,1000,388.254092
260.1004,337,388.273282
300.19247,242,388.300717
256.92853,536,388.319669
282.8895,199,388.382105
280.4414,258,388.393295
271.3825,519,388.406009
302.69604,298,388.429353
274.96207,179,388.432543
336.67334,192,388.508168
338.33752,218,388.522762
351.60016,228,388.524551
272.25775,252,388.543821
268.2862,328,388.551392
332.6839,181,388.609774
300.44794,259,388.623206
104.94273,1000,388.639783
291.91327,220,388.667271
302.48022,236,388.724024
311.331,193,388.746111
322.0161,186,388.752167
261.23346,393,388.804337
327.0113,216,388.814842
311.11404,242,388.818554
327.68005,184,388.832911
296.73627,354,388.843098
341.1951,186,388.849788
117.48235,1000,388.869987
332.2151,249,388.974973
327.43472,222,389.025747
304.61823,246,389.032017
55.285507,1000,389.045076
337.43176,178,389.045111
232.80368,333,389.054327
323.4287,204,389.065437
342.07358,178,389.071595
270.51428,180,389.080844
326.58395,173,389.092084
307.0092,274,389.099899
128.18123,1000,389.129329
299.51865,279,389.182257
277.857,304,389.236563
298.7743,161,389.26704
344.5703,175,393.275837
300.344,226,393.309742
286.12354,219,393.320323
332.48483,191,393.361029
336.16232,317,393.374423
288.7591,226,393.379788
285.46985,263,393.398494
317.5137,228,393.451419
306.50555,291,393.451458
333.39612,165,393.480768
294.05762,358,393.525745
295.70673,248,393.527621
270.79163,209,393.570112
273.00333,264,393.578301
352.4593,169,393.589141
343.8833,208,393.665201
113.3174,1000,393.688675
279.48328,198,393.709388
266.14236,274,393.713924
290.0387,260,393.713961
118.56578,105,393.727313
283.14066,229,393.750303
245.82887,346,393.763728
139.20197,1000,393.807999
266.42297,271,393.843544
278.6278,246,393.860592
347.59515,215,393.871968
338.67737,234,393.888708
333.12537,173,393.986847
322.8161,200,393.997823
292.45474,234,394.025308
289.40363,163,394.053114
304.47284,274,394.076969
312.19583,179,394.100318
325.8205,191,394.137264
283.92416,250,394.187726
312.11557,363,394.200581
73.61494,154,394.202219
195.77498,963,394.287429
303.0948,185,394.3061
313.37933,469,394.322186
81.274605,1000,394.371901
236.93906,525,394.374023
306.51544,291,394.379637
304.93774,206,394.389329
251.49124,454,394.429336
297.6861,310,394.454619
323.86563,182,394.464143
345.07483,192,394.46419
263.61005,287,394.487755
262.25977,256,394.504586
345.55518,170,394.567407
284.94305,198,394.588683
296.06854,281,394.59831
273.85727,180,398.53911
252.08401,265,398.553763
293.20215,209,398.562736
331.87866,217,398.571626
321.07855,173,398.605581
284.87393,245,398.61165
305.81635,202,398.624457
280.37247,233,398.662239
305.8104,211,398.676878
278.1882,246,398.686292
296.1905,169,398.715826
316.27368,200,398.730262
164.74637,1000,398.778479
337.3783,178,398.791591
287.87738,246,398.808727
335.73502,206,398.835224
288.47205,191,398.860317
333.3003,258,398.872799
320.8473,236,398.878213
320.26813,226,398.918409
286.94778,168,398.926823
252.51443,472,398.947094
300.68646,227,398.953551
294.93683,268,398.958948
106.16008,1000,398.996897
290.44244,187,399.004454
276.36542,306,399.070705
101.24788,158,399.070748
279.04956,292,399.0878
328.36646,177,399.087833
334.48608,234,399.093175
318.6176,202,399.105575
265.35843,237,399.121847
300.11786,163,399.126937
290.7516,218,399.185454
311.47052,189,399.188057
316.2616,214,399.205933
338.03726,156,399.255749
329.45343,159,399.284797
310.9071,220,399.335312
301.85303,192,399.336747
334.89752,210,399.341543
289.766,222,399.355453
339.6273,185,399.410124
314.72385,256,399.428908
277.5468,177,399.468528
269.39038,265,399.501324
299.5553,168,399.536649
283.44864,277,399.536688
276.69653,182,399.551786
312.0688,244,399.575888
289.39307,206,399.586795
273.36353,170,399.611949
262.59387,280,399.690026
300.83844,208,399.75039
327.6795,180,399.768783
300.89246,204,399.782619
302.41324,189,403.669395
291.51077,166,403.676519
278.8791,239,403.689682
300.67178,633,403.747559
196.4774,1000,403.756695
344.6717,178,403.84644
174.26659,1000,403.858177
312.32977,184,403.866761
291.21878,270,403.880337
290.04926,171,403.881852
290.49048,252,403.919037
322.45837,160,403.951366
311.76956,172,403.957459
305.6403,261,403.984988
316.51318,272,404.018565
147.06818,1000,404.02261
102.58535,1000,404.066514
319.34375,155,404.070684
116.03555,1000,404.074582
336.69934,189,404.100119
323.1153,241,404.140829
237.12454,678,404.153371
337.63757,197,404.159317
320.5553,185,404.177231
268.80634,265,404.182171
326.511,218,404.224669
60.76918,140,404.238129
298.44348,219,404.250643
320.12177,347,404.301655
287.15405,208,404.327551
275.5602,267,404.347344
300.2138,244,404.367359
337.73022,179,404.394587
327.14838,255,404.407135
317.2964,178,404.452093
324.2603,265,404.461578
300.97882,274,404.490506
151.91585,1000,404.500204
306.9881,301,404.516852
277.8999,282,404.564018
313.57727,461,404.575631
268.81958,275,404.581951
350.9397,222,404.59358
332.94626,343,404.596077
319.21942,159,404.598721
299.21948,264,404.620489
143.4548,1000,404.661336
324.65613,257,404.677847
328.55493,171,404.698194
282.6322,225,404.733025
346.31448,200,404.74131
321.89166,244,404.746113
254.3902,298,404.755515
282.45898,216,404.78042
358.3648,191,404.808059
356.74814,169,404.826873
271.05658,219,404.8476
301.8734,241,404.856599
310.64322,215,404.860051
341.67566,222,404.871837
313.3667,235,404.882558
312.99774,156,408.807381
309.26752,214,408.820855
342.2201,254,408.832478
340.74908,203,408.850632
271.8885,205,408.857727
296.83783,298,408.90103
327.28705,199,408.92977
351.66815,165,408.931362
296.781,175,408.931394
293.40317,253,408.977503
278.28998,350,409.022067
323.67792,169,409.025798
278.54132,261,409.038363
294.47064,195,409.044605
303.5896,284,409.056856
335.70868,170,409.059514
229.62254,306,409.111913
335.6339,221,409.126233
332.47766,166,409.131532
315.5848,202,409.146052
340.65747,212,409.18884
332.5931,221,409.199729
340.41522,195,409.213783
346.64603,182,409.243072
252.7857,364,409.278291
304.5487,198,409.282548
284.13467,212,409.318531
320.97662,237,409.337112
320.94052,229,409.344038
320.83682,203,409.386161
359.66357,161,409.392466
299.5603,298,409.396034
309.8733,238,409.41289
323.54205,218,409.420914
146.2351,1000,409.430155
326.03748,208,409.462041
253.65596,271,409.465721
294.1824,156,409.477288
294.9484,239,409.514129
312.33826,217,409.584677
291.71875,269,409.608378
280.0094,194,409.622191
298.76514,185,409.643645
321.5589,239,409.6838
296.70956,208,409.728497
275.80545,265,409.733701
338.2002,251,409.735382
325.67682,296,409.756229
338.56927,258,409.775394
273.3499,234,409.79995
307.48376,172,409.821027
308.263,302,409.834234
319.4994,197,409.863231
176.2018,1000,409.866064
329.87662,208,409.901335
321.37842,200,409.930839
265.22266,481,409.933489
337.95892,167,409.936268
337.34235,176,409.952343
328.29602,186,409.987253
321.52014,184,413.916495
344.98663,185,413.951765
302.63574,262,413.955704
320.01038,323,413.988179
290.0735,178,414.004648
350.40497,206,414.010057
317.9336,273,414.012766
276.7677,470,414.019079
322.30878,172,414.01911
329.70596,300,414.025418
290.85632,218,414.056688
317.36115,223,414.066813
276.30023,235,414.129742
314.4013,180,414.137033
315.57367,149,414.137089
299.10092,158,414.203295
314.60724,173,414.216372
295.0193,177,414.228668
315.89362,156,414.247449
294.9025,214,414.251259
295.5459,195,414.257297
306.64722,444,414.267286
330.6089,186,414.295796
324.6416,247,414.329577
147.06006,1000,414.333651
344.53772,203,414.38097
-91.936005,125,414.404365
302.83246,222,414.412989
287.98914,320,414.414548
123.13929,1000,414.424831
288.0514,234,414.429066
335.19598,197,414.44998
303.83313,190,414.466235
328.57312,170,414.470071
320.8723,198,414.538246
324.9215,266,414.545207
280.75916,244,414.55243
299.66122,243,414.564812
298.49213,208,414.582741
335.72073,197,414.621092
314.2528,184,414.63604
306.99387,184,414.637738
288.48508,170,414.671215
333.33783,215,414.687385
280.68164,202,414.692199
327.33368,187,414.694796
274.99542,298,414.696145
269.17603,230,414.702507
340.57068,156,414.735008
309.2749,178,414.781406
299.52106,209,414.791667
347.17883,216,414.813637
298.69458,338,414.81367
299.06412,190,414.867089
291.0063,164,414.869783
346.58353,164,414.894033
357.17108,165,414.89406
296.9364,210,414.941037
342.03284,270,414.961605
338.62378,241,414.982451
274.8385,237,414.987439
253.74875,348,415.002486
338.80893,188,415.016154
259.21204,345,415.035472
338.6624,201,415.056008
325.35065,176,415.080768
313.60056,226,415.085883
294.34402,317,415.116507
314.2071,195,418.961706
338.68237,152,418.977841
296.3636,235,418.984743
333.3581,184,418.997869
70.46587,1000,419.003932
318.33063,258,419.039378
324.51227,221,419.08257
288.33923,223,419.106641
349.20193,213,419.108293
336.51318,202,419.133803
301.51447,232,419.151424
343.6765,212,419.174471
315.5075,168,419.184946
338.42395,154,419.187627
275.72925,326,419.215548
289.30487,221,419.217069
302.1761,254,419.22196
322.78156,200,419.239074
327.1632,225,419.310033
293.40253,276,419.313508
316.92432,202,419.35261
334.44275,183,419.374429
257.87402,243,419.379632
294.97772,172,419.386064
325.5603,193,419.425821
298.35455,177,419.434932
328.81024,208,419.44226
235.5404,275,419.469926
288.06638,296,419.469979
320.02222,259,419.535925
302.78482,258,419.540772
332.86975,204,419.56737
298.3012,322,419.633741
312.02963,269,419.644308
307.0433,253,419.664747
318.2976,262,419.697487
307.42477,213,419.703863
346.21585,190,419.7039
315.13254,227,419.705464
303.9369,233,419.721222
310.20627,237,419.761289
277.53485,189,419.796374
292.60507,212,419.799234
344.82825,232,419.818621
133.31349,1000,419.831644
344.8104,190,419.867608
313.26736,189,419.931826
270.95905,240,419.93497
320.77576,213,419.956605
351.42395,212,419.962168
318.48325,204,419.971731
296.38562,219,419.974358
330.65204,260,419.984672
307.48895,200,420.008168
275.95294,171,420.029283
330.9237,160,420.063514
270.59827,224,420.071085
279.77057,225,420.076846
317.75653,224,420.108965
258.612,187,420.16448
11.664714,1000,420.186674
326.94562,172,424.043687
325.84308,228,424.077973
306.54767,150,424.084101
259.04425,232,424.093068
298.51166,255,424.096731
323.4459,279,424.102877
326.43018,257,424.104434
327.91083,252,424.106029
319.4877,201,424.145137
325.61887,222,424.162661
296.03503,235,424.220462
308.9961,186,424.240987
335.21857,173,424.304766
301.15253,166,424.307534
249.91605,908,424.319724
340.20392,197,424.348445
340.20715,223,424.353894
277.77228,263,424.36883
297.4344,220,424.370247
333.63635,241,424.383514
337.78732,183,424.389539
322.27985,162,424.423291
315.15332,158,424.441209
38.815315,1000,424.448703
291.05505,487,424.462669
276.97888,261,424.477455
326.41406,175,424.534487
327.05582,162,424.562803
319.51666,213,424.578718
335.7686,184,424.602584
339.16647,222,424.602627
298.13843,182,424.613055
331.62054,155,424.662522
283.703,216,424.694069
285.21667,277,424.714372
313.34308,313,424.739036
284.61325,236,424.748577
328.52417,288,424.795841
284.89154,296,424.811291
333.05054,178,424.819993
276.99316,380,424.858872
362.1477,171,424.869272
261.73596,284,424.877029
300.48132,282,424.904767
245.31607,274,424.910891
332.04755,190,424.946851
311.68365,213,424.954665
333.7574,196,424.980873
300.05054,310,424.982543
312.1671,237,425.043232
316.87518,194,425.051757
314.14777,221,425.094718
332.29123,205,425.121857
329.6203,192,425.124713
335.14786,203,425.130853
296.65164,185,425.147559
325.6765,203,425.204901
326.75116,255,425.228754
341.5647,200,425.236481
18.224375,1000,425.239503
197.50856,920,425.251638
334.77957,201,425.304234
275.4879,256,429.214254
17.43613,109,429.280957
294.17157,226,429.287336
314.7454,262,429.290116
353.62225,175,429.329876
301.9489,222,429.329926
300.1062,240,429.335156
264.8365,260,429.351678
270.1234,264,429.359129
354.61786,189,429.378742
257.22983,549,429.391122
331.45428,166,429.412037
296.78403,234,429.448094
293.1319,271,429.469809
309.2508,215,429.480347
354.4911,169,429.499002
298.45135,217,429.60347
318.36542,183,429.61721
318.43436,226,429.633471
300.0548,176,429.68919
303.555,271,429.694768
300.59094,312,429.720242
295.56116,266,429.743454
343.32343,203,429.753321
300.57446,244,429.753353
120.75221,1000,429.765918
319.1507,243,429.783682
309.81122,336,429.795572
344.128,165,429.812046
355.0083,168,429.827561
304.95612,183,429.860943
315.16382,179,429.912675
293.11652,178,429.91654
301.89447,190,429.976887
338.12085,154,429.986382
321.99475,220,429.99138
299.63605,183,430.01004
321.27887,230,430.03807
274.33112,239,430.061004
325.27924,195,430.099554
58.74643,1000,430.108401
300.58783,261,430.147801
329.12988,196,430.157863
262.78632,345,430.177468
307.5705,157,430.179032
306.83734,194,430.216484
288.79932,270,430.246728
313.65335,228,430.274443
325.34222,202,430.289137
319.30844,217,430.332353
307.91458,189,430.397492
318.30515,215,430.418724
327.92834,195,430.423844
308.44238,267,430.435268
281.7621,263,430.439177
304.5527,198,430.467816
277.3506,252,434.318558
187.56812,1000,434.346402
290.0028,225,434.351493
87.40172,1000,434.353007
328.6389,194,434.353037
127.47778,1000,434.393176
281.0861,169,434.467938
313.253,315,434.485723
314.9613,204,434.507262
337.57175,172,434.530094
295.91217,238,434.535155
292.0224,155,434.545219
312.52255,229,434.571203
285.96036,303,434.591567
68.40388,104,434.596828
305.80377,208,434.601808
314.75873,207,434.605694
277.08716,189,434.627624
231.02441,337,434.6602
277.36694,264,434.67753
338.2865,199,434.752109
326.16742,236,434.778856
305.30627,195,434.783912
335.159,208,434.787077
319.34143,179,434.792257
308.9804,171,434.813534
257.46347,226,434.813575
355.76398,161,434.826374
315.3277,214,434.861478
311.49536,208,434.86313
128.87265,1000,434.871738
293.69147,326,434.992233
296.25043,209,435.009294
295.5265,174,435.024715
350.70844,203,435.026158
282.67114,304,435.033454
283.99396,206,435.037299
293.13757,300,435.044628
155.96823,1000,435.065602
283.18933,191,435.095289
348.7703,184,435.095336
309.2583,285,435.130957
264.49188,228,435.13841
305.83466,306,435.162316
335.4692,207,435.280493
283.60522,241,435.280551
286.18137,229,435.301346
253.72546,252,435.330996
335.09915,223,435.36392
121.80613,1000,435.378347
353.85046,217,435.393398
336.70648,236,435.42601
300.67276,306,435.439116
241.15582,362,435.483425
319.72058,176,435.497877
290.39438,182,435.505517
334.07504,292,435.519815
346.08527,203,435.552463
319.55176,204,439.41487
322.97546,185,439.438471
340.6598,157,439.46455
317.4158,157,439.5233
277.27972,272,439.530173
328.76514,224,439.532086
300.51752,256,439.541025
314.5149,185,439.544975
255.41745,594,439.567268
293.71997,197,439.581508
263.83118,564,439.614138
314.98328,214,439.672975
318.09546,197,439.676696
288.21777,179,439.679185
281.1547,279,439.720687
334.2271,168,439.740852
306.38928,213,439.780521
309.6781,227,439.804805
302.03546,173,439.822252
295.09558,242,439.835074
307.50653,217,439.841072
313.10168,274,439.859819
124.87183,1000,439.859851
133.61266,1000,439.874106
285.6123,273,439.896157
29.4803,89,439.913491
297.97882,228,439.952066
337.73187,247,439.97141
298.917,252,439.983556
304.58246,232,440.002854
284.76862,269,440.065725
331.00455,166,440.073497
309.84174,197,440.078376
331.95944,182,440.079813
172.89069,1000,440.082399
279.11005,198,440.099004
285.69482,223,440.105723
322.59195,276,440.115726
300.48135,217,440.157319
328.40784,205,440.161204
283.00674,303,440.18712
307.57245,206,440.19947
360.6806,174,440.210875
354.9066,200,440.212478
316.4669,162,440.264057
292.1532,161,440.278657
287.6053,176,440.293654
324.87274,271,440.31273
281.02924,176,440.330544
301.31985,204,440.330582
307.2287,208,440.354459
282.47186,234,440.390741
293.15585,209,440.415262
306.05368,227,440.465803
300.23987,185,440.489034
349.96912,156,440.502068
272.575,253,440.509962
34.30359,1000,440.565736
317.09302,199,440.572162
323.5235,244,440.577099
335.92032,214,440.589972
281.49908,265,440.615366
320.06555,167,440.618342
268.48907,214,444.513278
299.88495,247,444.5171
347.88904,174,444.573248
311.33398,208,444.577721
301.8568,199,444.590827
293.48645,152,444.617698
317.95764,258,444.683021
325.11957,229,444.714428
308.65393,181,444.734815
310.32556,254,444.758065
319.38144,165,444.77548
306.33813,274,444.810875
305.98572,217,444.857954
293.9618,176,444.901587
281.1709,297,444.980451
265.50397,420,444.989814
260.9577,258,445.029501
289.4739,188,445.044421
333.20502,243,445.058149
247.97198,527,445.070787
92.36063,1000,445.158206
227.33025,480,445.16895
-120.65012,92,445.17278
306.53577,160,445.188293
306.9845,283,445.207986
268.5899,266,445.229913
100.2745,1000,445.241812
264.5972,452,445.296259
302.56348,183,445.302245
128.92729,1000,445.303905
102.41078,1000,445.305485
272.8426,244,445.341461
274.22372,293,445.349797
342.69678,188,445.410296
313.58807,179,445.456305
282.30402,240,445.473067
338.9741,228,445.478247
325.8749,166,445.510557
300.83786,220,445.521348
284.73273,262,445.538806
326.8343,197,445.543772
279.03094,329,445.571623
261.50732,856,445.571658
269.1261,241,445.606009
315.024,266,445.669757
326.83972,210,445.671454
286.79147,300,445.677497
302.40094,177,445.692108
351.99548,165,445.724425
319.01807,199,445.75372
312.35504,243,445.756333
307.85483,237,449.698922
277.13177,223,449.70972
305.6511,212,449.727913
313.94296,161,449.733275
317.28387,262,449.759223
-3.3998528,113,449.762344
310.49026,351,449.776053
285.34314,241,449.831871
321.27875,184,449.847795
174.75266,977,449.855326
296.10974,324,449.940635
320.84607,297,449.953311
37.85427,100,449.96934
344.374,240,450.004899
293.1466,209,450.029728
314.3716,257,450.048088
291.8004,246,450.06086
292.49478,251,450.0646
221.77493,994,450.140028
76.45951,123,450.154309
319.011,262,450.172417
275.28705,287,450.182855
318.0178,201,450.199926
272.7187,222,450.238748
307.14758,170,450.255033
346.86194,188,450.292823
53.347805,91,450.294602
338.42572,244,450.329544
258.8752,244,450.364507
335.0724,199,450.383673
325.0594,192,450.389643
49.3419,126,450.39347
9.222767,96,450.41056
62.392296,1000,450.441793
329.01495,222,450.468541
330.3255,247,450.473521
177.56406,464,450.505758
280.84094,229,450.536574
331.3127,230,450.573905
315.4359,179,450.601646
316.15094,239,450.62181
99.05105,1000,450.628858
331.5177,195,450.628888
327.04218,238,450.656475
312.42392,225,450.684718
253.60738,811,450.6922
287.19965,255,450.705042
322.1713,194,450.71271
268.53882,235,450.73123
199.93098,976,450.751776
313.04474,271,450.800189
307.08316,276,450.842822
323.42456,199,450.844446
319.76038,192,450.862542
345.35632,204,450.877277
321.4808,162,454.807009
239.86078,312,454.814965
304.79813,155,454.816607
330.7604,182,454.825356
293.553,213,454.842412
134.03859,1000,454.849541
293.77917,262,454.909437
345.42072,197,454.939938
325.8546,164,454.975083
281.82208,216,455.008031
296.1501,296,455.010822
311.53336,445,455.017
335.3445,167,455.022202
344.2566,175,455.030578
323.83932,235,455.030608
313.096,249,455.064633
321.07538,198,455.090643
239.53824,443,455.093222
335.46942,223,455.096929
336.8146,256,455.121762
285.22925,274,455.175051
338.44763,181,455.193519
314.98947,218,455.203267
311.90942,189,455.235933
319.7365,183,455.251008
299.3717,297,455.270782
315.05423,204,455.277287
284.68112,225,455.284659
262.40674,241,455.310291
333.71323,186,455.324713
310.8112,197,455.336455
341.85886,188,455.353188
317.14313,280,455.365387
275.51666,228,455.372996
330.9267,253,455.37721
310.5319,193,455.445111
300.48773,219,455.46695
340.10657,186,455.468713
325.58667,183,455.479597
312.58597,212,455.533159
321.2489,210,455.543174
303.01288,171,455.562925
324.20184,197,455.569554
307.65323,161,455.571315
287.5402,169,455.57391
279.3474,243,455.610597
272.2165,275,455.617899
325.8739,253,455.646675
208.78427,923,455.649293
289.33826,256,455.690278
301.4292,204,455.695411
289.31497,186,455.697145
300.595,207,455.719901
348.48065,154,455.722441
314.32047,163,455.765495
323.85406,162,455.807843
275.3753,198,455.811726
291.31555,245,455.84197
351.7785,172,455.854861
290.49112,313,455.859499
338.7332,182,455.868909
287.6438,220,455.885429
248.71295,273,455.905131
320.6242,293,455.918999
338.8138,225,455.961796
302.90857,173,455.976497
328.0669,219,455.989357
296.7926,223,455.992403
354.01324,163,456.007179
282.50455,266,456.019672
290.75134,286,459.843748
327.16022,199,459.854208
31.108952,85,459.893792
335.32288,178,459.901107
341.20483,162,459.901133
341.7387,211,459.927517
296.14343,236,459.932091
263.70615,229,459.936968
339.56366,244,459.959645
299.63586,195,460.023934
18.864422,81,460.02398
338.6163,183,460.026672
306.4782,215,460.037357
293.41882,235,460.048411
49.949142,102,460.053958
286.55576,294,460.077758
341.7235,224,460.090827
329.8297,223,460.114016
287.63263,203,460.146162
264.8891,248,460.153997
315.23706,195,460.170747
131.19864,1000,460.19732
327.12177,260,460.209807
334.656,190,460.253513
291.70245,260,460.27293
311.1696,322,460.292231
279.45947,220,460.292288
284.16705,205,460.297694
262.38977,182,460.333502
328.27393,157,460.337566
291.8703,261,460.354279
321.8225,251,460.379679
303.11935,281,460.396695
330.3722,177,460.418963
329.57452,203,460.425472
312.614,238,460.453406
286.76874,169,460.471211
192.05429,380,460.499656
335.42773,247,460.520953
343.8778,175,460.521004
327.30597,195,460.521016
310.5135,165,460.568059
316.8949,231,460.586161
302.4577,238,460.594401
270.26266,222,460.61809
312.29462,238,460.640967
323.96313,196,460.692124
298.2456,198,460.715215
268.25317,241,460.724201
352.58444,247,460.726913
305.10663,179,460.7409
327.4787,214,460.783475
328.05463,250,460.807311
310.77515,341,460.810219
293.1152,332,460.813126
322.01294,201,460.832389
313.45004,270,460.853778
132.16617,122,460.874166
333.9228,195,460.880359
298.35504,239,460.887613
320.3063,290,460.92713
304.6369,177,460.946562
332.6408,215,460.962373
324.4967,197,460.986969
282.95825,299,460.988623
342.158,244,461.018889
327.00418,141,461.032666
317.04605,199,461.035651
305.64423,239,464.931474
306.72305,185,464.937524
346.21915,175,464.970217
305.99908,217,464.971915
336.83636,268,464.973372
306.43933,176,464.991971
285.5879,240,465.013809
282.5213,199,465.033581
17.292255,84,465.072548
299.0944,212,465.074105
317.5017,196,465.100926
299.86462,234,465.102639
320.01788,236,465.137565
93.673904,1000,465.156686
270.46014,248,465.162625
314.201,196,465.179282
293.8297,182,465.195032
321.22583,215,465.197862
325.8507,185,465.240973
308.32434,500,465.256236
64.809784,114,465.31885
270.20398,267,465.318904
303.6007,250,465.339401
294.72046,200,465.346042
315.23065,223,465.372618
340.10846,249,465.379811
299.53394,265,465.399152
332.25977,241,465.489059
313.77347,298,465.501165
225.07973,685,465.504146
301.60205,207,465.509457
274.3207,267,465.525881
343.48438,190,465.553874
348.74,163,465.574457
287.79193,210,465.577088
274.4922,230,465.62302
305.44098,229,465.629665
312.8303,253,465.709409
317.5947,279,465.722027
315.81528,197,465.743975
269.5684,256,465.804087
289.01562,254,465.815897
342.52618,244,465.822883
333.14545,205,465.825488
169.60886,707,465.839552
337.7249,275,465.84808
281.14838,221,465.849842
299.51617,257,465.869914
325.9831,203,465.880152
320.1006,220,465.896896
342.1822,152,465.913413
339.54935,144,465.923762
339.34567,175,466.021107
260.28125,269,466.042213
309.1136,148,466.077507
315.14,166,466.084055
321.83475,175,466.085585
270.6671,211,466.110809
334.7754,267,466.147219
311.31622,191,466.15846
343.07916,281,470.053585
278.8447,293,470.053639
305.58408,232,470.062991
303.10535,288,470.067756
324.37573,148,470.089329
178.04886,946,470.182658
305.46375,251,470.193236
313.7547,198,470.219225
295.85193,232,470.235377
352.0583,154,470.2562
131.96266,1000,470.25624
282.99487,255,470.261409
335.32135,200,470.268137
322.813,249,470.315264
293.23547,221,470.323994
309.28873,218,470.330889
146.3651,1000,470.335654
299.94244,242,470.35226
328.58215,256,470.403533
321.92316,218,470.483697
344.06607,178,470.485203
342.99844,251,470.491949
324.3374,199,470.500458
315.0724,206,470.509457
312.70892,210,470.519327
293.68683,256,470.549126
302.8327,191,470.558897
313.99304,201,470.581133
320.09338,236,470.605228
299.5605,236,470.637779
313.33188,260,470.646986
305.33813,229,470.682843
299.11166,171,470.708153
285.29907,166,470.720583
279.25592,218,470.754719
318.7088,188,470.775125
281.93384,230,470.788059
295.80396,255,470.795673
298.8925,239,470.87075
318.69394,225,470.879087
343.93433,209,470.893053
132.44087,1000,470.914073
277.0774,293,470.914112
241.65237,359,470.922236
354.94214,169,470.927718
293.01648,244,470.946487
298.24048,195,470.948204
311.75287,266,471.009043
335.23785,209,471.033986
299.07404,248,471.061504
316.69366,188,471.110066
272.07953,180,471.114377
329.4526,272,471.122497
309.16663,184,471.154215
101.29722,1000,471.168546
322.5703,199,471.16858
294.21042,251,471.22469
57.422165,257,471.231989
313.48914,210,471.267673
303.72244,278,471.2907
92.13225,120,471.302677
280.21588,219,471.304363
339.06604,172,475.155297
290.48474,191,475.166344
221.20898,356,475.203208
311.1173,186,475.21462
118.42945,1000,475.236847
317.9945,259,475.252079
316.3477,190,475.276803
301.95453,198,475.293454
279.40927,345,475.304349
290.20398,170,475.316722
350.48468,209,475.378628
301.8323,217,475.387882
285.70892,196,475.405534
325.33392,177,475.419398
307.8413,295,475.447252
286.76093,240,475.447287
337.91705,181,475.459024
354.20117,171,475.460591
305.9231,199,475.534894
310.77496,227,475.552553
286.01062,197,475.55612
274.65573,294,475.572995
5.7359276,96,475.578264
303.00714,154,475.591814
330.05743,169,475.591843
324.7887,185,475.602874
275.7261,262,475.623376
326.0708,176,475.659877
295.80176,183,475.680971
284.52795,195,475.683441
318.0232,154,475.761624
317.83212,299,475.780596
315.37518,193,475.788995
330.87183,198,475.793194
322.82724,172,475.800726
343.03772,222,475.805587
307.67624,164,475.823516
25.884678,1000,475.840915
309.1431,211,475.863358
291.4887,223,475.867253
309.21808,262,475.89589
133.61601,1000,475.920607
342.82104,177,475.984879
283.9532,160,475.991398
289.812,269,476.018992
280.37183,290,476.04198
290.00415,205,476.051517
308.10364,223,476.062151
311.6675,204,476.078874
313.19946,188,476.098998
277.9431,210,476.101483
313.02905,250,476.113937
273.09814,266,476.139009
294.10168,224,476.141847
265.8142,248,476.201927
135.16562,1000,476.213845
341.14734,189,476.251497
297.83423,176,476.259003
320.97406,229,476.269377
296.93073,239,476.288112
335.88123,196,476.293468
327.98666,155,476.295192
313.14972,333,476.331375
311.4232,212,476.342591
298.84198,236,476.354938
345.4334,180,476.362833
324.1283,215,476.380904
339.58325,206,480.340425
335.27454,151,480.351462
281.86652,255,480.375335
115.73064,121,480.380874
306.62354,181,480.394923
332.5249,142,480.45456
300.49042,173,480.504185
332.70724,248,480.563043
337.04065,191,480.564751
305.5701,246,480.594975
319.3603,168,480.601448
287.857,228,480.624207
297.8902,222,480.630107
349.33356,170,480.641501
323.07416,201,480.668704
303.3621,255,480.68122
295.8471,209,480.683156
304.98242,138,480.684862
271.67502,256,480.703691
303.5402,263,480.739583
277.52026,221,480.747858
281.3894,172,480.78907
318.25784,206,480.83146
328.78775,189,480.84018
300.96567,168,480.845393
300.51947,203,480.882697
183.60277,1000,480.907017
336.7145,252,480.923332
280.3921,211,480.946368
330.90875,224,480.980528
347.19257,198,480.980574
309.50848,239,480.981921
307.86313,259,480.991346
330.3861,201,481.032478
319.37125,248,481.049216
304.78943,338,481.061284
38.536697,99,481.112442
345.76044,155,481.132879
323.85486,198,481.147066
267.07257,244,481.178825
280.56598,283,481.183818
322.43646,225,481.196526
308.36975,181,481.201839
305.53604,193,481.215487
276.18533,452,481.240271
292.2422,339,481.244991
288.60425,184,481.258811
322.20438,182,481.276657
233.24886,276,481.320328
323.2985,179,481.333546
339.8637,179,481.372258
347.78955,195,481.377113
267.19684,257,481.381642
311.3664,200,481.433873
322.09747,198,481.447734
338.21454,190,481.451537
350.74585,155,481.451588
287.58466,172,481.454555
309.08752,224,481.475212
145.47467,1000,481.494556
319.49976,186,481.504497
336.38016,158,481.515547
301.25888,271,481.517039
5.9220276,92,481.588062
330.86633,192,481.613483
327.3905,157,481.645684
272.61298,229,481.65342
298.4204,235,485.541304
317.32788,191,485.541362
222.68408,358,485.560431
287.99243,194,485.563059
362.1374,151,485.573208
310.54944,224,485.597308
334.18518,236,485.617963
367.84912,192,485.625642
299.49713,345,485.63169
311.66388,227,485.658335
300.10712,168,485.670566
303.9925,248,485.674345
46.875164,83,485.678298
344.74084,196,485.769745
280.3482,191,485.780041
321.95392,179,485.784936
320.60724,253,485.799184
272.64117,229,485.825614
324.13602,213,485.828134
307.69672,252,485.830913
340.47113,196,485.863305
320.23322,197,485.87788
298.3626,231,485.885428
279.12372,242,485.923237
290.50372,215,485.939464
297.79593,219,485.940875
121.55549,1000,485.946601
285.4014,233,485.953912
301.69934,147,485.961955
308.14145,269,485.9877
308.72784,162,485.996435
303.72498,189,486.00972
348.7411,177,486.044374
280.20935,235,486.053686
291.415,205,486.071573
316.15875,178,486.097325
302.07538,197,486.11303
266.01404,214,486.119034
294.87695,163,486.120816
51.573288,115,486.133459
315.47495,278,486.161677
335.69287,217,486.2027
325.41418,185,486.209239
336.4236,232,486.227486
269.1576,253,486.257927
330.47385,187,486.276761
348.045,196,486.3081
307.7536,287,486.351135
307.5077,213,486.351183
313.38654,204,486.362252
51.058746,143,486.372761
311.60004,226,486.404344
289.26996,260,486.42417
284.26913,263,486.435543
249.6178,417,486.441901
346.5566,196,486.444709
333.92935,176,486.572309
294.1336,208,486.598478
321.9337,162,486.61473
355.2989,160,486.625291
307.0542,302,486.638362
310.5774,254,486.678823
315.91583,212,486.695484
304.5638,253,486.707607
300.2625,290,490.603449
313.90625,193,490.618323
314.34998,183,490.633633
306.51276,197,490.67662
345.9303,220,490.716059
321.61066,189,490.733286
295.46368,213,490.744776
295.40668,224,490.788099
322.05212,139,490.800463
324.67676,198,490.840638
301.5061,215,490.874743
338.11694,180,490.933521
130.38611,1000,490.975208
337.5765,198,490.984789
351.39108,166,490.988434
332.69147,212,491.055548
157.47665,1000,491.057175
286.06885,166,491.076647
34.96859,123,491.13703
317.5603,199,491.172336
31.385298,1000,491.176065
337.43405,278,491.176097
90.200874,1000,491.241332
179.54774,1000,491.274035
346.30057,200,491.299564
343.0941,217,491.32058
191.99254,1000,491.325938
331.46606,236,491.36347
144.25327,1000,491.369399
339.88745,200,491.380771
285.92126,342,491.390434
290.52924,179,491.391889
319.8548,188,491.406421
307.11078,230,491.458095
324.5167,232,491.523177
334.30273,174,491.534578
309.0954,195,491.537941
322.7423,229,491.554623
320.6924,176,491.577875
305.99292,162,491.588418
301.06696,231,491.6007
340.8217,194,491.605533
340.46576,182,491.611483
153.39697,1000,491.63967
307.67245,226,491.657601
92.74256,88,491.69862
284.66486,243,491.704746
296.08688,203,491.707344
333.49243,171,491.748615
311.99078,185,491.752452
345.84985,174,491.769315
244.2369,902,495.671232
319.43585,180,495.675095
302.80612,246,495.683121
315.0899,173,495.725603
296.3196,141,495.736784
310.5912,231,495.748153
90.63612,1000,495.749831
323.36414,164,495.757736
277.7472,249,495.767649
319.39493,269,495.769208
324.06714,219,495.770827
311.87677,192,495.801956
336.36963,176,495.830173
301.38745,197,495.851846
330.2766,213,495.892762
318.89963,175,495.912267
344.92252,191,495.942041
312.16302,188,495.970047
283.3624,176,495.984135
308.81018,183,495.984178
-305.29767,188,496.009759
318.01025,208,496.017285
293.09778,224,496.024451
300.2106,200,496.026097
333.1483,270,496.03848
174.9983,1000,496.081976
261.59943,235,496.103529
319.16632,276,496.122045
333.49652,206,496.179724
295.3791,289,496.203777
298.89673,199,496.240755
331.89374,216,496.247368
320.52002,185,496.258136
314.17133,206,496.294607
267.5116,233,496.337057
320.05988,248,496.344997
335.518,185,496.362589
284.0241,231,496.38219
300.71307,169,496.399797
337.0376,245,496.422827
341.23398,169,496.42456
298.69226,183,496.481508
304.17288,174,496.485691
340.9252,172,496.519004
286.25342,235,496.555257
330.39423,173,496.566447
269.3857,224,496.640969
333.57156,172,496.647926
280.6421,223,496.655525
323.62408,178,496.656903
269.91882,213,496.67655
343.4958,168,496.706621
292.58096,256,496.718344
246.72208,553,496.73253
323.62396,204,496.785885
294.6704,199,496.815917
326.6789,205,496.83602
304.04178,271,496.838004
124.61076,125,496.84416
282.28156,166,496.867605
339.47586,160,496.869427
329.68936,148,496.9148
346.6809,214,496.941394
267.28925,209,497.010311
270.11826,785,500.962246
319.2724,178,500.973074
312.029,163,500.983289
281.9186,193,501.03479
342.4425,208,501.055211
139.71999,1000,501.100885
288.06116,201,501.116766
257.7956,244,501.126202
314.38596,270,501.135841
136.91296,1000,501.139531
322.71884,255,501.141546
293.14914,180,501.192971
123.57125,1000,501.199322
272.59888,244,501.208953
303.63025,205,501.231199
314.29135,208,501.245084
279.52356,217,501.340515
286.0182,175,501.350498
313.34897,166,501.359543
322.614,251,501.363527
289.4782,202,501.395628
24.980507,143,501.410863
328.0114,211,501.421033
328.15845,193,501.442469
299.2301,220,501.485214
333.8028,296,501.486826
334.2248,181,501.565219
304.03052,264,501.573633
352.8208,156,501.587706
351.99457,201,501.613187
281.58557,218,501.631251
298.42578,230,501.637503
326.60132,192,501.648944
337.86603,178,501.663125
-16.383408,86,501.680015
257.7196,242,501.719207
324.4049,197,501.728615
317.61798,200,501.731469
253.85143,904,501.749131
343.88403,179,501.805099
331.88617,154,501.823668
345.71173,213,501.826375
294.62952,176,501.828202
301.74283,198,501.869734
295.15073,199,501.888372
213.13579,1000,501.923326
308.46454,246,501.960476
317.15173,217,501.980338
309.03268,259,501.992368
298.81506,208,501.999931
313.04044,237,502.016007
329.378,167,502.024258
280.399,262,502.04505
315.36295,203,502.052946
321.01328,194,502.061284
331.73273,186,502.112314
341.91605,251,502.129421
295.3697,210,502.177958
293.13327,186,502.185159
318.0534,160,502.193407
321.99292,177,502.194811
302.03375,273,502.201029
61.619225,1000,502.222879
294.29425,201,506.089924
311.41006,205,506.152563
313.19003,202,506.157827
302.4444,243,506.172704
312.43613,174,506.177659
323.08362,265,506.190989
281.20157,198,506.22558
121.28821,1000,506.236997
335.66013,162,506.245788
321.39795,186,506.264939
346.4665,180,506.267718
300.71725,194,506.267773
185.12622,1000,506.275163
289.30768,203,506.325887
271.57007,202,506.33662
291.95227,238,506.344986
333.03503,189,506.407365
305.1795,244,506.451746
275.30505,170,506.451797
279.831,197,506.506163
340.49353,198,506.513796
261.1065,237,506.525124
339.52643,214,506.529045
313.5584,281,506.535021
318.0296,197,506.57564
315.01776,241,506.616722
311.2347,226,506.618176
295.52274,326,506.621531
294.71234,209,506.71345
340.89758,250,506.721512
337.6469,198,506.786444
283.02417,173,506.797149
317.93335,277,506.799671
351.43335,229,506.804725
303.3192,277,506.856947
313.30188,264,506.861744
311.42212,198,506.871847
320.34854,213,506.890951
331.27783,251,506.936669
267.01047,203,506.963641
313.39005,235,507.009824
288.1366,189,507.015805
325.63712,177,507.019907
315.92212,181,507.01994
345.08792,153,507.047275
326.01495,191,507.104709
78.218155,1000,507.128929
308.41034,225,507.132889
320.30237,207,507.144796
326.7846,179,507.159006
309.1505,184,507.250464
318.55945,202,507.269568
347.04407,147,507.287497
323.11154,174,507.348127
302.50546,252,511.142301
333.31686,179,511.148947
319.44702,301,511.174554
152.23756,1000,511.176028
302.8346,224,511.186214
140.35417,1000,511.18988
317.21875,366,511.241747
134.26498,1000,511.277775
311.10608,208,511.330062
314.96155,233,511.346077
337.72623,252,511.351207
337.40967,170,511.368261
313.43594,192,511.378319
331.07068,158,511.393301
326.0252,171,511.398524
298.10004,226,511.431047
294.99164,214,511.45116
312.04376,238,511.554971
101.56942,1000,511.564942
336.9672,218,511.572864
337.2,178,511.601134
323.61502,187,511.623683
329.63354,243,511.659814
296.127,246,511.678832
286.44305,208,511.683388
321.66782,266,511.756239
301.62445,256,511.785897
265.5122,247,511.794355
325.12057,165,511.807433
327.5821,179,511.818856
163.96094,990,511.850019
311.386,185,511.856119
283.8993,225,511.86782
286.2002,162,511.876479
335.71518,194,511.889491
300.47855,172,511.909017
349.77698,211,511.951179
260.487,576,511.952772
319.72656,185,512.01509
152.90854,1000,512.0312
77.14902,127,512.033046
334.0796,186,512.036887
359.90668,174,512.069455
326.4577,263,512.083587
315.452,229,512.131941
273.9602,227,512.14581
317.87787,205,512.200763
270.27747,245,512.204448
193.35184,1000,512.223337
277.7885,188,512.265207
312.7682,209,512.270012
307.9497,168,512.275248
321.34662,272,512.283533
324.6921,263,512.350038
317.91556,255,512.391216
290.28162,167,512.421466
296.75818,253,512.434748
324.8454,271,516.308125
282.73376,380,516.326259
317.89725,242,516.332427
316.57437,255,516.34465
328.3011,208,516.360489
308.8828,222,516.367733
46.08549,1000,516.446962
264.04285,229,516.458876
336.42114,172,516.478554
285.7844,171,516.530452
310.55872,256,516.535317
305.03265,231,516.536733
188.87508,732,516.540255
340.73923,184,516.553438
322.33936,174,516.575525
349.31836,205,516.591163
314.40698,268,516.632992
301.26807,152,516.634603
355.2622,168,516.665009
312.9569,262,516.677981
325.39673,178,516.760672
273.01022,566,516.791684
296.8133,218,516.802262
329.86353,265,516.805245
303.37518,186,516.807837
353.5697,179,516.814851
299.86987,167,516.840227
284.445,232,516.841987
298.90546,173,516.846831
148.49725,1000,516.849567
301.58167,254,516.851274
292.2837,209,516.925062
128.96196,1000,516.941443
289.73758,330,516.945415
351.0603,187,516.988484
290.897,171,517.008764
303.20972,278,517.019727
304.44867,204,517.041118
316.9994,170,517.053782
298.224,205,517.057752
322.7893,202,517.100338
275.1129,244,517.106722
302.76733,237,517.108295
296.2478,220,517.113429
302.91037,236,517.136387
320.3312,235,517.143992
307.5462,193,517.18759
284.04462,202,517.203778
301.4228,222,517.208126
52.26976,178,517.251404
303.97446,171,517.276791
328.89987,203,517.303318
286.36145,218,517.339137
-48.333447,1000,517.350706
344.77295,168,517.35603
299.59775,275,517.362636
317.4248,203,517.367978
295.6152,299,517.372176
276.76825,214,517.375493
69.724266,116,517.395401
305.93542,239,517.411567
337.81183,238,517.436235
311.14746,197,517.452577
324.6642,250,517.497828
303.43182,159,517.500753
330.1481,163,521.355769
354.99353,163,521.366903
313.56683,183,521.368398
310.34082,169,521.378641
333.74557,256,521.396549
268.34363,318,521.400378
325.27673,168,521.40538
318.49823,208,521.432518
348.51923,171,521.46289
314.03442,237,521.464327
271.93628,262,521.480312
94.1943,98,521.485266
336.41672,226,521.516289
321.2388,205,521.550357
326.9112,156,521.590698
341.98425,204,521.61981
316.55048,180,521.627364
321.44827,231,521.640933
288.77582,175,521.65026
314.36267,289,521.661255
316.15308,232,521.684279
306.33398,181,521.692147
43.902,116,521.699684
281.00208,189,521.701166
291.15143,181,521.709586
276.04047,274,521.720652
293.8329,174,521.738054
-0.80620193,126,521.798761
308.15503,168,521.803282
354.5912,151,521.839345
318.17807,187,521.860282
342.9176,165,521.894843
323.53986,182,521.923076
346.98273,198,521.926813
310.46222,192,521.954611
321.0921,218,521.966666
346.20264,195,521.9742
312.1919,223,521.981597
297.47992,214,522.059812
304.6444,360,522.098617
339.97195,203,522.102627
323.48077,268,522.119775
155.46819,1000,522.151633
293.66382,205,522.174721
346.5243,167,522.174755
289.69153,241,522.185699
322.24628,198,522.193257
327.0567,240,522.213092
323.72485,202,522.224003
-14.646702,78,522.279157
310.63696,197,522.298397
340.21024,147,522.365629
301.79858,442,522.367074
318.83594,250,522.404255
306.95483,249,522.425602
147.25018,1000,522.43945
281.77438,223,522.447278
300.58862,235,522.462884
312.69397,220,522.482391
298.26935,172,522.492939
333.62955,290,522.509848
304.43546,238,522.517126
332.70728,241,522.591873
322.90936,180,526.451177
317.63644,219,526.465552
349.06903,173,526.478356
312.1504,179,526.509671
293.25446,204,526.528184
313.97073,274,526.540803
183.10002,1000,526.543742
350.591,171,526.550241
282.8864,225,526.591136
284.9687,209,526.604484
315.5294,159,526.623701
150.02182,1000,526.676165
333.06732,174,526.68693
301.61664,177,526.703902
310.89844,170,526.725585
311.20184,155,526.740298
349.62723,166,526.764078
299.655,178,526.764128
298.6855,182,526.791208
284.8022,192,526.8503
270.0148,206,526.882419
318.5625,191,526.937084
269.65988,236,526.939917
350.59604,172,526.93995
327.74823,176,526.970765
94.58717,82,526.991362
304.26892,231,527.004084
298.39673,207,527.021499
167.61565,1000,527.058386
330.7684,215,527.075761
23.287655,83,527.09849
328.30298,271,527.120592
307.1762,226,527.142902
345.26193,194,527.191587
306.6316,204,527.201383
150.55579,1000,527.202864
326.11584,188,527.247101
299.2463,179,527.252255
292.42886,221,527.257576
314.57327,251,527.271614
286.01984,208,527.325417
266.3388,208,527.343424
294.1175,213,527.416249
320.4108,177,527.428428
330.94574,195,527.4404
324.657,278,527.451329
87.17243,192,527.492381
57.687706,130,527.503088
317.38834,206,527.504603
297.81912,213,527.521116
104.114845,1000,527.535499
282.4569,236,527.559721
303.92105,193,527.56235
252.08447,981,527.576941
309.60776,403,527.624858
289.3352,215,527.67886
292.529,208,527.682945
296.78204,163,527.70159
309.9602,190,527.725432
285.24432,182,527.728339
98.45531,1000,527.736762
307.1943,243,531.574095
295.36993,220,531.625001
336.41214,194,531.632463
284.43463,221,531.64255
320.1316,315,531.673016
329.8929,241,531.693668
309.8658,235,531.700996
321.07538,207,531.716533
272.64496,175,531.732866
290.3452,182,531.74508
321.51575,215,531.827989
138.27594,1000,531.862549
293.32333,220,531.898258
274.46384,216,531.901135
296.4325,273,531.91051
297.0511,303,531.943287
308.70428,207,531.956059
299.24298,229,531.976834
313.38074,190,531.976883
306.32983,761,531.98335
307.40686,221,531.988569
331.00897,210,531.990355
312.10083,295,532.036076
300.97397,216,532.093034
319.6256,184,532.122401
329.30637,190,532.131717
247.94814,469,532.135742
317.95746,224,532.135778
303.87982,190,532.174206
298.8877,178,532.198738
291.16583,173,532.19878
301.53323,187,532.203906
274.05185,208,532.210319
288.57025,268,532.236786
36.835007,108,532.267702
366.36475,145,532.269181
314.1145,245,532.285536
323.93988,268,532.304149
299.59778,226,532.312797
356.92047,186,532.349791
302.37833,147,532.355829
329.4595,197,532.372849
332.5906,172,532.409492
296.1327,190,532.435273
362.36923,152,532.45314
342.3543,166,532.468646
308.59076,231,532.490463
329.48102,251,532.503425
294.18665,172,532.511875
323.8158,198,532.526863
308.85437,324,532.530759
340.27612,187,532.540164
320.83862,265,532.560237
310.10388,176,532.585309
298.2995,200,532.597174
358.3078,161,532.630571
323.9618,160,532.646573
342.7813,205,532.656257
335.8416,270,532.675213
355.29553,163,532.700473
330.52182,178,532.705227
281.0508,212,532.725128
100.61096,1000,532.763696
307.4494,199,532.773095
321.87848,205,532.792388
356.19482,171,532.812003
293.97867,244,532.814822
345.03247,157,532.82833
282.09406,247,536.836855
315.34418,207,536.844261
206.90936,1000,536.870031
272.64655,203,536.900761
258.75433,279,536.904845
308.1767,208,536.9166
287.17313,182,536.929423
315.25903,211,536.938613
-276.031,174,536.94367
291.80963,234,536.996078
322.07123,157,537.023593
345.17578,179,537.05604
305.16467,226,537.063067
326.31128,243,537.064495
338.05066,202,537.068237
316.70538,174,537.075311
278.28473,275,537.096575
275.95142,244,537.107263
319.6115,210,537.152973
325.70605,217,537.15783
319.8376,228,537.185282
319.79376,213,537.192335
297.75116,189,537.220796
300.63586,268,537.262748
322.0956,162,537.26279
315.4305,167,537.276833
345.95377,185,537.286097
346.38782,193,537.288614
109.634605,93,537.301063
344.0052,165,537.353842
320.47253,248,537.405653
327.94495,219,537.425229
297.4713,194,537.429128
313.8626,548,537.470431
318.464,183,537.484292
310.25244,229,537.49659
292.54178,205,537.510345
298.41907,195,537.512021
286.436,200,537.541314
313.90637,218,537.550175
285.01743,217,537.551849
55.19855,121,537.569369
352.4303,200,537.709125
261.53,316,537.732109
319.62515,209,537.73702
290.43707,157,537.75865
291.28143,311,537.779361
301.86523,253,537.813673
314.95374,223,537.81639
300.82428,238,537.826777
336.64035,277,537.830554
329.714,312,537.898178
287.92273,309,537.936037
306.91367,179,537.940495
316.96426,144,537.94599
300.4734,159,537.98751
287.3342,211,538.004519
275.75885,211,538.007148
359.23218,171,538.038004
335.02203,174,538.054726
341.10718,189,538.065474
325.22437,157,541.956921
299.17828,244,542.004769
152.53555,1000,542.010717
317.957,190,542.039897
352.61084,155,542.05697
305.56567,214,542.061177
304.15982,212,542.062904
129.14162,1000,542.110214
221.17844,940,542.110263
325.75922,203,542.115844
327.57315,235,542.139951
67.39743,1000,542.157326
310.00372,190,542.163539
316.8131,164,542.163577
323.92438,244,542.214827
327.62286,185,542.26663
332.65796,165,542.273107
317.8375,209,542.294512
319.87845,193,542.333741
333.24164,204,542.343391
273.74408,178,542.362419
342.8925,193,542.387443
302.632,358,542.391787
335.6988,161,542.391823
345.14505,203,542.424967
314.11188,227,542.429458
305.06476,216,542.460739
280.38544,224,542.475112
288.07108,313,542.489002
281.1885,210,542.49831
296.90213,207,542.536336
312.46167,171,542.560316
197.20605,1000,542.563264
266.85013,229,542.586421
329.3946,209,542.628789
294.59918,176,542.648903
294.24838,204,542.653061
333.33228,213,542.660334
282.66412,219,542.671374
296.66818,220,542.70534
287.73706,294,542.707511
289.77463,353,542.719984
320.81628,203,542.730117
336.64984,164,542.748443
340.64056,250,542.77708
322.10016,221,542.78101
338.75623,192,542.806329
122.20509,127,542.813507
307.91315,179,542.814956
314.52975,199,542.817525
284.26505,295,542.860637
327.65286,170,542.86239
327.5642,156,542.933293
333.19696,173,542.951495
330.3752,219,542.979426
76.84719,109,542.98239
67.014,178,542.988335
341.28387,177,543.004495
303.38254,168,543.020279
319.39047,312,543.057264
334.39722,165,543.057307
311.76913,193,543.138301
298.09265,175,543.168981
298.3322,286,543.170437
299.70276,281,543.189441
343.31903,171,543.202908
307.03433,187,543.241597
328.5994,244,543.267541
334.5475,238,543.280967
110.903046,91,543.287514
285.7427,350,543.2894
349.37024,199,547.143154
117.813,106,547.170642
306.61145,177,547.195066
40.628677,80,547.212462
338.3363,185,547.235181
292.4514,191,547.354139
323.9269,224,547.391819
333.00134,209,547.394578
319.81042,247,547.40101
339.46722,198,547.4091
340.90573,175,547.422807
289.5656,199,547.433246
297.75687,190,547.461574
211.2385,732,547.47918
231.17447,776,547.487603
308.58212,404,547.559711
311.68454,213,547.606005
311.04193,182,547.623905
305.1379,206,547.638393
318.98276,212,547.64349
309.28592,177,547.64352
314.9846,200,547.66
277.22412,181,547.675746
287.4984,172,547.685278
310.8167,246,547.694001
335.32806,171,547.766135
161.72562,768,547.825634
310.8733,192,547.856318
329.9408,192,547.876291
340.0148,191,547.891564
326.8538,171,547.89161
298.42828,209,547.898202
332.25662,257,547.918375
267.44714,236,547.925147
279.26993,200,547.936717
159.66786,1000,547.951133
307.28912,233,547.962119
290.3316,201,548.012702
157.41705,1000,548.037005
304.75415,184,548.050837
150.69124,1000,548.074424
39.809174,133,548.083271
343.06866,193,548.094752
305.72284,195,548.119152
310.97427,182,548.119184
303.02002,197,548.141212
324.32904,218,548.161123
262.0348,203,548.1751
306.99417,212,548.195891
97.76224,113,548.210793
351.07574,159,548.233322
175.8109,1000,548.241741
277.43503,212,548.272972
323.80188,187,548.28011
327.26236,263,548.283949
310.01764,161,548.291112
338.43347,193,548.35232
282.2553,224,548.356123
353.8529,208,552.209826
349.47968,149,552.209875
333.45825,200,552.214728
288.40332,259,552.228596
338.55005,146,552.256797
312.6938,185,552.261885
335.50113,213,552.267056
305.14246,175,552.282585
316.18726,208,552.328096
293.1655,306,552.363808
245.06374,903,552.379047
282.01483,258,552.399388
343.48505,218,552.41163
343.0789,164,552.425598
283.48657,169,552.473233
345.31696,227,552.486784
314.32623,187,552.490731
310.56482,183,552.507319
334.44763,208,552.513345
318.4611,246,552.517437
274.2653,635,552.525396
332.2016,165,552.532884
328.34735,265,552.535877
349.17175,177,552.616606
286.416,209,552.620358
283.23645,173,552.624262
351.2203,178,552.644378
301.16367,233,552.663829
289.07254,167,552.704375
336.8679,191,552.752341
288.6623,221,552.75639
302.39313,241,552.763828
308.22922,196,552.768758
344.61826,233,552.791042
295.28137,257,552.821295
318.18076,296,552.842099
310.57617,189,552.849561
358.29797,210,552.913523
328.1131,251,552.918901
310.34406,236,552.925409
327.13885,260,552.927062
327.37183,166,552.955773
299.34598,176,553.001339
310.2823,218,553.013077
276.08984,206,553.014505
299.7948,191,553.052688
287.26022,183,553.063049
299.4256,287,553.107692
257.38885,228,553.123166
160.2816,1000,553.144884
348.46924,207,553.16641
295.84406,219,553.193044
296.77655,201,553.199451
311.53467,240,553.211492
291.62292,249,553.231695
293.3454,237,553.3041
280.88885,208,553.30823
293.82227,207,553.316562
352.4007,158,553.319095
197.17384,1000,553.360978
295.97137,226,557.208444
321.20575,334,557.208499
308.3356,258,557.210175
287.708,196,557.218266
283.76385,358,557.224333
316.46313,197,557.226287
286.7704,231,557.235226
285.63397,211,557.271998
328.51263,226,557.273528
339.12933,217,557.360407
319.69696,186,557.369699
304.89252,265,557.408329
335.3889,177,557.427058
339.30078,272,557.428576
320.195,301,557.447913
347.90887,193,557.452363
280.17633,229,557.478334
314.315,218,557.482376
331.36774,232,557.483985
310.83762,236,557.510841
115.379745,1000,557.517467
320.81744,227,557.539517
294.4167,247,557.564824
282.99432,209,557.609868
298.81552,177,557.620873
302.91943,172,557.632849
314.483,222,557.637505
331.67328,162,557.682153
341.43195,202,557.694028
320.80258,221,557.696767
208.48515,1000,557.698397
328.14343,203,557.729272
313.92255,205,557.762912
308.79462,200,557.809044
347.2447,155,557.811864
308.6867,176,557.851624
270.9156,261,557.860136
330.06885,186,557.863995
348.12772,282,557.865576
323.65097,167,557.901928
343.25763,237,557.901988
306.78265,174,557.906989
304.79788,200,557.926356
308.15405,204,557.979607
307.15686,243,557.992926
317.58813,203,558.010106
331.34766,181,558.032294
214.91446,694,558.045453
301.6394,208,558.061771
313.24646,165,558.061806
298.529,183,558.080916
305.36136,214,558.121403
302.7625,169,558.128845
313.79987,196,558.137572
288.0166,207,558.156225
287.96356,215,558.16146
295.72665,272,558.181351
305.6559,201,558.222084
322.1903,196,558.229364
331.33594,189,558.238854
299.39026,253,558.335439
336.68896,202,558.362625
330.7978,275,558.373247
312.6081,256,558.385158
299.23227,217,558.388378
307.87183,187,558.406721
303.47015,168,562.422317
310.48206,191,562.442367
273.58658,332,562.452984
270.5332,221,562.496245
301.86536,158,562.518121
332.2123,309,562.51963
278.52652,318,562.535562
342.94647,174,562.577234
295.88626,185,562.580243
294.52625,194,562.615299
276.17603,200,562.620092
121.227844,1000,562.650582
328.9645,224,562.665514
122.38946,1000,562.677913
277.98975,225,562.691892
313.98206,210,562.694772
301.69647,204,562.739109
298.80713,261,562.765464
286.1645,209,562.768709
305.21106,214,562.776124
278.10956,212,562.831688
324.73987,185,562.838203
290.31305,181,562.838238
305.84912,319,562.916465
309.63318,199,562.918147
355.89282,161,562.9329
339.8989,203,562.937803
340.8629,253,562.955326
293.13852,228,562.964835
318.11053,169,562.968531
313.59967,170,562.972256
340.91925,174,562.984678
323.49432,377,563.031842
327.0625,170,563.036163
307.03705,218,563.096493
323.75848,165,563.165015
294.6355,284,563.17608
305.30048,207,563.18005
327.52124,189,563.191264
341.99896,174,563.192793
318.50732,231,563.195373
310.6916,238,563.20297
305.48157,242,563.227409
344.703,237,563.241311
316.67242,227,563.246689
198.33798,931,563.249405
177.41992,1000,563.25704
299.1728,214,563.290627
315.94046,193,563.330352
290.06534,266,563.355095
328.16925,167,563.397747
283.27167,178,563.407764
320.17343,183,563.424817
306.72772,210,563.435881
277.3365,243,563.473462
298.3971,254,563.501473
281.56793,214,563.505319
294.8615,230,563.508396
285.65112,213,563.514555
293.38763,215,563.549989
309.48862,277,563.57817
328.9029,209,563.586403
284.01035,172,563.618333
330.27606,168,563.629848
339.73004,158,567.434335
307.4438,418,567.443557
317.24744,272,567.455099
313.07916,250,567.46985
346.84406,172,567.48216
282.43094,195,567.506573
282.8324,253,567.511542
333.61856,188,567.546535
262.7995,228,567.552922
307.8003,168,567.557967
309.81088,228,567.559406
313.5555,191,567.576496
299.47467,183,567.606311
131.09503,1000,567.642766
311.8825,169,567.65966
330.02103,200,567.674709
300.50613,207,567.691595
295.50214,216,567.741899
307.06766,164,567.749063
318.47327,180,567.773764
339.55685,168,567.779584
282.27222,261,567.785784
278.76486,188,567.785818
287.75897,246,567.803436
317.49075,246,567.808689
346.73956,165,567.842758
311.9286,161,567.869992
297.70276,195,567.894198
323.44397,244,567.901841
311.33093,203,567.94018
291.75906,324,567.94023
302.28827,184,567.970454
334.71582,182,567.975296
313.49332,165,567.983766
342.07474,171,567.997503
334.37622,173,568.000185
287.99005,209,568.062098
300.41626,240,568.071027
276.64758,214,568.073557
307.87863,229,568.147625
351.6507,154,568.154233
297.01428,225,568.17081
298.07257,274,568.176843
316.5349,196,568.179447
303.09473,187,568.22124
147.45906,1000,568.229731
302.17264,215,568.242018
264.6742,292,568.256734
325.66284,231,568.278542
287.9887,283,568.284492
344.0395,192,568.303489
330.831,203,568.314692
332.30563,214,568.320145
311.84738,163,568.353169
342.0897,181,568.368412
277.36996,177,568.39213
51.684673,95,568.419861
343.6737,161,568.438365
20.454956,84,568.455539
299.17123,241,568.462798
327.05515,157,568.474928
305.8642,163,568.514125
287.93463,246,568.5301
280.7521,217,568.542455
318.74683,300,568.544152
307.74606,248,568.561124
320.45056,159,568.563774
323.43735,211,568.576877
134.14172,1000,568.613272
297.511,199,568.658994
338.4284,183,572.388359
320.48163,181,572.405069
356.1794,197,572.412684
290.58893,219,572.415447
328.2932,177,572.454685
298.8888,187,572.478745
320.28546,212,572.52568
314.7373,171,572.528326
335.62927,216,572.533603
322.25714,242,572.546417
299.64685,266,572.546445
279.4729,152,572.555688
279.48026,234,572.569479
279.88733,164,572.602025
306.02124,192,572.643623
316.12335,218,572.673501
343.28918,230,572.729893
309.39346,210,572.731356
272.6313,169,572.746295
301.56677,180,572.748942
353.98834,194,572.763426
321.32147,195,572.790704
300.77878,235,572.811368
145.54388,1000,572.897396
329.88635,160,572.942636
347.9768,180,572.951025
310.573,318,572.954157
273.96866,296,572.962227
312.67926,277,572.983906
304.30133,193,573.02583
324.64697,247,573.052976
332.1999,250,573.069134
311.305,255,573.124538
286.8097,327,573.133194
362.39514,148,573.135783
133.75638,1000,573.148659
282.45886,251,573.204615
328.76917,217,573.210722
316.5376,198,573.227066
289.79175,692,573.231145
116.901146,1000,573.323099
283.88263,311,573.341637
289.98904,233,573.344815
322.36548,228,573.355103
339.7335,265,573.358152
305.46146,197,573.382637
283.77335,340,573.390034
282.3371,226,573.440036
325.39,242,573.446788
310.76715,198,573.463274
294.82654,745,573.471382
323.13782,278,573.481445
295.4947,215,573.491142
338.1348,245,573.547985
271.915,255,573.556636
311.9256,181,573.577672
309.8932,157,573.582595
46.479065,209,573.620958
293.4135,220,573.622525
351.26428,164,577.608691
328.58795,156,577.619365
285.27924,243,577.631404
312.60718,212,577.644856
334.9934,200,577.646365
342.54565,189,577.65064
325.16248,167,577.698017
348.41504,175,577.733399
291.7862,158,577.752843
334.85925,165,577.760588
277.18613,317,577.766614
280.16754,207,577.76808
331.35785,259,577.805431
311.04254,186,577.839131
354.4948,164,577.847406
-68.57487,1000,577.855413
329.46774,183,577.874942
320.97522,215,577.885173
333.04086,203,577.898577
289.6181,218,577.902683
352.79614,167,577.95834
334.02698,186,577.988597
293.86517,211,578.025461
340.1809,216,578.033712
329.95392,250,578.040843
307.34717,223,578.074318
319.8811,169,578.088375
316.1673,201,578.090988
338.78214,200,578.097147
302.67593,224,578.112673
280.2845,201,578.121543
307.9486,223,578.167406
308.6513,229,578.177803
337.23325,202,578.203847
350.2209,202,578.270641
325.70773,168,578.27892
315.05365,208,578.286824
283.70856,283,578.334963
300.95148,246,578.341421
316.86847,157,578.371773
289.92786,231,578.375454
302.2843,240,578.384645
306.9569,190,578.442801
298.31427,276,578.454777
122.757126,1000,578.503072
278.62268,330,578.508466
332.12274,205,578.52973
174.01085,1000,578.536611
316.42584,202,578.54463
310.0968,198,578.591639
310.37366,251,578.595425
312.31964,207,578.597507
282.44806,202,578.69557
280.75238,263,578.703011
308.46524,261,578.714078
281.92462,171,578.722714
294.75238,177,578.725281
295.81082,249,578.767472
323.146,212,578.807462
328.69366,172,578.807505
318.01218,175,578.814684
290.44025,274,582.647538
335.42612,153,582.67647
308.31558,182,582.696696
208.9438,1000,582.709895
336.57782,180,582.72241
324.75986,190,582.731994
253.57254,218,582.746755
318.0788,172,582.752058
262.74304,309,582.754922
287.29358,193,582.8255
297.63437,204,582.831607
120.49486,114,582.848094
304.29022,182,582.868243
352.59607,171,582.885372
321.63123,268,582.909023
315.12283,190,582.926914
299.04065,178,582.968801
324.06244,201,582.973809
289.1236,188,583.057149
285.3662,180,583.064893
288.64603,208,583.075326
297.39526,164,583.103555
279.36923,298,583.104982
303.26797,304,583.116349
341.32574,165,583.122405
94.7103,1000,583.124028
281.57648,234,583.166658
195.75945,1000,583.173232
275.57727,190,583.202888
313.88416,162,583.27215
327.19025,182,583.278383
142.43686,918,583.280022
275.9074,149,583.287383
348.0913,209,583.318362
303.24182,185,583.352167
285.25406,159,583.369415
285.96106,207,583.373284
288.9026,176,583.418996
214.48247,581,583.426352
292.09912,280,583.468804
331.4186,167,583.48618
307.6262,192,583.508167
316.29523,193,583.515038
348.01947,202,583.534328
210.677,1000,583.53598
348.68848,180,583.541016
71.369354,157,583.546242
284.22516,374,583.566817
309.43982,207,583.625158
307.7638,185,583.644865
279.39566,201,583.670835
311.06522,182,583.704874
301.43747,210,583.760752
297.7495,182,583.783255
343.70667,206,583.784799
268.8072,215,583.798443
305.03156,227,583.81769
279.95563,196,587.632259
305.948,326,587.633836
293.71674,353,587.731416
294.68622,266,587.764651
314.54544,221,587.800062
309.37222,274,587.807589
298.42047,218,587.819969
346.3833,202,587.835917
197.29755,1000,587.854149
271.08188,187,587.860923
298.8761,264,587.881559
298.9451,211,587.904462
76.033005,100,587.965073
290.37012,308,587.969158
131.19138,1000,587.983968
326.73468,205,588.051118
303.51904,272,588.115385
278.52216,190,588.143224
305.3178,246,588.153
302.7088,205,588.155756
345.2209,223,588.159442
323.21527,193,588.165487
316.49408,254,588.173264
108.870285,1000,588.212463
272.31018,187,588.227226
308.23407,224,588.286461
317.9819,252,588.309596
330.71255,211,588.329516
311.85962,197,588.36151
331.02808,170,588.375255
310.80396,185,588.385855
324.4002,201,588.410792
180.38237,1000,588.414655
302.38925,223,588.422216
335.8802,204,588.426227
224.68817,898,588.436832
295.1092,185,588.440603
299.28537,180,588.449591
322.68225,441,588.486517
321.5206,204,588.576807
315.0384,170,588.581733
332.4657,229,588.58764
317.5055,189,588.59139
322.9491,255,588.596218
321.91565,190,588.641196
285.5299,218,588.649476
337.78168,197,588.653367
322.80127,197,588.660812
304.0262,154,588.672879
150.73502,1000,588.689969
308.03717,224,588.697285
317.48715,209,588.702013
335.12115,224,588.710112
329.91074,173,588.791931
309.12445,209,588.830998
320.51474,209,588.850357
284.87463,165,588.862504
324.53278,190,588.884416
289.872,255,588.90154
288.96674,216,588.910848
280.04907,223,588.910877
279.27936,273,588.918914
288.32,209,588.926624
339.33533,200,588.932517
316.47443,220,592.838687
334.76636,213,592.841531
342.42834,253,592.886147
302.15137,210,592.926882
273.27255,195,593.003329
320.12177,216,593.006015
324.38492,243,593.009797
323.10812,178,593.03084
273.79758,219,593.048838
305.8727,222,593.061601
331.7122,181,593.064115
311.9743,281,593.074373
284.88763,223,593.080087
301.30566,197,593.088614
334.10345,264,593.122911
319.6313,168,593.133631
333.12372,155,593.215929
350.5323,146,593.252109
143.09937,1000,593.2551
300.47925,155,593.259201
303.76297,184,593.269889
307.44247,222,593.27491
356.24716,187,593.287157
318.48068,192,593.297809
353.24,256,593.312454
317.51056,187,593.314121
303.99792,185,593.357604
317.66122,335,593.411088
311.92087,267,593.445691
346.8556,164,593.469977
345.4259,180,593.478376
312.6794,169,593.480914
329.49463,207,593.505214
281.2831,173,593.524184
297.8332,177,593.52804
146.7599,1000,593.535174
319.7397,158,593.549926
345.8744,240,593.54996
327.5335,278,593.556895
317.76382,230,593.56947
299.7915,238,593.587494
317.07306,180,593.633563
319.2155,184,593.672906
280.65216,183,593.706157
349.9724,169,593.713946
317.93396,172,593.745618
310.11383,224,593.754144
311.48944,189,593.755621
308.0923,180,593.769632
324.60593,176,593.771236
257.60727,260,593.79104
277.3679,215,593.792532
330.58484,191,593.804335
341.83334,156,593.899464
295.43823,197,593.913566
286.971,334,593.972769
299.03583,206,593.981662
326.27338,161,593.9844
314.19922,178,594.006532
312.1532,166,594.015902
165.77267,1000,594.038281
309.70868,215,594.045017
106.48049,1000,598.027682
335.21753,278,598.04855
286.49643,307,598.050025
284.80585,288,598.076098
277.15594,344,598.088906
296.85577,210,598.091711
319.47073,242,598.11683
321.6682,183,598.143523
322.2834,193,598.150476
309.44147,220,598.154467
325.38666,207,598.18991
322.10638,248,598.199836
305.2928,156,598.227782
287.2565,273,598.227828
332.41614,270,598.276586
320.8598,192,598.321428
310.3496,215,598.325574
352.0431,179,598.344145
327.7829,200,598.345747
285.59198,167,598.363516
278.68237,254,598.371987
310.68286,162,598.429511
353.80417,162,598.429556
286.81494,228,598.434878
307.3524,244,598.448113
269.1654,230,598.475723
184.7489,801,598.496325
329.42792,162,598.520968
313.24667,270,598.530415
328.26,219,598.543927
299.84088,196,598.558321
344.3135,189,598.572345
314.89294,195,598.578608
309.49832,191,598.59241
297.38492,200,598.667479
277.85498,201,598.669115
284.79526,166,598.674088
261.67755,206,598.680065
283.47382,277,598.703228
169.15826,945,598.710327
312.14243,229,598.720594
314.42303,173,598.727771
322.01788,169,598.733518
289.75552,181,598.761629
323.8522,220,598.821451
298.05768,204,598.822851
311.1654,209,598.843215
288.02264,226,598.843241
331.7799,165,598.901775
302.77905,198,598.9115
322.18494,195,598.914183
312.09558,164,598.925276
281.8105,193,598.94504
297.16626,236,598.954759
285.8733,249,598.973016
294.4312,230,599.002443
324.68884,165,599.027682
344.6578,231,599.046619
273.16852,281,599.080655
297.78625,199,599.093468
290.17026,213,599.111368
352.2793,206,599.172843
282.49518,175,599.176112
328.4491,219,599.178824
299.47903,229,599.213785
341.24194,240,603.15573
309.83368,228,603.167803
279.19186,350,603.170665
316.61325,192,603.179497
296.0677,187,603.231603
144.6952,1000,603.242563
307.52304,233,603.260155
282.5425,302,603.307975
342.78058,162,603.308025
256.86578,387,603.328131
310.13394,237,603.336768
305.18637,205,603.366806
324.5025,188,603.384018
325.49615,246,603.414253
324.83194,185,603.420161
252.08356,191,603.439025
309.07922,162,603.457907
310.13522,237,603.476081
302.35358,202,603.51983
312.12402,166,603.5444
295.77222,223,603.590179
310.235,229,603.597395
325.6654,195,603.621357
279.6415,214,603.627433
308.98273,254,603.643204
332.89032,179,603.657976
317.27466,194,603.659509
162.1827,1000,603.661234
308.21677,228,603.693635
274.8277,374,603.706677
305.73865,222,603.726021
346.67462,184,603.766714
328.23706,165,603.787904
296.13293,175,603.835341
324.88983,171,603.846338
292.57617,171,603.859541
306.70438,202,603.899628
318.71042,209,603.908939
313.04657,184,603.912545
329.95367,274,603.949303
-41.48162,647,603.98156
313.088,238,603.992005
323.18857,184,604.009241
338.73615,249,604.025645
293.16016,218,604.028274
339.61517,167,604.038619
300.31714,196,604.082094
294.036,195,604.096547
-104.65173,890,604.11354
289.4865,184,604.122394
314.91052,190,604.142168
330.49847,179,604.166014
330.03003,173,604.191975
289.83472,172,604.202799
293.90002,259,604.22575
319.93286,206,604.259871
350.58087,162,604.296409
301.63403,171,604.33408
305.96344,244,604.339314
285.98312,265,604.353162
332.6225,165,604.37074
291.57907,224,604.388366
339.74387,203,604.39197
306.161,343,608.213974
336.5752,183,608.217865
284.60474,309,608.231992
333.31342,217,608.237183
306.98752,200,608.274704
302.85977,255,608.27475
281.57034,167,608.305384
338.86224,199,608.308195
356.09592,175,608.320182
38.448437,120,608.361209
68.032074,201,608.36729
360.2037,155,608.421021
303.55206,195,608.449131
27.919819,1000,608.454306
311.4502,280,608.47602
324.60852,173,608.48047
175.26727,1000,608.499251
337.0239,237,608.515903
56.912865,165,608.515939
301.13745,310,608.53307
306.22476,197,608.539236
335.0022,225,608.541808
162.45728,1000,608.573905
283.21112,240,608.593561
308.2356,204,608.607819
355.72287,153,608.636882
308.89575,163,608.645232
-269.02475,291,608.704551
364.04865,161,608.707287
349.424,162,608.726167
324.70984,208,608.762449
312.06375,272,608.8027
326.30884,178,608.804566
293.51816,229,608.814173
304.9564,166,608.842618
316.7025,285,608.877594
313.21088,206,608.881383
353.2257,192,608.93443
324.2115,155,608.998248
336.19855,204,609.007611
284.26514,257,609.033803
336.3352,279,609.041219
295.3899,205,609.050807
291.26263,239,609.088878
295.57208,259,609.192678
302.51758,323,609.275243
322.69205,219,609.306391
327.6342,247,609.314259
322.957,310,609.317358
264.76215,222,609.330329
275.70502,284,609.361032
115.526375,1000,609.378676
314.2838,197,613.215247
323.18152,181,613.301989
320.73608,196,613.341739
298.3004,220,613.357488
338.3802,195,613.364944
160.30286,850,613.380185
310.19745,239,613.384546
156.93008,1000,613.4093
246.34204,849,613.416194
326.37296,232,613.42551
50.14641,1000,613.466488
148.43713,1000,613.48839
326.07855,267,613.543368
10.243534,106,613.544878
278.35278,188,613.5931
331.88123,243,613.598523
311.50574,204,613.607783
294.30017,171,613.619131
40.227127,208,613.635493
320.28143,246,613.643273
288.0118,249,613.731055
319.1394,197,613.731111
50.974598,125,613.749459
289.6056,230,613.82939
286.9121,197,613.844482
148.17722,1000,613.846008
267.3376,249,613.852463
273.4676,206,613.873733
357.5467,153,613.917013
155.69907,919,613.946073
331.6909,195,613.968459
264.2745,303,613.978674
295.13586,160,614.045374
302.6597,172,614.083239
312.5456,212,614.088584
150.23318,1000,614.097503
291.20123,287,614.102952
318.00644,216,614.109238
318.5446,162,614.146847
338.5683,214,614.235654
337.12646,176,614.271052
185.77007,1000,614.286796
283.80737,253,614.301137
312.7561,180,614.338178
325.0248,189,614.338219
286.23724,201,614.344147
295.84277,192,614.346786
338.1986,259,614.408932
311.79346,211,614.412685
337.86243,174,618.333695
304.22015,166,618.351782
298.88135,187,618.415085
278.90027,184,618.418056
180.76926,894,618.420774
318.7544,275,618.42865
315.65607,206,618.439704
157.84245,1000,618.467911
323.92853,277,618.474474
267.49545,233,618.480746
340.97766,153,618.537967
298.33154,183,618.554862
341.68323,165,618.613902
276.96472,293,618.615419
310.92822,180,618.635587
312.2013,168,618.666624
326.64648,222,618.679891
149.50937,992,618.708678
284.15866,229,618.710224
157.9825,1000,618.711737
338.4352,240,618.758601
293.5224,236,618.7603
282.46497,212,618.792795
326.7115,163,618.813409
245.43677,914,618.816093
145.79637,869,618.834281
310.01453,158,618.862009
329.6059,206,618.88949
319.48447,287,618.905715
276.9104,203,618.932246
308.01312,180,618.936072
329.01358,181,618.936113
334.89,151,618.952211
341.07104,193,618.95571
347.86694,167,618.974719
311.97693,189,619.031681
310.88098,178,619.041471
296.82306,192,619.056402
315.59393,214,619.105705
340.3098,173,619.107454
338.64417,173,619.12336
322.49908,222,619.141227
320.13464,172,619.148904
302.27405,167,619.160909
314.96393,189,619.172864
353.10364,215,619.204918
299.16983,180,619.276583
325.86322,212,619.293555
332.50732,156,619.298975
321.3285,209,619.300844
361.12582,156,619.300872
341.1693,268,619.305803
319.66098,155,619.315165
181.19058,880,619.340642
327.6506,177,619.380132
340.35245,202,619.398875
329.28625,290,619.502077
336.6598,161,619.508474
305.96582,183,619.531506
299.77814,192,619.537273
335.32538,189,619.54012
336.5426,215,619.551656
323.64688,306,619.558837
324.23837,208,619.578417
328.2236,185,623.585112
67.42142,92,623.593869
91.36763,1000,623.633046
335.97192,217,623.640647
329.562,167,623.7048
319.4496,183,623.741658
299.15533,262,623.794096
352.05548,241,623.801895
171.87541,1000,623.825222
296.88483,157,623.831273
284.9184,443,623.85845
302.38184,241,623.885846
323.30054,273,623.914328
292.956,361,623.945274
295.55405,281,623.976139
293.89883,245,624.040816
278.91824,281,624.047189
338.09662,198,624.066397
127.97202,925,624.068014
308.27942,227,624.078619
318.25168,224,624.105782
298.46252,161,624.112987
308.41113,197,624.12642
300.66797,312,624.174252
282.16458,531,624.193658
319.45374,286,624.207105
324.51062,172,624.28795
341.8136,199,624.311532
333.05896,152,624.311568
159.2235,861,624.32757
311.0528,321,624.338194
299.78003,227,624.344646
303.91882,264,624.363488
68.67654,1000,624.403314
322.71512,163,624.404923
296.4902,289,624.461822
55.42871,223,624.463301
332.4823,308,624.478259
322.77405,256,624.486716
294.5603,175,624.507644
322.11148,180,624.545717
355.72543,176,624.576798
341.24533,205,624.607266
266.34406,230,624.611133
344.81586,200,624.628927
289.5161,189,624.659759
330.65005,203,624.679419
320.15857,160,624.685605
246.3377,939,624.697714
333.64883,155,624.70348
296.69202,195,624.734217
271.337,553,624.755849
314.07828,210,624.770943
290.01068,194,624.773675
321.39905,221,624.83488
344.767,185,628.770057
300.96692,194,628.786536
309.15027,168,628.798465
363.23886,165,628.813699
320.75677,193,628.851537
313.6628,159,628.854427
306.47784,214,628.895267
282.84796,290,628.918559
304.92273,259,629.010055
293.9516,419,629.026874
317.9593,228,629.035472
328.4403,209,629.040483
299.2944,159,629.047769
321.53992,312,629.078866
302.08545,675,629.110264
307.12683,253,629.124179
331.95795,190,629.130959
189.40994,1000,629.157579
322.42276,249,629.228067
335.8281,174,629.22811
308.71817,178,629.272261
351.7346,190,629.281327
325.49878,208,629.339687
55.617767,160,629.357138
299.52966,270,629.366099
323.87766,180,629.451999
256.1945,296,629.478479
289.3816,191,629.513489
310.20004,236,629.562532
307.323,271,629.564252
317.1051,219,629.610876
284.4053,159,629.716355
291.9051,189,629.845478
275.16797,235,629.857414
105.002106,1000,629.873724
171.50322,1000,629.935154
293.4892,290,629.943062
293.80078,367,629.954072
265.6395,937,629.982747
241.57812,965,629.990453
254.87094,419,629.996669
311.38318,515,630.02386
340.43536,161,633.95499
319.51428,182,634.014067
328.21506,194,634.020504
179.2614,1000,634.020561
275.94308,786,634.027243
339.41672,194,634.094688
336.34415,153,634.098971
292.06696,188,634.106383
330.93048,373,634.117138
286.3302,204,634.159562
304.5703,188,634.232705
168.39508,1000,634.234352
308.7295,250,634.261981
332.67673,171,634.264944
319.6137,190,634.284191
300.3215,196,634.299326
180.15627,1000,634.327489
329.35007,231,634.339365
290.25696,194,634.356061
353.36877,191,634.356093
284.72614,224,634.41012
324.40753,199,634.415664
298.67255,159,634.432227
290.6435,458,634.452065
68.72064,133,634.49772
315.6594,201,634.51408
322.40704,191,634.540301
154.31009,1000,634.566017
323.93958,545,634.605197
270.10382,397,634.62271
309.25473,152,634.626579
313.10034,214,634.626614
339.64783,289,634.647629
311.98407,199,634.669179
336.9818,174,634.672187
333.74957,262,634.686499
312.39908,168,634.72596
99.40329,149,634.729341
298.3686,316,634.737879
118.116295,120,634.777228
327.3505,225,634.781632
289.21036,188,634.861466
342.06598,167,634.882275
338.55692,220,634.88544
322.68146,297,634.945578
309.5667,182,634.96503
315.9668,220,634.970064
342.92212,260,634.983392
311.51483,267,635.016184
26.19928,230,635.03602
316.92914,216,635.060937
351.0031,290,635.104373
323.06348,680,635.10442
318.89386,201,635.123997
323.958,189,635.189245
336.70355,194,635.220002
302.1994,237,635.268065
344.21423,206,639.122779
331.5739,166,639.136222
275.5737,223,639.168823
354.9176,185,639.179756
331.5934,216,639.197903
299.48566,529,639.273057
299.5244,358,639.287143
300.7157,233,639.327849
357.38885,195,639.329383
174.53212,1000,639.349261
338.10364,154,639.353255
343.05655,198,639.363282
231.48749,894,639.365757
316.52106,177,639.410865
326.85138,230,639.455705
321.92303,174,639.4975
340.372,199,639.513206
327.187,322,639.524907
352.89847,177,639.565796
280.6673,245,639.623644
270.36838,674,639.636691
370.06647,152,639.638084
289.3779,274,639.690852
33.807297,273,639.692493
123.770744,1000,639.695402
314.98557,155,639.710968
318.39197,327,639.742281
277.87686,367,639.851331
321.1394,209,639.875253
285.38824,211,639.892011
37.10782,175,639.90465
354.01917,164,639.910074
316.67114,186,639.917558
296.3001,240,639.929182
181.37032,1000,639.940142
178.72354,1000,639.94294
327.35175,509,639.944796
312.8874,243,639.98943
266.5448,415,639.997818
295.21774,213,640.10623
317.57486,187,640.115492
331.351,167,640.126896
51.26426,116,640.135381
317.98486,194,640.172482
322.26996,197,640.173952
278.9314,202,640.183566
279.13354,524,640.196593
324.7132,252,640.211018
324.1076,259,640.21487
174.78806,1000,640.223978
288.81433,264,640.235315
293.6955,212,640.244829
316.88165,334,640.278573
353.2667,183,644.286101
286.57874,169,644.316671
336.40985,242,644.328625
361.03717,156,644.350246
266.7071,215,644.365417
296.1806,265,644.37008
327.4244,188,644.372225
262.86926,267,644.385088
291.02625,253,644.416126
286.7893,249,644.458238
304.4309,279,644.479577
308.8377,263,644.488332
256.57297,260,644.505944
305.14423,186,644.530203
342.9572,186,644.572557
58.259323,168,644.589925
270.58148,243,644.631136
280.82852,217,644.645105
339.18146,181,644.646658
321.26053,157,644.655293
128.38559,1000,644.667059
345.77295,244,644.693325
-13.964218,98,644.764601
306.3929,248,644.827892
336.01202,248,644.886411
314.49777,420,644.890175
333.58112,167,644.891729
337.72314,208,644.893352
17.796524,1000,644.89592
320.2627,250,644.930515
266.75995,244,645.05927
275.6518,485,645.069522
306.2982,513,645.110551
326.9636,237,645.11663
281.87866,205,645.137656
290.76242,207,645.145544
306.68463,206,645.145582
174.8696,789,645.181367
304.72122,248,645.231487
304.12418,294,645.248347
305.3714,508,645.281061
321.27942,225,645.330496
325.90192,252,645.374787
302.2984,218,645.402537
290.66208,625,645.41126
343.77493,190,645.411295
309.54272,241,645.437727
309.87335,175,645.444818
265.1725,282,645.451967
310.67145,255,645.454486
209.59315,921,645.484999
272.04657,309,645.491044
337.51416,242,649.310838
318.95618,185,649.366489
355.17676,147,649.396474
269.2272,254,649.406222
326.25336,189,649.406256
271.59772,316,649.431702
281.2882,209,649.457031
326.2176,245,649.474128
175.8385,1000,649.48261
306.51895,256,649.530949
325.70456,196,649.548171
128.0815,1000,649.551824
309.05103,275,649.585242
284.70944,210,649.62017
321.102,201,649.641498
293.15045,179,649.650981
306.4228,384,649.72369
315.04172,163,649.730433
331.97498,229,649.765051
-5.062767,118,649.767682
286.70477,189,649.781288
277.68893,284,649.806066
281.84296,354,649.840977
197.95924,361,649.850481
-43.63456,1000,649.885023
302.22598,211,649.912039
327.29703,164,649.930287
333.37476,176,649.950802
330.00775,169,649.991687
342.31647,212,650.028521
220.11313,318,650.036465
316.1203,238,650.061275
328.53577,210,650.067193
293.72424,191,650.12169
326.62625,170,650.123456
258.4203,279,650.184387
308.58746,183,650.214384
313.3595,159,650.230296
321.2608,178,650.244663
219.63689,894,650.264038
20.415703,82,650.283823
290.93924,601,650.289912
307.3926,186,650.292607
294.7505,195,650.298819
280.9184,354,650.369923
296.5004,166,650.424348
87.308395,1000,650.443132
332.43106,261,650.44497
309.92816,196,650.489417
333.8815,190,650.537457
311.27432,224,650.543642
343.6772,158,650.56152
331.31592,271,654.350508
330.6702,243,654.378551
272.64563,280,654.414881
327.3601,186,654.449961
53.31171,130,654.48264
257.82928,333,654.486306
46.27872,1000,654.487793
260.7094,930,654.512341
332.85062,246,654.523723
301.01184,179,654.55917
301.39233,253,654.578434
291.7978,150,654.595289
294.71857,579,654.6124
335.0793,228,654.624264
294.68793,185,654.671129
329.38596,167,654.68877
318.13477,263,654.692568
308.1081,183,654.706454
338.75183,201,654.723742
294.34534,208,654.759968
292.98013,172,654.763625
268.44122,934,654.77196
343.02563,199,654.81373
315.71548,224,654.859614
303.42383,221,654.873868
336.4111,163,654.884511
308.23157,177,654.918416
306.73917,171,654.929864
123.52176,1000,654.95197
282.21973,250,654.988139
298.44995,190,654.990732
338.32898,199,655.005604
300.27844,344,655.038712
324.52805,163,655.060892
305.02478,253,655.081023
350.4107,181,655.150575
332.13867,223,655.189527
282.21136,184,655.215111
300.55884,238,655.241846
340.70178,227,655.269209
290.88382,189,655.296868
339.55273,211,655.344916
254.33554,253,655.353838
325.21237,183,655.384569
266.43802,968,655.388826
234.16998,602,655.419283
337.65894,173,655.539038
262.74005,239,655.544596
295.80664,200,655.547696
305.4634,269,655.558358
81.94442,117,655.559812
133.52681,1000,655.570334
289.95575,249,655.58548
280.6358,449,655.593711
307.47934,215,659.484215
302.98694,210,659.487074
191.28806,609,659.513578
339.42154,220,659.525095
354.97552,180,659.603416
345.4654,156,659.616249
129.30217,1000,659.617622
269.94705,276,659.620391
264.24695,192,659.622957
292.05032,218,659.655841
302.7002,214,659.661376
318.47186,232,659.681443
307.0293,177,659.699548
94.60095,85,659.757648
324.6477,236,659.765849
264.69482,231,659.798959
343.67065,179,659.830809
316.21918,179,659.834555
304.0218,285,659.853904
337.224,209,659.873007
299.71832,242,659.894717
309.2069,164,659.896325
333.1308,190,659.91039
102.04359,1000,659.912178
351.82333,255,659.927614
341.7857,167,659.961876
178.92618,1000,659.974195
335.54187,168,660.006122
284.13867,196,660.07055
338.9308,179,660.073588
307.01624,559,660.089478
300.57886,234,660.120037
327.99277,182,660.133911
317.4023,196,660.136671
314.6821,174,660.139351
307.9358,170,660.168359
247.95409,218,660.177872
300.37363,377,660.222607
333.5506,181,660.224216
50.272278,123,660.237715
294.779,151,660.254125
292.1399,176,660.28624
314.49518,158,660.323568
310.3162,297,660.333303
300.8604,227,660.396002
338.4176,206,660.417665
257.94464,231,660.417712
344.711,160,660.420396
338.72723,236,660.514428
286.2685,706,660.52099
337.18817,181,660.546695
310.39142,274,660.589575
297.96652,257,660.602123
326.60718,228,660.614652
312.81616,178,660.616336
312.78885,176,660.635625
319.30634,180,660.641429
161.51074,1000,660.653761
297.68097,199,660.666692
282.0235,673,660.697848
310.86447,151,664.603303
324.70163,185,664.618245
339.8949,231,664.633454
263.79065,568,664.633489
349.6094,192,664.65229
317.68042,167,664.659834
313.8048,174,664.679979
27.021935,199,664.684763
325.5564,211,664.694197
251.43759,313,664.698186
303.51974,173,664.708675
263.99426,252,664.711326
284.33368,398,664.807436
300.48438,178,664.818445
316.67862,170,664.837756
339.1568,166,664.85406
350.64392,144,664.86147
307.20172,190,664.864361
349.89603,173,664.892363
26.075872,1000,664.917259
302.49405,256,664.930095
349.79166,198,664.939637
320.93137,193,664.944559
271.51956,203,664.960162
275.35144,302,665.022957
346.94647,171,665.024467
318.63763,280,665.033757
-4.174423,159,665.051535
343.98938,188,665.066674
330.82617,201,665.1057
292.9403,248,665.108368
350.18762,162,665.125111
328.78815,156,665.127653
271.81995,895,665.132623
285.67346,239,665.142612
341.69672,243,665.185047
185.6182,992,665.188787
344.31454,227,665.192933
325.88177,224,665.215326
48.244034,215,665.219424
303.45682,184,665.256463
332.58313,182,665.275098
298.07385,206,665.276705
326.73572,137,665.303479
337.8045,202,665.31617
294.7633,164,665.330276
305.64932,200,665.356475
329.2401,185,665.372167
328.80386,203,665.379164
278.20007,240,665.403319
327.16876,190,665.427624
298.26498,169,665.469291
295.5799,235,665.481102
277.79935,245,665.48986
347.3006,174,665.493676
301.575,202,665.569991
292.2331,283,665.576504
307.2981,204,665.587077
306.068,248,665.590177
327.26172,183,665.613627
342.2219,194,665.619565
296.14987,188,665.643123
280.7163,240,665.659429
320.32,208,665.690726
317.58398,387,665.701351
322.78302,165,665.702871
309.91498,195,665.717961
269.48026,335,665.724753
325.32452,219,665.768431
334.74915,258,669.639205
271.13226,157,669.639259
347.8586,189,669.64471
304.0111,215,669.67016
292.70456,203,669.671527
278.08936,203,669.673979
337.19305,171,669.685362
296.68945,193,669.688952
331.75284,200,669.769581
289.74057,246,669.791651
314.05243,221,669.805785
321.1673,225,669.829465
325.24463,196,669.837245
293.60852,250,669.853494
348.68634,181,669.856992
365.94794,159,669.878232
311.42444,205,669.892722
321.5989,187,669.896716
331.0658,186,669.914581
310.91357,221,669.939071
285.4032,244,669.969654
339.1996,149,670.020888
32.875797,137,670.026856
332.65216,184,670.031796
333.3435,181,670.077441
310.2416,257,670.086961
331.78506,370,670.093399
143.80374,1000,670.09814
352.5329,178,670.101243
304.79437,188,670.128469
316.4873,249,670.143018
285.12527,183,670.147326
307.91028,207,670.167997
315.0362,139,670.226297
324.27478,148,670.233243
299.99368,240,670.269791
311.26627,156,670.320373
286.2132,163,670.337409
345.44452,183,670.369557
354.79083,164,670.374332
338.08887,221,670.402776
306.84958,189,670.432811
344.23126,194,670.446434
295.38013,309,670.486102
311.02393,197,670.526096
323.78186,240,670.528282
308.99716,239,670.575164
289.68097,176,670.576768
294.28836,160,670.606382
303.88068,236,670.609531
254.61615,362,670.624099
321.31186,218,670.647171
329.02106,156,670.649062
329.1026,154,670.657182
339.49854,160,670.700271
288.53412,221,670.713668
311.1543,203,670.79216
320.82416,152,670.810582
328.39453,182,670.815545
330.85916,159,670.818884
278.54266,209,670.855453
165.94875,1000,670.867958
290.3275,184,670.900355
297.45322,195,670.906175
306.20532,145,670.906214
326.86575,223,670.922059
332.96643,218,670.937727
327.35284,199,670.964643
314.03778,734,674.832798
327.64343,144,674.8486
337.01962,149,674.860487
306.83313,171,674.864455
319.81158,171,674.920408
336.48413,137,674.927629
325.96454,228,674.953832
-120.95755,92,674.960526
309.33014,206,674.974587
45.01792,1000,674.980855
329.73303,201,675.000162
301.54837,182,675.012965
279.48193,209,675.016935
293.914,218,675.042586
312.87286,186,675.061978
333.58203,217,675.079387
365.04456,179,675.08082
312.2603,187,675.093305
5.793556,135,675.138776
335.1801,201,675.163135
335.11328,168,675.164543
335.04938,181,675.174204
61.773956,145,675.186027
347.21527,170,675.186066
329.75302,191,675.23177
302.9582,200,675.25708
300.43182,221,675.307693
344.36823,217,675.322927
274.26773,223,675.364531
312.3039,240,675.371763
281.76007,202,675.387068
294.0194,208,675.420272
340.3625,208,675.421956
321.9768,201,675.423597
313.39276,196,675.42998
326.7784,173,675.448885
277.5639,237,675.481129
71.763336,88,675.496656
74.78632,1000,675.509427
338.70135,169,675.518661
331.53406,263,675.580082
350.87018,216,675.588614
186.96375,1000,675.627744
333.0151,176,675.634422
309.63873,183,675.640575
288.31488,233,675.654279
310.58514,211,675.676299
329.45154,197,675.683384
359.24377,152,675.698883
267.2516,277,675.700309
319.94904,185,675.715671
320.70013,203,675.721566
320.79443,250,675.728554
316.83514,245,675.80116
313.65054,203,675.829783
329.15466,183,675.85138
320.16864,154,675.863962
324.3957,186,675.875067
319.16418,218,675.900706
334.27264,173,675.906931
307.44016,235,675.909604
354.2983,171,675.926537
324.43024,211,675.951684
320.3333,234,675.955559
328.21848,213,675.971923
300.02087,206,675.977257
325.86987,168,676.005102
345.6733,150,676.035622
15.337975,121,676.04797
322.906,162,676.062139
352.7102,154,676.063541
273.7573,218,679.873778
333.78152,179,679.906097
200.47942,1000,679.918336
297.76318,200,679.92907
5.5886993,179,679.970451
281.5133,217,679.97205
290.76093,196,679.972089
343.86087,183,680.006789
320.59222,226,680.011679
281.40045,224,680.02921
334.9617,179,680.048299
332.37604,191,680.04975
181.56921,1000,680.072361
336.23468,204,680.09533
303.69556,151,680.106514
318.86966,171,680.122286
327.60004,238,680.143222
74.989296,101,680.16882
294.1808,164,680.189852
348.3516,220,680.217171
317.67255,197,680.229373
316.56662,186,680.250834
69.8529,184,680.253904
340.54285,159,680.262672
317.58392,186,680.294119
338.41647,175,680.304266
337.15894,170,680.330761
34.87992,165,680.336948
342.1535,192,680.387017
310.51852,196,680.410546
312.64532,167,680.433105
333.76392,156,680.441396
347.79172,197,680.455883
292.56354,145,680.466781
328.66132,238,680.479383
326.53787,161,680.498491
305.0503,204,680.508182
355.74603,159,680.52883
324.11523,174,680.540832
59.41595,90,680.564874
172.99739,1000,680.590338
318.9157,165,680.610383
321.1762,158,680.625935
277.32922,241,680.678491
66.20496,102,680.691078
338.05075,222,680.714354
322.48456,169,680.716895
312.0875,225,680.745268
298.15237,200,680.745297
78.57492,99,680.749036
317.374,254,680.79109
280.14813,221,680.800978
345.08273,196,680.831957
274.3291,253,680.852109
326.05377,206,680.863814
271.4336,800,680.870091
324.07983,150,680.876365
355.60437,182,680.901884
289.26086,195,680.951285
302.7317,187,680.973065
321.15564,237,680.998954
282.03256,197,681.029024
313.92395,239,681.0344
333.4076,186,681.056086
309.11023,166,681.070811
287.88855,153,681.087135
297.61783,211,681.106662
297.8984,253,681.106697
314.56653,230,684.870576
233.82605,875,684.904914
342.17426,175,684.914269
298.95374,261,684.91914
170.22125,1000,684.932931
303.30725,172,684.936914
338.20935,264,684.998716
322.6646,188,685.009979
307.4414,181,685.01631
297.57144,236,685.041459
329.06656,199,685.054332
349.01053,156,685.056966
268.2751,262,685.079982
318.66235,203,685.081583
288.63086,221,685.103341
332.27054,164,685.104845
354.09778,152,685.104874
335.74762,178,685.150742
295.9844,206,685.161501
132.00293,1000,685.197113
39.756042,113,685.239383
325.28027,177,685.256357
315.79642,216,685.261358
277.3579,275,685.267251
323.16495,216,685.273827
309.37485,172,685.287984
331.8579,177,685.297667
308.5564,203,685.304907
325.55707,183,685.326268
285.684,257,685.331283
334.01227,231,685.341001
338.0045,217,685.367501
350.94122,207,685.415857
332.5442,136,685.423244
338.13333,196,685.43607
354.65558,159,685.455861
333.8051,254,685.461972
320.85754,171,685.474936
310.61154,216,685.501305
351.91968,178,685.518855
232.65997,876,685.534974
269.52203,243,685.567553
329.46362,169,685.571153
291.3647,198,685.578839
328.61768,217,685.587526
309.2761,217,685.592309
356.2702,145,685.598655
312.92157,266,685.610579
315.53864,182,685.637208
321.48328,191,685.691734
314.2787,218,685.69961
72.29797,94,685.701194
340.4683,210,685.709723
322.5873,203,685.720161
289.72272,186,685.761379
274.76166,218,685.769533
297.69678,391,685.772344
301.99323,179,685.792092
320.3258,248,685.822757
323.83237,174,685.851805
52.359287,126,685.859376
301.43,223,685.868028
328.0591,240,685.875371
307.1891,234,685.887343
71.33399,118,685.934538
58.741333,138,685.937034
327.8789,192,685.957145
292.72894,292,685.9684
317.16522,220,685.971308
336.46527,255,686.003549
342.04633,242,686.004964
285.15442,172,686.028208
323.7834,252,686.072181
336.98312,177,686.086234
310.60025,175,686.091993
321.21964,194,689.912035
305.79706,292,689.94528
312.33932,232,689.950222
324.5963,217,689.967501
355.30374,181,689.997346
312.89883,181,690.008246
306.83978,214,690.017643
316.32553,169,690.031282
338.40057,159,690.043641
315.58298,206,690.073361
322.226,277,690.088868
304.25507,177,690.125725
306.51477,186,690.129523
327.34222,159,690.138549
114.91676,116,690.146451
75.28568,95,690.157962
313.16217,228,690.164643
310.0894,223,690.170748
335.2484,169,690.173429
319.09894,215,690.220505
340.15564,202,690.25102
298.55002,186,690.268595
336.89844,206,690.278342
309.6198,170,690.292112
326.63907,141,690.342609
71.77497,115,690.365755
313.80408,216,690.367231
295.6751,188,690.373245
338.48547,205,690.403431
333.97632,219,690.40871
330.56284,188,690.408746
318.97717,212,690.421839
258.87567,839,690.425673
324.1909,195,690.427193
340.63162,205,690.439345
338.052,188,690.486992
325.81592,182,690.496243
95.284874,130,690.506655
273.8183,190,690.516536
310.3423,181,690.520535
264.77884,645,690.590728
327.8645,184,690.594646
304.90518,182,690.598849
333.7755,156,690.601437
311.2845,180,690.629922
335.99115,178,690.63946
305.41275,199,690.648123
335.404,215,690.699935
344.53552,216,690.712693
292.04718,242,690.734339
325.04517,230,690.782606
329.8098,206,690.785178
296.51617,225,690.794932
324.7074,158,690.798629
293.5858,243,690.806704
341.77032,165,690.844487
275.96732,191,690.847356
332.20166,169,690.859821
334.62012,232,690.944477
313.46674,285,690.960024
363.2204,176,690.997864
302.32877,184,691.010089
306.53418,178,691.012725
336.35712,176,691.014164
319.28607,182,691.030202
324.63257,153,691.036712
331.03162,276,691.052735
342.69833,171,691.055207
283.55487,154,691.149944
308.58954,238,691.153013
90.21232,123,691.165089
339.35486,180,691.167962
230.93332,645,691.173011
329.3902,163,695.050634
303.71027,186,695.093661
337.88086,184,695.093713
307.11734,212,695.145688
294.47556,222,695.179909
351.62744,157,695.212635
288.02576,268,695.238373
283.19336,190,695.240015
343.33234,197,695.260114
296.62708,253,695.313842
315.85547,215,695.315506
329.5125,241,695.322022
317.60443,222,695.365256
73.340775,118,695.382987
312.3636,241,695.388335
288.80054,184,695.405248
317.28265,156,695.430132
305.1352,186,695.441258
291.78708,170,695.470324
276.03632,190,695.554201
275.44086,187,695.558161
343.99576,128,695.575495
321.16605,203,695.577335
333.9348,181,695.60416
316.85248,180,695.630687
180.5731,1000,695.630756
316.33057,151,695.640461
315.41214,206,695.664292
76.76336,155,695.692307
176.38078,1000,695.728631
335.6197,184,695.826419
149.02962,1000,695.834367
326.06787,140,695.83903
285.57794,290,695.849649
187.0406,1000,695.871972
295.06,218,695.889295
325.50714,185,695.894487
320.99042,167,695.900476
284.60522,243,695.919687
326.25,276,695.946327
303.24744,163,695.94783
315.6833,220,695.988631
288.36414,267,695.997884
328.4919,154,696.034926
3.36409,162,696.078111
297.1903,175,696.110565
317.23816,223,696.126584
354.59772,190,696.134646
282.71704,243,696.141062
308.13388,230,696.146559
314.45462,205,696.17893
117.74309,81,696.181575
317.4745,185,696.183012
188.25862,1000,696.184436
302.66754,227,696.187407
255.80356,805,696.20049
343.68985,171,696.208752
313.9306,222,696.228947
314.88657,242,696.301357
295.13455,241,696.337059
59.864952,191,700.214893
349.735,210,700.225138
355.0487,172,700.231225
343.6281,172,700.236169
308.81592,222,700.260302
314.7813,196,700.26508
346.10303,184,700.272598
329.92114,216,700.288002
281.1527,210,700.296154
344.25073,234,700.306344
300.23798,169,700.346171
322.29272,241,700.363858
95.27327,104,700.388624
302.24353,159,700.41365
315.81128,169,700.434763
314.63123,170,700.447048
239.94948,793,700.469094
40.77855,166,700.49238
294.00104,160,700.493887
318.80115,189,700.49807
293.57336,451,700.507785
272.2915,234,700.521894
332.26614,194,700.545281
321.03412,189,700.579499
344.58606,157,700.579537
270.19476,193,700.68055
303.40704,237,700.700526
319.35248,173,700.702058
349.6828,173,700.716339
293.31525,193,700.72769
311.22232,160,700.738818
302.47086,239,700.758079
315.862,186,700.806728
306.08722,186,700.806772
298.40118,271,700.826445
288.27325,323,700.827854
344.3044,173,700.914
309.84802,149,700.940879
343.74402,176,700.943775
343.16772,217,700.947968
312.73056,218,700.967844
305.97955,154,700.994496
315.56787,230,700.998537
319.2848,169,701.03646
309.0295,193,701.044181
281.41687,195,701.065952
289.2489,453,701.073762
270.21115,938,701.125082
297.37857,326,701.137609
345.20026,176,701.15619
329.02112,158,701.161131
314.10077,178,701.161163
291.04364,206,701.165956
342.64545,193,701.229364
334.53693,164,701.234064
333.10287,238,701.236741
348.19937,168,701.246091
340.6027,154,701.252015
344.2604,168,701.274956
320.08005,162,701.328745
350.29837,170,701.36134
351.09772,178,701.371858
218.21829,915,701.384611
273.59988,196,701.389817
149.60281,1000,701.393587
271.87662,240,701.412101
316.93097,166,701.432896
321.48788,164,701.448765
-42.62805,147,705.310155
296.82428,217,705.348979
328.6861,238,705.392547
342.5399,150,705.432359
177.84799,1000,705.438803
334.04187,161,705.450024
319.36218,198,705.464325
291.3047,228,705.468077
338.6053,186,705.49954
301.32806,200,705.536738
311.3244,186,705.539194
317.01953,169,705.556513
317.042,203,705.556558
325.72913,411,705.595943
-9.490105,128,705.607653
285.8396,148,705.647662
287.5076,250,705.694096
278.79474,226,705.707229
307.01865,222,705.708854
304.62622,210,705.719539
311.23358,209,705.751574
312.2441,164,705.754199
308.1158,191,705.76713
330.9732,215,705.797729
339.46655,146,705.823868
315.98975,225,705.827596
319.60864,210,705.847076
304.00092,219,705.87001
291.11554,190,705.939181
344.44666,198,705.961607
298.6183,165,705.970376
322.2099,216,705.972122
294.93423,207,706.006989
294.9897,157,706.020138
316.27032,265,706.024819
320.96402,220,706.029212
323.46188,187,706.035258
299.597,170,706.063056
189.95451,1000,706.079686
317.57242,200,706.081573
294.2625,680,706.081614
289.84943,214,706.140908
320.42102,163,706.166255
269.333,789,706.200246
309.70792,166,706.227089
319.41852,236,706.233178
336.6682,169,706.234681
307.9491,190,706.244418
190.06589,1000,706.24725
324.42252,183,706.249079
342.04675,232,706.26142
286.44843,156,706.272797
310.34213,198,706.279192
321.4226,251,706.286926
309.77692,180,706.301094
354.52118,155,706.331909
316.92413,246,706.367262
329.56625,241,706.377696
295.43445,154,706.417695
299.17804,160,706.438763
362.34296,177,706.452347
291.19492,238,706.461302
323.3393,155,706.464045
337.7863,155,706.470119
302.62732,225,706.47957
273.04028,179,706.482154
308.72934,209,706.495161
333.56546,176,706.517666
310.39862,227,706.528755
341.61142,251,706.556507
334.34326,191,706.567495
262.39374,236,710.463642
289.26,169,710.517553
352.7176,174,710.545248
313.43896,180,710.570486
345.20392,170,710.576559
357.97513,165,710.586634
314.49182,212,710.619111
329.53143,204,710.621807
308.6089,223,710.626779
338.95837,231,710.628364
323.919,186,710.647312
309.55066,208,710.698108
350.69968,208,710.718627
300.47247,182,710.737122
296.36182,238,710.743998
322.701,167,710.746756
306.41986,183,710.788301
320.54572,173,710.822163
315.37244,167,710.825488
338.18768,220,710.839846
330.80133,192,710.849105
296.99854,197,710.859919
318.3119,235,710.867837
298.71393,521,710.89712
344.28012,245,710.938426
307.80618,193,710.94983
306.74408,200,710.97692
348.6651,235,710.981284
311.1751,212,711.001445
319.06274,217,711.005188
314.6776,165,711.038538
308.92657,162,711.046608
326.54874,171,711.069016
326.46967,167,711.071627
269.80475,238,711.079651
305.8169,211,711.084198
299.66528,187,711.127369
61.576225,135,711.171371
306.46863,165,711.180125
307.7669,195,711.188248
338.57718,207,711.191849
323.14154,177,711.197929
291.38818,166,711.205016
333.33005,202,711.290576
361.43042,175,711.297249
329.90448,183,711.300635
325.3858,234,711.375313
317.0077,227,711.382408
289.11688,443,711.388347
285.7578,263,711.392194
292.4403,169,711.417984
276.56464,166,711.431056
330.97946,216,711.457301
293.25775,263,711.470994
156.32675,1000,711.496717
284.0002,259,711.53712
357.0444,212,711.569455
306.90344,140,711.588564
307.22717,181,711.599218
357.89673,235,711.603345
317.76746,178,711.606213
266.15976,238,711.610168
352.77524,187,711.623513
154.15816,1000,711.648887
345.83118,181,711.655084
308.27472,161,711.657697
334.78784,238,711.676944
329.67548,187,711.702391
304.1079,141,715.633849
-11.635288,124,715.652069
289.11432,206,715.679799
305.05484,160,715.690601
316.5329,173,715.702849
336.6378,259,715.704617
340.34064,182,715.719908
306.626,197,715.721439
335.98083,142,715.741438
321.86023,192,715.774676
320.13538,189,715.779614
343.77307,207,715.799543
327.68433,242,715.809876
351.19763,188,715.823095
289.43954,155,715.874627
300.80084,184,715.882144
301.78387,183,715.918229
303.93988,186,715.93514
320.5145,244,715.937079
328.91342,192,715.961073
355.1349,151,715.963825
336.24695,155,715.974654
318.42084,221,715.998898
341.84644,156,716.006638
328.0818,226,716.023867
312.54828,219,716.072209
297.83344,199,716.072255
331.6914,164,716.078695
283.69702,323,716.104866
265.2237,822,716.118689
299.93594,202,716.131823
291.61975,140,716.133598
276.2964,192,716.156821
291.84396,166,716.226633
320.59357,185,716.233446
336.932,222,716.237226
11.895424,205,716.249763
296.02734,145,716.249795
316.62503,194,716.321589
189.80157,1000,716.337803
287.29337,214,716.353904
313.0993,331,716.358961
317.32782,175,716.361683
313.71255,182,716.393561
305.30798,220,716.414851
290.03314,237,716.422036
347.99603,149,716.422073
310.24384,158,716.456363
342.53125,198,716.488102
283.30902,206,716.517466
340.99127,159,716.534457
323.52045,135,716.56009
287.38336,161,716.560133
358.6932,182,716.577539
309.5036,181,716.581214
333.88873,210,716.581246
298.77692,155,716.645669
301.90512,191,716.655038
46.367264,114,716.716504
334.4657,194,716.725623
337.0943,146,716.737718
316.21655,181,716.737765
293.39246,172,716.790648
331.9102,215,716.799723
353.5582,195,716.825117
284.91022,222,716.838743
317.24835,167,716.859098
313.51025,146,720.800986
321.85358,222,720.813727
370.4879,154,720.86464
324.20764,218,720.875461
313.75864,220,720.895163
320.66663,148,720.900407
323.38754,203,720.933497
330.56262,268,720.943443
327.71204,218,721.005601
299.36627,263,721.02788
226.88315,862,721.059503
180.79514,1000,721.062419
343.3309,168,721.080154
308.076,220,721.085391
174.65054,1000,721.100549
318.24072,198,721.107173
278.5481,171,721.110019
334.14453,183,721.119388
270.39606,268,721.132169
330.904,177,721.149156
355.2399,154,721.193657
334.7504,209,721.19785
309.1997,138,721.231234
34.7464,182,721.250442
267.8496,786,721.263426
275.3565,155,721.295482
313.8826,172,721.295531
339.65912,197,721.305789
346.92752,173,721.321517
256.40112,217,721.345384
333.10803,177,721.347882
145.8082,1000,721.360393
322.17493,218,721.366098
331.35995,145,721.371288
324.5194,208,721.405501
326.4718,251,721.425697
330.81107,189,721.429481
315.81262,201,721.474902
295.72607,173,721.504839
356.86255,169,721.525873
155.83507,1000,721.533375
324.84045,240,721.557997
314.38324,171,721.569877
327.82867,227,721.572503
307.98694,223,721.577469
310.60144,189,721.595682
326.52786,202,721.617012
339.1297,228,721.628007
295.2434,236,721.636308
301.00806,214,721.66689
295.3164,163,721.67841
325.59296,245,721.734752
323.69077,182,721.736428
314.72333,179,721.75931
357.68402,160,721.760966
343.88098,139,721.774042
301.43665,202,721.780379
329.9018,167,721.784368
351.41022,142,721.806431
321.26978,203,721.823893
295.95782,201,721.828828
305.27756,230,721.903192
343.1278,212,721.926775
315.44052,170,721.939249
342.25284,188,721.986892
293.7976,192,721.990798
313.4775,176,721.992201
313.06525,222,722.003977
330.92578,200,722.025382
336.1764,221,725.911144
322.98834,212,725.952279
291.2141,242,725.969702
317.28314,174,725.98496
319.50925,163,725.997213
342.6892,161,726.006866
214.88171,727,726.014101
271.6734,593,726.023286
338.60434,167,726.066673
238.5149,462,726.072866
328.32056,177,726.0777
288.72256,191,726.10918
333.40594,190,726.146795
311.98605,177,726.191606
311.58148,198,726.19978
303.89252,181,726.216397
338.42395,263,726.227345
312.6601,208,726.263825
287.56537,205,726.277983
339.36444,212,726.297342
316.01938,188,726.317193
306.92468,201,726.336879
312.3789,161,726.353325
318.45825,254,726.389952
336.8605,151,726.391548
288.64417,162,726.397521
317.99,272,726.453077
342.07104,153,726.463697
336.70728,178,726.479897
282.75854,222,726.490227
335.22748,168,726.499524
275.75842,157,726.542626
331.01178,184,726.558235
290.69122,199,726.625948
343.67334,158,726.63865
335.9689,213,726.652343
322.4765,229,726.66599
329.2295,179,726.678217
331.52283,185,726.703036
323.1442,399,726.71259
306.56287,186,726.724782
269.21393,196,726.727761
200.96521,1000,726.781272
-26.72979,119,726.788677
252.96408,646,726.805245
331.07654,204,726.806948
299.37476,239,726.832491
340.55725,188,726.857156
285.1709,948,726.865253
308.8263,202,726.911922
335.04443,163,726.924465
294.4449,174,726.935947
334.12396,234,726.938851
217.155,886,726.948313
297.3158,233,726.962317
351.52014,172,726.989702
264.79785,244,727.000043
327.55518,237,727.00168
351.33887,211,727.057375
308.67722,184,727.077445
286.65594,233,727.086657
316.27472,252,727.091476
299.77148,146,727.110092
346.14926,172,727.118577
291.69983,160,727.139012
332.00262,180,727.140459
311.12405,167,727.162505
41.28819,90,730.991645
333.86255,253,730.99341
301.8032,164,731.012145
263.84167,300,731.020409
331.26617,180,731.042397
352.3673,236,731.047178
324.13724,211,731.077357
298.77133,164,731.11197
327.37918,171,731.141206
297.2287,202,731.154806
298.7255,199,731.183935
345.70563,182,731.205459
310.07022,173,731.216834
295.10507,215,731.221517
330.67264,218,731.226224
302.12317,175,731.22779
301.44208,280,731.241269
314.19562,213,731.250228
345.59875,185,731.269018
353.37424,161,731.271888
293.8717,197,731.27924
225.24889,961,731.301073
59.096428,146,731.330299
296.13116,210,731.366775
327.15427,160,731.376164
331.26343,151,731.410712
309.22156,227,731.414634
301.27167,165,731.417319
331.50677,190,731.436201
352.01263,148,731.449229
309.47626,192,731.456164
292.05524,164,731.470373
327.3302,190,731.479809
294.60153,167,731.481307
264.5033,200,731.483832
331.22784,164,731.52815
329.0589,209,731.552182
315.39874,156,731.554699
337.35553,291,731.57983
290.3886,176,731.625883
306.54468,165,731.64499
316.82214,151,731.659959
320.12656,209,731.662911
326.15472,162,731.664838
311.69067,176,731.669597
312.88852,255,731.687153
301.11456,234,731.703255
273.78287,251,731.740614
284.64313,215,731.744395
285.77448,188,731.756976
312.54547,240,731.772077
316.17688,205,731.801465
290.48914,208,731.807405
307.65866,174,731.837428
342.29926,152,731.848209
287.62146,166,731.861715
311.62964,236,731.864253
304.67334,217,731.92392
313.08887,188,731.925516
265.5798,778,731.929258
312.24963,236,731.930681
294.33038,166,731.937855
332.05017,170,731.946023
345.7088,172,731.96105
310.48242,232,731.962489
353.46844,144,731.971996
300.52582,215,732.029044
21.820297,164,732.035201
314.87567,197,732.044365
302.90088,169,732.068367
332.5151,168,732.12931
337.8523,164,732.130737
319.8968,180,732.157729
341.852,177,732.163217
314.09436,175,732.176573
305.6695,220,732.196931
307.50845,139,732.204217
330.73026,230,732.20602
342.84766,166,736.065221
297.30286,214,736.067922
327.33627,226,736.073411
292.59674,201,736.121217
295.13574,185,736.125942
308.82407,357,736.127567
318.06604,148,736.143062
304.3932,175,736.21044
287.26093,165,736.239308
339.59985,148,736.245367
321.56732,240,736.254945
274.06317,203,736.256383
274.0937,192,736.265633
344.19073,186,736.267099
314.02536,232,736.274311
312.84302,174,736.280177
34.741158,154,736.309446
313.29092,166,736.329934
341.3872,173,736.337179
340.24628,192,736.377402
318.04898,270,736.400866
286.93524,197,736.44656
356.10956,175,736.450342
320.41257,190,736.48608
315.89935,154,736.496601
311.27808,195,736.502651
184.25327,841,736.520361
334.15027,237,736.532788
319.44843,216,736.541431
345.22894,237,736.552253
336.8593,184,736.553697
337.05743,155,736.565093
332.70532,194,736.635124
290.38324,308,736.646591
329.96585,190,736.676589
334.87018,179,736.718093
313.19333,223,736.720695
336.40878,159,736.733006
306.19415,221,736.763562
341.34714,180,736.769498
332.7149,209,736.773306
324.63034,251,736.7894
297.24866,220,736.799529
305.7746,457,736.811861
308.1596,391,736.813711
296.05945,229,736.832754
287.25204,248,736.867038
276.66656,205,736.884256
263.90268,1000,736.8944
311.21072,202,736.92359
283.2539,178,736.936994
319.1255,251,736.950403
348.4926,171,736.976411
318.54794,171,737.015031
276.60388,181,737.01672
295.96487,236,737.04996
337.89948,219,737.054997
-4.933731,116,737.063853
303.6281,219,737.076646
256.11475,303,737.100273
302.1825,224,737.101705
343.46338,181,737.103244
323.0352,194,737.129227
285.75745,224,737.138867
310.15317,169,737.144011
327.93317,166,737.153322
314.85236,200,737.216798
354.9366,180,737.2337
325.15912,181,737.233731
308.62634,189,737.277294
308.66965,182,737.28247
310.62967,180,737.29292
345.17975,162,737.297003
312.52728,213,741.083592
355.60712,157,741.090603
277.701,190,741.103713
298.47986,207,741.120362
293.74976,229,741.182024
317.78183,228,741.185869
289.87634,233,741.201444
280.43182,148,741.225693
345.6997,164,741.248826
284.66013,214,741.261763
342.73956,217,741.265536
331.05182,158,741.270599
296.58627,175,741.273268
315.75583,208,741.368418
310.9707,158,741.370958
308.34985,256,741.373645
29.93348,106,741.376291
253.05579,712,741.403166
312.06097,271,741.415148
340.00165,205,741.433077
322.07916,152,741.445958
307.75397,189,741.45291
262.0978,800,741.454528
330.49567,168,741.46928
336.05728,171,741.479904
333.74213,234,741.483706
335.6691,162,741.567496
310.9384,253,741.573485
350.41357,172,741.581811
285.9063,406,741.587852
293.8537,158,741.601787
347.48865,187,741.6255
316.9369,237,741.655005
306.8142,251,741.6685
315.44916,186,741.673302
330.40976,206,741.677023
312.97864,206,741.68978
299.971,210,741.702499
327.66644,190,741.704222
343.82965,212,741.734235
322.08554,145,741.746589
339.3529,253,741.768851
282.14972,173,741.774079
308.42072,163,741.819484
328.89972,199,741.819524
328.80603,203,741.844841
305.8181,222,741.85327
353.11523,155,741.854721
335.22925,194,741.886644
286.37634,204,741.93297
302.8886,224,741.940049
297.859,236,741.958998
304.58347,167,741.969095
330.41434,242,741.993642
300.76758,189,741.999752
281.94934,253,742.006389
283.29724,219,742.009007
282.72546,231,742.01154
318.4878,174,742.027245
356.92407,150,742.032198
71.306915,191,742.048158
273.76477,165,742.054006
320.22537,179,742.100918
321.15857,227,742.117155
325.84595,193,742.16609
311.48187,173,742.167698
309.27106,169,742.172947
318.13205,192,742.172989
184.48169,1000,742.187093
314.4512,150,742.189978
360.12683,177,742.219085
340.21857,205,742.245961
336.1518,198,742.248713
307.16785,200,742.291455
303.93292,220,742.291497
281.9707,176,746.124153
298.52322,225,746.130135
323.6863,244,746.137211
347.548,159,746.187324
349.33832,171,746.187352
319.11902,179,746.196587
292.94067,187,746.201451
287.72665,150,746.238326
291.83994,201,746.23999
317.97137,220,746.240039
315.2077,180,746.245212
317.5535,148,746.279878
318.29034,189,746.284075
17.870079,158,746.292639
87.09517,120,746.334811
315.04535,203,746.369056
299.3199,156,746.387604
310.57715,156,746.393418
259.30133,219,746.396287
349.961,182,746.411176
357.19852,154,746.431004
296.8692,256,746.452177
297.1902,196,746.492035
313.7912,180,746.508925
263.96353,582,746.517248
330.38208,179,746.520916
328.03656,236,746.539025
327.8343,237,746.540708
288.02515,208,746.551429
329.85596,145,746.581085
301.4423,185,746.605781
273.1377,227,746.621737
298.5434,167,746.624956
336.58673,163,746.639201
313.5499,203,746.647709
322.07346,170,746.670227
297.2098,222,746.681076
326.73145,186,746.749917
291.56046,201,746.761407
295.1958,225,746.779017
333.6156,194,746.786423
296.59106,218,746.797151
348.43005,183,746.811803
327.82147,212,746.816745
307.9916,159,746.827015
312.74948,237,746.837745
346.16852,164,746.855035
353.1089,174,746.858811
299.91223,221,746.885769
258.73798,788,746.904775
318.57553,189,746.906698
306.68686,227,746.909706
297.7719,189,746.986466
333.2043,248,746.989625
362.34247,185,746.994405
367.53244,147,746.994445
332.35602,187,747.027994
289.38614,204,747.037441
310.92255,164,747.056707
310.1877,196,747.077318
346.464,168,747.0903
330.00623,227,747.097283
306.26428,239,747.12001
325.99042,192,747.140547
326.54935,251,747.165617
305.72678,215,747.170532
339.85968,158,747.181146
315.42853,170,747.198781
313.80383,249,747.209064
83.61254,103,747.221362
291.2216,155,747.226106
333.62585,163,747.226131
277.1494,209,747.241274
355.2691,181,747.275093
314.88867,260,747.307113
304.76376,191,747.322136
83.118164,91,747.335141
354.1385,184,747.342261
309.58603,179,747.356228
281.37323,235,747.362514
291.82404,161,751.218232
309.7414,161,751.237947
286.28973,204,751.24055
311.48486,219,751.25563
301.7533,161,751.260671
351.7114,219,751.272895
343.9854,194,751.286685
330.81573,224,751.305242
314.07666,186,751.373588
327.7956,175,751.402247
310.23962,208,751.414435
340.90155,207,751.420943
344.18338,197,751.423878
342.84802,247,751.436443
303.367,208,751.475958
326.60498,195,751.482852
300.9679,197,751.498564
315.79114,173,751.498615
309.02258,176,751.521131
315.8072,233,751.526056
335.52075,225,751.537295
169.30342,779,751.555623
330.35468,234,751.559488
351.38937,162,751.614565
315.46185,168,751.641824
314.6222,195,751.641865
322.987,196,751.662827
285.74115,166,751.685507
341.58685,230,751.702857
339.36218,168,751.704376
306.2042,185,751.75121
275.4251,199,751.764612
301.53455,245,751.774782
278.1612,243,751.797496
341.45178,179,751.83247
303.7508,229,751.836194
18.513054,159,751.836223
286.99677,235,751.846424
279.14688,214,751.902852
318.03815,217,751.948604
349.3753,160,751.958804
282.7182,256,751.974554
345.76746,197,751.992071
313.44385,249,752.008134
338.65448,149,752.019636
338.7039,184,752.022316
258.88742,756,752.027299
233.01161,404,752.033726
290.73047,212,752.036378
293.37088,195,752.076462
350.40277,211,752.107707
317.63745,174,752.181606
324.88022,223,752.184435
351.65652,185,752.18604
330.08417,163,752.218712
332.21515,169,752.2464
312.87738,193,752.249229
324.06107,208,752.251193
352.14706,164,752.252882
322.6076,188,752.26999
318.23804,162,752.29511
338.9221,217,752.313563
324.2564,222,752.328336
328.12213,175,752.409349
318.74612,235,752.416022
292.59894,195,752.442677
314.60626,170,752.464296
300.96686,179,756.488338
320.8122,204,756.49385
311.61792,191,756.50197
356.38458,178,756.504745
304.89648,239,756.507485
316.65143,225,756.543741
341.37558,182,756.551558
345.35052,198,756.553071
291.59332,193,756.581201
302.08862,163,756.629969
182.07161,1000,756.635691
314.48,196,756.693267
284.15045,175,756.702922
310.1698,237,756.715487
323.85095,181,756.725121
311.723,220,756.741419
306.02466,196,756.745134
256.57477,822,756.746543
309.18677,177,756.758908
341.5248,220,756.769428
299.7757,233,756.778249
341.84235,186,756.778277
322.56885,194,756.789631
313.37177,178,756.797157
319.2049,164,756.831635
274.41833,224,756.905525
327.2741,175,756.914536
15.135323,107,756.918468
322.77682,193,756.927375
296.92136,165,756.942289
293.83282,190,756.946044
298.63663,170,756.952676
319.67508,193,756.960293
85.716446,150,756.962004
292.69147,178,756.96471
323.281,178,756.986384
360.1557,143,757.003653
325.76645,178,757.012949
314.23285,217,757.025339
314.45123,212,757.0368
158.81357,1000,757.099072
342.02368,146,757.108377
339.55768,158,757.114369
353.03122,187,757.167306
326.2471,160,757.172283
293.83234,168,757.192265
347.70496,160,757.208972
335.88,182,757.209024
302.55627,204,757.219025
301.0199,194,757.228965
329.99805,234,757.245178
324.82742,222,757.249179
330.33875,186,757.265812
301.56818,182,757.272026
89.89661,103,757.306095
41.09896,93,757.332255
314.18445,232,757.344924
283.38107,177,757.357763
311.5036,203,757.384137
331.80835,211,757.404912
327.92636,283,757.431233
319.31662,178,757.432943
310.76825,194,757.434617
309.58588,195,757.471956
312.64545,193,757.50689
310.69675,182,757.506946
328.52386,197,757.508721
15.345783,110,757.529044
313.86603,197,757.532133
336.56952,163,757.55325
286.2034,207,757.591746
313.93256,183,757.601152
312.1917,147,757.633142
320.14795,156,757.64833
281.4762,189,757.668178
312.91412,238,757.689932
324.5183,149,757.726273
319.63065,220,757.782889
273.00427,203,757.795319
319.6781,198,757.844462
343.46924,230,761.892516
303.49786,193,761.896539
345.99963,250,761.921769
331.27924,197,761.945244
316.54883,176,761.948169
18.468147,169,761.954492
330.30316,239,761.966277
329.7846,231,761.997792
287.01617,209,762.031054
319.46118,182,762.052272
341.83063,161,762.094282
316.41373,171,762.103498
307.47272,202,762.121831
333.961,232,762.123252
336.13354,180,762.138764
332.46124,175,762.157636
352.02667,152,762.180781
317.1616,196,762.201035
308.4323,223,762.213834
327.88025,225,762.224306
328.7277,219,762.29704
109.843346,115,762.29879
362.706,175,762.317553
348.55963,161,762.338134
278.4187,190,762.355256
349.6939,225,762.368914
331.28137,261,762.368943
323.7792,138,762.371793
314.56195,222,762.395632
311.80103,176,762.397217
236.42664,907,762.445758
311.08722,212,762.483188
82.062485,108,762.486137
316.04053,167,762.502358
343.54663,236,762.502393
335.4308,175,762.529248
272.85974,197,762.536458
136.33646,1000,762.551307
327.44073,196,762.609452
342.26913,182,762.618236
329.14148,201,762.642124
308.84235,265,762.659983
314.9817,256,762.680176
31.265068,149,762.718883
329.64984,194,762.720459
284.888,224,762.720495
311.59882,206,762.740704
114.026825,1000,762.748398
339.50708,176,762.748443
335.12738,230,762.784395
328.10385,193,762.789125
349.28363,152,762.794828
165.14311,1000,762.817004
333.08914,261,762.823192
318.27634,178,762.860533
322.16412,147,762.863179
324.05103,208,762.87249
316.49713,158,762.912831
317.55066,173,762.948572
325.3623,238,762.95107
350.73602,212,762.976188
322.70593,215,763.004345
289.2309,239,763.009253
320.71625,528,763.011881
314.92978,168,763.017226
331.2708,228,763.021359
348.94183,200,763.063238
66.66972,122,763.097604
335.31354,201,763.101565
330.14792,260,763.109398
288.03998,277,763.123349
339.04327,211,766.961735
286.57462,149,766.965561
337.33972,193,766.992253
351.409,308,767.004188
300.6142,197,767.074107
346.98575,189,767.102784
267.99634,179,767.107818
-2.916832,117,767.121961
263.13644,209,767.141446
311.06915,222,767.167118
354.22723,165,767.178522
323.70172,195,767.180269
309.1661,250,767.196928
312.8069,177,767.199733
327.01147,179,767.223407
337.60394,184,767.235193
360.95038,192,767.273438
330.90616,151,767.283313
97.510315,88,767.289176
334.38754,153,767.306407
321.7558,147,767.330946
333.4926,178,767.340763
349.28833,195,767.373421
297.43735,186,767.411984
313.63275,197,767.41374
298.2257,163,767.42605
322.49088,190,767.432506
315.45932,202,767.449355
273.95148,203,767.483491
315.69238,169,767.495018
301.2652,205,767.533045
310.1234,235,767.558887
350.12787,206,767.57879
295.69135,205,767.587103
343.25433,146,767.604517
303.69778,254,767.61176
326.20288,175,767.621975
304.83148,210,767.627804
307.8291,195,767.647173
308.95343,204,767.670704
315.01498,170,767.698973
312.68564,217,767.706982
322.16733,217,767.742893
185.24356,827,767.745539
292.63794,168,767.761862
294.97107,169,767.783978
298.68066,226,767.806214
349.7493,137,767.812398
-33.099163,120,767.816646
328.75378,172,767.823465
314.55026,174,767.840231
235.56793,694,767.859339
340.28632,195,767.867558
295.78412,237,767.901229
279.52594,151,767.958382
332.84418,217,767.985605
354.26996,197,768.000928
357.898,188,768.027208
333.63013,164,768.03664
298.67407,237,768.04884
300.54333,184,768.052258
340.55588,284,768.064852
305.58707,202,768.081334
314.7085,225,768.101361
329.5716,160,768.110504
302.7257,217,768.125017
330.9233,228,768.162735
319.69202,282,768.220411
111.27821,110,768.238236
288.29437,223,768.242534
340.3593,211,768.254541
320.71036,160,768.256176
333.42212,183,768.26155
312.1623,210,768.26964
142.57576,1000,768.272533
355.37616,177,772.191085
315.55896,203,772.195276
310.8416,216,772.199204
306.5175,169,772.224348
323.28726,149,772.235053
335.4303,255,772.27423
323.16156,247,772.306013
261.8912,661,772.308811
273.2838,168,772.320081
304.24435,166,772.338588
354.20993,160,772.350183
318.21393,168,772.354537
303.42944,156,772.356164
337.44193,184,772.375445
311.34756,223,772.405884
300.6015,166,772.407575
339.34216,150,772.411556
291.21875,198,772.441875
329.43823,190,772.474678
327.16345,256,772.479598
266.44318,232,772.488421
293.9156,181,772.50161
349.4265,169,772.521461
339.14575,192,772.548247
304.8905,185,772.55091
287.26245,200,772.600845
341.65723,160,772.603422
295.72644,188,772.607125
325.06104,224,772.61509
270.69046,239,772.643457
331.63947,247,772.659791
347.6136,166,772.67463
337.69464,218,772.678807
284.26428,209,772.695813
303.6173,239,772.701048
296.03705,148,772.701076
328.89377,188,772.727469
345.56335,222,772.746197
283.8573,220,772.752248
350.96497,188,772.773946
284.94354,148,772.781737
337.25555,197,772.786613
321.28772,164,772.805519
319.27686,167,772.817419
324.83026,213,772.855938
295.79938,198,772.881846
306.3307,191,772.902292
323.56882,170,772.948378
302.34702,215,772.951307
330.7149,243,772.969438
308.4107,262,772.975392
311.98642,156,772.97542
322.42288,168,773.00593
290.98282,258,773.009743
279.8123,243,773.020103
339.0125,193,773.048949
319.82715,249,773.052787
301.82306,243,773.074355
289.90747,180,773.12164
12.542427,151,773.155161
306.31897,170,773.155198
281.13898,228,773.156602
349.26605,178,773.167046
337.91327,192,773.202833
324.7441,303,773.223177
343.0067,187,773.235748
268.77826,220,773.239605
306.60565,188,773.246689
337.08295,163,773.249478
334.4325,208,773.258778
334.4215,210,773.30351
316.68323,185,773.346827
303.01297,167,773.373412
278.44452,179,773.376101
344.30493,191,777.314536
325.55402,234,777.320913
332.04242,238,777.327066
339.13416,176,777.34101
336.42584,186,777.3485
284.75635,207,777.357915
341.54785,193,777.36803
312.93146,180,777.404108
294.97263,224,777.413026
316.66174,245,777.416856
307.13687,172,777.436543
321.2594,155,777.444173
225.87428,671,777.46809
335.6768,192,777.48741
338.31055,167,777.519372
355.5799,176,777.542734
307.3206,168,777.552401
342.52002,211,777.57973
334.58292,176,777.581226
307.7857,206,777.593809
307.15936,150,777.618747
324.34863,219,777.622417
329.24066,185,777.628659
303.40637,185,777.637975
311.62384,158,777.658782
265.43176,207,777.73713
241.00218,960,777.743209
297.00027,177,777.75587
294.7476,174,777.762358
326.8304,298,777.776161
271.08942,225,777.793122
305.5129,199,777.82129
316.68164,177,777.837525
341.26086,194,777.853859
311.34644,186,777.853891
314.79068,243,777.873172
320.67273,218,777.903817
318.42947,208,777.914017
329.95654,269,777.922826
309.76648,169,777.951964
317.39233,152,777.966012
318.5628,174,777.973674
298.13422,188,778.000534
346.91925,137,778.013716
264.9228,232,778.031509
312.9609,213,778.065855
291.55255,164,778.068772
333.43793,155,778.104442
291.85983,181,778.111223
319.1223,199,778.114102
299.1755,183,778.15609
329.0474,146,778.163961
304.99295,199,778.18916
171.5553,1000,778.197789
319.44067,178,778.215849
338.2748,173,778.247154
302.75238,182,778.27707
291.66852,209,778.283198
319.78302,174,778.304063
333.9251,178,778.307689
278.02765,172,778.349762
231.32434,414,778.374138
326.0821,188,778.374184
333.1022,141,778.382953
319.75092,214,778.399284
298.85962,195,778.418974
294.6112,192,778.422569
304.4488,188,778.465648
319.46512,220,778.49042
341.92422,162,778.495627
293.0912,199,778.509922
150.77957,842,778.521286
305.95428,198,778.5639
284.23886,168,778.591275
341.78668,231,782.519029
328.15558,184,782.522261
289.5781,255,782.525362
347.46698,218,782.54271
324.3474,184,782.572947
277.67892,232,782.582706
302.28763,194,782.623361
356.4191,163,782.62826
324.6105,180,782.636025
309.60147,243,782.641061
269.8963,266,782.648463
307.14703,165,782.684803
286.19568,224,782.686399
354.26443,151,782.705708
310.42578,165,782.725818
346.53613,189,782.75642
307.04376,178,782.760362
315.44336,261,782.760389
302.03595,207,782.765061
327.59247,141,782.797646
305.5808,176,782.797689
335.58664,191,782.879795
177.60895,794,782.889022
277.67987,284,782.918426
303.15796,238,782.919883
346.58966,232,782.919912
322.88763,229,782.921381
334.609,157,782.961791
322.182,240,782.985556
327.54773,183,782.987062
305.8349,156,782.994401
300.53238,239,783.025006
323.40643,213,783.028735
311.6394,186,783.032911
306.49734,172,783.15718
286.74896,206,783.161161
316.42734,200,783.162839
332.4588,149,783.168604
328.96136,191,783.190749
332.54034,193,783.190827
297.67792,155,783.248873
282.30566,236,783.251746
311.25647,197,783.26709
333.29285,202,783.273139
292.48083,202,783.28214
323.36566,188,783.307917
240.94493,472,783.318363
270.82608,224,783.354965
340.4666,150,783.406088
299.22882,527,783.421624
297.6663,198,783.457038
349.21207,217,783.483921
313.6799,215,783.486958
340.81506,220,783.52082
327.8838,144,783.528847
335.14026,197,783.555697
307.9286,204,783.563158
342.67865,198,783.572916
294.09796,215,783.614212
80.32639,118,783.667292
291.47433,210,783.68271
303.35233,269,783.687901
9.16914,106,783.693779
311.6895,183,783.696837
328.37982,154,783.700737
330.47223,156,783.758917
348.97113,148,783.788913
342.69705,213,783.813094
330.93518,262,783.824973
294.57642,215,783.868395
331.0259,163,783.898414
223.84496,493,783.901011
330.0238,212,783.917168
320.818,255,787.900332
284.084,196,787.916413
287.71896,435,787.919188
267.80658,195,787.93125
333.6493,215,787.951402
301.6959,240,787.983926
284.40753,172,787.9974
302.37946,204,788.014163
338.5193,193,788.106425
162.32489,1000,788.111693
276.8308,157,788.111735
318.63013,237,788.132267
279.59113,221,788.139861
337.1759,199,788.150693
315.22894,184,788.150739
316.84042,181,788.156943
310.3033,157,788.193088
321.16486,189,788.217496
303.5491,240,788.246359
269.39777,465,788.255983
265.48248,343,788.310335
288.51022,149,788.334352
346.11676,185,788.343034
341.0904,175,788.3572
314.18616,168,788.357228
333.2331,199,788.359794
331.57355,204,788.36122
326.0918,207,788.390157
237.47739,558,788.429994
321.81482,179,788.475842
312.1245,146,788.488858
325.4358,248,788.498687
338.1532,399,788.50814
331.3816,248,788.55409
354.99078,166,788.564512
333.40564,189,788.585547
332.30515,209,788.605036
304.09265,194,788.614515
346.51923,202,788.65868
338.62167,233,788.672055
264.93506,238,788.675692
321.92902,184,788.684697
292.1577,433,788.727255
320.65112,163,788.741023
307.6645,196,788.77448
247.46423,764,788.785566
332.95636,139,788.792051
346.84277,216,788.829263
341.0702,253,788.842514
338.58978,194,788.848565
328.54144,198,788.868451
300.71246,170,788.871821
262.0658,482,788.878046
321.938,192,788.894395
349.3239,172,788.930204
314.1372,174,788.939405
299.32156,200,788.951139
343.3706,163,788.956954
60.615707,84,788.974782
301.03552,212,789.026439
347.06525,159,789.050044
326.77307,279,789.058856
328.15607,211,789.076735
14.118046,111,789.097638
345.27783,188,789.103327
298.59482,226,789.142235
298.36255,263,789.14374
291.80264,168,789.16495
326.17267,204,789.176873
260.67993,282,789.187861
306.5651,225,789.192021
327.18134,230,789.194192
266.32452,182,789.200226
326.98785,171,793.152068
317.36707,241,793.169667
309.23996,233,793.17765
356.22485,145,793.18452
305.74603,156,793.22313
331.09747,208,793.225814
290.39008,188,793.231014
288.88385,205,793.237259
337.16724,178,793.279382
358.90558,269,793.296028
340.5651,183,793.297489
313.13144,207,793.304684
336.151,200,793.322509
324.15897,232,793.352015
350.92673,157,793.359749
327.81537,243,793.368681
321.9165,168,793.381388
288.3853,204,793.402492
-5.920086,109,793.412689
341.1594,193,793.421133
319.18585,170,793.434892
309.11572,171,793.438634
315.5584,179,793.458498
47.46457,106,793.481138
341.88287,177,793.51233
303.51477,194,793.539553
318.0647,146,793.545445
296.03192,193,793.556473
328.3486,134,793.595864
335.89557,186,793.628295
338.90363,177,793.635728
297.64886,204,793.659467
297.06827,184,793.660929
333.76086,251,793.666763
345.2718,252,793.689378
342.75824,197,793.723912
270.8855,407,793.731256
306.51505,159,793.736464
306.67102,163,793.747698
326.15186,201,793.758522
323.5814,274,793.791722
312.27945,211,793.813894
312.0974,151,793.818556
314.29047,166,793.831682
285.53592,154,793.854203
321.86383,174,793.872416
310.53763,233,793.880341
301.3094,199,793.902466
319.5255,183,793.911057
310.47772,165,793.928622
327.59476,155,793.934429
297.0741,182,793.944289
320.6378,173,793.945805
355.0404,156,793.980032
72.85588,133,794.011888
316.30682,213,794.01192
254.2301,817,794.028166
33.05374,146,794.046905
351.56192,218,794.075632
317.6474,135,794.089581
335.1222,175,794.111433
322.52667,220,794.141201
337.95642,186,794.165203
304.9405,281,794.16799
314.38458,291,794.169549
283.70703,204,794.178409
312.05997,227,794.184897
365.55954,143,794.186471
341.02832,154,794.199999
304.33865,199,794.220768
23.851418,130,794.250343
302.21353,266,794.267626
336.06696,176,794.293719
324.8777,206,794.299725
293.27332,234,794.316286
263.88516,841,794.32
337.88123,177,794.330392
354.4484,166,794.375129
306.93488,179,794.388519
335.7771,173,798.304049
288.1286,202,798.305714
336.65494,185,798.338684
10.859749,93,798.341364
323.0523,199,798.342993
290.84442,214,798.344564
339.07257,189,798.363941
315.34222,239,798.388716
352.22873,153,798.417683
277.76068,187,798.439214
312.33136,217,798.44536
341.4548,233,798.451401
323.52048,175,798.463236
305.90454,152,798.483204
341.1134,230,798.497207
318.37848,155,798.504405
332.75198,154,798.504439
293.3782,166,798.555106
36.07979,149,798.556638
354.38193,145,798.5773
316.10095,209,798.604938
358.7374,235,798.641341
314.42862,163,798.653492
327.51398,143,798.677249
332.24054,143,798.677283
266.08768,208,798.681976
313.37714,176,798.695941
272.24362,228,798.725991
317.92572,199,798.739484
340.2212,238,798.749338
319.41815,176,798.770463
334.74362,254,798.776689
316.06793,182,798.77997
334.1159,179,798.797738
129.57991,99,798.801002
333.59436,166,798.816167
297.17963,154,798.839621
366.34235,161,798.859474
257.04312,425,798.87717
296.87634,163,798.890513
339.04492,157,798.926098
321.9026,154,798.933244
311.8565,208,798.959507
309.97876,172,798.966857
336.79846,149,798.96689
327.94904,174,798.999097
270.37482,191,799.037648
320.42593,191,799.040286
310.64612,139,799.046411
327.76355,188,799.048252
354.03885,178,799.055666
334.33398,249,799.085273
297.65445,213,799.118185
357.3645,159,799.129495
312.99442,199,799.133225
300.44196,180,799.146915
347.30887,153,799.153061
341.29333,148,799.218339
337.57422,221,799.226587
308.1846,198,799.238361
333.83896,171,799.251614
304.0974,240,799.256761
331.66052,184,799.259444
332.2655,162,799.281159
350.23035,202,799.294953
310.87354,174,799.338319
327.45352,156,799.351874
300.0428,243,799.359172
302.97998,190,799.372579
300.15848,190,799.38856
301.57074,219,799.40511
95.29498,130,799.425973
329.81567,163,799.427481
346.9255,168,799.454853
324.45804,179,799.456344
74.46153,126,799.509817
323.89938,210,799.523378
292.1049,209,799.54878
180.61717,1000,799.551745
51.927433,99,799.553535
324.61517,219,799.574522
327.88873,167,799.581793
352.99808,163,803.533702
306.65695,188,803.53705
298.5646,224,803.561559
358.19363,166,803.60641
317.7955,188,803.63499
337.29956,213,803.639755
37.572823,120,803.64274
16.718334,122,803.669895
318.2957,174,803.669947
331.0952,169,803.742993
259.9332,912,803.760219
319.3333,182,803.764428
303.5818,218,803.767011
294.42874,159,803.802404
328.42426,282,803.814049
276.9735,240,803.820125
67.290565,155,803.860074
311.83228,188,803.867829
309.49457,254,803.875879
73.07105,92,803.879786
344.98157,198,803.886292
329.1619,199,803.916391
347.2541,171,803.978193
271.81415,197,803.992954
305.3772,218,804.033358
325.26166,196,804.051407
281.65527,211,804.083505
334.67377,169,804.083554
317.7575,207,804.085374
248.39749,479,804.094646
327.5028,175,804.099697
315.2848,178,804.10784
324.30807,199,804.137866
303.38358,206,804.175368
178.14066,787,804.195994
310.82086,149,804.300592
317.4424,209,804.304439
342.79865,180,804.316871
290.08875,173,804.318424
286.90375,192,804.332913
315.66147,207,804.349782
277.38004,562,804.349819
340.73627,198,804.353773
339.73386,258,804.380516
314.27838,214,804.411694
318.50092,194,804.424957
320.6565,189,804.436955
58.204117,122,804.448849
345.9641,144,804.527221
349.13425,186,804.542015
305.65753,204,804.551628
361.41913,196,804.555677
219.21893,971,804.564585
323.8302,182,804.570715
323.20276,171,804.587869
305.0346,226,804.605739
251.04689,511,804.615997
309.31512,173,804.634988
288.7791,163,804.635047
28.289436,86,804.661889
320.09848,252,804.718984
280.0588,588,804.728026
97.55696,99,804.731266
237.69812,345,804.772907
85.4989,127,804.792764
285.47244,189,804.797795
318.31253,215,808.708988
335.11188,232,808.715474
291.05646,203,808.722944
281.6891,308,808.728876
318.13623,199,808.736304
334.1297,190,808.772313
333.94,140,808.803253
319.0256,233,808.80716
315.13873,197,808.86008
292.56107,249,808.867764
339.18573,226,808.904984
345.10126,172,808.908799
317.2832,180,808.913898
288.2325,179,808.927176
318.45874,145,808.946927
349.90698,201,808.959236
278.53122,192,808.96921
331.944,230,809.002779
127.44379,1000,809.006731
287.21893,183,809.029091
343.2551,251,809.035482
302.00323,139,809.080979
301.28787,186,809.097754
322.94394,195,809.114155
307.15686,178,809.13453
332.7191,166,809.138407
336.5694,158,809.149436
287.05554,168,809.174558
330.83337,209,809.178335
325.73004,314,809.196512
310.55957,178,809.198237
93.23917,82,809.201402
344.38452,190,809.247349
340.12488,171,809.255936
345.2032,177,809.258475
278.52734,222,809.289221
334.9419,178,809.303819
298.94162,190,809.373169
333.91296,190,809.377633
327.58124,160,809.38062
298.43143,185,809.38339
296.3791,228,809.401579
240.05087,584,809.403204
49.7212,168,809.409587
33.73176,172,809.417345
324.63364,159,809.450295
313.0879,160,809.463434
350.1819,138,809.468624
345.21082,235,809.474618
28.835632,184,809.491276
276.05054,232,809.492965
323.57263,176,809.530067
77.34604,97,809.571451
348.6567,159,809.604261
349.42126,156,809.607167
297.56653,197,809.62221
295.51758,203,809.637867
326.88245,143,809.639446
300.88126,224,809.660911
298.71317,207,809.663596
317.94485,196,809.665062
327.97693,160,809.690401
138.51129,1000,809.701738
331.08865,259,809.706346
294.29175,182,809.716612
313.841,214,809.738229
283.78888,177,809.747887
304.27072,257,809.785917
342.9171,138,809.807802
103.551834,125,809.81526
288.10693,176,809.853306
314.26575,190,809.853342
278.44827,224,809.879612
307.06818,144,809.879645
309.08643,196,809.898009
313.88092,215,809.923764
316.9101,265,809.926563
298.8734,182,809.935034
311.96033,171,809.954566
330.9247,145,809.959695
318.6935,186,809.963439
340.44788,242,813.769756
271.0923,351,813.773748
298.7422,178,813.798685
294.72083,163,813.825924
343.6326,155,813.841047
329.89972,162,813.850608
302.2998,347,813.883421
323.0256,186,813.896641
336.8258,144,813.948287
336.29178,150,813.952409
343.788,228,813.978605
272.1462,210,813.989602
334.5379,239,814.000832
278.17645,228,814.016903
336.54156,155,814.016935
327.35382,237,814.019832
276.82483,267,814.026581
312.05737,154,814.033129
367.44214,216,814.063027
310.6773,157,814.078502
330.59528,190,814.130816
306.4549,163,814.147136
310.26544,166,814.154087
329.5631,157,814.169085
315.96478,142,814.17295
347.84695,181,814.208197
313.1582,167,814.261221
296.68625,200,814.264837
310.7835,224,814.286795
306.10977,227,814.347992
345.2668,152,814.350651
269.85406,196,814.36331
342.133,199,814.389812
257.82062,357,814.441285
320.02176,186,814.482733
336.01767,233,814.486606
336.7959,270,814.494857
302.71442,181,814.503284
299.55658,215,814.519218
338.37604,167,814.544675
296.72083,186,814.571316
31.869495,107,814.612204
295.15436,144,814.613601
342.76434,223,814.627562
313.2566,213,814.642801
328.87128,168,814.702539
313.4937,188,814.717696
273.7358,908,814.720548
304.08566,220,814.744732
300.11084,214,814.774267
-20.549349,1000,814.795796
348.7954,207,814.798716
331.0845,164,814.829181
-54.338654,814,814.831954
345.8507,189,814.843795
335.7744,225,814.845317
331.48407,205,814.864675
303.63327,158,814.91399
280.13782,236,818.865206
360.9015,166,818.871058
293.34247,232,818.903281
284.04327,206,818.903332
317.747,198,818.912244
318.58255,170,818.927371
321.38312,183,818.94189
197.25958,861,818.943357
40.620102,202,818.95069
223.75253,926,819.006874
336.16306,188,819.01893
286.83313,268,819.06698
55.799522,184,819.092606
323.62866,149,819.125721
327.7232,212,819.131792
344.87488,163,819.141148
48.996956,110,819.155908
302.99573,207,819.159721
265.84943,181,819.172385
281.43942,209,819.183743
325.61392,234,819.192781
332.91827,234,819.201303
332.51895,170,819.217533
102.09352,83,819.228371
90.21703,1000,819.233025
299.23438,204,819.342842
313.03616,179,819.351115
291.84653,232,819.351156
314.88995,177,819.358686
315.107,171,819.383216
312.4689,158,819.387693
302.22836,204,819.433788
334.1029,230,819.438076
291.12195,181,819.439491
227.52496,695,819.446733
280.0229,188,819.459057
335.45547,212,819.461525
328.24738,214,819.496233
343.95654,169,819.55675
295.02728,194,819.577823
297.95782,197,819.592387
316.94244,193,819.616811
327.2298,165,819.638765
326.7324,156,819.648479
308.5704,182,819.661494
285.63965,257,819.673926
283.25415,238,819.67802
329.50037,151,819.679712
328.19977,217,819.714018
281.29376,249,819.740158
90.45323,1000,819.745084
331.54645,232,819.746683
327.34485,168,819.824977
121.83334,921,819.834573
312.63043,208,819.836143
335.3036,161,819.838207
298.075,147,819.843342
358.15985,241,819.855888
321.82037,167,819.879191
338.68597,197,819.890749
316.09647,176,819.893739
316.82068,215,819.943915
341.08047,196,819.953418
294.76227,181,819.968103
309.62128,226,820.017661
271.4871,232,820.029962
312.42303,173,820.067351
317.53348,199,820.08209
304.55914,206,820.089386
318.74225,201,820.089442
300.73,175,820.095244
299.3109,173,820.107649
329.88596,244,823.977365
296.3902,221,824.01528
287.11194,268,824.016854
16.11459,77,824.037014
351.17856,217,824.066388
356.65668,144,824.100967
297.12732,225,824.101015
322.2585,185,824.101025
63.13217,137,824.108075
334.71002,259,824.12944
333.1947,137,824.151949
328.75397,221,824.15946
299.06714,192,824.201567
341.52594,204,824.204388
275.26514,209,824.205822
321.9263,169,824.230266
105.75169,1000,824.245418
328.00375,167,824.248637
300.851,193,824.26074
309.5083,144,824.28406
315.49393,129,824.313906
315.4165,170,824.315439
329.87616,218,824.340353
327.11566,183,824.388772
285.95953,230,824.39028
277.53082,161,824.405617
310.48987,171,824.41924
343.9906,259,824.451638
197.2922,815,824.456955
317.9547,172,824.460697
325.422,235,824.495038
335.66025,191,824.520491
353.28027,151,824.527683
321.44336,221,824.536063
305.72018,199,824.559821
333.90454,200,824.559848
323.51422,252,824.561221
317.41315,142,824.59206
356.32196,211,824.647408
286.7643,199,824.648925
332.31363,177,824.67252
338.97626,241,824.682155
276.11523,214,824.713047
290.7257,154,824.722544
339.7249,185,824.745433
324.35602,157,824.754511
329.36777,242,824.7583
335.87976,211,824.819486
355.98163,226,824.837161
280.2813,206,824.84552
318.9545,263,824.848636
309.60175,192,824.885105
340.2328,176,824.938844
295.95517,183,824.938887
332.1221,211,824.942679
311.34875,171,824.962605
305.15717,259,824.9652
298.2909,180,824.977566
347.1239,218,825.010481
335.98816,167,825.020977
286.67633,184,825.070394
357.9403,156,825.074037
293.8914,202,825.082427
307.25677,221,825.113726
306.69244,152,825.148663
339.17108,186,825.169892
289.882,200,825.18467
331.52322,204,825.190354
316.5061,184,825.192988
315.6494,208,825.234842
297.8302,201,829.122077
295.1264,168,829.142009
276.9155,251,829.171007
133.92012,1000,829.192451
322.08313,163,829.202952
303.4552,152,829.210399
293.61877,252,829.234717
316.12805,218,829.236128
326.55902,163,829.241476
303.8465,179,829.256586
343.14465,155,829.276363
205.6528,988,829.301924
343.4613,216,829.387503
322.08844,213,829.433776
357.05362,187,829.463058
318.89996,175,829.468968
329.1317,274,829.477278
339.05676,211,829.49302
292.14615,215,829.50497
303.46387,272,829.533758
168.98352,841,829.555969
157.55774,1000,829.571012
299.57983,228,829.577196
299.5417,181,829.609036
107.14267,137,829.650439
329.00446,151,829.659314
286.304,313,829.663279
293.7135,218,829.706389
282.57452,185,829.729617
-3.6954117,122,829.766344
339.04922,194,829.781263
92.60957,168,829.79209
341.739,209,829.820201
329.99393,139,829.834795
310.91348,213,829.842496
315.1312,167,829.861686
332.96924,204,829.916003
333.1177,142,829.954387
304.91556,250,830.012569
338.62314,247,830.029378
346.33603,157,830.031048
301.41534,200,830.035052
353.1422,188,830.063925
329.49115,169,830.066916
319.98312,273,830.154391
310.7682,195,830.15445
-30.235458,1000,830.16242
354.38663,207,830.208313
284.92206,149,830.215742
219.9597,1000,830.277545
333.97266,201,830.279167
361.28894,176,830.282987
330.82956,188,830.294777
306.90216,211,830.296383
134.99588,910,830.316263
35.53515,141,830.329946
308.5287,155,830.347397
276.73328,184,834.285282
84.507706,1000,834.29478
284.8544,195,834.309506
290.47925,245,834.317257
321.79935,191,834.381263
321.71198,171,834.391575
304.5791,185,834.395525
316.27112,219,834.400681
301.4859,442,834.410155
289.1596,214,834.413408
343.43274,225,834.413444
332.62067,234,834.420112
317.45325,249,834.505064
257.062,750,834.541013
300.7581,201,834.545228
318.14194,189,834.550396
89.92084,1000,834.554174
108.627365,123,834.571259
34.414413,145,834.592277
275.77808,170,834.594945
70.377785,1000,834.596585
341.8111,161,834.613888
289.96228,269,834.623005
319.73563,186,834.631531
303.6998,185,834.635429
350.72247,211,834.677095
272.5023,238,834.689944
306.75848,199,834.755051
323.1607,165,834.756571
315.03998,183,834.7714
308.65036,193,834.811689
288.70105,169,834.823364
293.7694,189,834.830793
316.7818,192,834.833361
291.40607,225,834.83474
303.01318,198,834.870319
325.07376,224,834.873174
325.52277,161,834.891614
300.95425,224,834.907907
303.84067,195,834.919267
334.10254,150,834.956016
327.89655,145,835.014258
318.29056,227,835.038734
313.42804,237,835.050473
315.55127,176,835.054556
315.4897,189,835.059411
307.41144,162,835.074202
313.09033,163,835.094456
276.99506,234,835.106016
291.67133,174,835.125074
309.00092,263,835.157606
338.6778,237,835.162448
330.05475,178,835.232504
316.14362,259,835.238304
333.92133,235,835.24774
320.57928,171,835.264896
341.09436,158,835.26785
306.5092,181,835.274175
335.60358,159,835.290276
301.3687,207,835.315332
296.9823,223,835.315379
200.38788,569,835.339179
308.15588,159,835.360933
335.78192,174,835.375083
334.03348,209,835.384154
131.19202,100,835.418287
339.11908,172,835.457259
337.44635,182,835.464649
320.4457,195,839.346125
80.85921,101,839.354662
298.53314,190,839.357213
232.00366,783,839.373461
129.28679,1000,839.404052
339.08618,194,839.409278
303.65167,230,839.413127
317.70892,248,839.428427
279.1979,199,839.458773
312.359,268,839.497475
341.3102,251,839.50006
339.1031,192,839.501471
323.9936,219,839.504088
341.83463,163,839.512361
332.02582,162,839.549855
318.70172,188,839.569683
335.3734,207,839.599817
321.3062,191,839.59985
11.222332,93,839.613063
305.28696,267,839.626612
322.53143,199,839.638853
339.744,186,839.647485
357.14856,206,839.652343
267.9245,206,839.656008
300.28476,155,839.684492
328.50485,154,839.694098
33.766518,120,839.711949
297.72812,220,839.719886
313.37463,226,839.769243
307.46753,167,839.799018
327.07294,215,839.804967
338.96338,188,839.863348
340.68146,175,839.893982
332.60767,204,839.897878
279.19403,231,839.904227
317.8163,250,839.913003
301.8182,173,839.920549
330.6222,231,839.92699
300.55927,208,839.968792
288.58115,236,839.977672
355.5669,209,840.020368
285.85822,193,840.032205
278.43628,213,840.061172
317.78192,156,840.081424
159.0881,929,840.083112
288.24445,361,840.091049
325.47974,169,840.117954
335.14612,249,840.165948
309.60956,204,840.165982
338.72614,222,840.172498
305.8169,233,840.179765
328.30713,179,840.193345
-20.312305,137,840.197153
342.5888,176,840.233701
288.64532,275,840.258501
299.41187,171,840.269449
326.74142,171,840.323009
324.70178,200,840.32562
317.08194,222,840.350871
342.50482,163,840.362955
310.29962,171,840.398066
291.1865,196,840.406396
335.8685,270,840.414685
314.38983,183,840.416232
303.12756,223,840.446789
313.96588,235,840.448182
308.58417,152,840.450766
294.09247,203,840.476096
346.445,198,840.495039
100.729546,81,840.496608
344.92233,163,840.546424
172.21875,876,840.549228
315.5874,188,840.552022
-20.044308,121,840.564233
323.7771,235,844.37787
305.17108,167,844.390438
356.32422,143,844.394161
329.8816,150,844.429952
312.8935,216,844.440455
321.26068,147,844.446398
287.40967,202,844.467895
301.4281,173,844.476857
332.37073,139,844.486081
334.62842,228,844.494487
290.5433,636,844.50755
322.85532,145,844.551085
320.63342,202,844.564845
96.43481,1000,844.574934
310.59735,233,844.600993
345.4217,232,844.614889
321.26935,185,844.616353
303.71622,161,844.640497
307.8902,216,844.650245
310.134,195,844.664019
310.76862,162,844.671157
-37.053665,95,844.68207
276.7464,159,844.68724
334.9155,214,844.699501
295.47467,213,844.742937
334.5422,172,844.759149
313.61957,142,844.784517
294.0125,246,844.804197
321.21234,166,844.850396
297.03912,230,844.879233
335.1574,221,844.883165
329.63348,179,844.897646
343.2033,196,844.903435
293.73645,217,844.905109
332.23242,183,844.921599
364.93402,143,844.979347
320.56152,250,844.990585
316.84747,293,845.029194
301.67194,237,845.050033
314.1324,163,845.079278
329.9332,193,845.087124
100.29079,169,845.091139
279.428,253,845.096338
295.5121,298,845.107552
324.58972,171,845.109249
316.9035,192,845.139147
293.43005,206,845.172519
327.98083,164,845.179439
54.807,118,845.231608
189.9336,924,845.254345
278.07977,227,845.269671
330.15405,203,845.280777
338.28247,215,845.319058
319.46692,173,845.325118
277.26813,189,845.348504
300.4499,204,845.355149
345.96112,171,845.356576
281.52942,212,845.360511
308.80865,224,845.364779
286.53113,167,845.388468
320.47882,197,845.434051
277.1344,157,845.476105
282.43948,187,845.501412
295.8542,220,845.518974
315.1906,178,845.549387
352.56506,162,845.564734
316.02457,176,845.590077
322.0374,198,845.603091
329.33826,215,845.603148
261.63403,211,849.416579
363.21704,181,849.451465
354.50482,242,849.451535
325.74976,168,849.473956
-155.75685,1000,849.495384
302.17828,200,849.537826
90.477615,1000,849.608327
297.99414,218,849.610514
338.89697,223,849.629717
288.30878,194,849.632517
312.26236,218,849.649317
340.92953,165,849.680178
317.7983,240,849.687704
318.89478,202,849.705135
309.30115,203,849.706754
321.4035,246,849.724691
68.35312,174,849.757028
309.60046,229,849.781072
62.10263,132,849.848833
308.41553,190,849.848887
316.15332,174,849.848899
353.2225,160,849.851823
311.80383,132,849.870922
328.8792,211,849.873502
332.9432,147,849.87501
-122.21212,967,849.907576
324.29083,165,849.935667
343.97253,131,849.951663
296.2995,201,849.962882
323.32126,180,850.077079
321.99036,163,850.082402
275.01193,174,850.095313
333.08038,197,850.099051
186.71693,830,850.121082
265.6139,222,850.134079
298.04446,162,850.140504
295.38983,223,850.155462
327.56287,220,850.187052
330.72333,276,850.197698
302.47186,207,850.220729
96.14465,104,850.228343
331.59564,242,850.253946
337.91373,164,850.286309
331.2962,151,850.30738
330.67722,143,850.314626
223.16708,817,850.330745
313.95776,215,850.343601
335.41284,177,850.352756
333.672,169,850.364297
316.21863,140,850.402584
336.92932,177,850.406293
321.3319,260,850.418593
285.1142,181,850.422445
57.972267,1000,850.434846
313.2412,171,850.467206
309.3239,215,850.488648
340.88763,195,850.558583
270.69397,218,850.605462
313.77008,151,850.608646
324.1391,165,850.610403
338.50653,146,850.619956
316.25726,222,850.625477
292.77814,227,850.639577
341.68842,286,850.646941
301.422,239,850.665266
276.7581,149,854.482243
331.2616,223,854.492803
334.877,218,854.504668
347.68823,165,854.571249
255.38628,810,854.57846
361.43842,154,854.604243
329.65604,268,854.60429
328.2912,188,854.642849
353.61072,164,854.644528
333.88068,184,854.650878
307.02032,168,854.657107
305.68835,198,854.658652
323.87656,187,854.660101
309.12897,169,854.67627
77.842705,1000,854.688234
322.91498,163,854.690845
360.17233,177,854.718981
93.85724,83,854.745305
329.68964,250,854.787864
294.42288,179,854.790668
358.43115,149,854.828156
289.87338,185,854.833673
337.3196,204,854.856238
347.7755,168,854.865698
298.05328,238,854.872052
334.63,172,854.872092
286.48376,163,854.890429
321.76154,163,854.893354
291.65503,202,854.9007
291.64673,199,854.903483
297.73798,150,854.905143
305.9021,201,854.992151
337.63312,172,855.002167
79.83838,92,855.004998
318.21753,292,855.033938
311.4928,164,855.071917
323.22723,204,855.077964
280.22174,207,855.086816
316.89038,227,855.144868
150.36029,838,855.146401
339.9265,203,855.148033
333.61084,240,855.181429
309.3764,264,855.186723
319.85876,240,855.192079
288.432,205,855.240361
324.56757,203,855.250373
314.74066,199,855.277603
329.6075,175,855.284693
324.17645,233,855.286263
300.7234,189,855.308378
326.3615,156,855.340093
314.36237,215,855.347254
315.42462,185,855.375107
292.22635,206,855.398375
351.4034,177,855.402198
313.42896,157,855.440592
326.14337,222,855.450884
288.45154,191,855.471827
338.7453,162,855.503744
330.849,267,855.515909
295.17,193,855.518528
274.05548,226,855.557334
361.18066,190,855.567611
346.9964,174,855.607772
306.96527,171,855.607824
332.92224,196,855.61024
330.99933,221,855.613899
328.6679,151,855.623831
330.28418,155,855.691173
330.1733,154,855.704
341.82187,229,855.73088
301.41443,216,859.489366
293.81464,148,859.493674
313.26086,213,859.533596
324.4228,179,859.544185
331.55444,219,859.637724
280.49356,214,859.641603
348.1371,151,859.642981
334.2025,234,859.650447
345.52295,241,859.658861
163.46107,916,859.660372
331.86456,247,859.669118
315.91125,158,859.685738
303.02496,200,859.733027
316.35797,214,859.759246
207.51465,948,859.76921
348.1855,198,859.777822
278.6635,281,859.793412
328.03293,236,859.832935
305.80664,169,859.846614
302.30072,151,859.846649
-114.56043,1000,859.876637
334.8363,171,859.879488
333.34055,184,859.885741
315.8396,203,859.892613
330.93735,187,859.916138
331.11023,156,859.923356
302.60416,230,859.93433
92.04553,89,859.98792
340.26984,215,860.022799
334.07007,153,860.036525
57.376564,84,860.039346
322.96423,169,860.044381
292.667,225,860.04693
293.0003,212,860.057273
327.28796,188,860.082442
355.10992,167,860.095802
324.989,181,860.118906
349.7273,276,860.120508
346.50174,162,860.127654
286.8678,230,860.167577
326.70496,152,860.179468
18.678596,103,860.246055
354.84338,154,860.246113
78.0727,1000,860.260698
300.13028,211,860.291316
306.11786,201,860.294188
302.13556,204,860.303209
317.90027,185,860.315854
341.5148,157,860.318987
342.98468,225,860.333549
301.01086,238,860.340344
331.4408,179,860.355162
273.89325,212,860.364959
307.40063,179,860.409792
346.8709,221,860.452882
317.17218,201,860.510498
305.5471,183,860.530766
323.1515,170,860.541168
313.42896,233,860.553415
341.3453,230,860.564121
338.6806,192,860.56714
312.09045,166,860.572401
327.3797,161,860.576264
324.8407,194,860.586672
280.95032,227,860.591198
329.62872,223,860.595495
316.0002,207,860.613046
329.91495,164,860.626982
295.8011,158,860.662122
303.24518,162,860.740323
317.7071,192,860.760939
352.66376,155,860.768871
311.53513,163,864.662464
298.09915,160,864.662525
321.17804,169,864.666554
278.36624,196,864.669267
358.93082,207,864.671109
319.84732,164,864.68294
327.68073,202,864.686788
98.40101,83,864.725478
279.87933,204,864.743712
300.59042,255,864.758393
93.21855,1000,864.77211
315.32864,208,864.782869
315.508,177,864.847047
325.1117,155,864.852143
349.2788,204,864.856803
331.1339,160,864.86094
341.3479,147,864.869204
326.56662,198,864.913266
337.88504,209,864.925661
324.95355,209,864.938455
279.23312,187,864.955424
312.26196,254,864.979785
336.68002,189,865.014442
28.789825,96,865.03053
338.24072,239,865.038038
74.180885,1000,865.043035
284.14087,227,865.050528
333.55756,245,865.059769
334.2439,188,865.081877
330.73572,186,865.084768
287.5551,197,865.104877
281.7849,207,865.113506
306.7206,150,865.126222
340.36105,224,865.143301
46.572174,94,865.167226
328.55768,189,865.190134
345.13983,160,865.228606
356.60083,250,865.234012
325.91687,161,865.243781
102.75534,107,865.274194
343.62292,176,865.27721
318.40543,253,865.292168
290.85437,236,865.307323
334.14557,173,865.315607
326.46045,229,865.321684
318.97424,174,865.325281
290.46918,205,865.334877
349.05286,216,865.345407
283.06607,228,865.4058
311.0013,215,865.431957
292.63904,202,865.438697
328.72815,171,865.444642
314.54102,171,865.453846
92.58168,95,865.46422
339.09375,172,865.502448
295.5947,185,865.505129
315.92603,205,865.530204
334.7766,257,865.549404
308.16937,201,865.566091
316.60455,198,865.569187
348.53412,223,865.584846
302.36768,228,865.620775
327.71085,173,865.624084
346.75073,240,865.627296
323.46033,160,865.641876
117.96761,1000,865.685385
331.88483,185,865.687054
350.28342,155,865.700285
313.49957,227,865.717806
335.0411,224,865.728282
312.9917,214,865.734407
62.082825,140,865.743474
69.67654,154,865.76244
301.64484,216,865.778392
-59.349567,82,865.803187
46.007378,144,865.804752
318.2133,217,865.821255
335.61935,138,865.860033
316.24146,235,865.879598
334.741,197,865.88677
348.98145,236,869.738885
40.180466,133,869.746574
307.14993,180,869.762854
331.11847,196,869.791212
324.04407,236,869.799548
6.088196,109,869.813695
291.26688,226,869.841331
347.60248,185,869.868765
344.8584,226,869.877215
319.19922,221,869.894846
308.13312,165,869.908497
345.12268,177,869.915593
316.53766,244,869.92164
335.9123,162,869.937029
334.6624,143,869.973554
350.1009,167,869.994866
303.4001,149,869.996342
282.16806,195,870.001176
294.83203,220,870.01633
312.94727,156,870.034016
105.34575,84,870.077422
325.95282,173,870.082979
298.2981,161,870.116291
340.57053,193,870.135932
308.31873,174,870.140725
342.90417,193,870.150998
326.74445,169,870.151054
309.65204,234,870.168697
361.88754,153,870.195689
308.5664,150,870.224143
321.7988,213,870.264607
14.866901,93,870.267382
356.41736,233,870.312984
316.77634,161,870.321836
311.60315,196,870.332195
340.1332,144,870.351235
293.47662,179,870.375401
193.34514,826,870.380513
323.41302,199,870.386656
311.64868,165,870.432635
307.524,197,870.443691
50.355415,137,870.483071
330.0952,208,870.527039
344.3022,234,870.555323
337.3711,205,870.573485
321.50366,176,870.597074
331.49518,217,870.598655
280.24567,198,870.618196
317.4661,244,870.65081
336.35974,179,870.660836
325.64078,224,870.662403
337.9203,153,870.669497
127.53596,1000,870.682585
64.79976,78,870.714704
38.439667,88,870.759027
189.4425,1000,870.793952
317.5155,182,870.798177
316.05142,193,870.834365
355.13574,195,870.836191
344.00647,241,870.85263
292.45877,268,870.856505
342.5661,168,870.888582
324.629,189,870.894608
304.61328,200,870.906964
342.24832,214,870.931807
340.3039,198,874.867112
325.9231,190,874.892832
326.9572,179,874.921828
325.94357,191,874.934456
318.22098,190,874.949232
329.10333,237,874.953301
307.4261,181,874.981632
348.34857,217,874.988324
333.61432,191,874.990948
280.04474,265,875.096294
46.272026,1000,875.098412
328.08044,192,875.103383
303.79315,175,875.107117
312.06256,149,875.164211
91.32635,1000,875.18008
309.27844,162,875.185603
283.80273,201,875.196858
287.6767,224,875.196899
328.12677,224,875.212292
354.4498,210,875.213704
314.38986,184,875.217324
190.88992,1000,875.242527
321.33417,155,875.292425
347.9324,177,875.320095
313.8712,189,875.340554
322.86877,201,875.35778
323.8236,173,875.381246
81.09425,79,875.389759
346.53583,169,875.408402
326.17844,182,875.408452
298.94067,158,875.413241
333.42084,156,875.437112
260.5299,184,875.442482
68.420364,95,875.457759
333.14825,260,875.520607
173.20831,1000,875.529813
292.23764,193,875.557592
332.04813,130,875.56943
352.96548,139,875.611376
354.82544,162,875.612877
340.87006,152,875.623149
328.79385,175,875.624619
338.6485,200,875.699558
355.789,166,875.720428
325.0244,292,875.735781
348.91406,157,875.757709
337.8975,206,875.77659
318.75708,138,875.789788
320.89975,154,875.798719
9.826766,1000,875.810085
333.48975,213,875.815436
305.75763,147,875.880541
305.86804,229,875.889802
322.48547,181,875.941567
303.55026,145,875.991212
294.6396,197,876.017
294.13666,658,876.018509
15.590516,1000,876.025302
298.82053,332,876.025348
284.6015,195,876.036342
345.47577,231,876.040165
314.92224,193,876.045447
287.5306,212,876.049136
299.9235,216,879.946267
312.6753,334,879.949638
309.80682,174,879.960424
315.7402,221,879.965009
339.64496,161,879.995074
240.5777,826,880.008707
290.20068,193,880.071461
354.76657,177,880.071519
306.45105,182,880.073049
338.53156,204,880.078944
295.4891,210,880.093758
334.5589,205,880.099654
41.237183,117,880.117146
346.95764,167,880.166837
355.18518,163,880.172008
321.72284,256,880.179424
319.34036,282,880.182294
324.07373,211,880.274639
306.44766,232,880.288817
319.0329,157,880.296971
331.29907,184,880.305995
336.31464,180,880.34277
306.16968,219,880.357025
353.69156,151,880.368364
335.6012,162,880.370046
157.36,978,880.375558
326.26715,168,880.383728
314.39334,245,880.385685
338.6767,246,880.407526
317.8165,269,880.415859
53.78557,1000,880.437082
323.3601,180,880.523465
41.43628,114,880.532254
276.6659,150,880.5653
319.03845,227,880.569614
345.3614,220,880.58309
280.46182,205,880.622406
323.86816,246,880.625321
312.95737,203,880.632156
353.90527,227,880.638039
351.77582,178,880.647038
292.53137,213,880.686473
299.2387,192,880.689322
88.14851,119,880.724802
321.99173,178,880.755774
307.66287,306,880.775371
321.9801,157,880.837883
294.50635,246,880.885577
299.3947,242,880.899255
291.6601,199,880.907574
351.6526,175,880.913992
291.80548,215,880.918957
334.19745,227,880.922879
303.50867,173,880.978184
301.86267,204,880.989386
345.0786,254,881.017659
284.99048,204,881.038065
358.783,151,881.101456
296.97308,170,881.140228
281.80963,243,881.150975
328.10315,227,881.177436
300.8923,177,881.217908
321.49017,251,881.238293
107.34878,1000,881.240036
278.62573,219,885.013735
326.74054,308,885.04503
325.0813,168,885.067228
329.75635,243,885.07904
328.31622,236,885.089409
82.91156,98,885.108212
299.12354,169,885.114174
279.16293,947,885.144573
346.22815,206,885.148053
302.71796,179,885.15061
323.29346,182,885.190485
199.74905,830,885.196602
349.22284,194,885.224006
315.31158,240,885.301452
290.7605,213,885.332091
308.55328,205,885.333704
328.01443,219,885.376375
319.56146,168,885.391921
291.75348,265,885.42601
293.22153,240,885.43802
309.13837,181,885.443292
334.3429,227,885.47055
323.86047,156,885.522623
129.68887,1000,885.539187
337.4579,202,885.546166
352.20645,183,885.554518
323.10834,173,885.584751
333.0949,166,885.593231
285.1173,756,885.603539
328.523,143,885.611005
134.21016,1000,885.62606
312.7708,173,885.65131
325.25943,239,885.713517
332.41104,152,885.722361
314.8836,205,885.768038
323.25958,206,885.800519
335.8902,177,885.804228
302.64758,163,885.804258
344.30054,238,885.870643
300.80713,231,885.879819
280.07812,253,885.929107
310.03616,142,885.94107
319.14294,247,885.947932
326.28473,193,885.954797
324.27014,149,885.980635
324.6248,210,886.057941
340.29657,233,886.085005
210.91162,474,886.116003
323.62213,206,886.120086
328.38092,172,886.13488
345.94647,171,886.147573
319.13687,191,886.18491
314.35034,213,886.204128
288.94427,206,886.228388
48.46645,1000,889.98659
14.746327,1000,890.007907
344.7605,167,890.025103
295.74765,221,890.06067
-9.766525,985,890.066741
95.05993,1000,890.093229
285.67233,201,890.100593
298.69693,153,890.127074
292.9085,229,890.150347
337.75482,249,890.155423
291.65497,276,890.217751
331.91223,160,890.21932
284.9889,247,890.222571
340.3667,214,890.22783
293.2996,232,890.268894
333.89697,169,890.308745
306.10123,181,890.316089
278.94592,230,890.35119
308.39154,162,890.355111
334.27136,167,890.356526
315.3997,259,890.379675
321.96283,225,890.40237
117.48758,1000,890.418542
343.32086,161,890.421515
315.35864,176,890.435922
310.1773,196,890.460484
306.8303,181,890.489739
318.4926,162,890.510285
338.31717,250,890.532923
332.0063,157,890.544887
349.49606,162,890.552483
303.90298,214,890.56763
357.4702,161,890.62964
308.12585,237,890.638144
331.94092,194,890.638175
307.3676,214,890.639758
311.56104,195,890.656329
97.890625,1000,890.663382
320.3784,204,890.665298
340.42468,152,890.69577
318.08984,225,890.730561
346.97168,168,890.736417
299.81073,208,890.742813
360.3347,166,890.747023
321.7456,180,890.777073
338.18707,144,890.822027
111.61067,1000,890.838161
347.74832,221,890.844855
318.94995,163,890.844904
334.07898,173,890.881013
324.98602,181,890.892659
291.278,234,890.921795
353.0171,145,890.926961
333.34802,148,890.93415
318.51694,237,890.950787
295.4013,258,890.960331
341.61218,178,890.961739
340.9757,157,890.969837
321.15753,231,890.985349
310.95566,202,890.987165
85.866066,88,891.026819
304.43256,175,891.052612
312.98315,181,891.059687
350.8729,185,891.059716
322.5847,163,891.077155
289.23566,232,891.100384
344.19598,216,891.15043
331.20685,184,891.153354
310.63754,193,891.157315
302.969,166,891.167024
360.3553,174,891.168616
286.63565,185,891.205927
337.051,217,891.21255
290.81732,199,895.045857
95.66661,1000,895.051219
275.37158,179,895.0702
337.349,201,895.143234
289.50558,233,895.177706
290.34256,221,895.187185
297.0509,202,895.18896
337.6505,242,895.197765
346.5282,155,895.19938
315.96136,166,895.213371
357.3172,154,895.257149
324.1562,216,895.262237
306.8778,180,895.311524
310.9438,235,895.344492
341.54895,182,895.378185
296.35828,245,895.378244
335.23364,153,895.384807
319.79395,155,895.396569
343.93213,184,895.431543
298.20697,212,895.448056
285.10364,322,895.457501
318.25644,201,895.468156
315.78012,226,895.47306
288.43182,163,895.54238
327.23376,232,895.548499
286.10004,177,895.602031
321.16888,175,895.610448
359.28644,192,895.614384
352.8988,209,895.634559
318.31024,177,895.66492
318.04688,175,895.687903
271.11353,190,895.70159
319.7367,255,895.742826
320.36685,182,895.769995
326.414,149,895.795688
319.08612,221,895.81373
321.5907,183,895.832598
318.58478,147,895.8427
286.46582,875,895.875535
311.00418,242,895.897464
318.7694,188,895.91712
294.0905,244,895.932139
326.3343,221,895.968486
333.71677,191,896.003197
317.7912,221,896.013575
318.533,183,896.018306
274.2692,856,896.046359
351.1142,154,896.060231
277.11456,190,896.062849
303.46408,193,896.148855
330.74725,254,896.150754
288.8766,219,896.16152
280.6916,175,896.181558
333.31265,175,896.216623
327.7579,235,896.219403
283.26825,168,896.219445
15.129139,1000,896.231272
300.88986,349,896.241475
308.96912,147,896.244354
307.983,159,896.244383
345.2998,184,896.246103
345.4438,179,900.232398
308.23682,159,900.241892
334.73438,198,900.271323
311.71478,140,900.278942
288.72852,237,900.308463
288.38818,177,900.312273
343.67712,205,900.334048
278.44565,198,900.351053
326.98016,218,900.352618
150.36485,1000,900.357885
306.09235,240,900.399621
170.09917,1000,900.402693
273.88263,256,900.421861
308.64972,180,900.465632
58.230984,132,900.475409
324.0635,170,900.488139
329.95142,197,900.514072
303.68256,186,900.537244
61.70443,1000,900.546863
336.51465,181,900.581929
284.17023,213,900.601561
278.05643,194,900.644034
319.81528,243,900.653679
270.84467,485,900.682225
274.4265,242,900.701619
343.81677,181,900.715619
328.01526,228,900.747821
343.09222,164,900.750464
335.1634,197,900.758753
318.20587,233,900.763839
276.46222,449,900.793877
273.4444,206,900.796532
-2.2975845,104,900.810907
297.588,311,900.810943
301.91553,177,900.820617
338.34415,167,900.850713
324.5514,158,900.896696
309.91394,142,900.933683
256.77567,472,900.933734
352.7129,184,900.988037
326.54993,201,900.992799
290.97968,211,901.009056
337.76154,158,901.011738
326.81183,139,901.018905
277.18365,177,901.024969
328.08606,265,901.038875
318.71786,402,901.074461
296.50616,251,901.096705
297.9383,205,901.144887
315.02545,173,901.14495
162.5793,1000,901.160685
282.56104,210,901.191436
339.2168,159,901.222151
350.57837,174,901.25428
347.99503,208,901.276092
283.5935,529,901.304249
311.7326,260,901.310637
346.98077,138,901.316978
326.43475,206,901.332829
305.00348,268,901.345196
313.09656,232,901.387784
334.40826,197,901.392169
272.61188,185,901.39221
287.20447,198,901.440305
322.87378,184,905.378123
331.65085,229,905.379706
307.31396,241,905.429689
293.6549,453,905.446391
345.1032,218,905.457855
307.82724,229,905.465409
327.922,222,905.469389
332.1578,171,905.476704
337.62518,226,905.500836
283.79834,245,905.512033
301.4353,202,905.518094
265.0913,544,905.544951
351.70538,230,905.552079
301.8282,149,905.566568
338.66577,169,905.589962
298.45258,139,905.600767
334.87238,155,905.638388
282.67975,176,905.673648
342.69727,190,905.703223
352.99445,184,905.736453
342.3734,207,905.770611
317.00854,233,905.785624
290.97406,173,905.800917
341.52222,212,905.806112
314.0564,180,905.822984
77.29138,152,905.860155
331.89868,259,905.882584
318.59125,208,905.891173
93.950165,1000,905.900605
139.12468,1000,905.916914
318.926,184,905.927915
345.31656,211,905.991681
264.29224,429,905.998933
327.57407,176,906.014727
283.72504,184,906.029305
305.25513,224,906.060414
293.97473,158,906.086747
346.37704,185,906.112168
335.80237,166,906.121734
312.7737,158,906.123424
338.13474,198,906.148048
339.2696,152,906.189157
311.87738,180,906.239212
296.65387,346,906.246219
310.59155,162,906.260018
326.38196,208,906.285129
347.47528,161,906.308674
330.93192,187,906.315709
-9.112751,102,906.371566
346.38574,204,906.373102
305.99365,253,906.430427
311.36212,150,906.500671
272.9901,226,906.516208
313.11853,189,906.51768
312.26974,311,906.527413
310.87396,220,906.530198
180.19315,1000,906.543964
339.1377,141,906.546696
328.47333,168,910.56143
307.58447,252,910.610631
130.10602,1000,910.623327
295.93048,179,910.670739
323.60992,167,910.681946
302.4191,192,910.685798
311.13605,170,910.688962
363.75568,201,910.711597
147.35092,1000,910.71437
301.63858,233,910.752118
299.03912,480,910.839195
280.38535,219,910.848167
300.34955,197,910.865578
286.13336,156,910.87241
293.59277,209,910.895072
327.92517,166,910.925618
117.346085,1000,910.946612
281.26355,226,911.00302
159.6289,1000,911.033647
294.06085,492,911.051763
259.62665,903,911.051808
316.79868,185,911.072674
86.16266,149,911.079849
287.63544,212,911.129271
264.78705,227,911.131915
348.36182,200,911.174453
352.4846,242,911.245923
321.99353,219,911.276092
293.13782,180,911.304708
307.54395,206,911.308598
325.07205,221,911.326601
311.70245,207,911.330431
130.86485,1000,911.364979
308.70288,197,911.373616
260.56064,557,911.387116
289.95163,289,911.394634
316.18048,423,911.399426
283.15485,186,911.405573
312.72675,187,911.538698
342.91187,218,911.545118
318.0415,147,911.549038
50.767265,150,911.561763
314.33493,217,911.572786
314.45496,213,911.5901
325.0266,220,911.603419
326.85086,386,911.612988
320.6611,171,911.617937
294.05725,209,911.657698
264.05402,234,911.675821
346.16403,172,911.757514
303.10278,185,911.77726
317.7034,201,911.78709
329.9276,898,915.610369
300.03497,165,915.615826
340.55872,185,915.618455
289.78833,164,915.620226
344.19617,226,915.640438
312.25775,160,915.657176
330.77478,211,915.664235
342.8089,407,915.696791
187.90186,1000,915.728617
333.09448,207,915.730675
325.07294,157,915.750358
145.65927,1000,915.795727
361.41464,153,915.799765
354.28357,177,915.805732
315.30536,158,915.813945
292.57556,204,915.828289
329.76862,207,915.866864
328.28604,192,915.874948
319.8167,231,915.901154
282.20367,171,915.906153
324.59595,136,915.916945
317.49554,465,915.943213
262.72015,213,915.98879
324.3269,216,915.993675
306.27365,166,915.996642
336.99585,148,916.007312
347.02307,190,916.041703
303.59094,328,916.052321
273.7707,216,916.063465
346.90643,164,916.064883
307.64984,258,916.107354
320.81436,166,916.114162
291.32193,176,916.115769
284.16364,224,916.16801
307.78598,247,916.17068
332.7644,163,916.190017
312.54047,173,916.200061
339.83194,150,916.23445
302.87775,243,916.235947
323.60297,148,916.245795
112.50211,1000,916.269242
334.5454,246,916.286158
352.05585,184,916.288899
337.64856,251,916.309625
350.74347,184,916.340584
312.4944,201,916.355542
313.9433,163,916.370001
313.9739,279,916.381886
275.80762,189,916.40258
-17.996506,88,916.418286
308.12604,212,916.452075
311.68274,246,916.501216
56.979645,191,916.502873
340.27228,179,916.504338
316.82355,187,916.51634
319.47028,254,916.547579
323.9646,161,916.553079
290.6001,154,916.55913
317.7044,183,916.565729
342.7241,154,916.571882
324.7146,150,916.603151
300.74347,399,916.60579
286.55627,220,916.673846
311.6131,140,916.67786
296.6508,356,916.68292
278.1731,397,916.721584
325.01642,160,916.742485
307.5091,199,916.762059
346.99246,159,916.766137
298.0307,235,916.79249
306.43735,215,916.816026
283.91394,173,916.817525
349.15668,201,920.777987
325.6743,232,920.778057
166.84708,1000,920.816099
117.497574,116,920.821189
328.53372,169,920.825178
317.3111,177,920.830058
347.86328,219,920.926146
354.20404,162,920.926222
307.01355,212,920.957641
309.78754,223,920.974103
339.80115,149,921.00532
289.3697,212,921.013439
301.9043,217,921.02085
282.66968,193,921.023475
335.33435,177,921.036973
308.6031,214,921.049295
326.1845,219,921.093682
303.62714,178,921.144281
283.81995,217,921.222908
344.11642,146,921.225987
307.7136,171,921.229357
328.1103,207,921.22939
296.7752,178,921.23083
323.6126,191,921.239771
307.61218,360,921.272751
276.9455,209,921.291518
332.34265,253,921.334164
320.11014,590,921.335836
338.54987,213,921.356922
329.21417,217,921.40983
348.5943,160,921.419741
326.75592,159,921.433153
356.91895,146,921.450836
266.9454,205,921.477916
345.86325,206,921.482739
328.3004,213,921.490468
354.75604,236,921.519156
312.9942,165,921.535951
311.08047,167,921.561313
291.5482,517,921.561363
22.28621,91,921.595646
295.8288,219,921.601694
133.4199,1000,921.614042
334.9884,173,921.623
324.37543,169,921.660336
329.8195,148,921.662477
148.79776,1000,921.670666
289.251,206,921.677184
309.93036,214,921.702788
299.98987,149,921.708375
152.44624,1000,921.728708
345.23022,198,921.790651
270.881,204,921.821793
300.37872,201,921.854512
299.5079,180,921.857269
319.47656,248,921.880746
322.00204,163,921.883655
312.17786,223,921.891395
311.55496,178,921.893936
330.87082,134,921.90288
333.83395,225,921.908072
305.8996,172,921.924525
340.79483,198,921.933536
316.3399,235,921.964687
314.7168,207,921.973044
279.64276,546,921.979221
333.09076,136,921.997143
307.9132,217,925.88271
319.35703,154,925.912982
320.69907,163,925.916019
296.14392,173,925.916057
314.63348,152,925.943858
335.0614,199,925.960186
320.90845,252,926.016675
275.83936,237,926.021702
337.28912,185,926.031289
328.24356,242,926.04786
323.0176,220,926.062012
307.12177,237,926.112563
283.01,171,926.129997
361.26532,175,926.13461
289.12524,283,926.147459
321.29254,190,926.15259
276.7674,215,926.154242
313.37262,379,926.154273
277.2276,183,926.173676
-8.028595,127,926.179099
317.33826,178,926.184577
110.43977,113,926.191095
315.4402,192,926.268878
280.91183,471,926.271938
-21.765926,92,926.275043
313.76593,170,926.331784
343.3681,160,926.390564
291.43103,169,926.40845
322.72858,218,926.41703
326.12567,210,926.418865
338.3246,198,926.429319
319.12653,218,926.434673
338.75946,249,926.452186
359.90927,169,926.486819
319.39752,261,926.514402
309.36652,164,926.5396
301.489,236,926.56889
135.6548,1000,926.579701
348.1273,164,926.632756
350.58612,202,926.643321
357.68964,194,926.651005
322.1977,191,926.656574
262.5993,190,926.656604
295.80548,404,926.667236
335.31766,314,926.670033
291.82773,222,926.711957
118.168976,117,926.778136
325.08978,256,926.80404
325.6999,217,926.810221
303.28918,194,926.820917
288.53967,165,926.848578
343.00775,168,926.864071
292.68988,255,926.884843
325.40497,175,926.884881
82.86984,92,926.890803
312.02722,197,926.900062
289.1255,677,926.915287
281.07892,227,926.933782
297.90112,395,926.943857
298.31973,234,926.958261
345.83548,161,927.002309
300.0358,183,927.035198
314.87427,174,927.107895
292.60452,216,927.11496
315.48364,222,927.139207
342.85004,205,931.015162
334.30444,193,931.028549
343.9171,258,931.099597
295.2696,205,931.103409
123.772255,1000,931.131011
315.54755,343,931.160993
342.46643,173,931.179165
321.09116,249,931.193461
307.13745,170,931.226355
309.6117,228,931.23807
329.9967,231,931.274092
300.65906,201,931.279136
318.79236,195,931.342574
300.6552,445,931.353044
326.24426,155,931.366147
320.79034,159,931.387277
343.6833,256,931.415737
334.0893,220,931.430614
333.5032,165,931.44194
337.92902,272,931.467763
347.3963,161,931.471477
317.6813,230,931.510672
311.0473,199,931.523792
283.406,169,931.552365
347.64023,149,931.552404
22.705132,118,931.575587
194.03508,1000,931.599654
343.59042,197,931.5997
357.07593,135,931.610533
305.14282,158,931.613829
13.202866,117,931.619501
312.0318,187,931.622975
306.80157,166,931.716475
338.30432,204,931.722237
317.89728,175,931.773164
326.40192,157,931.797575
229.53732,1000,931.800181
301.6781,244,931.831175
323.29663,174,931.832754
320.08057,177,931.841867
298.0324,229,931.843302
309.94684,200,931.853174
319.2177,224,931.860582
153.61693,1000,931.91369
351.31064,149,931.91374
268.47894,239,931.926142
341.83148,170,931.937999
52.46295,80,931.946587
290.65872,282,931.969731
331.73364,161,931.980385
170.1906,1000,931.983503
175.44461,1000,931.996609
348.50244,138,932.007334
332.64774,155,932.030651
308.3586,184,932.033147
306.50156,209,932.122995
328.3122,170,932.125978
281.84106,217,932.126013
319.4613,190,932.152048
336.39108,185,932.167482
319.85736,158,932.177145
328.08124,185,932.198344
319.78503,181,932.207095
322.9946,229,932.20986
338.87222,217,932.215211
316.54626,182,932.222982
309.14343,303,932.224597
342.75574,170,932.24617
358.393,220,932.282993
290.36002,249,936.205529
293.499,217,936.260929
318.25726,236,936.285637
285.19647,221,936.291927
307.40225,217,936.301625
346.66006,182,936.30167
327.7752,205,936.318954
308.71533,195,936.323138
322.93704,200,936.356915
313.3421,233,936.362084
312.2474,234,936.379089
304.2135,243,936.390642
333.77444,186,936.433796
347.51898,152,936.470542
281.81775,180,936.481749
315.67535,152,936.486909
310.11877,445,936.538921
312.13733,205,936.552977
331.41602,160,936.558023
339.64185,220,936.56236
293.56854,142,936.564067
308.5849,212,936.578876
338.43402,239,936.615435
344.56775,153,936.621692
300.22504,238,936.667829
308.29614,274,936.689273
329.26904,198,936.709691
286.38574,473,936.726074
344.55188,168,936.76074
319.62546,230,936.766978
314.1535,173,936.771282
313.6914,224,936.811934
343.12436,167,936.818114
337.12103,228,936.832949
325.32385,214,936.841872
335.72507,190,936.85531
316.15033,247,936.865983
123.909485,1000,936.903908
317.81528,178,936.93444
290.53595,374,936.94311
275.40967,196,936.969967
338.89697,168,936.971739
321.97818,166,936.976333
328.54123,231,936.979166
339.06265,161,937.017332
310.08136,284,937.018746
325.12347,202,937.021245
326.20654,202,937.062774
272.40036,196,937.07402
300.4707,217,937.120399
274.46613,212,937.125272
324.91394,145,937.152497
333.7085,254,937.154204
330.26645,216,937.17358
322.12384,155,937.2117
321.5927,237,937.225922
332.59937,244,937.270768
201.03876,1000,937.274557
313.9928,175,937.279622
318.21097,261,937.299313
302.4359,234,937.311532
283.20215,247,937.323602
350.06058,181,937.352748
347.79242,164,937.359843
344.15845,231,937.362575
316.67938,202,937.377121
330.36688,195,937.421174
313.7754,384,941.301893
293.50693,415,941.312174
299.1411,249,941.318487
338.28583,197,941.328098
304.92612,177,941.347668
270.70013,232,941.35643
303.71332,171,941.391926
305.20575,194,941.410171
279.01007,184,941.436901
316.08972,184,941.445923
337.39728,253,941.451327
309.97583,222,941.489866
296.64008,312,941.545293
342.95166,206,941.569895
291.58057,244,941.576624
331.94962,176,941.576671
337.90125,225,941.583857
291.58014,191,941.586401
327.91687,213,941.593595
293.2989,237,941.613603
316.61594,178,941.615187
356.72214,182,941.664637
309.72742,191,941.688646
304.67838,227,941.692558
306.51782,210,941.707455
348.18292,168,941.753747
336.74332,217,941.760861
355.4842,154,941.767556
330.60895,158,941.781178
323.96814,157,941.810733
288.94153,203,941.826761
341.14877,204,941.84785
333.26535,224,941.865447
295.63446,214,941.881073
344.62006,250,941.881111
347.93756,143,941.939449
313.4967,145,941.947754
335.2334,209,941.955342
320.31717,234,941.958559
314.04645,237,941.986458
315.48404,189,942.018901
309.14117,247,942.018946
307.6801,222,942.034271
277.7732,182,942.041458
326.8644,138,942.055191
304.69183,205,942.087048
290.69672,214,942.115836
333.20728,173,942.16404
329.5205,147,942.170271
334.86548,201,942.204543
269.2305,260,942.206036
362.6,156,942.210982
338.38043,225,942.220472
311.21466,230,942.241253
353.29865,179,942.259815
301.90686,215,942.283996
351.2069,215,942.298781
278.21307,201,942.304562
307.8728,203,942.33802
333.67395,183,942.343357
320.46356,144,942.348335
158.56978,1000,942.376911
298.06177,181,942.430641
312.08405,187,942.437093
329.349,239,942.460469
304.80054,171,942.472258
155.78317,1000,942.474225
272.68823,216,942.478278
308.0929,163,942.506286
282.6148,225,942.521982
309.68884,172,946.358391
277.8803,217,946.376503
333.7744,166,946.392297
340.08777,202,946.403189
86.902084,117,946.431485
308.74347,165,946.453898
304.76273,242,946.460682
321.0028,194,946.486047
317.15494,153,946.512179
337.40433,196,946.521307
306.43982,204,946.546601
331.71576,173,946.555486
321.07205,165,946.589699
347.5867,181,946.592685
271.0394,184,946.628675
361.3111,145,946.638543
300.3122,164,946.641998
304.88922,185,946.64203
313.9477,278,946.643575
303.66473,168,946.72154
280.08105,225,946.743776
343.7614,209,946.748161
333.00775,184,946.752817
292.29272,193,946.787518
313.13516,169,946.80451
336.66705,141,946.817307
303.54727,194,946.833003
305.2206,167,946.837861
294.12238,170,946.853395
209.99097,961,946.879414
324.83362,267,946.887809
293.50708,227,946.921244
330.83362,237,946.934579
314.8177,161,946.944356
8.29649,106,946.947014
307.41382,192,946.98652
278.2149,214,946.98823
310.27646,197,946.995277
305.60284,166,947.009807
346.20447,154,947.02257
295.40167,195,947.027569
68.92394,76,947.038305
348.6905,151,947.039695
297.43707,172,947.049057
329.62695,143,947.063094
319.255,200,947.124252
286.3368,161,947.144525
319.6217,185,947.14864
350.17474,184,947.161488
328.1176,142,947.19776
299.40417,173,947.200449
325.18628,146,947.229472
271.7859,192,947.232088
339.28516,160,947.236818
308.87823,179,947.247315
288.9082,222,947.260185
158.45575,1000,947.276037
333.12927,195,947.277842
318.77963,178,947.281993
284.8963,236,947.299545
355.34204,143,947.322922
168.03458,1000,947.341554
358.23367,182,947.350513
309.72003,209,947.408423
296.36652,203,947.413191
310.7486,166,947.451918
280.40833,179,947.451964
313.08795,175,947.451975
341.991,156,947.453489
340.94263,213,947.461735
127.54928,97,947.467672
296.2046,197,947.471576
283.9211,244,947.497334
311.88556,169,947.507559
324.66632,197,947.526763
274.17554,215,947.543765
320.38135,249,947.585341
318.7419,208,947.596816
312.3789,248,947.628491
315.97644,180,947.634922
328.53735,185,951.439508
371.25394,166,951.462535
285.31036,193,951.510299
324.92398,207,951.511762
282.55682,214,951.520482
328.96686,184,951.537733
327.50314,235,951.545957
308.62878,230,951.548591
310.79074,207,951.555563
299.09,185,951.555588
301.51593,257,951.591076
286.22308,200,951.59111
335.25238,193,951.624383
311.53857,207,951.651655
312.4408,216,951.692177
314.34116,162,951.751457
303.96387,268,951.76294
280.14566,180,951.766689
337.92142,182,951.77695
355.90063,155,951.779539
302.78882,269,951.790672
302.80304,232,951.80381
309.08813,222,951.810474
316.87112,251,951.818903
327.96704,226,951.82368
310.00745,174,951.865108
311.84607,201,951.870062
301.91022,241,951.883785
63.62943,100,951.937364
313.8277,138,951.96725
335.48132,162,951.972308
307.333,153,951.97234
340.3316,233,951.975924
306.8376,164,951.977402
46.95477,110,951.999917
325.26013,195,952.001751
-7.626438,109,952.016272
341.8566,213,952.022645
319.0452,185,952.032492
340.4328,230,952.032527
325.84067,145,952.040923
294.1447,225,952.091791
56.730328,100,952.09665
303.94815,586,952.148535
287.49426,164,952.169302
327.82593,160,952.194643
319.83197,189,952.199642
317.77615,159,952.205637
311.47522,196,952.213092
297.76367,148,952.216722
350.23566,209,952.219279
356.67786,168,952.234169
316.37555,208,952.25325
286.77966,201,952.264163
315.6337,139,952.265602
357.66803,220,952.295529
305.6648,146,952.371598
344.83197,202,952.391652
303.38538,161,952.407069
314.54745,172,952.423341
313.00684,148,952.429342
291.8553,203,952.450892
322.09143,237,952.455651
347.3034,171,952.468581
322.75198,212,952.47456
285.12695,211,952.517506
327.63226,265,952.519176
350.43774,133,952.568299
325.37112,167,952.594044
317.20056,172,952.63256
331.37024,281,952.635537
273.79346,334,952.637043
329.09143,228,952.648052
336.86935,199,952.674064
329.07507,194,956.479129
339.96683,194,956.484039
167.98213,1000,956.512327
355.94653,147,956.539891
336.581,233,956.545291
319.91846,195,956.54932
313.5068,249,956.570631
317.5454,171,956.593805
276.05548,232,956.593843
-4.1691513,131,956.624717
292.19836,190,956.658788
310.35736,193,956.663514
322.83087,166,956.684265
297.3637,224,956.695749
279.12088,182,956.699862
335.81415,217,956.703646
314.9569,162,956.741868
303.8374,161,956.744685
325.8667,186,956.766346
361.4392,171,956.778166
322.61188,159,956.788341
299.8733,162,956.792229
342.93695,233,956.795657
304.2575,143,956.835676
299.8209,150,956.848938
316.37268,228,956.901186
346.07874,167,956.907063
345.69766,177,956.915238
351.9316,196,956.923445
239.57959,863,956.92939
148.85004,1000,956.940743
304.89673,140,956.949723
331.48462,162,956.964752
-11.489105,116,956.988215
281.07965,162,956.993096
287.91772,206,956.993124
338.75134,170,956.995706
309.70618,174,957.004351
281.87466,261,957.015792
325.54367,200,957.075278
313.24255,164,957.11374
341.3636,155,957.148951
316.63034,225,957.179313
321.38525,164,957.193089
336.95966,159,957.196038
326.49725,177,957.2067
327.84955,184,957.210307
320.26715,163,957.212951
321.93484,259,957.215919
313.33902,224,957.220956
305.27472,246,957.230172
344.08722,137,957.243323
-9.904575,89,957.3264
283.85577,291,957.349027
281.93597,195,957.354819
334.3116,162,957.395455
317.80865,197,957.395499
339.4307,155,957.4331
305.8647,195,957.449683
324.26416,207,957.449718
312.41425,234,957.466679
331.73944,206,957.473478
308.9488,201,957.476129
301.86633,220,957.477604
316.40387,245,957.515435
346.40457,156,957.518075
297.49335,137,957.559045
337.57343,170,957.560454
319.9118,197,957.631913
337.6668,145,957.64272
335.0808,150,957.653812
325.08823,192,957.664262
311.4068,185,957.673201
332.2633,193,957.682952
309.7347,203,961.541671
342.4551,189,961.564213
300.68713,199,961.573972
311.7378,180,961.597061
46.55215,104,961.617955
307.78223,267,961.617986
307.25235,158,961.652468
332.23395,228,961.654014
329.10162,150,961.667101
277.66373,923,961.687318
360.5002,209,961.705458
357.43066,200,961.717143
348.7776,141,961.73475
325.24133,207,961.756027
98.11272,114,961.794024
331.2245,247,961.841547
325.3482,190,961.853644
310.19943,234,961.861254
270.00983,922,961.868726
307.9041,224,961.896931
323.78967,204,961.90693
324.29272,253,961.911103
326.28082,181,961.912891
317.59106,215,961.934381
307.88483,189,961.952908
144.38846,1000,961.984227
282.94348,224,962.01439
315.48212,179,962.018132
320.76776,261,962.028749
279.63272,729,962.058003
107.242676,109,962.06815
332.37897,183,962.087162
292.2134,216,962.112805
359.33597,199,962.116635
280.6522,183,962.137378
321.50552,245,962.157862
325.4837,208,962.164193
348.9553,218,962.183211
349.77298,201,962.203457
290.12738,163,962.2227
301.38037,271,962.235631
311.78455,205,962.239454
343.9926,177,962.251282
346.745,176,962.279694
329.66522,144,962.293593
304.21863,169,962.300903
276.18298,448,962.314741
316.4736,178,962.339668
309.16946,226,962.351527
327.35233,274,962.356229
296.69806,152,962.409133
333.25836,219,962.409169
313.97586,190,962.416986
302.55573,218,962.433975
310.3648,191,962.437994
323.92487,164,962.439459
341.9513,168,962.44084
305.5299,229,962.442559
332.18683,158,962.44532
58.460514,100,962.472567
344.2041,152,962.4785
336.34854,157,962.491791
310.67712,177,962.496485
291.74194,165,962.516343
352.78357,176,962.567573
46.9763,90,962.579386
17.972076,145,962.612296
292.5353,242,962.632062
340.08685,172,962.647616
307.32715,201,962.678064
323.92963,235,962.693704
328.2738,239,962.698504
305.48114,184,962.718213
283.24265,254,962.72592
330.3695,235,962.727553
299.2834,248,962.741631
319.8241,246,962.743466
345.7466,214,962.751892
309.24158,225,962.751916
296.4843,150,962.763432
302.1352,184,962.791543
319.635,230,962.793005
319.8985,158,966.600423
323.45425,201,966.668916
303.47308,174,966.681384
362.6579,172,966.695201
328.05646,178,966.707605
333.8871,240,966.730536
343.29294,187,966.757639
337.53348,185,966.764635
306.40247,214,966.773886
298.7304,194,966.775314
299.39008,154,966.783772
323.3131,226,966.785392
324.7666,178,966.80098
272.90295,208,966.835536
338.0565,237,966.841336
324.99472,155,966.854362
344.0235,163,966.876405
284.43845,300,966.896283
322.35956,160,966.921365
298.72803,189,966.931723
328.60742,144,966.948004
312.42593,224,966.960917
290.39374,150,966.962353
316.49854,181,966.982043
291.6259,191,966.986899
17.958801,137,967.019273
290.4563,199,967.023097
319.11218,171,967.040985
293.32538,202,967.043524
-5.2131004,69,967.047267
311.56897,180,967.057918
306.403,242,967.06753
91.026375,123,967.097363
306.5971,156,967.120679
325.31256,173,967.129769
268.40387,198,967.133704
341.0066,233,967.155588
64.27001,97,967.158324
337.09042,146,967.163553
333.24286,185,967.185591
358.51978,159,967.211612
320.53223,183,967.238359
339.04962,169,967.243106
278.50528,217,967.244573
325.2259,173,967.273259
327.0238,168,967.297553
299.6181,219,967.317791
350.1104,240,967.333684
280.09906,196,967.364365
354.37665,184,967.376756
312.15454,181,967.380381
38.483078,92,967.383992
291.20758,192,967.388844
317.40375,222,967.398879
42.675472,86,967.40184
288.28677,242,967.410482
355.32855,217,967.446615
333.3897,225,967.482803
311.75775,204,967.48884
291.11087,221,967.507477
314.12543,169,967.536123
-0.23666382,122,967.547368
321.89108,264,967.555928
316.08917,162,967.561269
311.07217,245,967.614163
299.69305,183,967.631326
291.72,217,967.645368
310.57278,219,967.654405
355.72498,158,967.675482
295.2286,225,967.675513
311.7799,245,967.67813
325.331,250,967.68088
290.15262,211,967.703919
300.5512,184,967.71302
154.92917,1000,967.723518
284.40576,181,967.728593
331.04456,178,967.776526
335.4792,224,967.8078
24.69706,167,967.815937
341.22577,161,971.712119
339.55963,237,971.713994
340.82352,251,971.72203
325.58493,149,971.725703
345.25958,184,971.725736
338.87225,169,971.729294
331.79688,179,971.764371
339.66473,155,971.771038
349.64206,172,971.783685
309.63995,205,971.803783
331.78595,178,971.828753
323.1992,223,971.831161
306.85513,212,971.881079
84.26985,107,971.888647
50.442978,174,971.945752
358.7951,153,971.968768
336.17157,155,971.97722
343.8944,188,971.980353
335.3981,180,971.996574
309.87427,235,971.99661
354.8855,157,972.019711
46.27719,154,972.033272
282.48593,210,972.050279
342.48105,194,972.07147
324.6433,264,972.101099
343.19287,194,972.119905
312.0113,188,972.152437
282.2397,223,972.153974
320.38818,236,972.154005
312.32495,210,972.173873
284.10028,178,972.200747
302.83804,217,972.221448
329.49622,212,972.237566
321.31378,180,972.240237
314.6722,204,972.246287
294.92517,237,972.26472
309.94397,175,972.266347
331.21234,139,972.271848
308.7671,228,972.278955
317.81122,214,972.298234
38.70193,112,972.379577
348.6048,200,972.388207
355.92218,187,972.422498
300.4934,226,972.476193
351.0014,180,972.541238
279.86862,206,972.545674
308.72656,191,972.552143
287.73492,193,972.553885
286.18182,267,972.553919
299.0852,266,972.581024
287.68738,235,972.584243
278.9959,208,972.609663
276.45786,226,972.612674
44.065933,146,972.619857
315.9022,163,972.623228
338.21143,266,972.634214
-0.49700165,94,972.67029
330.78528,224,972.699178
270.67688,473,972.720031
299.07944,191,972.73127
13.683331,107,972.761105
342.85608,135,972.763001
332.39545,162,972.76931
329.9745,166,972.773792
332.7331,191,972.795166
326.68704,157,972.829685
313.42502,185,972.853282
336.90704,238,972.867257
315.9381,225,972.877871
298.46884,167,972.890156
323.9834,197,972.891666
313.94476,236,972.922897
288.49426,177,972.963034
336.82233,156,972.967087
325.7805,205,972.992675
315.42963,174,972.995968
293.55975,186,973.022766
328.89307,166,973.024756
296.71158,249,973.037276
371.67255,134,973.065557
356.53033,176,973.07087
359.68,160,973.087222
330.79953,188,976.987929
325.87964,183,977.01876
285.40723,203,977.040888
319.1847,132,977.045954
301.1739,179,977.083186
324.51633,225,977.10133
336.46075,149,977.10414
324.98337,173,977.122487
350.82092,145,977.130782
321.09692,235,977.14935
316.9262,250,977.194587
326.795,241,977.247515
302.23853,279,977.255887
324.4674,229,977.280769
332.94104,257,977.294997
288.94385,215,977.295055
353.93585,191,977.326477
319.69543,184,977.337934
314.9134,229,977.339999
164.21767,1000,977.370462
305.24945,183,977.383792
319.0652,245,977.413819
299.29956,233,977.420942
338.36414,235,977.432568
284.67883,194,977.443885
32.64361,99,977.494739
319.9001,170,977.509474
336.2312,194,977.539428
300.40808,232,977.544813
337.09055,221,977.559227
325.5971,204,977.597923
319.0899,208,977.601748
337.50543,163,977.620878
342.38007,163,977.627482
342.19275,165,977.652651
245.48044,798,977.683577
297.0276,346,977.695461
299.40045,210,977.697577
299.4973,156,977.755902
299.40833,219,977.77224
316.53278,186,977.778748
316.66718,244,977.814795
321.2414,171,977.843673
313.89087,173,977.872302
317.6814,212,977.872358
300.97388,267,977.878717
318.60468,148,977.885091
249.1861,444,977.892212
328.32635,227,977.910433
318.90564,183,977.919396
332.26663,187,977.941478
322.91284,189,978.005166
295.00238,199,978.032256
336.28674,201,978.040969
291.57675,173,978.07074
305.16138,170,978.1005
295.45508,193,978.122807
320.21686,171,978.131284
338.46237,190,978.131324
346.8634,246,978.136303
341.10242,183,978.153689
270.14017,204,978.15519
324.73163,229,978.169569
257.80914,911,978.205456
-0.20056534,109,978.236453
285.38153,162,978.274224
331.101,268,978.280608
328.70892,216,982.20707
323.56598,251,982.222909
337.66232,224,982.22666
311.10144,161,982.237314
299.25,194,982.269512
362.40454,163,982.275796
315.7447,195,982.285134
322.37555,135,982.310033
297.18015,181,982.337288
324.47913,242,982.362173
267.93884,154,982.371458
325.09827,249,982.373138
280.89838,275,982.38197
329.55142,210,982.449833
280.8214,198,982.478644
323.8429,160,982.488275
325.0652,192,982.512958
323.30963,239,982.541276
230.49416,823,982.55241
289.3767,274,982.5575
177.89456,1000,982.562974
293.69238,178,982.565903
306.28412,229,982.570097
344.9521,153,982.579461
308.3827,175,982.596507
330.46356,211,982.63421
286.701,286,982.674954
239.64713,363,982.684336
346.67914,252,982.693135
298.8548,201,982.704676
283.23483,159,982.757167
312.47202,155,982.764873
324.33618,223,982.772645
325.54044,236,982.778769
306.25928,185,982.786944
300.26746,215,982.788619
324.22247,178,982.788649
302.46198,186,982.80071
314.82385,183,982.828085
342.99036,156,982.831257
291.44006,227,982.831306
340.3991,219,982.857262
312.5337,186,982.91829
313.42273,200,982.943122
308.04007,218,982.94679
354.55807,131,982.949398
295.52246,159,982.963313
313.0775,156,982.96702
317.50385,172,982.974104
313.1922,165,983.00617
285.49643,243,983.01009
343.17487,192,983.018679
337.6355,190,983.023764
327.05804,180,983.052397
305.54987,210,983.091656
346.9336,251,983.101887
336.19266,230,983.113929
349.5471,141,983.121068
345.84338,169,983.129478
323.60077,133,983.133253
346.91263,145,983.14333
301.46234,245,983.157774
331.39224,152,983.195376
356.68848,197,983.19715
293.13892,210,983.211967
323.06985,229,983.25977
305.0912,201,983.27449
271.81152,223,983.298184
336.77505,208,983.314414
325.0456,136,983.316203
330.9026,176,983.322943
328.83893,180,983.346786
300.09366,216,983.362491
301.08807,200,983.365513
293.67328,203,983.385441
285.48242,155,983.392619
287.38867,240,983.436347
319.24152,230,983.449342
291.37198,221,983.473563
353.81256,212,987.442452
309.09903,173,987.455417
303.81976,263,987.458118
310.3467,160,987.464856
284.13623,201,987.483403
327.949,166,987.487278
351.1657,187,987.534766
308.7262,193,987.551598
304.00488,259,987.55795
311.38812,276,987.561902
294.89722,235,987.577034
316.0191,199,987.600874
321.16437,134,987.610294
362.0254,205,987.646061
272.83926,373,987.65997
295.14722,168,987.695869
260.25354,231,987.743567
339.02948,148,987.745189
307.85645,232,987.773123
300.5794,190,987.789642
321.58105,259,987.789703
308.37213,227,987.821427
307.5155,198,987.849604
354.6801,167,987.857909
343.20068,208,987.875138
317.6194,264,987.891575
328.00168,253,987.89737
321.2163,195,987.909655
321.02634,167,987.957144
312.85876,220,987.975073
240.2048,849,987.994011
359.22253,157,988.073725
294.18793,208,988.087601
311.5349,245,988.102214
315.4497,245,988.102256
280.61975,200,988.106121
291.59723,170,988.107882
305.2125,165,988.118752
261.61874,212,988.165431
314.66876,251,988.178154
307.15546,188,988.201471
316.57422,179,988.231869
264.7823,632,988.270019
321.67188,232,988.283898
345.88358,182,988.348545
341.77515,225,988.370557
323.70663,146,988.374948
266.70593,466,988.379003
296.6558,213,988.389407
307.45065,239,988.417977
327.55145,260,988.429092
317.2467,278,988.479342
316.9825,218,988.483104
320.08197,186,988.50286
301.5558,269,988.515028
307.40424,190,988.522052
316.73468,236,988.532601
316.68793,142,988.568343
301.7635,200,988.622053
313.8755,224,988.629027
175.73486,1000,988.64095
327.66467,180,988.644378
335.61438,210,988.64441
248.93587,709,988.657799
347.91763,234,988.670174
293.46643,195,988.674178
322.8966,155,992.618217
312.7121,173,992.628793
275.9073,199,992.637125
327.145,169,992.650935
322.64453,152,992.664247
307.8985,221,992.668036
342.91248,231,992.718569
357.40845,159,992.743946
315.60638,170,992.759927
305.7531,160,992.773227
329.7423,158,992.774691
261.48135,211,992.8273
337.79532,232,992.827351
309.90424,152,992.841975
304.12958,234,992.843855
279.4696,260,992.856466
315.04938,183,992.8593
54.86364,125,992.935238
318.89154,215,992.939142
336.0143,226,992.948721
324.33124,262,992.965425
301.27002,196,992.965472
349.1479,176,992.966823
326.2927,169,992.974789
330.26202,148,993.043525
344.75403,165,993.061089
291.27832,198,993.088707
317.38092,231,993.115931
357.41425,161,993.137103
297.3586,259,993.148862
303.54135,158,993.167638
303.25275,326,993.181096
320.02728,204,993.217359
289.62888,230,993.233105
286.58286,253,993.248676
346.3213,171,993.255389
108.574066,1000,993.274674
339.2058,153,993.279951
299.92255,259,993.287425
343.41824,145,993.296195
296.98932,199,993.308139
317.66083,179,993.371587
348.1931,168,993.378187
352.8077,173,993.396476
327.4477,162,993.417847
322.78418,145,993.426854
281.49286,164,993.435026
295.9698,172,993.467801
316.98615,170,993.489202
258.7063,736,993.532597
286.6357,328,993.542092
335.4133,211,993.56912
324.5952,175,993.590004
296.22513,258,993.595639
320.4074,252,993.600739
318.573,200,993.627789
326.3073,269,993.630567
323.51178,169,993.646955
342.22632,237,993.695626
296.75714,236,993.716092
281.14465,162,993.738402
325.04953,216,993.738449
302.7742,264,993.758435
324.83075,221,993.76923
342.9087,145,993.774418
285.57166,213,993.839401
305.45944,173,993.865794
308.7397,216,993.867207
286.71164,201,993.881898
313.76773,229,993.889467
325.49548,221,997.802814
78.73422,142,997.833173
353.38892,166,997.843177
345.8869,203,997.844786
299.39844,172,997.850733
287.3377,211,997.874748
357.09457,215,997.936699
306.06262,168,997.943525
62.22295,83,997.946604
322.9805,163,997.966159
133.78955,1000,997.983652
332.27408,166,998.009488
311.13287,189,998.018071
320.06598,177,998.051737
338.10352,231,998.063194
299.49103,253,998.075617
316.59378,172,998.088204
202.19229,1000,998.109313
324.90033,213,998.109353
330.56223,151,998.125132
309.52948,146,998.148541
337.51123,259,998.173672
303.05048,187,998.180011
358.4724,194,998.186206
333.66663,153,998.202408
299.06793,182,998.212698
260.60635,617,998.214339
343.0373,188,998.2572
348.04987,157,998.276521
323.72528,181,998.282717
310.71094,164,998.356515
304.2035,237,998.364267
314.34113,207,998.371343
350.27863,151,998.392502
255.71149,221,998.403328
308.32364,194,998.41668
333.13632,198,998.434276
291.974,262,998.438047
349.5556,188,998.491267
316.10803,222,998.492972
330.74664,250,998.49469
332.1859,196,998.526046
279.7339,202,998.52776
10.056316,117,998.548758
325.95016,168,998.563879
299.32275,163,998.565416
348.46393,173,998.586395
323.31134,174,998.651963
317.18146,228,998.675162
343.53613,149,998.675209
333.31622,162,998.693363
286.78772,225,998.698037
351.48828,168,998.704014
343.1889,165,998.732773
290.2719,164,998.753307
317.56097,263,998.765038
264.35513,458,998.782995
324.77655,239,998.823557
339.5633,213,998.831027
281.45453,217,998.855063
280.31403,190,998.910532
190.07014,1000,998.910581
325.05423,181,998.920282
293.65662,185,998.921818
336.8461,210,998.934741
231.3248,309,998.94623
330.8105,185,998.959566
303.9701,155,998.974957
302.75278,231,998.987152
327.32343,279,998.995549
297.68167,241,999.050322
312.6007,207,1003.010634
331.37518,189,1003.013336
318.03845,149,1003.031445
302.8862,154,1003.036532
334.28372,244,1003.048234
340.26617,181,1003.086713
305.1986,163,1003.115741
287.39667,198,1003.118311
302.20853,230,1003.121989
331.3271,197,1003.144173
319.57693,273,1003.175135
308.0554,165,1003.216063
320.13568,151,1003.220668
355.3142,178,1003.258659
185.7333,1000,1003.26026
334.47507,201,1003.264513
270.32565,247,1003.28892
334.817,207,1003.311756
285.9473,181,1003.31634
315.63672,168,1003.332424
338.06412,168,1003.390584
238.7366,403,1003.393328
342.49103,208,1003.410584
322.06427,232,1003.410627
333.16183,236,1003.421261
306.2774,176,1003.440573
333.08362,167,1003.47215
313.03668,206,1003.480482
310.75558,145,1003.496583
358.6696,151,1003.501284
297.41357,512,1003.562567
349.42413,245,1003.572024
349.47223,261,1003.585839
327.0136,175,1003.625678
315.05005,254,1003.647458
291.6466,185,1003.650071
278.52466,206,1003.665268
290.98932,161,1003.672676
273.95197,229,1003.674213
318.46548,210,1003.702135
316.57593,178,1003.72306
349.409,209,1003.743823
301.5901,160,1003.775953
267.456,401,1003.791027
273.83105,193,1003.832593
315.39856,147,1003.837929
331.0344,171,1003.865303
328.83423,241,1003.867903
261.27548,295,1003.867935
328.79547,209,1003.890275
339.94714,189,1003.911731
169.48271,1000,1003.942932
324.71814,179,1003.949301
324.29755,226,1003.960709
310.0193,206,1003.963938
287.41364,241,1003.971238
274.53046,176,1004.010284
323.2021,154,1004.022858
314.2287,244,1004.048873
307.55194,156,1004.061616
301.77625,238,1004.072664
306.68896,201,1004.087382
300.19812,209,1004.124556
288.3526,193,1004.128817
324.047,236,1004.159143
331.52692,210,1004.173937
324.33136,176,1004.188825
350.55286,155,1004.215633
312.33456,208,1004.219912
300.76715,232,1004.235756
283.6911,229,1004.243263
324.8526,194,1004.250336
300.31506,172,1004.263366
262.3371,731,1008.11646
332.52307,176,1008.117947
280.20807,168,1008.145872
339.0313,225,1008.16075
331.81775,192,1008.177145
321.08347,204,1008.218075
309.37384,170,1008.234417
291.06473,158,1008.252663
316.0597,167,1008.256402
350.69012,202,1008.290087
320.27917,243,1008.294154
323.94574,220,1008.297944
284.9155,203,1008.31782
309.49405,175,1008.368966
334.4135,179,1008.390705
295.64694,233,1008.393354
320.0648,162,1008.413109
290.97705,563,1008.44193
331.43134,257,1008.454863
342.25348,190,1008.463108
305.94617,139,1008.465903
301.9386,180,1008.470964
271.77917,197,1008.494041
333.22577,178,1008.508733
267.4192,191,1008.523638
330.20886,148,1008.550918
330.5583,175,1008.606189
237.28394,517,1008.610091
285.5513,258,1008.630957
309.5327,211,1008.649808
302.476,176,1008.684013
334.35602,200,1008.705481
294.53314,242,1008.707044
264.42444,691,1008.713291
325.71942,204,1008.71332
300.6571,187,1008.72156
312.03345,233,1008.724174
303.8283,240,1008.747055
63.90032,104,1008.775772
315.81012,198,1008.791723
298.11462,178,1008.848874
22.541397,154,1008.895132
290.41528,178,1008.90162
337.66138,249,1008.915231
309.97992,336,1008.918881
281.62527,166,1008.947849
317.3199,196,1008.953166
293.49954,190,1008.957719
336.18988,233,1008.997981
345.89523,189,1009.021835
311.5724,256,1009.033815
278.89432,217,1009.039798
335.46393,171,1009.054857
337.57327,290,1009.058622
290.08386,388,1009.079962
278.69424,175,1009.129448
320.7179,155,1009.14282
307.80426,198,1009.144493
225.88557,521,1009.158958
319.54688,185,1009.184187
305.5583,223,1009.193527
319.78247,148,1009.205887
322.30466,134,1009.20769
338.51797,194,1009.238491
307.3576,165,1009.260824
144.14304,1000,1013.208807
309.2287,228,1013.219489
270.68246,252,1013.224391
328.8105,166,1013.227439
296.60498,165,1013.227471
337.87524,188,1013.270273
334.3363,171,1013.274332
322.6883,128,1013.274368
313.6164,227,1013.288907
298.18768,196,1013.325226
290.72443,208,1013.329176
305.10986,304,1013.336553
266.7522,256,1013.398368
341.6805,180,1013.448458
331.81378,194,1013.452305
326.50943,152,1013.460647
95.820915,113,1013.467006
328.90576,164,1013.476336
358.77527,158,1013.48398
285.98163,216,1013.491005
340.3723,224,1013.503057
26.617287,144,1013.504608
292.23505,259,1013.539806
349.46866,180,1013.560007
326.52686,254,1013.586673
252.12167,680,1013.614182
347.05426,180,1013.624667
308.81097,155,1013.656708
319.29135,154,1013.678511
292.6504,198,1013.698884
322.09967,156,1013.702761
338.96667,200,1013.705323
339.34686,175,1013.713232
354.3072,180,1013.73157
300.98727,168,1013.75439
324.1678,159,1013.762315
291.93253,145,1013.77183
260.8499,758,1013.771876
330.46735,241,1013.774454
294.14572,164,1013.822348
335.10553,146,1013.884877
347.53052,219,1013.904097
342.0844,150,1013.904148
311.6253,184,1013.941662
308.88162,174,1013.955589
323.85983,217,1013.957157
344.3711,153,1013.958637
338.174,157,1013.972783
341.79688,254,1013.984775
6.2582626,171,1013.992244
308.17987,195,1014.007272
130.53288,127,1014.049903
306.45074,188,1014.066417
345.87207,305,1014.09608
242.28864,509,1014.127197
266.93936,203,1014.164747
352.17227,175,1014.179649
260.5996,849,1014.211038
313.93033,179,1014.21931
314.31403,216,1014.231939
303.60022,229,1014.234924
280.1005,220,1014.239805
313.20068,220,1014.262994
316.19348,223,1014.288918
348.1297,177,1014.290931
314.039,171,1014.312872
-2.5809479,136,1014.338785
345.89398,177,1014.351056
333.8709,170,1014.39472
334.5084,174,1014.431268
321.67734,154,1014.4339
298.93274,157,1014.485947
318.78836,215,1018.390916
332.89844,221,1018.397192
333.6575,176,1018.398855
64.05145,95,1018.403033
343.88318,145,1018.421847
261.49454,495,1018.423843
299.55762,180,1018.428531
270.3162,446,1018.428566
301.1399,610,1018.439666
359.26508,144,1018.50487
265.6946,278,1018.50636
326.33228,221,1018.5092
336.7849,171,1018.538693
304.65735,492,1018.564037
322.57663,366,1018.5723
82.02252,71,1018.594091
287.55325,180,1018.60737
360.17474,147,1018.611426
350.17395,159,1018.630221
312.74042,187,1018.637871
297.17383,157,1018.639459
350.24802,176,1018.647483
324.64062,209,1018.663544
296.45013,239,1018.708328
318.49548,250,1018.718555
308.15448,246,1018.739
111.78583,118,1018.741706
-1.1639671,115,1018.75554
352.50214,156,1018.759381
321.97446,167,1018.783735
299.09686,220,1018.786673
336.60443,129,1018.8017
326.8812,236,1018.836447
332.27673,184,1018.859394
312.66876,172,1018.87432
294.61353,195,1018.890187
319.64322,179,1018.930382
303.9178,176,1018.957589
283.0207,206,1018.973002
310.34122,378,1018.976751
319.99307,167,1018.991424
313.3944,192,1018.998242
280.11905,243,1019.042077
293.31693,260,1019.075909
344.4049,161,1019.086817
281.76306,178,1019.092817
299.9943,223,1019.111869
341.94632,165,1019.178896
309.34027,209,1019.186542
318.46417,181,1019.195504
52.491364,169,1019.206256
301.6955,470,1019.22193
350.43445,162,1019.244207
288.46533,157,1019.273158
296.53442,334,1019.274628
314.94397,267,1019.289447
288.46844,406,1019.302874
293.41284,202,1019.340964
272.0291,457,1019.350493
294.18857,214,1019.362954
295.07236,611,1019.369171
300.52295,230,1019.399727
353.65448,172,1019.413488
67.797485,171,1019.422896
295.91473,212,1019.449016
317.83264,164,1019.480173
302.31897,211,1019.488772
333.42725,241,1019.492476
318.36398,190,1019.525514
312.34854,184,1019.533408
333.87628,158,1019.546402
315.85767,267,1019.577239
286.75134,202,1019.592118
351.13632,140,1019.619097
348.05353,183,1019.637561
312.64233,194,1019.637606
266.71576,525,1019.641286
326.03326,228,1019.650659
319.42407,202,1019.671602
341.73865,187,1023.616828
130.24127,108,1023.632354
345.6491,209,1023.655945
356.39404,171,1023.665103
342.44586,235,1023.685682
311.6772,220,1023.713111
324.5907,189,1023.719093
98.617584,83,1023.720757
297.16754,245,1023.737196
347.67245,147,1023.741246
357.01807,183,1023.774279
333.33038,185,1023.780722
349.68365,182,1023.805527
332.5285,208,1023.807158
297.6264,154,1023.85592
25.848572,132,1023.875269
288.09912,202,1023.882609
310.20465,196,1023.927532
326.66907,176,1023.937035
324.7054,611,1023.939842
303.2201,335,1023.943235
299.4966,185,1023.948444
309.50623,198,1023.985845
335.51984,207,1023.993054
339.38312,191,1024.012638
296.74014,213,1024.045832
343.42694,169,1024.092597
304.6626,191,1024.112147
347.2901,215,1024.125047
321.06067,165,1024.136066
313.8879,160,1024.140239
305.61816,157,1024.142055
311.75635,200,1024.189874
328.75504,202,1024.199417
342.6845,149,1024.232014
282.15475,463,1024.233511
330.89,214,1024.255721
313.5993,236,1024.306389
277.107,180,1024.339813
339.037,178,1024.356722
286.24426,200,1024.38867
318.5509,227,1024.406872
312.52805,227,1024.419883
308.24854,159,1024.428307
27.990921,102,1024.432175
296.04718,514,1024.444152
310.65625,164,1024.459595
341.9956,217,1024.462889
326.02917,376,1024.465994
274.27832,222,1024.481006
176.76532,1000,1024.521967
343.26828,239,1024.540634
247.92879,431,1024.644418
298.83307,170,1024.645918
264.16455,665,1024.647339
342.64862,167,1024.651187
301.23468,155,1024.651216
288.2127,145,1024.652943
308.8996,229,1024.655558
67.54108,146,1024.659987
341.3949,215,1024.689505
284.3559,238,1024.699223
349.4699,148,1024.7118
321.11337,193,1024.731095
339.1126,236,1024.740979
301.1676,226,1024.754692
291.15558,193,1024.783871
336.68567,159,1024.847415
316.62262,170,1024.857517
310.5727,180,1028.760624
293.62573,185,1028.765709
310.78726,158,1028.779055
265.735,201,1028.78066
322.93732,137,1028.78596
284.9027,199,1028.787527
337.0083,199,1028.791369
313.10956,134,1028.792841
46.725777,212,1028.794316
367.2287,158,1028.864543
346.92273,184,1028.868349
335.86252,228,1028.878279
291.4231,160,1028.980573
310.43915,195,1028.980632
45.712852,166,1028.98672
333.0846,160,1028.986759
-2.8901138,177,1029.006291
51.490257,112,1029.012815
343.03088,216,1029.030473
287.31903,196,1029.030514
342.33582,234,1029.046637
344.74286,161,1029.064116
330.68997,245,1029.080488
340.0966,258,1029.094263
353.69748,206,1029.113775
309.05396,152,1029.168554
308.9026,166,1029.190843
273.22223,183,1029.211128
317.75,239,1029.274951
313.56018,217,1029.279978
301.73456,206,1029.283344
292.95764,192,1029.283385
309.0827,231,1029.292406
306.98615,172,1029.292444
284.29117,218,1029.29859
247.91496,898,1029.344103
344.19525,191,1029.349399
353.2999,163,1029.369307
270.72958,266,1029.390609
137.28284,82,1029.392191
304.3827,253,1029.405308
320.30457,191,1029.446859
316.56476,239,1029.486955
312.14685,185,1029.512006
306.56183,173,1029.512058
373.28116,146,1029.551904
344.7221,213,1029.557868
317.08298,249,1029.593535
334.1654,200,1029.598946
342.87152,159,1029.609415
299.61105,259,1029.609462
300.60706,176,1029.615581
322.94287,224,1029.633705
340.91177,162,1029.65636
117.12395,783,1029.706441
301.5565,160,1029.719292
304.92755,377,1029.750966
306.0611,207,1029.752869
321.6819,160,1029.758104
267.9123,205,1029.77576
338.05878,171,1029.777506
239.78528,987,1029.803878
316.6043,193,1029.853596
352.0444,192,1029.859055
290.21704,216,1029.868344
329.4881,213,1029.879256
292.08408,235,1029.931739
341.3426,183,1029.936868
317.64764,157,1029.949267
322.75317,242,1029.962328
283.50574,163,1029.982828
335.43246,221,1033.891473
288.41602,191,1033.896813
329.83337,149,1033.901935
301.25546,260,1033.901962
269.20694,360,1033.909355
345.97775,230,1033.920559
298.68787,540,1033.931683
348.0525,160,1033.935468
317.17737,262,1033.93812
324.86426,226,1033.991928
310.17554,217,1033.99457
347.38275,144,1033.997241
335.41745,172,1034.017781
321.49997,153,1034.026
330.63675,209,1034.052196
334.08386,231,1034.073665
349.58908,156,1034.088896
309.96872,153,1034.090369
291.56573,153,1034.097885
322.82062,140,1034.107519
354.18237,157,1034.123717
290.4148,206,1034.144498
320.92163,178,1034.156621
291.43103,179,1034.216009
318.04285,255,1034.217455
315.03052,179,1034.218937
336.96323,241,1034.218965
282.06006,163,1034.230371
329.6209,173,1034.234352
347.7044,202,1034.242631
288.42926,190,1034.31033
340.84796,193,1034.329329
355.41083,164,1034.329384
291.98697,226,1034.333338
310.7781,191,1034.344923
312.65475,176,1034.363206
322.04666,168,1034.364882
337.962,233,1034.386662
320.06506,161,1034.416487
335.55685,204,1034.466784
310.61023,211,1034.476426
311.06378,227,1034.495139
305.11072,175,1034.541701
302.08722,261,1034.553229
322.4707,185,1034.555242
310.99924,156,1034.555288
325.85162,276,1034.581252
330.44247,176,1034.581298
343.59583,195,1034.584148
309.331,204,1034.667839
284.60886,246,1034.688796
321.67673,184,1034.70449
339.86597,151,1034.730138
343.11038,211,1034.756335
343.8125,170,1034.764628
300.81644,153,1034.771008
293.90213,175,1034.772615
271.80438,448,1034.782737
323.67603,255,1034.784491
316.6427,204,1034.836681
300.5061,229,1034.839532
266.67148,245,1034.881793
306.5087,163,1034.888146
153.04846,674,1034.918647
347.8509,158,1034.921334
302.16742,153,1034.942451
314.52454,200,1034.950319
320.18872,170,1034.971133
304.44055,543,1034.976125
279.87866,185,1034.996922
309.16513,193,1035.017221
289.51654,288,1035.019943
346.49615,211,1035.027034
320.6656,165,1035.037534
327.46112,216,1035.045478
313.70828,183,1035.061646
67.48366,118,1035.092951
325.04248,190,1035.114011
306.868,199,1035.130337
308.28516,180,1035.139191
315.44806,197,1039.075589
283.62396,172,1039.094509
291.19037,698,1039.101776
354.26654,175,1039.104455
313.4022,227,1039.132485
322.05603,157,1039.14103
339.79254,191,1039.163687
343.94977,201,1039.188121
310.9217,192,1039.210505
263.3379,220,1039.229519
308.00955,241,1039.23121
294.39227,212,1039.270289
304.79785,149,1039.281753
312.3101,204,1039.281801
289.21964,157,1039.302082
298.94318,205,1039.311318
312.35175,173,1039.351022
310.64078,205,1039.358579
302.8924,253,1039.391402
288.39258,186,1039.397538
306.36313,167,1039.438426
313.32056,250,1039.452774
313.51263,195,1039.452818
335.3708,182,1039.455639
358.65726,147,1039.463649
327.85138,176,1039.487835
290.49414,475,1039.497739
296.43658,157,1039.502869
325.9525,171,1039.5113
296.78503,156,1039.55184
306.66705,231,1039.568382
304.71204,165,1039.601526
340.93652,172,1039.604115
310.41937,209,1039.607888
324.35443,140,1039.629631
340.32324,188,1039.685919
327.74152,161,1039.687532
325.60422,202,1039.68915
338.18466,151,1039.690745
298.74066,203,1039.705638
322.768,205,1039.717533
283.43506,204,1039.753238
339.4983,153,1039.759638
326.98358,205,1039.768296
295.0145,184,1039.780569
336.38135,145,1039.78438
213.27637,611,1039.804067
277.30313,188,1039.838036
327.35645,194,1039.850563
365.1392,154,1039.880197
275.81506,156,1039.881799
264.0036,595,1039.92732
355.6043,153,1039.946737
341.44763,217,1039.961129
322.1734,203,1039.970676
329.86496,215,1039.973289
309.79138,305,1040.007109
337.60785,188,1040.014588
326.64526,201,1040.014649
331.28058,177,1040.022963
315.1853,221,1040.025681
310.38617,205,1040.033188
306.99463,287,1040.045582
317.7495,175,1040.069981
329.25818,206,1040.098451
272.87585,178,1040.105199
340.85815,156,1040.158062
347.01508,150,1040.160855
310.9842,191,1040.171165
349.0824,192,1040.193208
292.48853,144,1040.210197
291.61682,213,1040.244143
326.127,176,1040.270406
351.7334,220,1040.288507
311.7805,159,1040.305058
302.3796,193,1044.236063
336.51273,157,1044.251199
332.25922,270,1044.270483
316.45758,244,1044.271983
322.15567,178,1044.279525
344.97168,174,1044.283305
272.1105,410,1044.291684
324.75598,325,1044.321811
309.77133,224,1044.364122
358.0244,185,1044.366885
312.50098,213,1044.366914
297.35724,174,1044.411147
337.1142,192,1044.41728
356.95178,188,1044.463961
312.81323,182,1044.490538
292.86945,176,1044.492074
314.90833,175,1044.502926
291.7,145,1044.538525
325.26923,182,1044.539979
321.83374,175,1044.576538
293.42078,269,1044.606626
316.82,225,1044.637229
289.08795,206,1044.667954
310.97467,213,1044.670578
301.89374,163,1044.690691
92.160446,96,1044.696126
306.6635,183,1044.72564
334.2174,188,1044.768575
297.74762,262,1044.784033
313.18842,207,1044.794043
339.49988,199,1044.849532
205.5602,790,1044.895944
14.17326,105,1044.89796
356.93524,181,1044.913287
264.45312,615,1044.918324
317.84784,208,1044.927478
333.2666,547,1044.940728
305.95673,210,1044.955191
258.47772,234,1044.957883
306.669,207,1044.98388
296.0232,196,1045.027864
296.9107,194,1045.035064
335.68597,189,1045.089139
279.7699,158,1045.115375
264.9922,708,1045.119686
306.38412,177,1045.119728
175.50581,1000,1045.148198
305.2933,168,1045.162403
330.78323,223,1045.188891
354.96173,188,1045.188925
326.4552,254,1045.213245
283.15668,244,1045.241996
327.4111,628,1045.262971
324.36877,231,1045.266668
317.69702,190,1045.268132
283.05896,525,1045.285583
317.36047,180,1045.309949
337.30045,231,1045.312721
304.27344,158,1045.314599
298.12256,202,1045.367064
292.0728,186,1045.391819
348.60718,228,1045.395563
280.25235,184,1045.418646
338.53156,195,1045.431724
331.58597,245,1045.451119
80.56517,128,1045.467917
323.87103,163,1045.470558
336.87982,210,1045.472001
311.67334,187,1049.332254
325.96313,166,1049.355533
278.48398,190,1049.360397
290.64435,229,1049.387386
281.87268,200,1049.396641
298.14612,150,1049.417408
326.03177,142,1049.428305
317.73343,191,1049.438761
92.93872,89,1049.463386
320.80188,319,1049.471623
322.06622,201,1049.476613
334.69016,201,1049.512914
284.0885,635,1049.545489
273.8794,210,1049.562309
324.41107,210,1049.563817
298.06445,172,1049.569501
312.54385,243,1049.585395
331.59686,160,1049.592921
302.35696,160,1049.624171
343.71048,243,1049.629161
329.8952,199,1049.63081
335.34558,158,1049.633458
328.28082,184,1049.642842
318.15167,149,1049.65398
301.4958,146,1049.69186
352.87988,191,1049.709535
351.35077,143,1049.742098
333.47998,148,1049.745166
284.96262,170,1049.753534
326.1701,172,1049.796026
322.19153,138,1049.812467
316.23987,208,1049.820066
305.99896,164,1049.82673
350.9441,187,1049.862692
322.58383,486,1049.903034
314.1786,230,1049.916566
355.5954,153,1049.936501
326.4843,286,1049.948069
240.54305,260,1049.953002
338.58087,143,1050.003936
325.74475,254,1050.009292
321.9381,208,1050.015193
307.83142,224,1050.026581
339.29984,182,1050.040904
280.5123,265,1050.04094
30.372162,144,1050.045182
257.33456,483,1050.060786
355.93137,242,1050.120506
283.97638,196,1050.14427
275.90466,401,1050.149875
298.00366,176,1050.152502
306.90662,236,1050.204239
335.79587,142,1050.214609
318.17313,170,1050.221541
271.82748,242,1050.248197
303.80743,206,1050.261181
356.93042,174,1050.271646
308.91107,191,1050.273151
294.7139,272,1050.280559
292.4494,230,1050.286699
346.88275,154,1050.3388
326.76508,263,1050.345799
299.3039,171,1050.352194
311.32953,269,1050.365792
304.85327,157,1050.393197
311.64886,179,1050.429483
338.49033,239,1050.435811
296.66827,265,1050.438524
242.39049,532,1050.44748
320.4092,192,1050.454052
309.3591,155,1050.45812
305.87582,191,1050.501344
326.80664,187,1050.50401
312.0619,213,1050.504041
335.47504,205,1050.506923
319.26907,146,1050.514167
313.75146,198,1050.524796
356.95935,183,1050.574329
303.94647,189,1050.575983
312.25488,225,1054.482989
328.8624,190,1054.519109
316.9178,193,1054.530581
339.12253,161,1054.549104
336.3405,173,1054.562021
321.17484,174,1054.566509
281.312,224,1054.580243
282.7426,189,1054.587577
324.74338,247,1054.589199
345.34662,186,1054.592093
293.409,248,1054.608653
296.0161,180,1054.646158
258.72784,333,1054.689875
313.60745,217,1054.691387
292.76575,375,1054.705692
326.69525,179,1054.752167
269.08356,203,1054.769656
339.39227,325,1054.771832
320.95264,171,1054.789411
327.61658,186,1054.790854
290.69025,168,1054.796839
302.16278,206,1054.803458
326.1451,180,1054.808432
311.70575,186,1054.819124
279.78247,184,1054.833809
295.82333,222,1054.841666
271.45712,219,1054.912158
340.6434,208,1054.945217
282.77335,212,1054.951216
328.70667,170,1054.962487
330.1801,157,1054.9664
343.05798,162,1054.971576
315.6222,158,1054.986282
319.01065,143,1054.994868
323.03433,161,1055.003474
330.6643,163,1055.010695
329.12457,454,1055.047565
291.18158,287,1055.055838
334.85382,246,1055.0991
306.84747,257,1055.106196
285.69458,244,1055.135961
356.3428,171,1055.152382
313.80878,263,1055.153931
310.99414,156,1055.15552
300.72937,201,1055.158342
292.89856,195,1055.188175
308.15955,154,1055.189781
294.95474,170,1055.192864
332.26343,165,1055.19545
334.01428,187,1055.23641
331.99695,221,1055.239327
286.75677,162,1055.253395
308.7704,173,1055.258207
317.8019,192,1055.333469
290.12653,168,1055.358895
308.65155,168,1055.361805
310.5265,194,1055.391948
343.5712,215,1055.4013
352.60883,183,1055.417637
318.4225,153,1055.442941
357.41772,169,1055.445502
320.221,227,1055.470473
313.63092,208,1055.506143
301.88666,288,1055.50988
277.41592,270,1055.519258
347.29584,162,1055.53156
326.19574,178,1055.575282
285.35968,193,1055.592788
334.8712,354,1055.619913
334.00665,175,1055.630772
292.28143,195,1055.638144
360.90814,209,1055.645778
308.34814,339,1055.650701
334.57214,151,1055.653382
312.7434,215,1059.500418
333.90018,162,1059.501855
352.5851,236,1059.529997
287.8559,183,1059.538218
306.4112,212,1059.559305
305.15973,144,1059.588927
92.1384,128,1059.602076
334.22473,171,1059.633026
285.41193,256,1059.637235
285.41254,223,1059.658524
303.69696,191,1059.665208
307.31793,193,1059.679368
325.40094,263,1059.691734
268.95007,178,1059.717759
321.6749,191,1059.760784
289.29333,187,1059.765212
313.80496,160,1059.785524
316.71017,166,1059.805816
270.66098,301,1059.807281
338.37604,223,1059.830078
321.47675,165,1059.838307
285.54456,204,1059.940136
326.83386,160,1059.954777
115.27387,1000,1059.975433
296.9001,281,1059.977155
341.70526,180,1060.003582
299.6018,235,1060.003625
302.2381,275,1060.014045
264.30914,187,1060.031407
328.9977,202,1060.074903
322.12268,264,1060.08453
322.8645,233,1060.089327
346.60944,223,1060.10773
116.53774,1000,1060.117764
306.74597,139,1060.122824
334.03195,173,1060.182337
297.14056,201,1060.215564
320.22833,231,1060.217095
298.1609,201,1060.251881
323.54474,218,1060.261273
320.24384,188,1060.298355
269.78613,253,1060.305465
350.71872,233,1060.311163
129.215,80,1060.350215
330.38318,209,1060.357418
322.06927,158,1060.370608
347.56708,237,1060.372188
327.10455,280,1060.421424
338.6299,169,1060.421466
315.13678,260,1060.435729
91.56292,120,1060.4453
272.68466,232,1060.498181
302.9627,219,1060.53266
317.04755,198,1060.554614
349.93317,180,1060.592476
350.61658,202,1060.598502
287.61884,240,1060.59996
298.2339,159,1060.616735
303.71442,206,1060.629182
255.76068,228,1060.642471
354.399,206,1060.691026
310.99902,207,1060.70271
114.61771,1000,1060.718317
292.42444,194,1064.57392
322.50748,167,1064.631099
312.44498,200,1064.632604
320.47168,218,1064.632635
329.72937,162,1064.656461
53.879642,1000,1064.706557
114.86735,1000,1064.71326
263.75748,233,1064.717179
322.472,153,1064.719696
344.8192,232,1064.731942
307.0882,180,1064.764876
319.54608,205,1064.7694
323.76706,202,1064.81525
301.40747,162,1064.827641
321.80005,201,1064.873166
319.0086,143,1064.891565
114.16894,107,1064.895596
289.83136,171,1064.914119
327.4153,234,1064.914165
326.00513,176,1064.927027
39.10482,164,1064.932273
312.03113,227,1064.933818
321.77057,407,1064.966558
347.36407,234,1065.000767
291.22406,192,1065.004676
308.78394,145,1065.004706
305.3532,179,1065.033049
292.66785,153,1065.061487
355.18823,156,1065.080984
341.37866,159,1065.119367
290.98883,171,1065.137877
330.5976,203,1065.141794
39.535213,1000,1065.164598
341.86316,195,1065.168598
313.63058,142,1065.175632
269.58536,216,1065.175662
307.2437,185,1065.189214
261.3697,230,1065.191798
306.31738,205,1065.251621
316.95477,186,1065.304319
334.68866,229,1065.308373
-187.63068,912,1065.362023
312.6427,165,1065.374021
286.90192,198,1065.38054
345.77927,184,1065.389962
334.3791,229,1065.395296
307.2412,230,1065.415383
272.62653,353,1065.426166
320.21448,210,1065.428976
311.14352,153,1065.438213
326.17505,206,1065.443066
-224.1,833,1065.44597
348.4085,248,1065.466873
341.82013,235,1065.476886
279.24948,147,1065.490151
302.65033,179,1065.525551
313.17896,190,1065.598166
271.8932,451,1065.612106
320.15262,193,1065.615036
311.78476,163,1065.620282
274.32248,196,1065.625645
294.63187,189,1065.62757
337.65912,155,1065.637872
333.6938,196,1065.675842
328.2149,197,1065.68523
320.56827,167,1065.699438
318.87357,187,1065.70089
268.92603,237,1065.723027
356.68835,230,1065.731498
329.26917,209,1065.787352
327.9344,142,1065.803708
313.2367,177,1069.627741
308.84332,160,1069.627793
298.34982,172,1069.634864
336.9787,148,1069.664819
303.66888,221,1069.703895
310.73517,215,1069.70802
327.7672,154,1069.72074
332.47092,197,1069.734225
309.43103,190,1069.741637
319.8095,167,1069.745891
295.28143,203,1069.756402
314.67596,272,1069.759303
270.28186,451,1069.763337
292.953,163,1069.823362
312.35706,180,1069.830073
320.29965,168,1069.83196
343.63342,171,1069.842612
277.786,235,1069.880726
347.99634,159,1069.898336
314.95532,181,1069.928009
326.82208,180,1069.940276
316.51105,184,1069.959279
307.57755,245,1069.965847
282.64832,166,1069.965894
306.12015,200,1069.985941
316.56287,195,1069.994459
308.08923,139,1070.000547
273.269,210,1070.001973
283.2785,165,1070.026622
318.33234,153,1070.029982
331.38177,231,1070.040851
316.56964,197,1070.072713
345.7796,160,1070.09477
322.8568,164,1070.129992
342.7165,171,1070.148326
313.18204,256,1070.194693
314.9604,198,1070.207223
339.85986,182,1070.218136
317.12073,206,1070.218176
332.16382,230,1070.240545
326.72015,170,1070.249008
320.9978,223,1070.258745
314.20868,229,1070.310022
332.28357,212,1070.332548
330.96698,160,1070.346061
266.29785,323,1070.396487
299.91302,168,1070.41379
354.12378,142,1070.415276
318.03732,324,1070.424665
163.52238,935,1070.434142
348.60596,248,1070.43558
307.0339,197,1070.437135
282.35223,179,1070.46729
321.2,187,1070.488102
325.00653,259,1070.533166
300.4276,259,1070.533222
343.48206,208,1070.563068
300.00366,147,1070.57378
275.14633,205,1070.580782
334.81573,198,1070.585843
58.261406,98,1070.651457
341.5937,159,1070.660027
326.46765,205,1070.661443
335.11185,194,1070.670294
282.35138,206,1070.674272
340.05508,209,1070.686888
332.7621,214,1070.695063
320.27344,172,1070.695092
259.83203,576,1070.705534
302.61365,268,1070.740249
345.17325,165,1070.783087
324.82642,216,1070.796407
332.3863,173,1070.798079
246.78044,580,1070.804302
333.99777,239,1070.857062
300.99554,159,1070.858969
308.0045,168,1074.746371
329.761,162,1074.747889
335.25812,198,1074.756259
307.67145,209,1074.763352
334.721,167,1074.764949
286.31445,251,1074.834035
290.65497,265,1074.84706
301.50543,162,1074.84849
297.08685,191,1074.86977
286.63162,205,1074.900944
295.18814,290,1074.904814
277.81903,392,1074.90741
343.63458,192,1074.943399
314.63562,192,1074.944884
319.00806,160,1074.956598
301.8598,300,1074.960455
315.33505,195,1074.995322
327.62503,282,1075.003167
342.50128,235,1075.03646
313.4507,244,1075.046237
336.99884,213,1075.09533
305.90186,187,1075.099488
342.62585,167,1075.109077
313.42236,150,1075.126468
315.34094,228,1075.126525
325.18024,185,1075.126537
324.73102,238,1075.139828
292.01367,216,1075.167862
309.7339,187,1075.170784
320.60315,180,1075.174551
103.773575,77,1075.217475
319.95978,168,1075.236494
317.22955,238,1075.247423
322.6809,252,1075.297505
324.68915,148,1075.302323
297.91476,164,1075.303942
269.58563,254,1075.309793
311.86688,186,1075.31953
298.74268,189,1075.32724
315.242,158,1075.331081
310.19086,141,1075.343593
270.47864,264,1075.365644
337.99298,154,1075.405546
348.8215,195,1075.411535
288.36285,203,1075.417048
331.1356,254,1075.435092
312.09735,156,1075.440107
346.47968,178,1075.455601
328.85278,187,1075.534741
273.4925,191,1075.534789
300.17236,207,1075.56446
331.1112,190,1075.564503
346.7787,208,1075.595904
300.71228,242,1075.613879
314.12762,189,1075.642995
357.6076,175,1075.652976
298.42188,294,1075.66551
279.39682,216,1075.670602
347.5553,211,1075.67473
304.2182,288,1075.67947
332.8139,140,1075.703846
273.57263,238,1075.722722
275.85754,240,1075.747515
357.03204,183,1075.75576
313.4964,164,1075.761887
280.28268,362,1075.806093
305.42172,172,1075.849499
294.903,241,1075.854964
350.17993,159,1075.857627
311.60635,165,1075.869298
339.63675,231,1075.876856
341.34998,144,1075.878322
261.91473,233,1075.896798
343.07864,160,1075.917894
275.1939,246,1075.950389
-233.01219,165,1079.783741
119.80586,1000,1079.803252
341.97052,255,1079.812337
343.13287,191,1079.812373
344.38696,200,1079.814999
329.95203,162,1079.874727
11.735695,175,1079.886545
238.81279,323,1079.888219
316.93158,217,1079.891917
321.25195,177,1079.908246
278.59738,189,1079.911079
325.0676,161,1079.967818
277.33923,231,1079.980129
351.3236,215,1080.000316
348.42978,181,1080.022046
310.5672,268,1080.026059
296.59378,200,1080.029135
301.25232,258,1080.035577
275.5637,194,1080.050751
294.36523,198,1080.053545
330.44635,202,1080.058324
331.5786,158,1080.099961
274.6723,206,1080.137007
323.28546,206,1080.138468
329.5598,166,1080.181432
280.69348,165,1080.199844
305.61606,256,1080.199905
318.11658,153,1080.208636
339.60153,161,1080.220484
306.6045,177,1080.246618
349.97498,233,1080.250508
320.27246,162,1080.250537
327.04254,290,1080.259876
314.5409,193,1080.281671
333.26807,228,1080.295892
327.2421,178,1080.313484
337.39697,234,1080.329751
317.29675,169,1080.341315
319.3182,184,1080.360387
339.4405,183,1080.421823
326.7158,180,1080.426855
308.82474,212,1080.437855
328.47986,163,1080.443849
289.37878,182,1080.471904
306.26004,236,1080.487817
293.73206,220,1080.489689
324.27203,151,1080.523423
302.47095,197,1080.534859
287.3207,216,1080.544548
324.3947,223,1080.583775
321.9721,271,1080.588789
324.08136,206,1080.609402
278.9092,233,1080.613857
326.64246,159,1080.616576
308.74292,166,1080.645489
335.82312,139,1080.654838
298.54172,211,1080.693363
302.57007,221,1080.694916
284.75745,370,1080.699457
324.48047,226,1080.744192
232.30014,721,1080.747077
306.01068,164,1080.787347
345.11285,225,1080.795474
319.46924,256,1080.798344
344.24194,174,1080.819005
333.2859,200,1080.824853
319.32404,253,1080.840543
339.77264,248,1080.844141
350.1167,177,1080.867746
340.4376,192,1080.87637
299.45062,159,1080.887457
289.73358,175,1080.909842
273.52893,249,1080.916428
337.65344,198,1080.932256
317.75848,186,1080.967478
316.15588,215,1081.005769
303.33466,193,1081.019248
302.37347,172,1084.773274
306.7465,199,1084.776231
316.21564,199,1084.778929
352.54114,178,1084.796424
310.5896,208,1084.810479
282.49753,195,1084.846049
283.36664,215,1084.846085
294.3076,207,1084.868681
317.5133,181,1084.870311
303.0476,212,1084.884459
340.53363,211,1084.910636
291.04047,206,1084.922177
352.22522,167,1084.949685
302.79852,147,1084.95234
331.27005,150,1084.961282
361.9288,148,1084.990825
336.76923,204,1085.007029
308.1506,246,1085.007067
295.71265,148,1085.023267
328.63867,228,1085.051736
296.21164,217,1085.059384
346.41147,169,1085.074017
208.76982,597,1085.075635
353.04663,145,1085.087744
333.91354,201,1085.089225
291.82776,145,1085.098593
303.29898,186,1085.108998
290.74652,214,1085.126293
301.83392,152,1085.134438
27.703575,79,1085.204847
306.01382,230,1085.22813
334.64557,196,1085.245287
322.71637,240,1085.252105
327.77832,148,1085.255078
336.52496,221,1085.261028
293.35175,203,1085.278017
324.05008,218,1085.279912
333.35242,185,1085.285492
317.15494,184,1085.291925
291.075,166,1085.299484
321.26813,182,1085.317344
334.55408,217,1085.346143
320.0733,219,1085.371302
342.8686,222,1085.413805
301.8363,238,1085.424383
299.5846,158,1085.468495
333.8862,212,1085.468534
322.3681,171,1085.484928
316.00024,169,1085.489541
309.79364,192,1085.499141
316.0689,236,1085.521542
313.90338,229,1085.530055
318.7955,153,1085.531487
323.80463,196,1085.535094
342.6737,247,1085.559115
351.44006,232,1085.570273
274.6723,169,1085.575117
293.45874,262,1085.575166
117.338455,90,1085.577901
312.73468,224,1085.586739
123.010025,93,1085.634384
324.62244,224,1085.682428
319.05908,183,1085.709165
294.0138,191,1085.721882
328.83295,156,1085.726096
-1.984726,128,1085.74576
339.3045,154,1085.762438
285.11856,192,1085.767911
341.37076,225,1085.777073
303.9054,180,1085.785843
343.27405,178,1085.799171
298.63113,177,1085.800714
332.39954,216,1085.800747
284.71307,378,1085.902229
302.7412,174,1085.917333
312.26453,170,1085.939927
315.99182,169,1085.95343
315.3068,153,1085.971936
304.3894,133,1085.981331
324.89807,291,1086.0174
278.77,228,1089.921965
312.81458,197,1089.935076
346.4458,231,1089.946235
336.96698,235,1089.959423
286.67896,232,1089.963318
329.7752,223,1089.968857
272.44934,337,1090.037183
274.03394,220,1090.053094
310.31287,188,1090.058257
316.38058,219,1090.065721
326.03763,234,1090.104479
339.64423,217,1090.113467
299.26685,166,1090.127105
314.28052,169,1090.15431
328.94806,215,1090.15435
330.55872,158,1090.16132
335.66138,193,1090.201629
318.59515,226,1090.213996
314.4681,297,1090.221478
52.57454,90,1090.237538
231.70567,630,1090.248965
291.2221,245,1090.263163
323.5373,189,1090.272067
305.86975,183,1090.281754
3.7877045,170,1090.318557
312.79156,163,1090.360979
332.90848,247,1090.376667
284.727,212,1090.380901
307.39963,278,1090.409415
294.55017,231,1090.446888
356.6991,184,1090.44844
314.84613,243,1090.470199
336.1051,172,1090.490733
342.78918,180,1090.49213
335.35974,218,1090.498122
290.77057,212,1090.506355
294.12186,276,1090.551649
182.45717,959,1090.555234
289.18533,155,1090.556894
333.2522,248,1090.564617
288.46906,166,1090.58454
296.79047,252,1090.598963
282.90054,186,1090.611983
327.44647,169,1090.618102
323.65546,251,1090.633132
330.18008,140,1090.678241
287.8816,167,1090.696427
346.73865,167,1090.698417
357.0249,192,1090.708097
312.2641,219,1090.719213
326.03503,181,1090.723542
322.47162,140,1090.738598
281.4928,168,1090.764169
302.99216,271,1090.789631
306.55533,189,1090.793526
298.05304,181,1090.813043
323.04413,168,1090.825141
302.44104,180,1090.826563
286.73364,235,1090.852445
313.4898,215,1090.891677
331.8508,169,1090.896649
351.6156,176,1090.922331
341.38153,173,1090.927306
318.0354,205,1090.959428
343.2968,198,1090.971853
308.04312,200,1090.978758
327.8332,155,1091.008378
327.3671,177,1091.012286
356.8495,202,1091.017581
329.59998,181,1091.021251
273.5301,199,1091.076828
374.54633,133,1091.095829
327.89478,227,1091.111032
310.53815,214,1091.119483
315.4356,191,1091.129751
311.1645,155,1091.170226
309.81332,228,1091.179909
337.2389,183,1095.052217
279.0033,214,1095.078268
319.58295,183,1095.091589
307.30966,261,1095.100931
314.143,203,1095.126426
300.00952,229,1095.146449
333.93484,144,1095.161657
339.3697,240,1095.168018
301.83057,228,1095.209814
-33.028316,579,1095.209861
341.71347,209,1095.223737
331.5543,191,1095.259508
328.54572,245,1095.275881
350.88715,166,1095.296332
310.44293,194,1095.31674
320.19653,234,1095.321597
315.70355,203,1095.351719
296.639,188,1095.356876
257.38672,352,1095.382988
278.7953,197,1095.38806
299.09894,168,1095.417709
331.17194,170,1095.42071
294.62405,162,1095.423465
281.1183,209,1095.426569
298.84482,232,1095.449653
83.96614,109,1095.491866
339.19226,171,1095.508073
333.3598,203,1095.510841
322.9803,170,1095.527133
347.3755,171,1095.533535
336.6065,142,1095.559671
331.462,244,1095.57801
281.11945,164,1095.628083
213.00731,845,1095.642275
293.4002,174,1095.663407
306.7657,201,1095.667238
295.76306,258,1095.672151
304.8847,242,1095.68914
322.67178,145,1095.689183
338.6161,238,1095.717478
317.82812,191,1095.728031
366.17215,158,1095.729689
314.3457,181,1095.735197
335.30292,258,1095.740572
322.4453,156,1095.773008
343.0689,182,1095.787391
329.19403,159,1095.8272
87.662,117,1095.834039
360.64758,156,1095.861337
309.94733,162,1095.865554
275.84167,286,1095.886388
326.60992,236,1095.937875
342.5905,216,1095.942386
281.5228,167,1095.981993
286.74078,198,1095.984997
328.67407,218,1096.014569
322.98666,191,1096.025613
335.932,263,1096.047888
297.5379,258,1096.053224
294.29703,184,1096.058711
313.7563,262,1096.060371
36.45158,136,1096.111771
342.66068,222,1096.145287
109.615906,88,1096.168881
343.4642,237,1096.181782
306.16522,280,1096.185735
198.08147,913,1096.188378
320.21313,263,1096.192123
301.91568,168,1096.192152
315.95398,137,1096.199348
300.97137,208,1096.205832
316.70496,197,1096.233142
303.33655,147,1096.244292
344.46948,175,1096.273727
307.3139,197,1096.295393
98.06526,99,1096.307998
119.075,127,1100.212723
55.562897,90,1100.269536
297.81003,161,1100.283466
303.40298,244,1100.299079
349.13385,179,1100.30058
340.53302,223,1100.307542
303.80316,196,1100.314869
330.00354,205,1100.331403
313.73633,221,1100.390347
358.19998,213,1100.392167
285.41473,262,1100.414197
274.07947,185,1100.420321
345.02588,209,1100.438981
327.7752,148,1100.451607
340.89252,240,1100.510756
292.63275,173,1100.513862
338.46625,213,1100.546643
285.69293,205,1100.554425
337.4115,193,1100.554482
295.3838,192,1100.57227
325.48322,243,1100.609975
332.71628,178,1100.612695
344.34302,211,1100.651679
349.01614,194,1100.659123
311.4494,200,1100.66058
307.328,189,1100.686008
337.9546,238,1100.732586
334.3086,161,1100.752222
304.63428,186,1100.775706
313.08398,226,1100.793162
312.46527,162,1100.810136
129.96098,1000,1100.819881
303.95093,251,1100.822857
306.2522,226,1100.83528
347.76166,216,1100.839386
305.5893,145,1100.843497
344.13,155,1100.881505
314.4978,192,1100.895446
319.4179,244,1100.917754
327.9345,210,1100.925897
337.99933,155,1100.930761
206.67322,840,1100.946651
344.047,149,1100.978869
366.18848,157,1101.03321
288.7636,184,1101.038443
301.2914,178,1101.062255
272.13007,195,1101.075555
294.3672,208,1101.077111
294.19598,260,1101.099098
329.80826,181,1101.117319
338.6869,143,1101.122922
343.71094,180,1101.13973
285.71136,186,1101.154189
302.01337,324,1101.158407
296.0116,187,1101.161221
340.81824,247,1101.186635
305.6618,295,1101.189728
255.5213,196,1101.225868
349.36102,173,1101.251693
192.21457,961,1101.270852
332.69708,202,1101.292956
308.2801,143,1101.302586
331.0103,198,1101.312197
312.66827,190,1101.316141
310.00104,194,1101.323344
328.60205,165,1101.364591
331.54263,196,1101.36728
343.10083,167,1101.373753
338.21887,177,1101.38347
318.08502,195,1101.387051
278.91324,226,1101.388619
320.8535,170,1101.406132
304.12106,228,1101.475106
323.43164,172,1101.486712
319.75153,144,1105.372241
294.45688,220,1105.380752
286.78934,160,1105.384007
323.13202,171,1105.388235
315.59607,219,1105.406574
45.55513,83,1105.468319
320.19418,190,1105.480642
313.45685,157,1105.482311
295.03186,242,1105.506364
303.39215,214,1105.528799
302.52502,218,1105.538242
318.16348,275,1105.5409
318.73596,222,1105.542343
321.51007,137,1105.544864
334.26593,139,1105.55755
313.6076,166,1105.590652
-130.51395,172,1105.604553
335.59753,139,1105.643197
258.86655,316,1105.6459
345.4922,201,1105.656464
341.239,148,1105.664795
314.96283,255,1105.672071
308.31592,164,1105.683657
81.09027,88,1105.698308
297.90692,156,1105.723838
336.59726,191,1105.744469
281.4108,183,1105.784714
308.6344,198,1105.78477
290.43454,204,1105.800878
322.26843,209,1105.803741
289.40265,144,1105.823867
332.75247,232,1105.832675
312.7165,158,1105.844549
293.3603,149,1105.853089
311.67633,201,1105.854616
334.82715,172,1105.872504
348.26538,172,1105.887367
352.80212,163,1105.90002
284.21747,164,1105.948564
79.46556,135,1105.953917
309.16077,225,1105.965685
291.11884,152,1105.976247
318.43558,159,1105.998225
307.51688,226,1106.005839
289.3647,160,1106.025519
302.00397,158,1106.090255
322.5578,229,1106.093489
306.75943,204,1106.104373
314.40637,213,1106.104417
323.5415,204,1106.114532
303.46295,208,1106.118369
319.58868,186,1106.141736
337.30188,155,1106.164971
309.85825,241,1106.177952
349.40775,211,1106.220772
305.17932,222,1106.229106
325.83282,180,1106.251892
330.5647,218,1106.251953
345.0907,222,1106.286965
315.74835,235,1106.295354
303.05756,167,1106.344791
350.00043,187,1106.348001
172.4095,888,1106.356124
344.0255,216,1106.35757
312.20142,152,1106.365443
347.58282,221,1106.38705
333.07074,232,1106.391165
306.06628,236,1106.396608
337.4417,156,1106.415306
342.29956,209,1106.422517
311.57733,190,1106.467107
71.35116,101,1106.473106
301.9098,203,1106.548297
314.9546,247,1106.560409
324.8732,166,1106.567577
350.6988,231,1106.577725
322.88745,260,1106.579439
346.91888,193,1106.592946
283.154,185,1106.60018
308.90942,180,1106.622393
334.37042,164,1106.622431
307.0301,217,1106.631617
313.49786,174,1106.642755
340.41443,208,1106.649395
325.65637,232,1110.597965
287.46844,184,1110.614944
336.0415,135,1110.67654
330.52048,158,1110.680793
361.2636,159,1110.715255
315.35864,203,1110.721767
301.8595,184,1110.724382
324.9245,151,1110.7383
353.3589,196,1110.741311
325.74957,216,1110.807723
281.9641,219,1110.81221
329.80023,177,1110.819403
346.187,226,1110.848472
310.67297,198,1110.863591
319.6384,246,1110.867632
290.58093,175,1110.930565
311.3454,188,1110.971916
308.90796,242,1110.980287
332.01962,172,1111.020018
274.02606,255,1111.03745
300.57248,146,1111.042889
287.8625,257,1111.055625
328.36102,271,1111.05717
326.45227,198,1111.058686
349.53293,171,1111.078496
319.15613,196,1111.090465
299.73004,153,1111.164312
318.5385,194,1111.175092
139.56297,86,1111.199125
328.90863,205,1111.236315
260.94357,335,1111.236376
334.80566,163,1111.242984
304.16687,155,1111.251714
117.34273,1000,1111.257066
323.41287,178,1111.281242
342.8902,195,1111.300843
320.89383,256,1111.341491
299.9599,216,1111.348191
352.12457,165,1111.368895
36.48835,114,1111.395204
317.02628,183,1111.402587
301.00455,164,1111.404223
303.25916,159,1111.435575
310.62714,156,1111.438124
273.14465,166,1111.44427
317.7256,185,1111.488134
321.24292,196,1111.524864
291.02695,181,1111.526448
339.69,152,1111.532975
289.6884,151,1111.53819
300.5557,143,1111.574349
331.31152,182,1111.599617
195.03085,968,1111.601101
320.3868,159,1111.604969
317.67242,162,1111.608207
335.0417,166,1111.646058
135.2127,961,1111.678054
125.9525,72,1111.695518
314.30682,206,1111.697133
322.2043,213,1111.71358
333.99017,160,1111.727348
297.16486,177,1111.749603
316.36682,175,1111.753446
297.6191,141,1111.775805
320.30127,161,1111.806096
238.39099,921,1111.830844
306.48553,232,1111.832545
313.47803,179,1115.776795
323.11676,253,1115.798769
295.44678,197,1115.832558
336.17636,160,1115.857212
340.05817,162,1115.864367
339.36453,208,1115.866016
336.83167,211,1115.872141
278.54337,205,1115.880022
293.79266,199,1115.88601
280.73593,305,1115.890857
96.53433,94,1115.897161
-33.824066,777,1115.925985
359.44666,186,1115.946547
317.04834,215,1115.953843
308.79092,177,1115.961218
308.58502,178,1115.961277
32.266125,122,1116.012609
320.2469,173,1116.018828
71.54745,97,1116.018884
325.8192,153,1116.07884
294.36377,195,1116.082129
365.16418,185,1116.099792
334.75842,136,1116.121623
312.85828,139,1116.132582
316.9132,213,1116.148612
335.14325,209,1116.155308
311.3092,244,1116.182435
297.74774,151,1116.220581
312.3275,228,1116.227296
305.93762,208,1116.238904
274.2212,297,1116.259487
325.763,230,1116.270871
345.06744,153,1116.291844
338.71283,220,1116.310307
345.09686,159,1116.350937
335.11108,173,1116.357791
313.96188,205,1116.359593
347.0904,204,1116.430676
321.08875,163,1116.439334
273.46066,258,1116.443607
211.36139,820,1116.450045
293.60693,234,1116.462699
336.1046,214,1116.468619
300.0319,170,1116.484446
314.22058,221,1116.521751
315.28827,233,1116.523416
311.77853,235,1116.556535
320.28058,159,1116.559384
305.99054,201,1116.563229
318.23828,171,1116.573216
316.81345,249,1116.602708
340.18985,210,1116.615895
344.1471,146,1116.634048
298.67554,158,1116.642585
37.433735,106,1116.691511
333.89948,186,1116.701042
330.08728,195,1116.706923
337.59363,160,1116.726023
303.3499,179,1116.747832
322.49957,249,1116.754466
328.8235,257,1116.756534
319.74866,215,1116.758404
298.10156,160,1116.805977
353.31863,159,1116.834146
298.24362,226,1116.858045
346.82068,201,1116.868522
328.62122,234,1116.932126
291.83905,196,1116.946736
350.5083,155,1116.94843
289.11316,166,1116.961206
310.09766,208,1116.967341
332.037,188,1116.979961
300.8604,213,1117.014243
265.0249,242,1117.021498
361.10046,144,1117.030663
317.90674,224,1121.039859
309.25665,171,1121.086234
352.47186,202,1121.091378
322.95728,222,1121.103541
322.896,190,1121.161751
274.1943,355,1121.164629
35.418163,1000,1121.180921
308.76666,219,1121.187623
303.4489,229,1121.194621
313.2044,277,1121.197305
292.67578,174,1121.251473
20.750916,87,1121.300676
328.69482,155,1121.349811
305.28424,223,1121.373244
337.81555,248,1121.39095
315.30942,256,1121.395876
337.50443,200,1121.4073
308.71222,187,1121.421823
337.6777,146,1121.430836
309.13293,256,1121.494932
341.82596,130,1121.510374
303.26807,175,1121.515173
274.1333,300,1121.554953
323.87766,142,1121.567255
313.00073,169,1121.604672
323.29614,161,1121.60621
272.84802,181,1121.652108
64.74324,1000,1121.685086
301.84204,218,1121.689835
65.64406,1000,1121.692621
199.90839,678,1121.694468
302.0346,160,1121.710823
103.39811,861,1121.760401
311.12576,201,1121.765696
324.38434,234,1121.787396
293.98602,207,1121.81714
320.47675,173,1121.826963
89.57505,1000,1121.827021
346.21948,212,1121.837614
314.49078,195,1121.858496
359.02765,181,1121.887917
312.81052,184,1121.931686
342.22217,189,1121.93174
283.73224,187,1121.933323
318.0917,200,1121.953605
303.27432,200,1121.970974
309.99298,165,1121.979661
324.42944,183,1122.007571
355.71906,132,1122.027717
332.58014,166,1122.033787
348.62354,167,1122.053273
106.874756,133,1122.059206
324.90927,185,1122.068727
267.37744,214,1122.06878
74.80816,1000,1122.093388
291.3719,228,1122.121176
318.2801,164,1122.140952
335.27066,165,1122.142433
16.40261,74,1122.150786
322.36588,157,1122.175881
316.20142,140,1122.202836
318.13043,166,1126.134763
313.5012,150,1126.134828
329.497,217,1126.137605
371.56894,194,1126.144099
334.06177,234,1126.144159
281.6297,258,1126.154789
307.80872,145,1126.167217
316.82874,189,1126.196879
-252.98341,749,1126.215529
325.5183,227,1126.24511
298.25458,159,1126.269624
310.33936,207,1126.273371
328.4507,194,1126.279655
320.23328,230,1126.336225
343.83463,197,1126.347639
352.0896,248,1126.349494
31.859917,89,1126.360615
325.7304,155,1126.3659
315.81226,171,1126.373122
340.31076,180,1126.374578
293.4008,189,1126.380214
309.69788,190,1126.388515
308.25977,170,1126.432318
303.48822,238,1126.439003
312.0796,203,1126.458281
106.49568,91,1126.480475
333.71124,287,1126.499157
320.51337,192,1126.514848
302.91855,154,1126.553589
349.3002,174,1126.55652
293.37164,147,1126.564862
360.1159,178,1126.57401
325.69974,232,1126.576667
129.47308,97,1126.57965
324.2058,191,1126.591565
337.20505,208,1126.631699
309.19577,213,1126.64149
324.34167,180,1126.66316
331.8051,195,1126.675756
94.60814,110,1126.689753
260.5642,256,1126.70552
328.40515,170,1126.724371
326.5033,200,1126.727069
313.53427,221,1126.774989
312.99268,171,1126.801576
303.2417,196,1126.81542
312.27588,197,1126.821531
324.99487,222,1126.832386
286.5226,225,1126.844387
304.6798,218,1126.847751
344.99545,181,1126.862061
318.8061,205,1126.932511
311.36304,241,1126.943158
312.8933,207,1126.950433
319.015,185,1126.961632
312.37683,188,1126.964884
357.04636,170,1126.991805
288.79834,154,1126.999305
353.11438,139,1127.010288
302.4148,173,1127.040572
225.58488,622,1127.056181
311.1491,172,1127.060207
319.6406,224,1127.101157
320.12573,241,1127.152694
307.3684,175,1127.165355
94.96144,100,1127.169446
81.4733,94,1127.178128
293.9797,213,1127.204925
314.55597,169,1127.225055
300.61084,206,1127.225116
297.26422,180,1127.227975
300.45367,215,1127.237842
304.17184,279,1127.304012
336.03845,208,1127.325462
279.12964,272,1127.334665
325.27853,190,1127.341068
307.1319,161,1127.355376
344.34644,174,1127.38408
307.26416,162,1131.357309
318.1153,217,1131.371902
357.52136,175,1131.384755
312.7123,208,1131.393223
319.09937,232,1131.397933
304.16785,233,1131.445897
282.77655,164,1131.458471
316.95404,194,1131.475352
308.95734,157,1131.48043
312.73108,153,1131.502475
289.96143,286,1131.508865
342.59378,151,1131.544817
314.18604,227,1131.54793
95.12669,98,1131.583412
28.413418,88,1131.620023
213.6105,792,1131.631313
349.33325,156,1131.641576
276.42032,227,1131.668496
298.34967,244,1131.696765
313.43054,286,1131.72659
331.0973,204,1131.729339
312.61932,149,1131.729371
345.17838,226,1131.7632
305.35596,147,1131.766051
320.99295,181,1131.774405
302.67764,237,1131.802233
357.0689,158,1131.819758
150.39322,1000,1131.848999
254.27,856,1131.866585
302.8173,175,1131.888934
329.2998,218,1131.915381
283.42896,233,1131.923638
321.02142,143,1131.951898
321.12317,201,1131.980654
349.91788,235,1131.99428
327.21024,218,1132.005335
287.4583,172,1132.035415
303.5549,262,1132.058385
288.14984,247,1132.07239
296.89465,256,1132.087703
274.94757,174,1132.106484
302.7608,200,1132.117171
296.68835,163,1132.208094
319.5902,204,1132.208157
339.77228,188,1132.216046
283.6258,243,1132.219838
315.32373,150,1132.222613
271.7847,299,1132.224059
341.38138,239,1132.224087
239.3629,682,1132.250741
320.40955,226,1132.272813
311.22217,173,1132.3006
321.51904,206,1132.315834
350.37653,186,1132.347768
-1.1264992,75,1132.392978
307.15237,148,1132.396695
306.50244,241,1132.402493
297.78906,164,1132.423477
318.82288,195,1132.446636
300.276,187,1132.448058
279.82452,201,1132.454278
348.73993,208,1132.478618
305.92456,188,1132.503655
333.06488,212,1132.510088
283.58438,160,1132.510119
174.78079,1000,1132.513834
16.409843,73,1132.566875
320.8813,285,1132.57161
319.13098,166,1132.595605
332.43097,167,1136.517844
285.8653,231,1136.51989
338.1757,202,1136.543922
312.45648,209,1136.546521
328.94635,181,1136.569194
311.662,189,1136.571951
324.70837,156,1136.594779
270.61395,210,1136.598923
215.89934,752,1136.624141
292.745,179,1136.626791
353.82477,151,1136.676327
303.9549,223,1136.679342
325.8551,229,1136.680927
337.36325,203,1136.711246
332.26184,159,1136.717439
307.72394,188,1136.7805
287.59573,209,1136.782124
332.99982,187,1136.805209
302.9608,214,1136.810863
289.67804,180,1136.850566
307.08234,218,1136.868437
310.52734,227,1136.878988
358.29437,171,1136.890023
302.9482,260,1136.893797
324.01074,146,1136.893827
340.64606,152,1136.906791
329.25266,239,1136.922075
319.42316,164,1136.982904
123.33137,97,1137.012188
315.63336,196,1137.023805
338.8843,178,1137.03062
12.227501,133,1137.05271
295.58533,222,1137.078948
344.154,200,1137.09974
268.0979,188,1137.111537
332.72052,208,1137.129035
359.01218,194,1137.133818
297.13495,213,1137.168635
30.679222,1000,1137.201247
321.9743,231,1137.207947
249.81685,427,1137.207995
337.74,164,1137.231191
333.67178,223,1137.257019
313.00128,199,1137.257064
222.63971,643,1137.259796
301.98083,204,1137.273812
274.3468,163,1137.278631
333.02313,202,1137.300923
294.564,173,1137.312949
282.26352,159,1137.324169
279.23053,198,1137.375113
328.8468,175,1137.384354
278.71292,228,1137.391133
356.76154,162,1137.406803
311.3141,147,1137.413792
313.88943,177,1137.42911
322.51526,175,1137.480495
316.799,191,1137.49771
336.74042,177,1137.503011
330.24585,262,1137.531632
288.61774,198,1137.555054
330.37692,241,1137.564341
311.49414,148,1137.598823
322.0891,226,1137.611302
322.64038,281,1137.63141
344.42517,210,1137.646424
312.35925,206,1137.657107
293.97302,219,1137.667295
288.02716,200,1137.672377
295.06598,204,1137.689876
349.92633,190,1137.723177
249.04184,332,1137.734266
324.698,139,1137.739475
297.78198,166,1137.742343
334.45587,194,1137.752614
326.50397,190,1137.795595
336.5497,164,1141.741097
261.40784,261,1141.752362
348.7302,155,1141.772672
321.0199,208,1141.782271
348.07153,185,1141.786092
267.97412,213,1141.836004
71.97796,1000,1141.853198
295.31027,153,1141.85325
288.9183,207,1141.853261
345.15686,212,1141.855244
329.73608,196,1141.858401
341.3014,167,1141.866832
289.07486,182,1141.873816
306.00214,188,1141.909789
338.67432,167,1141.928805
345.67984,157,1141.940309
329.56207,149,1141.942278
332.23242,154,1141.982722
319.55573,264,1141.997613
344.6682,196,1142.023688
355.4264,160,1142.043226
309.0033,238,1142.087028
309.58368,194,1142.102725
315.03888,181,1142.105414
281.7613,203,1142.113323
327.14337,207,1142.132658
303.61285,227,1142.149072
305.74994,249,1142.172146
297.6947,207,1142.191184
297.3812,227,1142.199215
323.35184,170,1142.199251
327.20316,280,1142.210558
329.6477,214,1142.212148
305.83926,203,1142.256731
322.04727,255,1142.265227
345.13394,192,1142.283762
350.23907,188,1142.323078
282.70886,248,1142.337174
297.2041,183,1142.345153
296.60095,202,1142.361286
322.37402,178,1142.372993
325.31677,151,1142.382684
334.32245,146,1142.384212
305.9323,212,1142.398284
312.30307,191,1142.411349
329.4331,175,1142.429935
294.69495,144,1142.436116
281.09985,195,1142.445079
38.683773,102,1142.45262
356.83972,160,1142.482723
350.4803,210,1142.525597
334.798,270,1142.548028
350.0327,169,1142.555149
325.68414,155,1142.574676
84.92099,84,1142.588577
322.84644,162,1142.61365
320.12274,190,1142.619995
327.86926,146,1142.626181
328.854,183,1142.626215
317.17453,156,1142.631137
288.1292,236,1142.654724
320.9958,240,1142.672584
337.1869,182,1142.680662
308.95636,207,1142.690531
341.9647,206,1142.785823
320.81366,210,1142.815291
317.8849,194,1142.833652
328.59515,176,1142.837021
303.2787,236,1142.853086
322.75458,192,1142.862576
299.6337,238,1142.874455
312.79022,188,1142.892731
306.7082,221,1142.905442
310.74878,230,1142.921492
313.31946,216,1142.943119
308.36847,210,1142.943166
330.46027,223,1142.969123
307.7779,294,1142.996764
293.03964,192,1146.952388
353.75516,157,1146.958078
357.4768,147,1146.96224
312.33685,153,1146.980867
301.45554,180,1146.985976
313.29803,185,1147.035393
336.61395,234,1147.037234
12.996971,161,1147.052823
309.5755,146,1147.056675
323.87885,169,1147.085373
303.95105,216,1147.105865
314.32474,240,1147.125248
300.37616,161,1147.131176
349.61517,166,1147.170357
278.52798,152,1147.17851
313.67517,169,1147.204155
333.9331,222,1147.247198
325.61877,178,1147.263719
333.9179,193,1147.285016
19.218388,1000,1147.293804
281.39505,269,1147.30495
335.13727,158,1147.330284
315.10657,231,1147.348684
319.6767,154,1147.363131
321.06427,253,1147.37366
337.50247,231,1147.399283
348.2816,153,1147.437933
307.5022,263,1147.453423
307.99847,217,1147.476133
299.86075,206,1147.519958
40.724987,1000,1147.522685
321.3621,280,1147.527566
291.54547,209,1147.551677
283.54425,183,1147.556708
310.96112,192,1147.602539
353.7464,153,1147.630845
320.1373,209,1147.634744
276.84265,307,1147.667707
327.78247,183,1147.686943
281.58438,273,1147.69336
331.43365,196,1147.722378
309.61758,266,1147.73207
327.58942,163,1147.733614
339.28302,196,1147.771221
298.88315,192,1147.797553
342.6784,233,1147.815937
353.9449,168,1147.815975
344.08664,231,1147.850651
295.2961,177,1147.855717
332.07477,158,1147.868592
351.78284,167,1147.900102
306.8377,213,1147.907897
326.70953,156,1147.932601
298.1288,168,1147.982996
366.7033,152,1148.005779
313.09778,140,1148.032459
321.73273,155,1148.045631
313.0492,250,1148.049466
344.03888,209,1148.079539
305.7506,317,1148.093156
318.89877,154,1148.099104
235.08383,954,1148.103459
300.77078,226,1148.154243
332.30145,183,1148.161427
349.95105,215,1148.168709
75.3889,99,1148.171465
309.2691,181,1152.148635
312.28558,210,1152.161996
311.647,178,1152.171146
329.36322,161,1152.197082
-150.3952,958,1152.209877
303.08612,202,1152.219458
303.24133,178,1152.23232
320.56525,163,1152.280747
304.525,214,1152.28723
313.69653,224,1152.297522
341.4599,186,1152.304078
315.57837,181,1152.315083
311.83606,159,1152.362708
324.45615,163,1152.415411
295.32385,206,1152.43229
334.45676,286,1152.444813
333.77097,178,1152.456553
195.35907,993,1152.469015
341.45068,227,1152.482223
321.07578,269,1152.488598
339.24005,166,1152.490041
345.32996,216,1152.491503
333.69714,168,1152.515226
316.8562,161,1152.517928
309.60168,200,1152.541146
178.24785,668,1152.55514
322.5016,189,1152.600415
280.12375,270,1152.639303
340.75333,156,1152.655937
295.76852,186,1152.668
286.32382,208,1152.679129
343.87143,161,1152.693565
290.76486,178,1152.695091
297.9167,183,1152.745574
339.50778,208,1152.745624
309.6452,217,1152.76385
292.80646,240,1152.793633
305.06335,211,1152.804845
304.10773,207,1152.813667
310.77795,240,1152.81878
351.08676,139,1152.866011
100.45072,107,1152.878957
307.23877,224,1152.88265
286.0711,204,1152.892374
-9.688123,1000,1152.897422
308.15924,216,1152.923331
311.19385,213,1152.932411
354.28653,214,1152.944436
308.25513,178,1152.985807
336.28534,156,1153.007477
335.77295,253,1153.009064
296.4254,225,1153.026103
346.8062,172,1153.033609
313.52643,142,1153.101796
328.55566,248,1153.114822
343.8012,174,1153.114864
293.9508,202,1153.130115
329.07892,220,1153.140713
41.916348,114,1153.150643
341.76282,135,1153.154557
328.663,224,1153.174595
329.5697,182,1153.174644
324.74918,246,1153.193143
316.54892,215,1153.203958
353.70288,167,1153.244029
316.1587,234,1153.310794
323.43378,159,1153.321828
305.11182,189,1153.34496
275.24646,163,1153.352163
315.1836,165,1153.384171
331.24908,215,1153.405663
333.67096,241,1153.422044
260.86902,220,1153.43217
320.68005,190,1153.434123
293.47174,209,1157.345906
322.65985,242,1157.369781
63.39094,104,1157.418843
318.8967,170,1157.438512
290.57846,235,1157.448159
336.48572,161,1157.450821
269.82883,274,1157.455888
346.26965,159,1157.455919
344.5268,206,1157.472059
326.74884,148,1157.523429
290.63452,168,1157.5507
337.63605,145,1157.55239
330.64935,206,1157.587208
300.07034,226,1157.595785
118.568016,1000,1157.609689
327.50848,167,1157.647731
338.06616,159,1157.65222
325.4644,187,1157.707168
352.09686,202,1157.709997
318.42456,202,1157.710054
330.12747,136,1157.72203
25.575768,137,1157.725711
319.3443,245,1157.730959
350.3985,226,1157.735203
306.63373,210,1157.79474
346.7746,160,1157.817234
285.83557,200,1157.852762
343.25284,171,1157.873021
334.89502,182,1157.884124
329.93298,240,1157.895195
329.58942,145,1157.917226
333.90726,175,1157.932825
336.06433,174,1157.946909
306.7282,187,1157.949473
322.45526,192,1157.955339
137.04114,1000,1157.962751
323.002,206,1157.985437
338.39783,202,1157.992035
292.9995,176,1158.013821
314.0861,178,1158.038709
356.0247,147,1158.075933
286.8991,162,1158.083287
92.55953,92,1158.100112
302.63702,156,1158.111025
311.57355,148,1158.135969
304.5371,154,1158.140896
323.23212,177,1158.154548
178.96849,1000,1158.196885
312.17126,197,1158.203876
301.44055,211,1158.25413
306.65588,198,1158.261565
328.7677,246,1158.272111
339.5788,168,1158.311628
235.39883,366,1158.329935
343.1576,202,1158.331635
340.19583,237,1158.337219
300.68646,204,1158.367489
334.76636,244,1158.389256
309.61017,213,1158.400014
291.02325,222,1158.431309
323.93784,151,1158.449796
332.11987,213,1158.462198
321.62555,218,1158.473915
342.92725,180,1158.494063
330.77515,157,1158.529001
304.9787,234,1158.544274
338.71036,190,1158.56313
335.5949,190,1158.564665
151.75713,1000,1158.600224
339.00812,170,1158.609814
326.67096,202,1162.573078
39.05825,150,1162.581117
319.20435,245,1162.603196
304.2201,202,1162.615084
303.7649,205,1162.636174
327.24747,197,1162.650608
270.06042,506,1162.70274
354.46167,148,1162.718057
322.03455,180,1162.720658
290.44177,183,1162.725717
320.84912,244,1162.730676
302.89145,158,1162.768188
325.33817,250,1162.774387
327.1787,166,1162.809808
298.30212,224,1162.823766
356.01465,193,1162.85512
286.48517,224,1162.860046
284.79504,172,1162.866759
334.4817,210,1162.900713
314.7796,169,1162.9426
299.20236,142,1162.951016
323.40994,184,1162.956014
318.02185,203,1162.956049
276.58783,193,1162.962369
343.11615,200,1163.020701
5.087676,1000,1163.032585
342.0717,146,1163.037929
318.88834,257,1163.040528
278.94235,178,1163.046446
273.98898,470,1163.065028
318.21667,222,1163.086076
316.898,190,1163.096423
326.84845,188,1163.133158
312.13678,217,1163.137286
351.61322,148,1163.141526
312.14462,163,1163.167563
317.91595,187,1163.178041
324.5625,186,1163.190378
323.77844,190,1163.190428
335.91714,175,1163.241582
325.20404,175,1163.267171
328.14417,144,1163.270216
300.5445,186,1163.275428
320.1985,208,1163.294395
343.85614,214,1163.307456
330.21228,202,1163.321294
334.10565,153,1163.332742
344.42145,204,1163.356519
332.94348,134,1163.36039
314.29462,194,1163.387036
31.500526,96,1163.390858
309.99426,207,1163.396602
299.06253,182,1163.407605
313.22253,161,1163.44588
322.9674,257,1163.491604
106.10689,1000,1163.494467
289.37903,246,1163.501114
322.79144,157,1163.529068
290.88272,211,1163.534701
329.46982,190,1163.536321
27.263466,129,1163.550975
329.46942,210,1163.573996
322.2718,237,1163.5759
308.93607,147,1163.578413
314.36746,150,1163.587326
303.27393,197,1163.608613
309.12308,229,1163.610371
312.2381,215,1163.628906
289.46954,200,1163.661662
326.57996,177,1163.669075
309.01453,153,1163.695426
329.29846,208,1163.754563
318.1044,163,1163.756432
291.12582,151,1163.765675
283.0619,152,1163.76571
300.23914,185,1163.768525
292.21048,195,1163.778308
334.1477,225,1163.781459
320.59515,163,1163.785711
325.57825,205,1163.79765
319.0063,183,1163.820493
359.96906,178,1163.83688
322.85767,168,1163.84176
317.28876,171,1167.791082
302.85626,223,1167.798061
286.97174,164,1167.810927
339.62836,191,1167.810975
27.434334,91,1167.81891
323.28564,150,1167.861692
324.62494,167,1167.874392
331.63104,178,1167.906423
292.67578,192,1167.931185
346.1507,212,1167.951885
308.27295,228,1167.960844
333.01324,240,1167.973116
293.76862,210,1167.987345
304.33838,150,1167.995597
292.35638,199,1167.995647
356.7849,208,1168.002329
320.2505,178,1168.020887
326.01624,185,1168.024212
291.35846,175,1168.02968
337.46567,231,1168.106101
275.6823,201,1168.124762
339.7339,136,1168.132982
310.80685,225,1168.143929
51.544647,138,1168.169205
279.73804,195,1168.175955
343.60785,159,1168.187421
301.2228,238,1168.206835
319.7301,176,1168.217805
319.77927,220,1168.231192
285.0036,160,1168.231242
308.26392,229,1168.269441
280.95447,218,1168.306818
278.96417,240,1168.314794
314.6809,239,1168.330333
334.10345,186,1168.350544
302.18127,170,1168.35059
288.95642,176,1168.374588
334.82407,173,1168.403458
277.7552,214,1168.411006
291.52026,175,1168.417354
286.5914,197,1168.427046
327.1583,154,1168.431937
338.14728,175,1168.456503
333.87854,208,1168.477933
285.54016,189,1168.508339
288.51978,163,1168.511598
304.53867,159,1168.514344
60.40074,97,1168.525565
46.41063,138,1168.547596
342.95343,170,1168.561984
295.44516,178,1168.574366
327.54498,239,1168.632117
318.16986,199,1168.661414
292.73483,189,1168.665493
286.06744,188,1168.669312
322.07965,147,1168.695675
318.96396,221,1168.697346
316.88696,174,1168.698861
309.82574,180,1168.74228
305.07062,244,1168.766201
322.11664,199,1168.775988
344.382,182,1168.794338
327.37122,224,1168.796013
337.44836,210,1168.814617
318.2051,156,1168.829834
313.7873,240,1168.875532
346.52393,176,1168.88298
306.0448,168,1168.907441
296.48447,168,1168.908883
332.48218,207,1168.928252
278.63293,185,1168.930203
153.07848,1000,1168.933453
304.5387,161,1168.948104
130.20358,102,1168.960416
281.72583,247,1168.983634
295.0415,175,1169.000549
308.39905,176,1169.020359
315.53345,190,1169.036669
43.119938,92,1169.047457
43.767128,103,1172.930907
299.3653,235,1172.933814
272.30493,184,1172.985783
322.9077,178,1173.003242
310.70038,155,1173.021507
293.77362,220,1173.023385
282.21625,206,1173.074422
319.1676,223,1173.080082
351.20868,138,1173.10368
29.488857,83,1173.126556
286.08505,216,1173.138758
298.3114,187,1173.147911
317.331,236,1173.147952
279.27356,200,1173.185731
324.32214,241,1173.190972
296.47308,141,1173.202986
309.42715,244,1173.212856
334.87735,165,1173.214657
327.66113,210,1173.253989
298.7694,157,1173.329192
326.93777,168,1173.356819
34.30996,120,1173.359017
320.98767,163,1173.360697
173.2338,1000,1173.364835
297.96667,224,1173.369638
318.48682,235,1173.410194
315.92004,180,1173.421143
295.71823,282,1173.440892
269.56592,186,1173.459727
335.24347,213,1173.472944
51.577744,108,1173.508953
296.33502,194,1173.510755
354.7572,149,1173.555726
299.24487,263,1173.557433
314.14215,180,1173.593403
290.2965,222,1173.622983
329.32886,198,1173.629696
343.3227,227,1173.658481
301.36444,200,1173.681001
307.77634,178,1173.687512
291.21783,197,1173.695066
134.80928,110,1173.697085
45.107506,194,1173.721988
295.76837,259,1173.745749
284.30353,187,1173.748634
284.47705,146,1173.779487
333.10104,150,1173.809589
323.21582,239,1173.812226
343.15662,224,1173.840521
355.32434,162,1173.860332
293.84824,165,1173.891886
341.21118,159,1173.893392
301.30823,181,1173.905729
310.54492,209,1173.953048
136.38258,1000,1173.955715
295.4504,178,1173.965652
308.40424,184,1173.97064
341.78217,204,1173.972242
312.26404,308,1174.008626
350.90906,212,1174.036973
114.15713,1000,1174.047809
298.91315,210,1174.067674
140.03174,84,1174.06933
336.29816,149,1174.075638
306.14264,157,1174.085962
322.12152,231,1174.095181
261.4383,211,1174.117921
312.79572,177,1174.123091
309.01797,252,1174.147432
333.10202,213,1178.257195
340.82434,135,1178.259209
279.63342,192,1178.274668
331.5988,227,1178.279536
313.00482,244,1178.284096
310.93787,174,1178.296496
320.5699,153,1178.312832
335.20935,164,1178.316211
336.55743,264,1178.322291
349.7096,145,1178.347522
287.02634,206,1178.396064
288.1714,236,1178.406718
101.32321,102,1178.408306
326.6692,176,1178.414484
214.49486,998,1178.455724
314.7204,141,1178.475692
275.74802,253,1178.478744
283.70563,145,1178.508606
327.39905,184,1178.51333
310.88065,192,1178.552253
334.86053,184,1178.557395
311.62158,140,1178.585212
311.06305,148,1178.587168
317.3869,148,1178.597441
295.15527,207,1178.612689
261.85718,270,1178.642936
319.10474,262,1178.659231
323.59027,198,1178.672553
333.37494,166,1178.694571
354.6236,164,1178.729599
317.21198,217,1178.763714
351.40424,236,1178.765213
319.42297,173,1178.784613
314.19644,183,1178.792056
281.76398,400,1178.807383
302.87592,249,1178.834653
312.40228,187,1178.859517
323.43582,209,1178.871865
330.76727,225,1178.881629
347.32776,162,1178.883219
350.52936,227,1178.886199
317.09048,187,1178.887841
346.2625,204,1178.994888
301.35568,266,1179.005385
304.0396,192,1179.015235
353.12793,174,1179.01908
295.60944,148,1179.028773
299.26596,211,1179.037147
298.7376,186,1179.047831
299.3787,171,1179.106622
330.80164,177,1179.110615
300.18475,192,1179.120053
22.669014,130,1179.161226
305.0027,218,1179.168583
333.5686,221,1179.168622
335.52368,250,1179.185116
328.312,183,1179.275735
330.35663,172,1179.281847
86.03374,105,1179.313812
304.83905,216,1179.327993
37.075745,167,1179.334268
324.82037,236,1179.334313
314.953,254,1179.343355
306.90765,145,1179.364307
332.7823,195,1179.373333
107.101204,1000,1179.377592
314.4644,159,1179.377631
331.96805,222,1179.418537
311.70844,182,1179.42902
343.42795,330,1179.450962
321.43182,148,1179.506089
341.4805,141,1179.517591
323.4838,150,1179.528843
283.1759,159,1179.533952
331.43335,185,1179.581876
344.66595,239,1179.591343
283.9981,245,1179.592847
296.38376,185,1183.489332
3.083786,165,1183.524283
309.48932,196,1183.553386
324.641,247,1183.577059
324.4125,204,1183.594492
279.72137,162,1183.614602
320.33203,288,1183.623514
339.71112,179,1183.640487
311.59763,203,1183.653843
341.8991,185,1183.704267
345.76416,202,1183.717147
312.61902,203,1183.728342
310.11597,157,1183.748471
322.66962,181,1183.749972
294.49756,293,1183.75767
332.42212,155,1183.791852
323.43213,190,1183.81818
309.4489,155,1183.822685
283.7533,265,1183.82272
327.4358,146,1183.829257
340.08176,169,1183.869217
278.49683,202,1183.87071
118.54137,1000,1183.872207
307.253,171,1183.946381
337.5205,196,1183.953858
345.47168,162,1183.955335
118.1011,1000,1183.959443
321.97327,183,1183.979633
302.92426,212,1183.986392
305.56146,161,1183.994483
312.50864,142,1184.000299
351.61707,153,1184.019183
317.20068,171,1184.030466
297.1975,218,1184.031936
319.01776,139,1184.042746
299.568,182,1184.093724
301.81665,236,1184.111206
319.76517,210,1184.129513
322.5824,181,1184.173067
311.72687,184,1184.180604
70.19285,126,1184.182213
292.2865,163,1184.188474
359.79974,180,1184.197681
-7.80439,182,1184.20621
318.8282,154,1184.218229
342.91248,224,1184.221126
293.9731,232,1184.237812
338.92947,180,1184.237857
348.51703,209,1184.253093
286.63727,157,1184.320039
337.2559,178,1184.327934
284.98508,197,1184.335087
309.6589,148,1184.362941
324.41318,283,1184.384301
351.65494,176,1184.388782
284.79645,176,1184.396029
356.92703,171,1184.397498
344.3886,156,1184.408233
297.20987,182,1184.456084
308.54175,214,1184.457746
314.08728,229,1184.483644
321.20087,217,1184.498809
293.5321,151,1184.502621
114.73649,1000,1184.505601
291.30225,212,1184.509922
336.5288,164,1184.534756
340.63104,190,1184.563036
288.9677,146,1184.567028
318.39728,213,1184.65273
342.6899,223,1184.672843
313.4367,254,1184.677049
303.65808,227,1184.677086
284.34412,183,1184.68405
321.97232,174,1184.701133
308.90942,142,1184.711731
301.6141,208,1184.715493
310.32455,190,1184.744341
297.69357,280,1188.676817
276.5008,211,1188.688874
334.78842,220,1188.697561
301.78488,139,1188.773155
324.15112,145,1188.779912
290.61108,168,1188.849903
322.60895,191,1188.863085
298.77417,202,1188.87039
315.6324,230,1188.882658
345.0792,153,1188.905532
282.42737,186,1188.929048
343.3162,175,1188.942396
286.72504,248,1188.97668
270.5367,246,1188.97842
292.01404,247,1189.022482
336.0633,141,1189.047239
334.62592,192,1189.050277
335.44366,142,1189.067505
250.14911,222,1189.093756
303.5447,197,1189.155396
355.4052,219,1189.167897
330.3402,171,1189.217969
324.02997,166,1189.257861
305.69562,251,1189.298873
334.38867,270,1189.309914
326.4538,190,1189.341746
306.6285,258,1189.343805
295.55618,214,1189.358144
321.64752,200,1189.385619
332.5852,238,1189.390328
346.0913,195,1189.437971
250.24622,395,1189.462272
158.9526,1000,1189.469472
30.11464,99,1189.480829
331.15866,232,1189.497185
291.18915,200,1189.498892
299.99377,191,1189.523017
333.79425,147,1189.542381
320.6726,141,1189.548653
304.56863,176,1189.55215
326.315,199,1189.57231
337.3243,165,1189.60389
311.91492,175,1189.668179
317.42264,214,1189.673581
311.37433,151,1189.678544
351.9124,151,1189.696249
301.12512,189,1189.712629
301.8755,143,1189.750311
-85.38159,947,1189.765303
131.9558,1000,1189.773753
336.05466,198,1189.776659
302.64722,143,1189.785841
331.53235,205,1189.810313
322.6239,219,1189.824132
129.18745,1000,1189.826828
291.9052,268,1189.83776
320.74225,174,1189.881788
353.57446,197,1189.937484
320.90527,221,1189.943837
337.07184,241,1189.974782
337.78165,172,1189.979398
327.65784,162,1189.985664
322.1939,177,1189.993501
305.60828,223,1190.030286
307.11285,189,1193.955108
315.40717,220,1193.959886
319.08374,183,1193.967066
330.52747,191,1193.975313
300.7931,152,1193.984094
308.12976,193,1193.991207
305.97742,143,1194.078612
339.8005,172,1194.096581
304.1972,205,1194.101355
321.1569,221,1194.129334
334.88367,190,1194.131045
274.14215,160,1194.16296
296.5312,165,1194.16301
306.86136,189,1194.172529
286.2234,232,1194.176435
338.4945,171,1194.19342
8.861935,106,1194.273504
343.64496,160,1194.289037
311.15485,157,1194.309691
345.99606,181,1194.333395
332.5995,173,1194.356599
337.1468,155,1194.367512
328.7022,151,1194.37255
338.45886,181,1194.397845
273.30652,180,1194.410307
325.88483,372,1194.426029
307.9671,357,1194.440476
331.10992,141,1194.447243
314.45447,135,1194.476725
322.03784,153,1194.479464
49.811615,79,1194.501629
329.5206,238,1194.505565
313.7135,136,1194.547512
327.07397,172,1194.606362
142.91061,1000,1194.657348
326.42584,173,1194.670194
106.09432,1000,1194.750641
330.0288,235,1194.791487
301.8128,203,1194.807224
319.60663,228,1194.817259
281.39282,231,1194.824306
364.7766,157,1194.842778
326.65195,246,1194.873964
360.44107,138,1194.87681
314.17264,336,1194.910372
309.7356,253,1194.934159
153.5475,1000,1194.966076
306.6827,145,1194.98261
340.96765,151,1195.031764
307.1349,258,1195.067317
323.79834,195,1195.100321
304.759,168,1195.12245
335.63263,206,1195.132076
304.6576,162,1195.139541
272.0603,186,1195.143855
324.77948,154,1195.151799
306.9602,256,1195.190915
340.62067,188,1195.222069
116.01424,96,1195.26884
282.04736,212,1195.268894
321.27478,154,1195.302596
330.44974,148,1195.3165
329.3719,201,1195.333605
122.56888,1000,1195.347242
277.799,170,1199.3182
344.34277,179,1199.318262
334.25446,151,1199.404396
295.4914,221,1199.418059
345.0229,136,1199.419626
309.36832,479,1199.439419
296.85547,174,1199.479275
324.94354,249,1199.483024
306.85294,277,1199.558226
288.0199,230,1199.559732
331.98865,223,1199.591115
332.6468,140,1199.611205
301.17703,159,1199.613028
156.256,1000,1199.642937
102.409134,1000,1199.6654
326.36273,236,1199.704005
332.2155,143,1199.745584
323.68518,260,1199.747194
153.66887,1000,1199.7553
326.9689,245,1199.797419
310.83954,141,1199.801496
351.88635,188,1199.807003
259.029,282,1199.840392
320.04205,193,1199.845592
247.27052,422,1199.852947
305.491,146,1199.855613
291.916,224,1199.903936
336.34656,137,1199.923651
341.18616,220,1199.927864
359.46515,129,1199.965164
315.48474,179,1199.980643
329.86447,160,1200.004787
319.67773,238,1200.016232
337.2484,166,1200.024484
305.73102,164,1200.072133
324.39734,175,1200.076309
301.893,185,1200.08367
293.3188,268,1200.10771
316.3,200,1200.117878
340.79254,177,1200.140946
319.57727,174,1200.212512
305.34494,222,1200.222982
304.6036,184,1200.259727
125.61112,1000,1200.273442
341.44818,263,1200.277235
306.8635,195,1200.284668
305.2718,166,1200.295653
326.588,173,1200.309478
334.935,161,1200.326322
267.20624,267,1200.36401
142.23561,1000,1200.375878
348.475,149,1200.420237
278.7101,258,1200.423981
319.82568,234,1200.425398
275.6698,217,1200.426878
276.74094,148,1200.453481
321.96942,140,1200.456574
319.14972,198,1200.473528
360.10257,160,1200.483039
290.27933,167,1200.519437
51.84595,99,1200.548867
300.91205,210,1200.56197
135.66275,1000,1200.579652
306.00024,194,1200.606557
56.30189,103,1200.613264
274.46118,265,1200.62163
296.17596,200,1204.542905
332.5449,161,1204.544653
70.708115,83,1204.571328
305.38043,154,1204.627204
332.33093,208,1204.627251
299.26807,232,1204.631174
302.4903,240,1204.636514
335.62973,207,1204.646661
45.137127,67,1204.653948
90.56097,96,1204.65538
107.29921,118,1204.685739
327.47516,159,1204.691375
300.21216,181,1204.703335
131.27136,74,1204.720912
318.7968,284,1204.72618
309.5746,169,1204.738158
307.7129,664,1204.739672
51.580994,175,1204.739702
29.783817,137,1204.816705
284.9122,230,1204.82813
293.68787,201,1204.885163
25.629608,152,1204.907106
286.60663,169,1204.9111
315.12567,170,1204.937228
312.8266,163,1204.942634
327.12494,242,1204.957908
347.83377,176,1204.95984
344.0536,245,1204.961761
284.20297,200,1204.988595
265.21777,292,1204.99344
261.61578,250,1205.000733
328.65973,173,1205.037028
344.76587,176,1205.053179
315.95166,191,1205.130303
336.05865,168,1205.155628
331.2168,165,1205.174228
326.69092,179,1205.175785
287.59705,191,1205.204831
325.54266,228,1205.207528
327.45844,203,1205.221837
310.8078,179,1205.231765
291.79672,188,1205.236041
106.29618,82,1205.237607
321.1869,167,1205.271827
315.34805,181,1205.275487
43.91663,93,1205.279965
116.2106,119,1205.400572
334.65735,179,1205.412618
292.3064,156,1205.443533
336.00983,171,1205.448637
312.5164,192,1205.461729
337.6258,227,1205.502465
121.539566,1000,1205.51565
302.19308,217,1205.518518
333.2514,204,1205.535282
22.484783,94,1205.5667
334.48886,240,1205.586922
130.03618,82,1205.621128
315.52728,189,1205.63716
309.78967,156,1205.657604
328.00323,181,1205.67172
337.36197,225,1205.695577
306.48605,168,1205.714332
346.62347,215,1205.783687
301.67798,176,1205.789653
301.50848,177,1205.810711
313.8916,228,1205.823671
310.48376,164,1205.828867
311.7632,133,1209.813049
310.09467,188,1209.826169
196.8463,1000,1209.858825
287.12125,581,1209.869681
327.1701,212,1209.878288
237.34718,760,1209.913302
125.861916,1000,1209.918411
331.0843,144,1209.953663
310.663,271,1210.003394
269.07666,215,1210.0052
313.12225,213,1210.006901
115.15836,100,1210.039415
338.16458,149,1210.044423
313.53674,229,1210.048065
333.6046,218,1210.08533
296.21674,197,1210.118406
258.59924,165,1210.122636
180.633,1000,1210.13339
355.37738,226,1210.14838
314.98105,264,1210.153209
319.59662,178,1210.174032
319.4723,175,1210.219768
306.87213,148,1210.226211
328.26337,191,1210.236453
325.80322,180,1210.257641
322.3705,210,1210.262717
327.82477,184,1210.267768
279.97427,175,1210.329668
336.009,169,1210.354003
323.31775,198,1210.359988
296.89816,164,1210.369902
283.15393,211,1210.388855
337.67572,258,1210.398137
323.31396,262,1210.462337
155.63315,1000,1210.47078
314.9868,209,1210.473932
343.87024,208,1210.478881
306.75162,208,1210.489707
282.10217,216,1210.51882
277.07446,180,1210.574482
291.21017,255,1210.576073
335.71777,209,1210.618253
327.02808,191,1210.623318
276.97858,240,1210.624975
287.45728,222,1210.642801
351.1021,160,1210.676362
321.88007,179,1210.696832
315.22214,171,1210.702822
309.1631,198,1210.710018
283.5298,301,1210.766788
312.32495,207,1210.774695
354.80554,165,1210.779464
298.53198,258,1210.790026
319.80936,139,1210.793641
330.78552,163,1210.826269
131.8768,1000,1210.855874
346.47162,152,1210.863705
284.56482,203,1210.868783
347.5655,154,1210.887093
304.24207,202,1210.894672
348.4697,153,1210.899645
292.37244,148,1210.953438
146.58105,1000,1211.014295
337.94135,192,1211.026234
322.27893,136,1211.042011
348.7146,206,1211.059186
354.4214,203,1214.940957
310.58496,246,1214.943825
291.83795,160,1214.947598
312.30936,240,1214.952368
336.55475,181,1214.959292
307.7293,215,1214.989218
268.02652,465,1215.018727
325.78198,175,1215.034056
345.362,252,1215.076257
78.860954,95,1215.077993
312.57385,179,1215.107299
311.77893,207,1215.132773
340.43762,187,1215.14838
293.4253,208,1215.156998
283.6271,176,1215.168308
337.12024,210,1215.208475
304.8285,219,1215.231478
312.25946,191,1215.261093
330.15942,155,1215.273309
318.00952,167,1215.291628
285.03357,210,1215.302432
297.02393,289,1215.313634
-12.383915,113,1215.318716
127.62994,1000,1215.373361
336.8235,210,1215.379113
312.5765,190,1215.380654
-0.71829605,91,1215.396822
346.87653,192,1215.401922
309.9124,175,1215.438863
297.32104,167,1215.451593
336.4076,232,1215.462906
347.7047,137,1215.48678
351.9137,175,1215.549003
278.16772,205,1215.567702
235.23006,235,1215.577337
319.67004,165,1215.619416
331.84262,193,1215.640287
333.33618,202,1215.646688
324.34088,219,1215.691901
325.68033,186,1215.698012
342.71155,165,1215.703886
282.79364,235,1215.750039
330.25385,171,1215.787421
337.397,195,1215.799031
266.065,199,1215.831876
297.275,286,1215.837106
291.32715,161,1215.844276
149.52592,1000,1215.845904
330.34918,170,1215.862079
294.18127,209,1215.883247
244.06056,441,1215.893196
285.67987,895,1215.906185
294.1814,182,1215.921436
299.71118,192,1215.941408
311.77707,192,1215.946844
348.3059,170,1215.962562
334.9585,165,1216.042214
31.93298,133,1216.049908
281.96045,192,1216.071943
279.00476,229,1216.075275
330.06305,234,1216.094039
297.63748,200,1216.094081
322.9881,190,1216.158836
320.62756,249,1216.171239
326.79892,273,1216.184065
312.88373,239,1216.190574
282.91986,208,1216.198652
319.0057,259,1220.121725
316.7237,163,1220.138752
323.86475,235,1220.147307
352.79236,151,1220.152678
291.43674,252,1220.152712
129.05537,1000,1220.162229
298.7571,171,1220.196483
107.50105,110,1220.200723
254.89969,218,1220.21289
334.68738,186,1220.28032
298.29352,185,1220.303743
326.84686,268,1220.316435
355.51447,188,1220.323971
340.26364,142,1220.326784
320.87158,198,1220.328478
340.43744,170,1220.34716
306.49637,194,1220.360322
326.1243,178,1220.365204
335.9073,172,1220.372344
301.74103,188,1220.381664
315.21228,174,1220.411813
281.51648,220,1220.465715
340.67288,158,1220.474011
323.03558,226,1220.488407
334.84207,152,1220.502542
287.98907,150,1220.507957
322.26077,158,1220.52191
331.41162,184,1220.534177
91.59029,1000,1220.539548
353.83167,158,1220.569623
333.7401,186,1220.597836
310.84732,199,1220.608413
363.82007,143,1220.647356
325.5061,139,1220.705626
277.7556,203,1220.761941
328.30188,234,1220.767694
274.05527,298,1220.785962
360.07736,156,1220.80369
322.582,337,1220.803728
324.64157,227,1220.807537
300.8208,255,1220.81028
333.6778,197,1220.816303
346.07257,235,1220.833146
325.14417,265,1220.837134
324.91248,215,1220.86834
315.9931,207,1220.908712
110.48993,75,1220.962949
319.96295,212,1220.97526
342.8739,139,1220.983885
350.20905,149,1220.992457
328.31708,180,1221.029927
310.93246,209,1221.031452
300.2547,166,1221.04439
299.0774,186,1221.04952
300.99573,227,1221.071375
339.9065,257,1221.085917
305.07285,251,1221.126976
54.42758,82,1221.134242
331.87408,184,1221.140109
327.10245,248,1221.145953
322.18723,160,1221.162388
299.91083,183,1221.205522
181.37155,1000,1221.216104
332.93756,179,1221.219609
340.70428,149,1221.240259
314.45053,165,1221.242228
327.13016,235,1221.279541
334.82837,172,1221.290049
329.4616,148,1221.316837
300.479,181,1221.31976
305.9336,181,1221.367658
337.2796,195,1221.379757
339.088,192,1221.388281
76.59964,122,1221.394342
313.2577,165,1225.356944
355.18155,157,1225.359771
326.05634,185,1225.405924
308.5595,245,1225.442451
325.21582,137,1225.519274
320.33517,207,1225.531782
332.44727,193,1225.541336
321.77206,224,1225.54413
285.79657,201,1225.552302
338.4532,148,1225.560958
269.8662,269,1225.566576
133.3503,1000,1225.572112
345.8434,152,1225.577545
155.91667,1000,1225.599912
309.82846,202,1225.712147
324.41943,232,1225.717512
312.08984,235,1225.719219
23.96172,101,1225.719255
324.3819,189,1225.721046
344.57675,151,1225.76606
357.76532,144,1225.782971
326.28625,155,1225.790153
285.0515,208,1225.828994
301.12506,222,1225.837067
283.54468,223,1225.856713
302.14117,220,1225.860726
311.9356,207,1225.882105
330.9181,242,1225.897662
311.47498,142,1225.906763
322.2014,126,1225.929581
338.29425,204,1225.981927
329.42267,219,1225.997274
299.4778,171,1226.001372
286.50232,233,1226.021467
332.49158,134,1226.03124
332.84753,178,1226.062658
329.50012,226,1226.076032
317.68195,142,1226.084665
307.7516,234,1226.126359
318.8668,202,1226.153235
321.20294,179,1226.156096
318.50235,236,1226.15772
314.47165,170,1226.216693
315.29303,183,1226.229384
327.26886,168,1226.244809
321.03308,183,1226.253224
321.31137,293,1226.253259
332.19,158,1226.262861
296.97296,153,1226.270907
293.8243,234,1226.279482
6.476715,107,1226.287964
101.39115,1000,1226.32628
327.0821,230,1226.378298
341.38043,211,1226.426748
322.4627,236,1226.428353
31.866714,148,1226.444217
324.7033,175,1226.45467
289.87305,202,1226.506652
303.24945,175,1226.508389
315.87927,197,1226.520535
318.938,240,1226.528531
294.9522,204,1226.557704
320.51395,220,1226.560641
288.73987,193,1226.581958
331.0792,144,1226.631372
345.72845,200,1226.64113
84.4704,113,1226.653407
145.83197,1000,1226.671526
28.271866,124,1226.715566
306.53342,231,1230.599406
315.3208,186,1230.617987
313.58713,233,1230.627132
302.39728,185,1230.635237
314.91147,200,1230.646384
331.98712,159,1230.652641
302.43655,198,1230.676125
-48.86229,82,1230.689548
317.58234,151,1230.693503
336.1605,163,1230.714409
329.94324,187,1230.773109
271.8865,375,1230.774538
296.13678,162,1230.814512
294.00488,245,1230.825972
340.7544,206,1230.849387
99.18797,1000,1230.865793
299.27396,182,1230.868519
260.6499,678,1230.885554
281.825,197,1230.893854
-209.19283,173,1230.906591
321.91574,237,1230.918768
313.57193,235,1230.925378
297.99954,196,1230.932138
297.9616,198,1230.959992
9.731602,123,1230.970682
311.94122,238,1230.972437
323.68262,186,1231.005926
322.7613,197,1231.022344
73.44716,91,1231.046121
300.5272,167,1231.061226
329.37436,168,1231.096233
279.5522,171,1231.107019
304.18353,226,1231.108595
327.6286,202,1231.120832
305.47446,164,1231.130524
309.2375,172,1231.176102
355.5434,177,1231.192194
299.0074,232,1231.197448
331.81445,266,1231.201172
298.32892,190,1231.209641
324.79742,243,1231.222777
308.5575,143,1231.224208
331.29968,187,1231.241103
-5.6936913,127,1231.256125
346.02374,148,1231.293837
315.84598,229,1231.306757
348.57367,161,1231.32939
318.02118,140,1231.365467
320.35638,139,1231.381606
169.01741,1000,1231.385515
328.0183,161,1231.400991
302.9558,281,1231.411456
294.13312,191,1231.414183
287.45435,235,1231.417209
305.19937,263,1231.43819
328.39648,179,1231.479415
339.722,229,1231.482206
340.17435,227,1231.50492
322.16217,227,1231.506354
323.4134,144,1231.510578
305.9195,175,1231.51238
265.3375,226,1231.522715
348.4967,218,1231.578266
284.44708,160,1231.580922
346.6077,161,1231.585629
325.247,173,1231.624905
347.19122,187,1231.629785
327.741,196,1231.65562
53.533123,75,1231.677363
325.76654,201,1231.686065
343.7979,178,1231.697321
272.39062,286,1231.718692
89.503006,119,1231.726132
314.34143,191,1231.745973
278.1753,225,1231.759024
309.82382,211,1231.765654
294.78345,211,1231.767174
330.74802,215,1231.775665
316.51602,149,1231.810194
352.31775,195,1231.817591
320.47205,183,1231.856809
339.10068,167,1235.591292
308.3968,177,1235.594843
338.41162,208,1235.612206
301.73254,194,1235.633935
327.42462,161,1235.657836
340.1565,178,1235.66045
305.6491,174,1235.667349
321.95935,210,1235.672137
310.39087,207,1235.675708
299.74146,162,1235.705509
315.4856,243,1235.750685
305.05292,237,1235.752073
333.7901,229,1235.775198
292.76593,197,1235.781882
301.14807,182,1235.796465
300.9433,191,1235.828607
298.1814,146,1235.840026
312.90417,164,1235.843595
343.10135,194,1235.853942
276.78284,191,1235.876104
264.3457,249,1235.877365
337.39648,179,1235.910718
319.0379,137,1235.934086
330.0503,252,1235.960008
295.26355,184,1235.963838
328.73492,193,1235.974527
331.06686,188,1235.997521
311.37656,183,1236.005846
330.18228,160,1236.034141
301.92038,144,1236.039631
291.5522,146,1236.042527
315.31436,189,1236.058869
308.66937,210,1236.067847
331.7738,150,1236.081477
303.4381,245,1236.118239
292.81616,163,1236.141165
337.7024,136,1236.150899
316.7622,152,1236.176426
301.40796,222,1236.182027
64.45566,104,1236.183511
357.94882,157,1236.211453
346.27313,215,1236.214075
346.5771,146,1236.222018
329.95856,162,1236.223473
283.40326,149,1236.247472
297.18414,194,1236.261704
114.46661,1000,1236.28189
317.39584,145,1236.305137
331.37762,169,1236.308976
291.85742,165,1236.360667
342.85577,175,1236.378715
95.2884,1000,1236.381576
328.3968,144,1236.384309
357.10248,150,1236.392291
309.27283,181,1236.415512
310.86087,214,1236.424563
337.22662,158,1236.437254
275.5387,191,1236.460315
130.42346,82,1236.512453
289.41345,218,1236.522587
351.28635,153,1236.530368
60.041817,106,1236.530399
322.93976,221,1236.547059
324.2708,167,1236.573409
289.44968,182,1236.580793
321.5571,185,1236.582251
288.9593,146,1236.598152
301.67627,271,1236.608157
294.89673,207,1236.612642
285.66513,860,1236.635253
340.08368,178,1236.717458
294.7697,169,1236.71751
304.81177,233,1240.040047
343.0428,175,1240.046789
63.70624,91,1240.054395
342.94922,190,1240.062932
309.1162,175,1240.064361
351.49152,134,1240.067932
310.49005,157,1240.081343
302.57623,161,1240.085264
343.0973,155,1240.113755
335.87415,233,1240.168304
264.72046,616,1240.169738
73.65529,105,1240.209853
318.97754,142,1240.234127
333.2105,189,1240.255443
322.3058,162,1240.27217
327.77634,200,1240.282896
311.77142,195,1240.285211
284.63843,217,1240.287682
298.78015,211,1240.289153
331.13727,190,1240.293885
348.48956,168,1240.306651
276.77795,206,1240.308278
356.44846,176,1240.369301
344.85828,175,1240.369351
142.49435,1000,1240.413341
331.35754,198,1240.436686
295.20175,163,1240.441408
17.782799,135,1240.460733
296.7489,191,1240.487951
294.03714,181,1240.489335
308.58218,196,1240.525711
312.107,231,1240.542183
332.61157,164,1240.550524
326.79028,245,1240.56406
304.86517,258,1240.58282
316.8387,203,1240.593867
314.1831,154,1240.630958
292.86038,197,1240.632583
312.83594,317,1240.643295
51.927055,110,1240.652187
302.06458,201,1240.663006
116.77652,1000,1240.667793
351.01703,219,1240.687279
35.60284,95,1240.702427
311.93103,172,1240.73607
326.60394,232,1240.747223
316.20593,199,1240.772604
348.60068,176,1240.780136
270.2218,271,1240.79286
301.82004,224,1240.815063
322.13733,180,1240.833805
301.94894,183,1240.838562
325.86694,185,1240.857793
309.6004,144,1240.862129
280.34286,212,1240.881502
328.5025,216,1240.905306
317.22754,207,1240.915406
343.26834,239,1240.925964
303.47095,186,1240.952894
350.59918,164,1240.960779
314.4731,159,1240.967646
309.42035,159,1240.990541
318.45605,245,1241.007484
314.9294,233,1241.032697
152.15562,1000,1241.059469
316.41913,161,1241.059506
287.17136,196,1241.075659
353.79376,214,1241.076943
281.81714,231,1241.092257
360.01883,174,1241.10096
342.72733,188,1241.128008
319.2645,241,1241.13293
314.89868,189,1241.140526
346.68488,151,1241.162212
110.50912,130,1241.180342
299.02124,208,1244.496412
309.903,222,1244.506053
296.88025,245,1244.524041
317.33002,160,1244.548375
344.66522,226,1244.55497
312.01062,183,1244.574642
305.9162,213,1244.590826
293.72922,186,1244.592282
317.7928,159,1244.60248
277.3348,194,1244.610625
314.44632,160,1244.610653
271.96332,239,1244.620143
349.55945,156,1244.628428
341.32788,195,1244.636801
289.5625,151,1244.640563
118.90173,1000,1244.648044
116.13613,88,1244.699583
357.3932,181,1244.724905
325.69977,211,1244.731961
305.9984,206,1244.735914
346.47028,161,1244.735951
344.98608,133,1244.758599
331.54443,164,1244.77536
304.84515,207,1244.778821
327.182,156,1244.80026
272.51532,212,1244.808745
324.92316,200,1244.831731
308.51935,215,1244.857613
343.93988,201,1244.859118
315.4203,213,1244.881393
347.66766,219,1244.881424
328.8487,145,1244.89267
308.05994,162,1244.901007
353.39636,146,1244.916457
354.1866,201,1244.95028
316.68732,169,1244.959848
55.45633,150,1244.974949
127.99262,121,1244.99152
291.11096,211,1245.008451
332.62653,203,1245.054092
298.01422,190,1245.066399
-24.000778,98,1245.08256
290.7428,172,1245.108419
341.0525,214,1245.118696
327.4732,160,1245.128651
291.51,171,1245.151789
81.275024,151,1245.162143
315.1857,283,1245.209272
342.75153,147,1245.221163
316.13452,188,1245.2212
263.8854,572,1245.226805
329.50128,186,1245.280908
323.41934,140,1245.291682
300.603,160,1245.294248
133.79422,84,1245.320688
296.36945,234,1245.351417
308.2292,197,1245.378004
319.68756,234,1245.388747
299.0733,193,1245.431999
322.3805,248,1245.445676
277.6369,217,1245.477361
331.8264,231,1245.487283
359.13992,181,1245.499729
297.51868,209,1245.528752
275.1925,231,1245.543067
327.6667,173,1245.54772
326.9527,205,1245.553013
284.91446,201,1245.606731
348.40668,180,1249.023532
310.11707,217,1249.02516
273.36536,762,1249.072855
302.85852,284,1249.082311
270.2525,247,1249.085903
318.37878,208,1249.109767
311.86407,236,1249.126745
343.85486,233,1249.141512
353.0916,233,1249.145991
311.05286,190,1249.150474
175.80331,1000,1249.154875
320.72382,290,1249.157386
150.26369,1000,1249.18775
302.7646,184,1249.227368
319.8327,188,1249.231352
113.15463,1000,1249.257287
341.61853,136,1249.295128
304.3132,193,1249.300745
303.6316,192,1249.325733
294.03387,224,1249.327289
264.25098,220,1249.336751
345.1305,191,1249.36207
154.95422,1000,1249.363606
306.65802,192,1249.368335
325.72516,160,1249.371676
333.08426,225,1249.380047
325.5769,231,1249.413869
304.71558,186,1249.440722
327.4218,261,1249.449614
312.05527,222,1249.476084
70.76944,176,1249.495241
340.79504,213,1249.495276
311.64545,141,1249.515291
296.12915,210,1249.526222
337.04187,152,1249.528657
314.94196,161,1249.545258
342.83057,199,1249.546695
329.31955,200,1249.54927
323.66473,164,1249.562276
293.1024,191,1249.58358
314.55084,165,1249.599267
310.87888,271,1249.635922
283.2888,186,1249.65996
366.37885,202,1249.67031
323.06992,189,1249.711761
270.65198,161,1249.713245
303.25323,227,1249.734737
286.81937,171,1249.741324
326.30188,186,1249.742718
312.01846,200,1249.744986
321.73178,230,1249.758359
329.9973,207,1249.782221
311.69318,180,1249.789697
291.3051,222,1249.802794
340.28006,179,1249.804232
105.47308,97,1249.823289
263.14734,245,1249.84156
315.1148,182,1249.846297
142.42923,1000,1249.848724
319.13983,196,1249.88559
321.28296,190,1249.888188
329.1871,175,1249.915401
317.32477,162,1249.930944
307.15204,186,1249.95601
292.67908,194,1249.958539
346.9151,139,1249.964115
314.19257,157,1249.969555
315.50568,196,1249.983425
334.06592,196,1250.0066
345.6675,166,1250.013473
332.34174,263,1250.046104
309.37805,149,1250.056393
299.0378,198,1250.067459
316.50024,213,1250.090872
98.48831,102,1250.100126
325.4861,181,1250.12046
318.61053,220,1253.391544
300.3366,252,1253.393075
305.78394,185,1253.396491
281.15808,150,1253.435716
320.27057,209,1253.445338
339.6706,202,1253.445366
341.8524,229,1253.470316
337.85565,220,1253.509245
271.31238,160,1253.523695
306.5172,204,1253.530549
340.7071,158,1253.530574
360.66006,155,1253.546578
322.4245,163,1253.571294
352.6986,178,1253.587621
335.6858,247,1253.587654
314.2649,249,1253.600715
327.5461,188,1253.60356
264.01382,163,1253.627505
287.9417,422,1253.698699
325.56726,155,1253.704118
307.46103,172,1253.739147
326.29132,157,1253.74858
306.91168,216,1253.76527
325.72104,233,1253.769995
341.73962,169,1253.777454
341.02463,203,1253.81628
290.1161,202,1253.82822
277.86816,202,1253.854849
307.43927,224,1253.854889
297.03613,143,1253.863883
287.0172,168,1253.88465
334.4577,154,1253.937618
332.68512,222,1253.986799
292.8381,838,1253.999851
316.0274,233,1254.007555
337.86472,173,1254.007586
298.6121,223,1254.017598
290.84207,172,1254.018859
304.20276,166,1254.038865
51.66362,139,1254.040452
293.9499,245,1254.050505
351.1808,183,1254.058111
284.71347,180,1254.063808
288.67584,178,1254.132082
327.61572,569,1254.163
300.28424,212,1254.221073
319.66187,210,1254.232154
324.58875,169,1254.236591
357.1815,159,1254.238927
291.82608,207,1254.249048
344.9726,196,1254.25705
309.09137,217,1254.259436
324.7591,228,1254.262013
265.31714,242,1254.279146
302.92877,165,1254.322388
344.2673,251,1254.323793
299.07416,165,1254.351668
336.02887,291,1254.38733
330.82004,161,1254.424702
326.5976,166,1254.451661
328.70544,200,1254.453116
296.54758,196,1254.468927
286.95456,191,1254.472221
310.2655,213,1254.503686
355.36142,197,1254.506142
312.56177,164,1254.512028
288.44873,175,1254.523125
319.20056,236,1254.534997
198.58435,1000,1257.829157
320.98822,186,1257.833562
139.35138,1000,1257.839157
192.32004,1000,1257.864061
277.71295,199,1257.881973
304.3371,184,1257.926192
338.388,180,1257.936036
333.5421,236,1257.956931
287.23254,212,1257.959874
307.81973,164,1257.963738
49.143303,148,1257.995502
318.5596,201,1258.016873
277.71216,176,1258.037358
307.75064,184,1258.040849
309.17535,237,1258.07023
332.77063,151,1258.107637
350.75616,164,1258.112069
347.34528,241,1258.133352
281.75446,323,1258.1358
337.6973,173,1258.152961
286.9947,244,1258.154307
313.4992,205,1258.188933
288.88678,156,1258.191673
318.37103,223,1258.215037
354.3708,163,1258.223974
318.25168,213,1258.234931
335.3952,162,1258.250093
316.17108,200,1258.262746
342.73322,167,1258.30395
310.37762,159,1258.320867
320.51443,180,1258.342813
342.23242,230,1258.373376
333.5215,174,1258.391753
313.84042,182,1258.404786
328.05243,219,1258.409463
316.8368,169,1258.422104
326.92242,229,1258.422143
336.91754,181,1258.447171
306.18475,169,1258.449751
300.7154,163,1258.453987
332.56226,216,1258.465491
336.08905,184,1258.577936
321.95038,156,1258.581679
328.58347,149,1258.586821
314.16583,242,1258.593421
284.80212,171,1258.611239
351.59106,188,1258.613861
322.08008,153,1258.619939
332.6703,159,1258.624404
167.69138,1000,1258.640801
329.50854,178,1258.653842
261.2264,288,1258.669449
313.6108,209,1258.701859
336.77078,138,1258.771171
340.72354,171,1258.787032
307.0522,156,1258.794766
314.60297,195,1258.799295
327.64618,168,1258.801718
280.49274,385,1258.826154
276.3911,182,1258.829895
313.29044,178,1258.842544
179.63138,1000,1258.873562
294.9218,264,1258.884036
315.6004,165,1258.88836
315.4707,212,1258.893916
84.142395,1000,1258.905819
299.07004,307,1258.934441
289.99377,160,1262.2059
341.70514,187,1262.219496
324.47995,176,1262.232308
282.13,148,1262.23484
310.87073,175,1262.238257
321.15018,195,1262.258875
303.7708,202,1262.306763
324.24728,189,1262.321928
295.596,230,1262.323392
320.11133,173,1262.324902
349.63995,178,1262.341448
350.57812,153,1262.376491
310.88443,229,1262.379921
289.5376,198,1262.392864
339.37347,149,1262.403519
327.95746,155,1262.404984
325.03326,263,1262.414637
325.36426,222,1262.480674
331.10583,237,1262.483189
359.38873,167,1262.506833
328.78607,180,1262.520136
271.7401,264,1262.550411
309.6985,217,1262.563637
326.61127,211,1262.576376
291.87137,182,1262.583513
295.12372,164,1262.596442
293.2381,262,1262.59788
346.44257,179,1262.604613
301.97992,210,1262.635473
301.85907,237,1262.638988
180.85663,1000,1262.662537
266.31177,264,1262.68355
317.3623,162,1262.686312
107.61334,98,1262.703815
315.41135,169,1262.707579
275.6712,211,1262.717236
339.06396,169,1262.762706
302.20667,168,1262.768496
294.30585,270,1262.78125
313.30548,196,1262.78275
349.32104,191,1262.809292
296.06616,239,1262.818464
88.97013,114,1262.833832
285.97015,144,1262.847667
336.41046,154,1262.859898
288.4513,200,1262.863827
322.88602,233,1262.863853
298.306,203,1262.892388
293.86404,239,1262.9049
297.0504,178,1262.909509
321.30966,135,1262.933243
335.22284,186,1262.971062
354.95993,141,1262.974327
282.0544,154,1262.979735
317.8932,249,1262.995285
286.73047,218,1263.013285
103.41242,1000,1263.024222
324.34143,176,1263.029988
323.47885,175,1263.043113
308.5088,161,1263.043149
301.6518,164,1263.046579
299.30237,143,1263.067003
331.33398,182,1263.09475
300.99756,151,1263.100572
331.81378,218,1263.103325
342.21527,148,1263.1399
307.5348,216,1263.144183
312.6867,192,1263.192564
310.26898,207,1263.24182
304.652,245,1263.243371
316.018,164,1263.248913
360.5398,188,1263.254305
318.88135,205,1263.257203
321.00635,216,1263.284308
292.20197,239,1263.291222
286.70975,227,1263.296708
323.32947,210,1263.336652
343.56262,191,1266.615902
318.6093,190,1266.619478
327.7702,256,1266.644613
295.8524,259,1266.653399
352.9276,194,1266.674084
326.45825,175,1266.702162
295.51395,183,1266.716766
340.73782,184,1266.726508
297.1868,183,1266.762621
61.900093,112,1266.768572
274.85297,232,1266.777472
319.47922,143,1266.778846
313.3438,210,1266.781133
313.70956,254,1266.790406
347.57703,184,1266.820875
274.84088,245,1266.826535
347.89624,206,1266.830304
301.6234,184,1266.85912
295.54245,150,1266.871639
341.10922,184,1266.880624
296.60822,150,1266.894459
310.50323,136,1266.914895
187.63844,595,1266.922726
357.41367,152,1266.946021
314.55695,153,1266.950253
322.4821,216,1266.959434
296.25446,170,1266.959473
319.53345,157,1266.965894
298.81653,169,1267.014869
324.07343,149,1267.023699
307.9299,191,1267.033525
343.2354,196,1267.046918
335.87573,142,1267.073543
316.37573,164,1267.104492
310.29236,237,1267.133985
349.73065,160,1267.136436
323.78644,221,1267.139855
324.6236,243,1267.150419
312.95364,174,1267.159557
119.38364,1000,1267.162104
317.3473,196,1267.166716
313.1605,176,1267.21346
316.54257,244,1267.225344
313.87793,188,1267.234969
9.014061,119,1267.239437
312.85834,170,1267.264513
249.66168,273,1267.264555
317.448,149,1267.319266
296.92065,162,1267.323836
291.29684,246,1267.326128
306.29535,267,1267.334959
314.23685,179,1267.339959
125.332855,106,1267.355265
333.9331,186,1267.369951
297.44104,214,1267.37665
307.1646,204,1267.393278
318.42453,210,1267.403657
330.68335,175,1267.411321
323.99786,138,1267.422242
298.45837,166,1267.429054
332.44482,170,1267.456594
320.11823,138,1267.481298
315.51074,139,1267.490636
270.09198,249,1267.505624
358.2818,147,1267.520216
317.47882,184,1267.544736
278.2945,158,1267.552179
334.5241,218,1267.56161
322.72235,142,1267.567857
269.85907,233,1267.582803
127.63218,86,1267.585334
310.01447,206,1267.598005
338.92096,203,1267.619109
344.45917,190,1267.632057
315.5794,188,1267.636819
323.53522,153,1267.650938
314.537,226,1267.65567
75.26526,98,1267.67094
307.96442,165,1267.686084
291.40558,158,1267.693237
310.47357,154,1267.713145
309.72888,245,1267.726305
316.50992,172,1267.741486
304.36993,142,1271.018828
323.2025,176,1271.042802
290.06052,202,1271.054253
287.72934,168,1271.084792
346.6993,224,1271.094763
303.63452,175,1271.110869
323.71594,184,1271.117954
310.7551,213,1271.117983
307.85028,151,1271.126387
325.10223,175,1271.145955
185.94382,1000,1271.159111
315.62982,159,1271.168494
342.90674,163,1271.20112
311.21118,193,1271.221684
337.30304,230,1271.237615
338.7607,164,1271.241197
265.1838,309,1271.241228
336.82123,179,1271.247003
69.16594,137,1271.251859
312.32684,159,1271.266894
332.84085,132,1271.269284
330.3022,162,1271.30107
322.88373,201,1271.339308
312.53973,191,1271.341686
307.05426,168,1271.357445
324.86084,177,1271.358877
61.12231,109,1271.362286
328.065,193,1271.36382
334.59662,152,1271.373471
311.9221,195,1271.45865
334.9756,183,1271.471518
333.36578,213,1271.475425
321.64496,175,1271.497019
310.60242,207,1271.497057
346.3696,232,1271.510119
298.07098,236,1271.510151
332.92072,257,1271.511554
337.7478,157,1271.53954
334.03333,163,1271.544872
317.55896,213,1271.581794
272.65735,224,1271.592477
291.2198,219,1271.610853
293.32507,223,1271.636224
319.90833,136,1271.638074
308.27985,147,1271.678
307.73053,190,1271.687749
345.9499,178,1271.69127
344.1753,149,1271.694833
300.41385,177,1271.752507
348.08044,225,1271.776572
319.22638,168,1271.783941
331.28766,135,1271.790622
274.17764,251,1271.794338
297.52942,157,1271.81689
283.63535,273,1271.832286
320.96814,215,1271.846474
332.43762,147,1271.855699
340.6587,213,1271.859313
325.7669,153,1271.865483
297.71188,182,1271.893029
328.67688,195,1271.897643
328.8098,150,1271.960887
290.9761,163,1271.968883
353.5365,181,1271.983752
334.83392,181,1271.999893
339.43146,218,1272.001362
306.49628,178,1272.018872
324.27155,153,1272.021444
338.8899,166,1272.02149
308.91214,181,1272.06051
180.8708,1000,1272.072928
298.37308,176,1272.090767
294.88757,226,1272.12245
323.67136,218,1272.142844
305.32904,255,1272.147626
343.33832,163,1272.152118
277.17258,147,1272.16491
356.61963,148,1272.164942
360.51974,144,1275.519751
316.42645,150,1275.524794
305.10025,218,1275.54235
309.20117,158,1275.573489
267.6558,233,1275.580284
67.99351,104,1275.594582
368.9809,143,1275.617859
310.27405,208,1275.641645
288.96332,273,1275.660807
349.36224,151,1275.690635
331.63074,184,1275.693365
308.50668,164,1275.700951
301.4493,183,1275.705768
331.91675,260,1275.717779
304.96805,216,1275.726124
325.2926,210,1275.736828
324.3487,182,1275.745832
306.7765,192,1275.788791
308.75116,209,1275.814573
166.69165,1000,1275.833461
309.4237,213,1275.836506
367.34406,138,1275.850258
305.90643,198,1275.86611
327.6219,159,1275.872128
317.50842,155,1275.87786
319.30527,137,1275.881242
276.58112,243,1275.891811
320.9985,165,1275.893155
322.63483,179,1275.940634
332.77,197,1275.944483
292.32715,249,1275.947365
309.32812,159,1275.971928
328.94287,217,1275.993165
357.6245,147,1276.002624
153.17955,1000,1276.024293
350.3754,187,1276.0461
283.65845,229,1276.077109
-128.9109,77,1276.080908
343.6778,208,1276.087432
318.98798,194,1276.087463
313.47266,191,1276.089748
346.16223,180,1276.098976
333.97794,145,1276.10746
336.8045,158,1276.119393
286.92395,203,1276.123419
315.18274,222,1276.133291
287.9192,159,1276.150124
322.0852,248,1276.157435
36.972584,127,1276.16739
301.90222,161,1276.18297
364.07413,133,1276.224259
336.51376,167,1276.233037
323.65915,137,1276.248566
322.91577,170,1276.267741
333.23193,136,1276.269488
81.92685,108,1276.278858
298.94498,165,1276.290531
320.81778,159,1276.299136
301.19196,189,1276.299167
305.40552,197,1276.305899
266.21637,216,1276.326511
357.59332,188,1276.339927
340.36493,185,1276.35368
329.09045,185,1276.370444
339.4768,151,1276.399654
328.01007,160,1276.401124
338.59314,234,1276.439243
303.01,176,1276.458838
340.3091,144,1276.460426
333.1325,187,1276.473263
323.9984,161,1276.473313
297.47968,166,1276.479664
315.35016,176,1276.482151
308.33493,237,1276.511433
287.2318,170,1276.513781
304.13016,159,1276.529344
316.19403,232,1276.532789
330.40897,141,1276.595065
337.53604,207,1276.597414
331.41785,235,1276.597441
281.68622,187,1276.605928
294.1618,163,1276.642885
343.84067,158,1276.654756
320.25378,179,1279.947337
274.4993,179,1279.960544
351.71484,180,1279.968906
294.23996,144,1279.979095
319.34457,199,1279.982341
133.16257,126,1280.024079
331.0716,307,1280.027613
317.13885,219,1280.040499
342.81995,222,1280.045847
309.94098,212,1280.051053
291.30438,170,1280.079155
297.3457,177,1280.080709
295.0346,202,1280.106523
352.50937,151,1280.110959
288.33252,186,1280.134491
353.39954,177,1280.136889
359.2166,168,1280.152834
327.07373,159,1280.15287
336.9549,182,1280.159273
334.47507,195,1280.193172
328.42474,156,1280.20703
350.03955,186,1280.22348
333.22305,193,1280.235975
305.35675,138,1280.257819
324.75073,206,1280.275213
296.7785,227,1280.292237
309.47638,167,1280.314965
350.28125,190,1280.31839
342.9886,155,1280.320677
120.83827,1000,1280.334956
335.8644,189,1280.343409
344.047,264,1280.370049
308.85825,209,1280.383061
316.85892,204,1280.384584
319.8441,174,1280.388075
307.0219,283,1280.391332
304.96002,151,1280.393599
292.9242,188,1280.415931
316.78516,145,1280.418753
303.24664,236,1280.498303
332.0296,204,1280.501603
352.552,173,1280.510979
319.72632,182,1280.523933
311.96838,233,1280.552148
299.87842,195,1280.554463
318.478,158,1280.570909
323.9431,173,1280.577981
329.61475,211,1280.581413
291.81082,146,1280.584681
290.61035,191,1280.586048
348.86078,246,1280.598859
321.0137,200,1280.611527
324.68335,205,1280.620555
309.107,221,1280.630853
329.6079,161,1280.678251
327.07794,266,1280.71343
366.6726,149,1280.720245
344.31903,139,1280.736404
321.0119,150,1280.741644
301.42227,154,1280.753432
314.50897,173,1280.75998
319.1687,222,1280.769014
328.42957,180,1280.779242
277.16168,206,1280.781587
271.66486,256,1280.787522
335.14203,252,1280.790931
290.125,156,1280.793504
356.9577,158,1280.806325
312.6124,188,1280.819952
281.72778,200,1280.819987
77.23851,90,1280.878088
307.33563,189,1280.885454
356.26007,158,1280.911801
333.81235,187,1280.926614
70.14905,73,1280.959701
315.5998,174,1280.96115
302.56073,155,1280.962444
309.39996,230,1280.96707
317.54773,205,1280.979521
302.3277,191,1280.988028
283.42773,192,1281.001158
313.96936,179,1281.002471
308.868,219,1281.002496
33.94239,90,1281.00964
334.7387,237,1281.046207
304.3192,292,1281.062301
354.4813,191,1284.353084
348.18597,258,1284.358948
330.88776,173,1284.410341
338.741,173,1284.411802
302.1727,217,1284.425191
287.29208,152,1284.43004
337.22137,188,1284.430066
286.22717,175,1284.44132
309.967,164,1284.450597
281.8825,205,1284.453172
312.18146,197,1284.457684
314.96844,216,1284.500484
346.86987,228,1284.515132
55.03117,105,1284.545331
345.8777,226,1284.555513
274.04843,189,1284.563901
338.72742,222,1284.567515
294.05115,149,1284.587377
323.4933,166,1284.59183
358.56973,223,1284.607556
347.9914,162,1284.619391
350.433,165,1284.63814
329.75427,197,1284.646166
312.26007,183,1284.651643
331.92108,234,1284.668389
304.18005,201,1284.672984
352.37756,179,1284.745486
33.51471,99,1284.751367
284.60004,185,1284.763899
364.3788,139,1284.765503
322.99237,245,1284.773376
333.37537,234,1284.775788
308.9402,174,1284.785755
303.02985,223,1284.813635
277.75055,150,1284.822422
331.60028,188,1284.858864
314.45596,241,1284.891455
330.03906,195,1284.895319
299.57855,271,1284.898894
347.66595,155,1284.919078
285.92163,150,1284.919113
347.92352,156,1284.947478
344.0387,249,1284.950939
343.71057,172,1284.957464
313.86963,178,1284.974307
304.46777,160,1285.000126
287.46616,197,1285.00483
303.4928,234,1285.025495
332.52277,151,1285.028005
299.29816,205,1285.046229
312.2591,146,1285.056144
323.97192,158,1285.096385
312.6392,170,1285.109282
360.44635,153,1285.12264
293.73532,215,1285.135491
301.26526,190,1285.171159
330.52344,175,1285.171204
321.3899,204,1285.176982
162.10051,1000,1285.191392
305.0954,171,1285.194298
298.94427,291,1285.223135
304.8684,180,1285.226462
351.42856,185,1285.233824
291.08936,205,1285.233853
298.32593,177,1285.241406
318.17303,181,1285.258323
-4.4591827,83,1285.284181
282.36154,163,1285.319033
305.94238,201,1285.322714
326.89014,198,1285.3451
348.3095,162,1285.358116
340.58954,153,1285.36597
301.9273,190,1285.385434
303.3813,141,1285.395428
316.90723,153,1285.398232
13.73394,103,1285.401781
311.93784,226,1285.4254
280.54187,188,1285.439413
351.53528,178,1285.45752
328.02286,216,1288.791964
313.81204,159,1288.803852
99.87704,139,1288.827064
359.07562,155,1288.8727
317.94916,228,1288.88014
341.37988,204,1288.891121
324.7232,182,1288.892382
330.48572,148,1288.894767
325.3291,175,1288.894794
-23.705555,114,1288.917873
331.78464,199,1288.926183
350.73407,151,1288.93053
337.84528,158,1288.977534
-45.514893,86,1288.986253
147.32346,1000,1288.992705
305.83008,244,1289.016336
327.56415,160,1289.052728
313.2827,159,1289.059207
360.1561,149,1289.060525
268.70776,236,1289.086692
288.78125,164,1289.099046
327.04346,212,1289.129091
306.7013,212,1289.131479
298.0244,201,1289.156923
325.89374,206,1289.158378
333.82208,155,1289.161991
306.98407,201,1289.203611
311.86703,173,1289.210182
92.264694,100,1289.242649
313.50482,222,1289.24438
326.9571,167,1289.279195
338.53677,160,1289.283747
295.13904,199,1289.287299
316.2823,220,1289.30278
293.6728,230,1289.323117
314.23953,168,1289.325581
344.75354,148,1289.329013
327.54587,169,1289.351016
353.20645,174,1289.360872
332.05676,150,1289.376216
289.38385,186,1289.453465
306.60596,222,1289.462175
324.046,137,1289.474366
301.94476,150,1289.49317
310.6348,140,1289.504617
306.54755,212,1289.524403
320.6861,202,1289.529235
311.4135,187,1289.533275
318.35516,157,1289.535926
156.69821,1000,1289.53926
334.5357,242,1289.553067
303.6103,245,1289.561559
311.84656,193,1289.593848
182.69104,1000,1289.665078
47.32627,172,1289.698092
285.51892,200,1289.698133
324.24896,156,1289.707926
315.8188,175,1289.721341
281.6888,190,1289.742329
341.75806,222,1289.743774
324.96948,269,1289.755384
299.81146,272,1289.768944
312.06253,205,1289.770381
190.29062,1000,1289.774691
297.9232,207,1289.784764
311.0393,234,1289.798668
-55.549408,70,1289.823325
313.11026,215,1289.832896
350.78363,161,1289.844463
47.10842,127,1289.849871
347.78693,135,1289.872641
307.29373,171,1289.88981
121.41043,128,1289.91587
353.61108,155,1289.915912
310.24146,201,1289.923596
302.63635,135,1293.239398
337.40057,180,1293.246883
341.26978,178,1293.257632
279.65823,651,1293.266246
353.38055,214,1293.299782
331.40063,186,1293.321741
350.48956,171,1293.32733
288.05707,193,1293.33942
300.07983,190,1293.353169
322.83896,156,1293.38506
307.98236,205,1293.398228
310.7622,179,1293.414943
329.8042,210,1293.424501
277.09424,173,1293.44008
338.273,158,1293.441338
304.53326,197,1293.495115
332.35382,228,1293.511186
325.2868,165,1293.521875
346.95105,157,1293.541586
268.42813,290,1293.551792
337.7433,225,1293.563836
301.05075,198,1293.574542
321.08655,180,1293.599419
344.7764,171,1293.622755
292.76074,156,1293.624238
314.86182,191,1293.636137
318.05734,207,1293.639546
346.94226,181,1293.650146
320.10995,283,1293.652349
296.78644,140,1293.683341
308.01483,196,1293.74
341.87973,232,1293.763478
29.120716,115,1293.783475
295.97192,180,1293.800573
329.26184,161,1293.805159
324.4049,169,1293.812576
341.25446,161,1293.821557
302.5664,249,1293.825085
293.86377,243,1293.828425
275.66605,238,1293.834522
289.54633,197,1293.859508
357.40674,173,1293.87835
304.2068,162,1293.944725
337.8882,155,1293.957225
335.2133,219,1293.983046
108.07742,1000,1293.985615
355.73703,137,1293.987249
334.788,145,1293.990768
309.54333,223,1294.072251
331.96457,176,1294.073731
299.4082,229,1294.076044
327.61,243,1294.084054
342.65393,250,1294.08408
331.06317,221,1294.104643
325.91315,152,1294.113806
313.3428,152,1294.160294
330.4655,164,1294.170748
313.43768,216,1294.198704
352.30627,197,1294.204185
127.34551,1000,1294.209688
277.5843,231,1294.24263
355.25366,163,1294.254477
301.19888,176,1294.302512
332.89856,229,1294.333199
332.4294,234,1294.346754
331.99655,216,1294.355557
282.1684,248,1294.362322
324.799,276,1294.384041
289.32074,202,1297.636838
295.69855,170,1297.640431
317.27887,191,1297.660125
299.92453,240,1297.671313
310.99216,239,1297.709607
336.70502,216,1297.728073
275.88614,213,1297.736664
35.17061,126,1297.738995
51.426987,80,1297.759555
339.98083,216,1297.785241
337.9504,156,1297.814157
356.45615,168,1297.830357
320.25598,206,1297.83597
319.34097,229,1297.845258
301.714,256,1297.862081
317.4751,224,1297.876196
308.40247,138,1297.891412
323.18875,169,1297.897524
313.25323,221,1297.907973
138.99506,1000,1297.938989
310.85626,169,1297.950345
297.0918,223,1297.989524
280.99033,250,1298.007575
310.09076,203,1298.013286
141.86624,1000,1298.013319
353.24997,180,1298.029995
293.06927,159,1298.0385
290.9814,207,1298.042867
326.95563,180,1298.075975
278.5777,233,1298.092963
295.39685,203,1298.11601
308.79034,204,1298.123159
321.70032,207,1298.13782
321.9634,198,1298.158069
160.17924,1000,1298.160483
322.26904,208,1298.179751
310.00742,151,1298.211169
344.66537,187,1298.215035
274.4861,346,1298.230371
327.52545,184,1298.23496
322.60556,216,1298.252094
306.26855,241,1298.255593
327.54883,220,1298.256911
365.7198,166,1298.261308
337.33072,200,1298.261335
302.076,146,1298.286328
316.71033,174,1298.289029
277.20898,208,1298.349268
353.02982,165,1298.365677
301.82172,144,1298.373441
321.63028,203,1298.388408
289.09888,220,1298.403885
327.45416,135,1298.41245
318.23456,252,1298.418539
358.3258,183,1298.419855
303.1695,174,1298.452201
350.8676,158,1298.466208
303.42465,211,1298.467468
322.4668,212,1298.47271
345.8578,198,1298.483177
351.76678,204,1298.485507
311.87482,205,1298.514012
56.42827,153,1298.533196
326.2556,283,1298.566737
314.7123,217,1298.588695
311.38504,164,1298.593057
323.78857,188,1298.62443
318.53168,230,1298.625965
288.3841,230,1298.641035
311.0679,173,1298.641063
337.7244,167,1298.652137
308.88953,212,1298.656005
269.19885,230,1298.66055
324.8644,187,1298.691002
306.42215,216,1298.705135
232.7057,220,1298.728961
338.69812,152,1298.737025
303.1593,240,1298.738411
101.22267,117,1298.756765
280.21588,234,1302.021105
290.03934,167,1302.061296
299.42908,255,1302.065768
315.329,211,1302.076511
331.81516,175,1302.085022
319.038,180,1302.099137
286.10052,180,1302.106753
296.99673,194,1302.117486
322.65002,163,1302.132633
327.70972,146,1302.146743
322.59412,155,1302.155301
316.95648,245,1302.160483
322.02603,202,1302.160506
348.8576,179,1302.174576
297.31754,158,1302.236313
352.35608,154,1302.255359
265.22754,231,1302.261259
277.70703,244,1302.293844
290.46875,185,1302.305277
303.72742,227,1302.319854
329.59256,221,1302.324368
299.10938,446,1302.336169
302.34332,249,1302.398209
291.57632,237,1302.400789
317.15314,246,1302.425615
267.24225,223,1302.428081
305.84814,236,1302.429556
350.88837,192,1302.474003
289.94458,332,1302.480532
316.20715,168,1302.497566
289.57602,244,1302.514843
290.23044,225,1302.518662
279.58215,200,1302.523334
335.03644,228,1302.584144
315.83694,182,1302.610129
327.8861,159,1302.612441
313.56598,266,1302.639783
294.66766,231,1302.660836
283.3015,209,1302.665231
126.731964,131,1302.666567
329.48062,167,1302.685871
312.80765,187,1302.692402
339.7292,197,1302.697242
321.2695,185,1302.7255
305.1576,191,1302.739127
304.0644,294,1302.758719
350.24402,168,1302.798816
325.83063,197,1302.80527
333.48328,181,1302.843084
324.91205,218,1302.854939
350.29688,174,1302.864944
304.38214,205,1302.892712
280.48682,214,1302.907508
336.69513,199,1302.918325
331.22437,176,1302.939033
327.17856,230,1302.947799
323.04645,232,1302.961371
335.5351,221,1302.975227
308.8725,162,1302.99035
313.95752,211,1303.036686
338.9178,133,1303.056972
279.364,181,1303.058343
341.80682,150,1303.061804
317.04846,198,1303.066725
299.86237,167,1303.104516
265.9026,220,1303.109085
322.0971,138,1303.125573
310.04608,226,1306.478381
289.31952,235,1306.496734
322.4526,234,1306.509929
316.1937,165,1306.539316
327.76062,179,1306.548304
332.97025,178,1306.548346
296.8708,240,1306.549986
134.62521,1000,1306.577038
305.61218,161,1306.578718
194.0681,1000,1306.583165
268.12695,222,1306.602434
313.19653,227,1306.656531
316.3075,219,1306.665279
334.82562,132,1306.69079
287.14642,582,1306.705328
358.42505,147,1306.714554
340.06055,198,1306.73646
187.4811,1000,1306.739981
317.86685,217,1306.745961
325.85388,150,1306.751271
328.02484,206,1306.781327
293.50018,225,1306.803768
332.29633,219,1306.824308
308.07904,316,1306.837689
262.81067,225,1306.853725
312.1237,170,1306.856272
298.29822,179,1306.891438
290.62067,508,1306.899137
336.21323,170,1306.930403
323.34848,222,1306.95404
305.58698,189,1306.957538
324.07727,275,1306.965031
319.87677,192,1306.966835
307.5907,231,1306.973535
296.02292,211,1307.016279
343.18622,151,1307.024878
296.1795,184,1307.029344
338.72324,124,1307.036794
347.96326,133,1307.039165
331.98523,204,1307.063837
312.89825,216,1307.096112
284.66992,166,1307.138025
301.03748,163,1307.138068
288.15588,170,1307.160823
327.4146,188,1307.173862
320.1125,162,1307.195907
328.48822,413,1307.197193
326.286,216,1307.207648
297.2062,375,1307.221275
319.28488,147,1307.229057
360.39142,182,1307.2325
289.34766,189,1307.236445
347.59598,276,1307.23903
310.7309,184,1307.245923
293.9636,195,1307.256016
348.64938,151,1307.306854
343.0306,163,1307.322562
299.26062,161,1307.343755
271.99432,233,1307.357388
346.93378,168,1307.385794
326.22668,142,1307.392849
311.12585,164,1307.424621
319.67804,210,1307.434887
324.11118,233,1307.437315
301.8866,182,1307.451115
286.79956,206,1307.454891
291.4047,231,1307.468092
296.15283,222,1307.486746
330.326,236,1307.495859
335.45535,243,1307.52885
325.2181,137,1307.541018
326.8662,177,1307.543297
353.3283,210,1307.558424
356.27545,158,1307.570197
343.4894,235,1307.572607
276.72302,234,1310.884648
70.857056,129,1310.937667
289.19168,201,1310.943852
310.28412,218,1310.946332
301.94623,235,1310.951801
333.79956,216,1310.958033
147.02151,1000,1310.964896
321.35214,236,1310.96665
24.173515,120,1310.972618
330.19284,150,1310.97842
337.89725,160,1310.987182
340.9236,237,1310.999794
337.47354,217,1311.00555
295.66574,154,1311.012282
313.76733,233,1311.014618
294.18387,234,1311.087405
350.1988,187,1311.096089
307.5905,156,1311.115098
313.2894,152,1311.116763
362.71973,139,1311.127717
325.62283,173,1311.141785
343.89404,184,1311.160858
327.47083,156,1311.162356
344.3069,186,1311.16896
333.41483,215,1311.206593
302.8979,221,1311.213987
341.60516,154,1311.259833
307.352,233,1311.273547
318.3609,247,1311.283304
296.67868,240,1311.284713
303.01328,200,1311.320673
297.73953,176,1311.338394
315.46616,203,1311.341783
337.7508,192,1311.34181
315.341,205,1311.345165
318.73016,172,1311.358423
317.25574,160,1311.382657
300.1766,204,1311.38709
288.03235,371,1311.390547
304.21268,236,1311.42157
336.21344,143,1311.430173
343.51257,219,1311.454558
294.87262,190,1311.46727
310.78918,178,1311.475554
326.23724,188,1311.525326
312.35065,223,1311.527929
301.32312,181,1311.53996
320.77917,187,1311.54692
325.1002,171,1311.546947
349.64038,194,1311.551535
322.19165,146,1311.551559
302.39166,155,1311.558441
334.60648,183,1311.582646
308.17944,156,1311.592857
328.07538,234,1311.601425
332.41898,162,1311.607943
328.4043,169,1311.661302
278.74652,184,1311.6696
305.59375,202,1311.676675
364.33148,149,1311.690579
307.20367,160,1311.728595
344.9427,180,1311.739902
308.76447,183,1311.750458
292.88983,207,1311.778701
295.03687,206,1311.789434
308.91187,169,1311.799366
333.22644,249,1311.805124
283.34308,234,1311.816334
302.50574,213,1311.826986
345.5089,206,1311.828449
310.7573,211,1311.842918
345.8219,170,1311.867594
288.17102,159,1311.876712
340.02823,128,1311.889299
330.67828,231,1311.929713
353.02277,226,1311.938586
324.13983,142,1311.963213
325.57526,168,1311.972519
303.70273,231,1311.993902
339.45966,138,1311.998553
332.62985,152,1311.998584
311.92795,178,1312.007794
327.1067,239,1312.02412
318.4903,139,1312.024156
323.06644,193,1315.428596
293.99194,211,1315.438224
300.1328,180,1315.461615
328.87946,202,1315.497692
114.130135,1000,1315.501447
289.6702,193,1315.538502
300.77454,172,1315.549498
325.92737,153,1315.555704
303.69086,172,1315.58543
328.46695,245,1315.588004
344.919,176,1315.604959
304.2232,239,1315.615078
316.2434,168,1315.626803
310.2508,224,1315.633297
320.3722,232,1315.638856
277.80798,148,1315.667946
316.93625,239,1315.674644
317.8512,222,1315.677325
301.51904,247,1315.738066
330.94894,196,1315.755855
292.57996,156,1315.758181
323.2745,202,1315.776815
306.62692,137,1315.776858
306.98608,223,1315.794978
333.62305,148,1315.800818
312.7589,176,1315.808442
331.2502,211,1315.837935
304.72833,253,1315.867437
268.79422,224,1315.881011
314.0026,197,1315.896375
350.2797,231,1315.925197
333.93585,251,1315.953408
318.16077,200,1315.959895
327.1489,188,1315.967481
313.866,182,1315.980154
301.31165,166,1315.994034
333.73605,195,1316.018668
301.83417,258,1316.042263
319.9123,253,1316.059154
267.31403,241,1316.063771
324.33862,174,1316.091504
303.5505,206,1316.099392
314.92725,205,1316.111845
314.53387,554,1316.118894
316.2751,179,1316.126495
304.78265,149,1316.129011
302.25696,269,1316.140814
323.7575,152,1316.151525
294.06168,165,1316.178296
279.11728,200,1316.191736
311.8993,222,1316.203285
319.76614,174,1316.215076
337.72766,157,1316.220878
323.22925,141,1316.224438
114.67105,119,1316.244186
320.03265,165,1316.274911
125.652985,1000,1316.293932
346.08615,155,1316.30152
323.74084,218,1316.305275
285.89127,191,1316.339213
352.5562,156,1316.353406
316.14218,191,1316.364803
313.07202,155,1316.376006
271.02985,179,1316.390886
278.8388,269,1316.398617
315.48224,252,1316.398646
322.05743,234,1316.402809
332.86017,185,1316.428415
291.81274,216,1316.457505
294.6308,219,1316.469221
310.4944,203,1316.472559
303.3777,202,1316.500776
342.0418,150,1316.506117
348.06302,202,1316.531788
296.8247,216,1316.537292
314.1571,214,1316.541771
327.4293,143,1319.943307
295.88953,204,1319.964005
303.1062,185,1319.965646
293.47116,183,1319.979154
339.28516,181,1319.984847
344.48486,186,1319.992533
321.34772,220,1319.993878
334.0664,199,1320.031054
320.04736,181,1320.03989
295.47876,204,1320.079248
338.7071,185,1320.096252
310.4679,195,1320.101876
286.93365,224,1320.104332
323.00177,168,1320.107035
322.6081,179,1320.11425
315.5342,208,1320.156609
319.60516,148,1320.158965
352.73502,175,1320.161295
300.15338,177,1320.164775
298.55496,165,1320.1648
323.28143,202,1320.1692
323.67114,173,1320.186576
302.55768,245,1320.257131
319.6136,229,1320.285883
332.00635,230,1320.295876
351.00085,179,1320.304815
338.146,191,1320.30841
317.3623,225,1320.327557
342.95453,157,1320.335841
317.13025,206,1320.342672
325.10742,171,1320.346345
344.44196,231,1320.361221
294.00232,188,1320.369004
329.4043,240,1320.369046
313.2059,179,1320.385138
309.1303,206,1320.392503
314.3032,231,1320.424867
301.383,289,1320.479542
96.08458,120,1320.501207
330.07538,154,1320.507814
296.36365,201,1320.509043
333.55972,228,1320.510641
292.85413,198,1320.524725
306.65253,208,1320.527047
339.89984,158,1320.54274
325.98718,139,1320.545152
287.0948,210,1320.563017
286.21384,200,1320.568286
325.13702,212,1320.578161
339.30237,196,1320.579818
288.2103,262,1320.600785
307.8526,174,1320.617536
323.33118,230,1320.641303
298.8495,163,1320.658542
326.2874,165,1320.692583
291.5572,186,1320.729566
304.64398,170,1320.73106
318.2887,209,1320.732378
343.8158,157,1320.73477
324.5115,143,1320.734796
344.6821,204,1320.736175
300.82126,210,1320.758565
320.70016,200,1320.766651
333.27448,177,1320.773329
330.79657,257,1320.793594
269.82654,226,1320.818286
305.07236,229,1320.854214
280.39948,217,1320.880349
298.59296,174,1320.884794
30.923363,136,1320.886375
322.20776,244,1320.888861
-345.97168,214,1320.897696
297.5412,153,1320.902029
304.0572,154,1320.905602
335.36395,155,1320.908971
296.59378,176,1320.92855
341.5113,158,1320.936357
309.65637,168,1320.960895
305.13507,152,1320.986126
76.2422,110,1321.023447
284.092,232,1321.026105
334.14435,176,1321.048098
325.72723,239,1321.057379
322.30246,296,1321.063797
305.74902,166,1321.07152
346.11188,159,1321.072934
283.51074,148,1324.463186
290.3023,194,1324.468395
311.10614,202,1324.504936
287.91943,208,1324.509997
313.84668,204,1324.536406
319.42865,171,1324.551229
290.637,264,1324.553889
322.26605,275,1324.56672
328.3045,138,1324.586877
329.94165,177,1324.596809
333.58295,211,1324.632989
316.12357,157,1324.646286
43.969154,185,1324.646323
333.73898,187,1324.654998
281.09515,153,1324.675745
301.81512,212,1324.682119
282.5209,208,1324.6963
321.87122,154,1324.706234
301.773,143,1324.710634
306.0982,269,1324.719831
325.70532,140,1324.719859
351.6473,176,1324.745181
316.15662,223,1324.756158
334.48965,179,1324.783483
327.96796,171,1324.785037
286.75018,166,1324.82839
323.66705,190,1324.843033
300.6362,183,1324.857066
299.93665,164,1324.889409
318.00296,211,1324.909771
334.8299,216,1324.921558
347.53433,185,1324.925954
300.28308,158,1324.9316
314.63586,146,1324.947945
287.44733,239,1324.962175
343.5041,230,1324.96702
340.6388,203,1324.971616
302.35696,233,1324.980645
332.1656,213,1325.021774
321.85797,195,1325.047953
329.97168,136,1325.066025
330.75168,151,1325.099041
278.11108,235,1325.108722
325.7394,145,1325.132196
316.94806,164,1325.134763
283.65378,248,1325.137269
315.37445,196,1325.144837
334.01404,187,1325.144864
334.9502,161,1325.154325
321.72223,158,1325.16028
281.79257,472,1325.175531
330.06586,263,1325.187555
293.53204,175,1325.221981
324.9422,258,1325.253779
38.515373,96,1325.29785
318.91058,144,1325.311221
319.03665,224,1325.322145
317.02377,241,1325.326058
306.00125,147,1325.3319
307.79584,205,1325.335504
303.05258,216,1325.355956
309.62057,189,1325.362527
288.1458,201,1325.368632
322.38892,203,1325.368662
341.05005,209,1325.373057
287.25638,216,1325.406007
291.26538,200,1325.407633
322.44055,181,1325.432701
340.69702,165,1325.448487
166.39485,1000,1325.461601
327.04376,178,1325.514843
305.23288,163,1325.520319
339.70462,168,1325.522976
346.5032,183,1325.534969
326.3862,143,1325.537575
271.13705,211,1325.541212
331.47015,197,1325.5478
293.52985,172,1325.553406
352.81055,181,1325.575679
324.15497,151,1325.578081
321.64365,187,1325.583116
320.45035,161,1325.588718
63.282074,154,1328.890047
302.8546,163,1328.916131
296.32416,172,1328.938151
285.04828,263,1328.943649
342.87366,144,1328.994768
328.2716,150,1328.996159
314.94952,171,1329.012973
301.88263,198,1329.019101
327.59662,205,1329.034958
293.4284,195,1329.037726
325.9589,172,1329.049137
321.2831,173,1329.057427
306.62354,218,1329.061335
339.36908,235,1329.066796
311.9886,186,1329.096156
341.92358,147,1329.102342
318.1992,211,1329.106299
317.29523,197,1329.134825
309.54254,190,1329.157393
333.8568,191,1329.25206
350.9237,190,1329.253759
317.1017,237,1329.265878
343.9246,237,1329.267609
315.98926,201,1329.279751
319.0137,238,1329.285168
319.70465,162,1329.288731
367.41043,208,1329.29554
323.21176,247,1329.300871
305.22742,174,1329.305434
286.85498,189,1329.313797
278.09512,272,1329.370614
312.6698,212,1329.377384
68.43663,87,1329.386128
349.27515,202,1329.387671
347.11688,156,1329.427067
307.02664,169,1329.44288
322.63626,160,1329.445386
292.60278,155,1329.468178
297.15305,194,1329.482142
289.24417,163,1329.482183
326.21204,173,1329.497623
283.02393,196,1329.503322
340.32928,215,1329.51985
295.22205,147,1329.5337
322.802,214,1329.551105
341.71082,195,1329.60305
341.48065,138,1329.622361
326.30707,221,1329.623798
340.86328,186,1329.651566
341.8747,242,1329.655069
339.82767,208,1329.658597
348.3181,161,1329.661348
289.46857,148,1329.685556
322.3786,185,1329.690492
312.17123,232,1329.704173
351.7213,188,1329.710676
346.90985,191,1329.719223
319.64423,223,1329.785691
322.7295,212,1329.791027
317.70398,145,1329.818619
332.3677,148,1329.825028
342.40942,162,1329.842874
337.63678,145,1329.84809
307.06732,230,1329.861861
306.51474,156,1329.877867
327.79382,228,1329.879234
296.98215,159,1329.896603
264.3347,211,1329.899969
295.4131,746,1329.906387
352.88568,215,1329.929896
150.29724,983,1329.961576
317.16132,233,1329.967396
335.51712,171,1329.979064
327.9779,146,1329.984669
349.0476,187,1330.025222
339.50464,146,1333.343772
332.10095,240,1333.35567
345.016,193,1333.366673
290.6847,220,1333.390218
300.14432,208,1333.395898
287.6087,194,1333.416064
297.408,212,1333.419683
330.3769,197,1333.422969
311.30603,157,1333.44808
314.17175,166,1333.453277
341.48682,211,1333.469462
281.07846,167,1333.470868
318.96082,249,1333.486579
279.30554,179,1333.488999
330.06763,162,1333.507928
333.14172,165,1333.539613
345.01904,183,1333.549057
332.46304,149,1333.563644
319.36356,167,1333.57911
359.75195,158,1333.593096
275.28217,206,1333.597307
356.6949,164,1333.602766
306.14484,139,1333.626403
288.4593,176,1333.64455
293.07568,162,1333.668917
323.73578,223,1333.672513
304.16467,176,1333.686146
332.5323,209,1333.703308
282.16046,251,1333.734216
317.00012,234,1333.770613
338.83215,169,1333.78054
345.64093,167,1333.788339
289.27567,223,1333.797151
284.9228,213,1333.800513
318.2447,205,1333.806253
282.4302,154,1333.817402
313.0362,201,1333.822094
301.9478,195,1333.845841
333.81146,155,1333.84731
317.80612,180,1333.889781
328.00116,235,1333.933264
289.153,159,1333.961474
328.25055,212,1333.972775
346.9087,181,1333.976907
315.87628,159,1333.982658
293.3051,171,1333.983979
318.23853,163,1333.992679
322.9469,175,1333.997221
286.42346,163,1334.00273
342.87024,182,1334.026909
348.75238,168,1334.034354
-37.62671,1000,1334.044905
299.22745,458,1334.052574
341.98746,210,1334.125795
300.97073,156,1334.150451
327.95673,188,1334.173262
299.28,217,1334.177588
337.07394,169,1334.182106
339.6225,188,1334.192555
302.98456,200,1334.196995
308.47638,181,1334.199325
353.76788,197,1334.203697
288.93103,205,1334.231244
302.3557,162,1334.235674
349.93436,182,1334.239378
310.41595,201,1334.273474
299.80664,237,1334.296015
297.31793,156,1334.354187
364.85388,136,1334.358994
332.54364,172,1334.368918
317.2209,220,1334.375592
310.29926,162,1334.383813
306.84244,211,1334.392016
320.03925,139,1334.397182
269.6184,206,1334.417299
327.26166,164,1334.420583
309.53082,203,1334.42497
326.2676,206,1334.432584
311.75482,152,1334.446146
338.7917,230,1337.791473
301.05112,200,1337.811145
330.50476,164,1337.842637
53.882874,174,1337.8761
305.33972,202,1337.892316
334.23294,144,1337.899596
310.26862,168,1337.899624
297.02057,184,1337.913654
315.15973,177,1337.921566
329.62,195,1337.933372
342.05322,237,1337.940829
324.37274,236,1337.950652
287.33508,272,1337.955087
342.72675,214,1338.028837
318.76468,208,1338.042766
343.58514,168,1338.083337
302.0289,177,1338.093084
339.05975,198,1338.095598
298.8393,236,1338.10456
107.40349,1000,1338.117903
329.43683,212,1338.128875
281.95132,166,1338.140404
327.4854,177,1338.148388
297.36108,194,1338.156802
294.04688,244,1338.182732
277.83463,265,1338.211401
24.922754,1000,1338.25447
312.6986,212,1338.262467
308.95554,210,1338.273383
346.578,163,1338.284065
314.70816,175,1338.286552
332.89386,158,1338.310539
336.99838,203,1338.318581
353.08856,197,1338.333039
321.15338,131,1338.357368
305.5567,188,1338.362144
299.61697,257,1338.36801
349.29266,222,1338.372612
316.78915,221,1338.389502
344.65762,211,1338.413774
262.35535,457,1338.435245
320.95023,184,1338.489859
290.24695,201,1338.496799
304.23035,218,1338.496841
290.7912,196,1338.536145
314.5937,175,1338.550737
334.56354,203,1338.560679
338.73663,154,1338.561914
315.98767,184,1338.572725
289.42215,236,1338.575346
328.47522,281,1338.576819
309.20978,214,1338.611888
297.63095,312,1338.632381
312.73206,208,1338.671256
342.80298,154,1338.671297
345.87836,179,1338.697686
338.07526,212,1338.727394
339.74237,161,1338.751855
299.45416,180,1338.753363
106.20579,1000,1338.757945
358.6939,163,1338.757972
312.7907,178,1338.773383
289.59503,195,1338.780988
292.76666,199,1338.784823
327.77673,222,1338.788261
355.85092,213,1338.849094
317.9781,136,1338.850298
276.2162,445,1338.859812
323.53345,179,1338.871154
322.59363,193,1338.888001
309.6931,152,1342.162012
322.48273,181,1342.189286
333.4095,168,1342.208913
308.6624,222,1342.211287
337.95404,209,1342.221912
316.65176,213,1342.231158
357.62973,194,1342.231183
342.30606,200,1342.240741
311.22412,212,1342.245079
345.55365,154,1342.255701
344.54993,146,1342.267405
352.2525,164,1342.275705
345.28973,179,1342.283065
335.08197,185,1342.32786
345.81274,157,1342.338389
303.36932,183,1342.425352
312.8767,193,1342.425403
326.73785,163,1342.426813
277.00476,230,1342.445372
326.68634,161,1342.446664
334.94485,160,1342.454154
325.15875,237,1342.471501
266.0481,205,1342.512415
327.56296,253,1342.512455
337.457,255,1342.514979
326.90265,248,1342.531147
320.81927,222,1342.582053
304.7047,165,1342.607744
340.89142,168,1342.611304
295.64557,208,1342.658232
335.43402,205,1342.675828
315.0519,152,1342.682526
283.30835,216,1342.687225
299.39392,150,1342.698888
301.83948,208,1342.704663
309.4663,174,1342.707116
257.371,215,1342.755036
321.66888,137,1342.762996
144.63412,1000,1342.766621
309.23962,282,1342.770474
193.52737,487,1342.784876
310.51758,218,1342.827629
324.53595,176,1342.873725
304.50464,193,1342.876216
312.42816,171,1342.879621
333.26562,156,1342.881108
345.62823,157,1342.88447
344.2146,173,1342.894429
346.5849,149,1342.952146
307.7024,163,1342.953549
317.0128,267,1342.983811
65.1409,1000,1342.986632
333.14087,197,1342.986665
354.22833,199,1342.992625
306.32477,209,1342.992672
312.5053,163,1343.067948
298.12888,175,1343.082043
315.648,176,1343.086645
329.5929,225,1343.088127
325.31866,186,1343.091047
352.2749,172,1343.093612
349.0951,207,1343.111677
309.53394,162,1343.140755
265.50037,466,1343.142272
293.76154,154,1343.161147
309.9613,186,1343.168561
301.14264,185,1343.199058
314.79315,186,1343.200504
307.42755,200,1343.220879
335.07306,139,1343.245436
341.0118,153,1343.259475
314.8345,240,1343.26683
316.07355,149,1343.282989
314.86597,218,1346.546058
294.5288,207,1346.548512
315.94257,167,1346.582449
343.20367,234,1346.587195
348.3844,152,1346.604451
322.2807,218,1346.620884
299.13065,268,1346.629045
336.5349,239,1346.645534
319.97513,193,1346.650362
351.7525,177,1346.655103
309.54272,149,1346.661352
318.455,165,1346.664852
290.5271,236,1346.669382
98.071754,1000,1346.690236
316.96265,161,1346.697904
299.67374,146,1346.714956
307.86304,161,1346.732501
329.61774,150,1346.753022
283.23004,149,1346.756417
314.15756,232,1346.761996
267.19202,197,1346.825257
328.33374,166,1346.831003
294.95953,184,1346.834515
315.89395,196,1346.840315
323.10327,142,1346.84705
310.30988,183,1346.854772
314.37323,200,1346.877977
319.77832,197,1346.884685
350.03506,166,1346.899201
329.12366,183,1346.901685
324.49826,224,1346.920073
319.61517,164,1346.940029
303.03564,190,1346.944877
312.51898,129,1346.987225
303.6151,209,1346.998487
350.0946,223,1347.004892
312.21762,176,1347.025803
313.6862,153,1347.029374
339.51233,161,1347.067552
338.7178,216,1347.075607
280.85187,216,1347.079155
307.057,165,1347.086876
341.0161,191,1347.094632
329.56342,159,1347.098055
296.92633,199,1347.12329
353.10468,167,1347.129674
314.1711,168,1347.188315
314.55734,168,1347.220639
292.04486,210,1347.226123
338.39142,261,1347.242546
335.78998,200,1347.253912
315.98767,157,1347.256393
334.20212,155,1347.257825
310.0075,181,1347.275802
314.17944,168,1347.280106
348.75476,178,1347.302105
330.10437,162,1347.308669
331.37512,193,1347.347788
271.4448,308,1347.35299
334.35706,199,1347.411971
305.98737,166,1347.427203
294.42398,171,1347.469526
351.64957,199,1347.477365
340.37378,222,1347.499796
301.61832,201,1347.524032
328.85034,199,1347.528708
280.38672,239,1347.539685
341.0835,170,1347.541052
272.24878,407,1347.552951
316.63165,145,1347.571841
326.38678,235,1347.606112
333.93988,131,1347.619268
320.60266,206,1347.652356
337.10773,161,1350.924697
370.49554,146,1350.935881
318.85333,224,1350.939234
328.92328,134,1350.942498
359.3347,167,1350.949191
314.2882,181,1350.964141
274.65698,482,1350.986171
312.02353,245,1350.996229
301.432,224,1351.001812
116.91207,1000,1351.007412
306.00354,165,1351.029894
284.79535,184,1351.037581
282.6765,196,1351.098895
309.49628,165,1351.113205
300.95807,175,1351.135332
296.75958,171,1351.157074
349.11676,171,1351.18935
318.58817,217,1351.189389
95.674286,1000,1351.194933
287.18292,151,1351.20075
297.2714,173,1351.203111
331.82452,240,1351.211822
344.77515,160,1351.218492
345.35773,193,1351.219856
304.52292,242,1351.223245
9.878777,132,1351.261681
325.05267,244,1351.261735
117.677246,88,1351.289259
289.76697,197,1351.321296
324.60724,214,1351.403308
305.56128,203,1351.42258
335.70868,146,1351.430121
341.5194,212,1351.438
313.81256,190,1351.438035
339.56586,215,1351.446616
306.92603,201,1351.449179
295.48822,174,1351.461216
289.5315,208,1351.461251
297.26306,236,1351.472848
302.06628,248,1351.494626
327.71826,183,1351.499637
48.832935,78,1351.518025
119.82352,1000,1351.566418
310.49255,237,1351.588997
275.25665,170,1351.591571
149.36209,1000,1351.60091
6.891472,133,1351.610036
279.7073,154,1351.618934
302.30972,191,1351.65079
342.83215,165,1351.656405
329.33636,194,1351.665035
317.18414,173,1351.687385
318.97333,205,1351.690378
279.88538,247,1351.698343
315.43903,192,1351.712955
322.26596,258,1351.727751
311.06824,148,1351.735568
363.13727,198,1351.742219
309.60687,552,1351.762636
322.4651,173,1351.788021
299.9245,168,1351.809465
297.2295,191,1351.819244
330.3753,189,1351.823804
303.2423,217,1351.839583
316.18237,155,1351.84339
329.28967,127,1351.858846
310.7132,183,1351.860462
324.5208,158,1351.88042
331.82037,170,1351.886049
313.36084,140,1351.900067
308.0855,196,1351.912641
322.81714,203,1351.96648
310.20215,210,1351.968266
308.18002,153,1351.994397
47.4466,144,1352.003111
325.68085,175,1352.008608
350.8083,167,1352.013989
288.88797,228,1352.019992
316.21857,207,1352.022359
293.99225,150,1352.028928
292.43402,155,1352.035411
269.32504,335,1352.037749
359.25934,136,1352.054939
272.31195,202,1355.352763
36.245197,102,1355.367882
109.52494,81,1355.374117
292.14243,216,1355.374159
331.50922,256,1355.377591
336.60825,168,1355.399035
103.50923,122,1355.415821
311.00912,168,1355.444551
327.20096,259,1355.446154
298.39667,192,1355.453186
286.86542,194,1355.463912
348.04214,157,1355.473017
356.8958,194,1355.481358
319.97205,205,1355.495188
268.95096,214,1355.511988
316.8819,178,1355.552499
314.798,173,1355.57246
324.75165,170,1355.591011
298.48132,201,1355.594566
320.32947,197,1355.595939
315.6387,138,1355.604619
354.64728,217,1355.61741
334.413,151,1355.623855
337.235,166,1355.659524
314.28326,207,1355.680634
332.00122,238,1355.685812
44.51768,94,1355.701957
291.51993,145,1355.715904
347.43158,180,1355.71729
344.40912,220,1355.730105
331.24783,169,1355.760459
303.0512,144,1355.781508
321.00055,174,1355.791684
340.2621,177,1355.806762
322.15964,290,1355.82711
330.4022,179,1355.829709
337.75525,155,1355.858172
302.42816,577,1355.863384
311.63812,181,1355.867732
328.4734,169,1355.877522
78.98869,81,1355.88317
293.40872,177,1355.902439
319.11795,181,1355.921951
320.50806,206,1355.948865
350.97324,201,1355.957371
322.63278,174,1355.959054
334.68304,203,1356.007764
301.83057,189,1356.015502
331.4854,141,1356.019186
287.32758,165,1356.041297
318.39346,203,1356.055333
-5.8181458,73,1356.09823
353.09924,197,1356.102771
322.01758,168,1356.111346
329.15778,220,1356.114705
303.00308,154,1356.122138
278.47983,272,1356.130781
266.69818,213,1356.1406
347.83386,175,1356.154397
359.25385,252,1356.159
310.85495,237,1356.22221
316.58234,214,1356.246465
331.074,222,1356.266161
304.55292,162,1356.287573
350.23938,160,1356.288956
306.20972,186,1356.325016
317.02148,258,1356.326623
344.99124,163,1356.338845
320.67868,215,1356.341299
312.88806,188,1356.347849
335.28522,225,1356.347876
341.01398,221,1356.373293
286.85086,300,1356.3872
326.37778,214,1356.390708
321.99615,163,1356.425568
361.15442,186,1356.425617
284.66727,161,1359.746791
314.7385,171,1359.756687
228.19319,818,1359.783118
336.06842,168,1359.791873
319.61194,207,1359.834021
322.1534,198,1359.840369
297.9769,193,1359.841769
278.96368,204,1359.845158
350.6214,157,1359.845183
176.4461,1000,1359.86326
344.081,195,1359.870675
297.6059,298,1359.877656
308.71887,230,1359.883341
308.3334,170,1359.897321
294.0291,191,1359.920553
30.745125,114,1359.922143
317.23114,244,1359.940358
-66.478516,79,1359.956029
337.97516,176,1359.958366
-119.76254,89,1359.97403
48.74432,91,1359.989687
292.2348,150,1360.018694
344.52502,155,1360.021379
353.4555,242,1360.024868
278.4643,173,1360.040766
338.00027,185,1360.050279
290.21997,239,1360.061092
36.387043,121,1360.06477
286.2904,191,1360.068403
283.3478,158,1360.082448
352.63867,153,1360.131105
336.20337,226,1360.138125
313.60626,192,1360.143483
343.21942,164,1360.14584
360.09082,162,1360.159804
311.71396,190,1360.159836
-30.827465,95,1360.168086
294.53326,188,1360.20408
321.98254,178,1360.219753
276.35318,160,1360.229232
309.2428,159,1360.242769
92.026215,82,1360.249538
257.52533,218,1360.263805
314.56363,232,1360.283282
358.203,194,1360.294841
329.3232,221,1360.306555
319.05478,243,1360.309956
339.4957,175,1360.323601
321.75146,158,1360.332328
327.259,162,1360.343427
343.97507,201,1360.366032
289.60388,216,1360.380039
323.8736,148,1360.392249
319.0927,230,1360.392281
67.36478,98,1360.405018
297.93555,156,1360.416265
355.0299,168,1360.435074
302.12442,221,1360.44546
78.616135,79,1360.454017
316.5977,156,1360.455638
321.7008,203,1360.487871
40.18307,136,1360.49512
328.03937,256,1360.501792
328.22653,172,1360.526091
311.0467,136,1360.544275
346.54462,211,1360.546841
329.70468,135,1360.555264
267.7539,227,1360.577448
317.04407,242,1360.577494
281.91003,180,1360.592425
304.4594,138,1360.610659
-20.144718,82,1360.617315
321.77682,189,1360.627858
358.0821,171,1360.648854
317.2426,182,1360.651812
348.62927,210,1360.670241
317.72382,161,1360.675502
317.81165,270,1360.682897
-130.89677,120,1360.708923
317.96936,145,1360.715917
320.64758,165,1360.726696
41.59067,116,1360.743983
261.25696,219,1360.745739
315.3709,154,1360.748669
321.3548,184,1360.796768
266.86502,230,1360.801395
331.10986,146,1360.80998
281.80545,182,1360.831243
2.2278938,100,1360.840957
-3.6644173,108,1360.868071
309.2921,206,1360.881255
342.4558,194,1360.893945
303.8046,203,1364.138565
73.6001,198,1364.147573
350.15335,169,1364.177129
303.4956,179,1364.189651
339.76746,222,1364.206267
319.2461,228,1364.207828
312.31207,145,1364.232579
276.5166,172,1364.243531
314.09418,168,1364.267579
268.98,205,1364.26762
108.81235,128,1364.286786
354.00122,150,1364.303222
320.82224,241,1364.311064
334.04108,146,1364.339086
340.1869,200,1364.343611
302.74677,214,1364.346346
279.41922,197,1364.353211
312.64618,142,1364.364224
301.282,157,1364.365494
244.22034,469,1364.374688
304.8298,189,1364.41722
348.27502,158,1364.419788
318.4436,153,1364.440823
309.73187,164,1364.453309
267.96237,214,1364.473597
314.32996,156,1364.481571
311.09393,175,1364.510638
340.52335,214,1364.530669
287.68213,157,1364.532145
310.94745,176,1364.547765
293.78958,185,1364.551141
318.4422,162,1364.551168
335.8462,181,1364.58105
334.21185,195,1364.58701
283.59918,238,1364.613862
288.4864,186,1364.630239
345.71307,221,1364.691385
286.8501,260,1364.71302
309.36993,215,1364.71654
326.55548,236,1364.720253
306.83,174,1364.727154
313.47238,174,1364.746323
278.30054,190,1364.746369
332.72644,245,1364.758348
274.76825,199,1364.772283
278.3498,234,1364.777281
337.44583,178,1364.788824
315.49512,240,1364.821038
315.48206,222,1364.831925
161.49263,1000,1364.85516
327.2047,168,1364.881804
335.1499,154,1364.888092
308.1657,161,1364.902918
339.70392,257,1364.905575
334.78345,246,1364.911491
280.77716,187,1364.927846
330.51663,143,1364.9372
328.83002,171,1364.939846
315.66647,178,1364.947292
357.39017,169,1364.949705
57.992504,118,1364.963585
334.86636,217,1364.972387
322.5688,170,1364.978843
81.435425,86,1364.985782
342.71295,234,1365.03224
321.20792,138,1365.055172
364.85242,185,1365.058676
322.393,149,1365.065181
342.96173,141,1365.091233
335.24103,147,1365.111033
293.3361,216,1365.119284
312.61584,151,1365.129681
313.5782,206,1365.137217
328.18823,176,1365.141044
308.11136,152,1365.145513
341.0829,169,1365.169837
347.344,226,1365.178176
300.2855,257,1365.223829
331.8689,177,1365.229311
342.50436,165,1365.273623
304.85223,209,1368.559677
313.1341,154,1368.577313
329.85876,170,1368.57737
294.18094,182,1368.581939
337.16623,222,1368.581964
338.90405,157,1368.584475
341.28656,166,1368.600524
350.29645,195,1368.616943
285.46722,477,1368.621581
337.59277,160,1368.626663
311.26855,285,1368.643765
330.47214,185,1368.646289
326.54144,175,1368.687612
317.19324,179,1368.697567
371.07254,135,1368.735062
309.56433,170,1368.751732
310.92413,189,1368.756459
302.94565,162,1368.759991
321.75623,185,1368.788656
333.89755,192,1368.792013
331.02393,159,1368.801321
335.20798,223,1368.829947
330.18384,173,1368.834363
267.23395,237,1368.861634
300.44678,249,1368.89468
359.0811,205,1368.912242
279.58472,244,1368.91369
289.66577,202,1368.920268
310.47894,178,1368.953379
328.77167,181,1368.960512
342.8128,205,1368.964309
281.38556,193,1369.007844
294.26562,240,1369.019073
281.61475,198,1369.024494
336.32452,226,1369.044398
40.56537,142,1369.077835
317.89386,223,1369.087663
312.89264,236,1369.097749
327.5929,212,1369.103272
334.84988,164,1369.103303
355.95618,201,1369.125761
321.35107,156,1369.131535
315.7212,190,1369.138267
331.78223,165,1369.152596
345.6762,179,1369.16404
317.67938,178,1369.219157
332.7263,191,1369.222604
327.84546,184,1369.230255
277.40433,168,1369.230288
289.16077,151,1369.253816
343.5561,163,1369.282861
256.94672,601,1369.287505
334.6785,186,1369.308278
340.82318,169,1369.324046
307.2317,205,1369.324087
130.89502,1000,1369.352069
323.29913,206,1369.357198
323.56818,217,1369.364429
286.9781,154,1369.390504
316.8871,170,1369.418474
323.9462,251,1369.428337
322.84805,180,1369.429747
312.8216,149,1369.448197
331.48587,340,1369.454029
337.76886,186,1369.460611
318.88074,221,1369.467326
314.7021,287,1369.481972
296.17462,175,1369.503649
337.14288,172,1369.515632
342.04132,188,1369.53242
330.26074,172,1369.544234
342.3816,156,1369.56079
260.6632,251,1369.564189
355.18567,142,1369.582814
325.99594,208,1369.594225
323.03253,223,1369.603575
330.87604,172,1369.607073
300.21118,166,1369.640604
322.38968,183,1369.646919
350.69318,150,1369.663855
336.03497,216,1369.663903
335.70972,203,1369.674064
319.56693,193,1369.676454
347.8539,198,1373.095746
334.27402,256,1373.095804
323.66058,183,1373.123676
301.03125,176,1373.126442
328.97214,199,1373.16539
287.79745,239,1373.170508
289.83594,165,1373.174749
322.0439,247,1373.177442
312.34006,154,1373.181233
301.74512,150,1373.187605
274.29578,185,1373.193238
333.4403,287,1373.195064
341.41205,195,1373.243278
332.20328,252,1373.24832
310.60217,206,1373.275633
341.32764,160,1373.315279
355.02264,174,1373.332734
300.3115,170,1373.354606
289.37247,160,1373.383196
280.11603,173,1373.409414
315.21033,179,1373.431751
352.47095,186,1373.435944
253.36938,496,1373.450689
274.66452,214,1373.474268
321.98926,228,1373.478849
70.89335,128,1373.507365
301.25275,178,1373.528436
310.61172,214,1373.538628
319.53314,243,1373.550482
295.17603,188,1373.559471
305.9406,152,1373.566276
343.25226,146,1373.607174
344.26617,191,1373.633391
339.98492,148,1373.652098
298.33136,154,1373.655071
313.47156,226,1373.696452
312.06696,163,1373.73704
325.41428,198,1373.737088
304.39386,256,1373.747409
294.5514,199,1373.767372
309.73273,196,1373.790838
355.67572,168,1373.801143
289.5467,217,1373.80792
346.73505,136,1373.81174
314.87177,180,1373.842332
345.4172,176,1373.85505
335.68463,165,1373.893453
307.8385,184,1373.972765
316.48978,166,1373.985559
302.14923,192,1373.998658
313.21024,213,1374.01717
348.95557,211,1374.077677
323.45874,157,1374.082222
301.544,205,1374.095296
355.49792,144,1374.100464
288.2802,231,1374.123548
319.21906,250,1374.139992
272.5584,252,1374.19976
10.131649,92,1374.210064
326.07147,161,1374.216747
325.0916,171,1374.245121
270.58936,172,1374.262247
301.29425,150,1374.309382
310.11755,147,1378.158571
319.77582,198,1378.176636
276.2798,194,1378.198252
283.73837,244,1378.219419
198.35953,1000,1378.223912
328.46402,140,1378.233821
167.6511,1000,1378.268902
142.84966,1000,1378.272993
314.2931,362,1378.275501
327.96188,207,1378.280837
308.95502,207,1378.28846
296.92297,206,1378.292274
263.52313,182,1378.302222
80.55061,101,1378.328323
177.21538,1000,1378.333271
348.98077,174,1378.379657
305.4408,210,1378.388667
-23.104729,89,1378.406274
341.32407,227,1378.464013
320.51288,194,1378.468061
297.3574,185,1378.468097
346.3327,200,1378.47981
332.5032,163,1378.483973
342.31726,172,1378.4905
365.7323,183,1378.513531
335.43613,178,1378.527591
334.2976,176,1378.553457
314.4889,219,1378.566215
287.84442,193,1378.57283
332.91687,157,1378.5768
333.73907,257,1378.599397
154.4377,1000,1378.620893
308.71368,193,1378.646018
298.05994,212,1378.651344
337.1201,153,1378.654084
306.55054,156,1378.675226
322.24335,180,1378.700254
-31.495035,83,1378.719287
99.09796,110,1378.73173
309.36606,210,1378.759282
310.0907,210,1378.778669
-132.89272,61,1378.78781
327.96307,162,1378.823003
288.1735,238,1378.83214
300.08643,180,1378.836487
308.87885,232,1378.862055
328.6929,158,1378.86354
283.01678,246,1378.865217
295.17938,153,1378.885188
321.5703,235,1378.894736
312.72852,146,1378.934713
297.47568,198,1378.950871
357.88013,171,1378.957962
333.8109,171,1378.973974
348.07013,151,1378.990139
278.78442,231,1378.997028
313.25903,179,1379.021185
313.5152,191,1379.021234
-130.71849,88,1379.047208
349.1131,174,1379.05896
302.2475,139,1379.074043
317.99908,149,1379.076744
314.14392,189,1379.107622
310.3659,205,1379.125272
326.67294,233,1379.128114
287.7142,219,1379.141021
322.0248,163,1379.189222
328.0871,174,1379.207003
320.3123,226,1379.228274
320.78946,173,1379.231676
45.075516,99,1379.244858
306.47833,185,1379.246403
319.90796,159,1379.252823
305.27393,182,1379.298212
337.7882,132,1379.302333
362.25748,217,1379.342231
285.9353,213,1379.37054
38.11449,119,1379.381691
328.6441,217,1379.397252
345.7312,230,1383.510987
314.42047,190,1383.519335
291.10986,162,1383.536807
317.05817,212,1383.54573
303.35223,180,1383.562772
315.39966,177,1383.640275
304.08508,195,1383.652753
348.5609,194,1383.679131
325.98044,243,1383.685773
332.7779,185,1383.75158
324.27563,185,1383.759267
116.117035,83,1383.760799
319.05872,190,1383.781685
277.33112,186,1383.804799
336.31693,202,1383.807873
230.27261,457,1383.867762
70.21351,94,1383.876967
358.05017,145,1383.931952
340.1585,147,1383.941987
281.56494,213,1383.953255
348.64676,237,1383.976131
297.2036,185,1384.010287
323.52747,334,1384.058832
322.2793,225,1384.082945
146.18863,1000,1384.112139
303.10254,207,1384.131402
338.2732,224,1384.142047
290.02515,178,1384.158406
-113.323616,93,1384.172142
153.44757,1000,1384.233905
322.51736,235,1384.237962
151.91486,1000,1384.2524
297.42383,238,1384.265218
284.20905,242,1384.305822
146.01875,1000,1384.323751
347.8252,179,1384.33004
285.6005,204,1384.331531
338.23364,169,1384.337132
317.45663,193,1384.394422
356.40512,153,1384.425336
337.6364,248,1384.443671
334.17606,162,1384.451024
314.2146,237,1384.46378
154.49115,1000,1384.4894
327.48404,194,1384.505546
103.21837,1000,1384.510868
340.63016,227,1384.51884
304.83896,482,1384.523781
296.62384,172,1384.544342
315.9273,221,1384.581838
305.07452,220,1384.598848
309.6608,267,1384.669179
283.64908,179,1384.67902
292.49316,233,1384.688401
312.59714,192,1384.688452
39.84569,87,1384.692705
333.70856,216,1384.700312
304.58386,149,1384.712981
313.0072,205,1384.722926
332.2199,189,1384.729537
293.67633,179,1384.734204
291.44907,150,1384.737271
284.69626,180,1384.748374
-24.948067,71,1384.762908
277.65427,200,1384.766129
297.59933,161,1388.738873
68.94746,111,1388.772626
347.40106,123,1388.803015
310.5412,169,1388.851189
334.34622,137,1388.888484
309.7506,204,1388.888549
331.031,204,1388.903132
319.9781,183,1388.922666
297.5791,179,1388.924557
298.33643,216,1388.932105
324.255,191,1388.942564
141.65948,108,1388.945464
268.9875,244,1388.99788
177.96382,1000,1389.016467
346.2231,204,1389.030647
357.7088,170,1389.055514
346.35168,158,1389.072851
311.81665,283,1389.075269
312.49817,154,1389.110887
297.6383,156,1389.131817
314.70575,168,1389.144451
310.6314,188,1389.148414
314.7772,164,1389.15698
291.85223,203,1389.167937
42.433857,120,1389.174606
276.18762,196,1389.195973
73.76192,122,1389.210867
272.71054,729,1389.224431
344.15143,156,1389.232612
71.546814,75,1389.2442
21.56163,162,1389.287631
301.77338,195,1389.324384
337.68494,165,1389.345562
354.56616,171,1389.366336
318.66006,151,1389.366375
316.81104,206,1389.376112
343.80493,124,1389.389717
316.33527,181,1389.397712
296.8598,153,1389.405031
335.80493,209,1389.422541
307.6328,198,1389.444889
318.95227,222,1389.503432
322.4298,185,1389.552579
326.88953,156,1389.559422
334.9942,222,1389.561128
320.09665,153,1389.595556
315.1837,166,1389.597205
307.8736,164,1389.60282
297.83148,209,1389.626258
323.88263,181,1389.646162
-5.79282,93,1389.674676
283.4222,290,1389.704786
320.05792,147,1389.739038
293.42358,201,1389.749579
312.16266,213,1389.815034
307.81677,180,1389.815079
327.7312,195,1389.835537
293.00098,191,1389.858975
341.338,212,1389.860558
306.14072,339,1389.863233
346.52777,184,1389.87174
310.82312,191,1389.908788
23.541576,90,1389.928156
319.65414,206,1389.959626
191.50403,1000,1389.988762
335.24384,146,1390.002299
300.3074,205,1390.01459
324.47565,226,1390.035718
343.21252,147,1390.064118
338.41028,165,1394.296171
64.740005,100,1394.312276
-27.641401,94,1394.341541
330.34082,203,1394.341607
320.5697,139,1394.391601
158.18948,1000,1394.41367
288.62244,210,1394.42034
302.4549,179,1394.45942
344.18512,157,1394.469706
135.07664,1000,1394.484528
324.93463,278,1394.489958
343.15723,208,1394.511064
297.79254,171,1394.513811
316.46906,165,1394.549463
339.19516,198,1394.560889
331.87897,194,1394.587426
310.33414,148,1394.598523
251.7432,922,1394.620834
324.60022,154,1394.649779
315.4909,204,1394.673055
342.0752,181,1394.696375
287.18964,245,1394.697859
303.3224,180,1394.709681
345.16058,165,1394.718735
305.4472,179,1394.7731
314.76727,211,1394.776415
309.43567,190,1394.799535
302.7481,253,1394.804342
281.9905,177,1394.820086
306.5136,178,1394.84477
150.34589,1000,1394.851334
95.02286,160,1394.854147
284.359,643,1394.870988
298.05997,161,1394.878917
313.171,147,1394.895098
295.7402,168,1394.912087
296.48068,181,1394.946806
267.5116,216,1394.969392
308.5175,165,1394.986871
286.9183,325,1394.996759
48.440178,187,1395.04621
371.90094,152,1395.050347
325.21045,215,1395.05188
337.6663,148,1395.070116
301.33087,213,1395.07564
314.03433,167,1395.086838
330.44946,214,1395.097075
286.30573,211,1395.116712
302.21536,231,1395.151014
340.5329,225,1395.190158
18.275433,112,1395.218104
316.70786,216,1395.230773
316.95703,151,1395.25204
288.71295,202,1395.256456
293.02576,169,1395.276649
319.75995,154,1395.281767
353.7409,141,1395.305151
329.1406,261,1395.314899
297.70343,243,1395.319875
302.0253,171,1395.374951
134.12564,1000,1395.375
328.0423,225,1395.381031
347.62598,181,1395.420548
42.085308,103,1395.446562
352.79462,156,1395.453716
352.63675,189,1395.470923
327.03882,203,1395.475951
320.13593,189,1395.488804
358.92017,141,1395.488861
312.40918,173,1395.4957
300.28644,226,1395.554064
288.05658,435,1399.483244
314.69168,155,1399.496055
355.6076,195,1399.504362
318.17255,211,1399.517598
321.31866,147,1399.541884
347.13153,174,1399.554999
336.49084,175,1399.583368
349.89496,160,1399.583431
298.3344,309,1399.585241
346.84833,187,1399.637259
303.81158,214,1399.671746
59.49091,99,1399.708437
311.45648,185,1399.765767
343.07684,182,1399.771628
289.26196,235,1399.771669
296.29004,208,1399.784549
330.1262,212,1399.822474
302.72205,175,1399.828218
306.11554,146,1399.832112
301.7023,192,1399.849301
321.22125,196,1399.855362
338.64642,149,1399.862829
325.92572,231,1399.867771
324.28055,199,1399.958601
355.8827,179,1399.985471
345.55655,153,1400.014152
321.6087,207,1400.037935
345.71594,204,1400.071317
328.675,167,1400.071361
289.07394,246,1400.072814
332.43497,250,1400.077711
81.98385,1000,1400.091621
308.98297,189,1400.093336
328.1302,217,1400.119224
301.667,225,1400.123012
270.56274,681,1400.135915
330.5503,146,1400.135946
321.10925,265,1400.155725
294.4806,146,1400.164346
79.37355,161,1400.210644
295.44476,150,1400.218941
59.14964,1000,1400.267199
306.51642,168,1400.277792
324.67828,142,1400.30901
309.3239,182,1400.313351
324.82196,199,1400.313396
244.60439,216,1400.334533
53.194077,166,1400.367723
344.03873,244,1400.376366
342.08054,212,1400.383733
325.31628,221,1400.390997
358.51566,209,1400.393625
319.83734,167,1400.425628
342.8852,174,1400.425674
329.95163,231,1400.439244
317.5055,141,1400.451005
331.86755,156,1400.459582
284.1305,163,1400.519959
346.2182,175,1400.5333
30.369385,133,1400.555241
334.32324,147,1400.556983
340.38947,146,1400.56557
345.43307,184,1400.572001
334.0622,143,1400.581714
321.7428,229,1400.609622
320.26175,143,1400.614772
125.92912,1000,1400.614819
329.65063,149,1400.623023
295.71765,190,1400.699049
77.0016,99,1400.7057
290.7434,211,1400.713679
309.82373,196,1400.716414
362.00574,171,1400.741633
359.76263,167,1400.748334
328.6056,169,1404.668275
312.64673,197,1404.693932
288.70892,156,1404.696602
328.6743,166,1404.715195
280.0849,172,1404.71523
358.23322,156,1404.781777
312.13885,239,1404.794508
341.0915,157,1404.798871
336.75256,165,1404.806253
343.5442,144,1404.807743
338.36932,149,1404.819665
297.35266,218,1404.862931
350.9801,137,1404.884772
44.76763,183,1404.922453
323.59402,180,1404.939718
302.2786,404,1404.950051
331.16803,231,1404.953896
331.38354,215,1404.961903
323.3733,157,1405.00128
291.61066,163,1405.009934
299.97327,173,1405.013606
316.2036,177,1405.0376
263.222,213,1405.059163
352.61655,166,1405.070517
314.89105,151,1405.108334
274.94955,168,1405.144797
288.84085,221,1405.159227
344.6175,176,1405.178624
288.281,192,1405.187573
314.6245,171,1405.21071
43.802433,1000,1405.227009
310.70886,232,1405.237717
282.28946,198,1405.251284
309.28278,197,1405.310372
305.7889,226,1405.333485
57.85157,104,1405.352458
319.74542,200,1405.352545
328.03455,191,1405.394395
312.02002,159,1405.406415
282.83557,201,1405.424619
334.26227,155,1405.430044
359.25586,160,1405.449283
301.54562,250,1405.454545
345.5373,229,1405.468504
159.84775,1000,1405.529317
66.06421,120,1405.544853
345.92285,210,1405.57432
299.2232,182,1405.584966
301.36078,188,1405.594764
325.4577,152,1405.601396
326.71286,214,1405.607882
271.76016,171,1405.642213
308.51456,156,1405.648811
321.7837,143,1405.651418
275.5943,180,1405.658899
149.35133,1000,1405.707862
350.07532,131,1405.713116
289.84277,136,1405.745592
325.7615,234,1405.750627
340.55438,182,1405.759446
353.27316,139,1405.779571
307.98996,151,1405.847651
319.83362,216,1405.869144
307.4447,205,1405.895377
321.0265,253,1405.899213
276.46057,217,1405.917791
318.7556,165,1409.900194
306.59784,220,1409.931576
318.84637,200,1409.947481
-82.5534,1000,1409.971432
325.53534,152,1409.98289
287.56665,213,1409.991122
30.698387,179,1410.072123
292.0652,214,1410.082723
337.50858,208,1410.124684
306.83728,155,1410.139607
341.73227,253,1410.15935
317.9802,210,1410.159395
339.20114,147,1410.168648
335.22388,177,1410.194147
140.14267,1000,1410.206395
293.182,221,1410.209272
151.87076,1000,1410.23228
314.6694,156,1410.265201
-11.585815,127,1410.283211
323.20312,240,1410.291097
323.1026,159,1410.356079
307.55978,190,1410.374225
284.765,168,1410.400951
339.33408,173,1410.426509
330.95578,222,1410.448071
351.85385,237,1410.461924
325.82263,158,1410.469586
309.0432,181,1410.514905
311.66745,224,1410.516669
330.20233,181,1410.633058
288.48074,156,1410.642968
308.1218,234,1410.655868
299.4211,184,1410.658817
302.9391,175,1410.679733
314.84558,199,1410.717014
328.149,190,1410.749846
49.146107,1000,1410.789411
289.0077,241,1410.812208
184.69647,976,1410.816316
324.16064,151,1410.829388
352.33063,151,1410.844191
314.10703,175,1410.849973
320.6551,196,1410.898269
99.91958,1000,1410.903824
90.65723,158,1410.913348
127.65603,1000,1410.960042
351.1275,183,1410.980915
298.949,168,1411.002221
344.62793,183,1411.080116
333.6659,247,1411.124105
319.09576,180,1411.129212
348.72214,177,1411.134043
301.48972,190,1411.136554
301.00024,253,1411.147762
284.80063,226,1415.120658
302.3346,323,1415.129441
308.52057,202,1415.134579
310.69995,161,1415.160808
322.7556,242,1415.162318
334.34802,166,1415.211825
225.835,1000,1415.216279
309.43607,159,1415.226671
338.98486,197,1415.263889
275.65955,209,1415.272555
363.22702,167,1415.338218
161.3763,1000,1415.338272
279.52344,263,1415.343413
345.49744,195,1415.365356
318.75604,174,1415.379059
342.13025,177,1415.383999
141.38782,1000,1415.425581
314.8568,202,1415.465694
328.8296,172,1415.475096
285.22495,209,1415.483412
140.2544,1000,1415.508089
287.0893,165,1415.54174
278.89337,279,1415.55793
307.22675,349,1415.568942
318.46252,201,1415.587396
336.15607,199,1415.631246
304.9925,238,1415.640412
328.92245,177,1415.645623
309.6479,160,1415.667107
319.8828,245,1415.669726
315.87994,196,1415.751215
353.32556,171,1415.753926
359.5484,167,1415.764863
337.81677,234,1415.775195
353.12024,177,1415.78749
313.41672,167,1415.793786
37.143517,1000,1415.804639
311.44205,265,1415.80644
296.31433,184,1415.868109
286.47272,210,1415.904029
279.02255,450,1415.935453
313.52686,252,1415.941385
191.58443,1000,1415.946343
333.87677,195,1415.995442
299.32996,197,1416.010584
308.98636,181,1416.019417
325.0501,181,1416.029341
314.07697,181,1416.031131
309.6237,224,1416.055338
325.95215,311,1416.055381
335.54535,244,1416.059865
280.31482,171,1416.081211
344.32776,148,1416.126949
305.5771,158,1416.132898
331.32465,210,1416.167888
294.4263,191,1416.185163
335.09756,173,1416.213733
326.33527,157,1416.229542
-17.983662,176,1416.23391
280.52826,174,1416.250083
293.7492,200,1416.312164
319.14032,197,1416.312223
303.38007,230,1416.315243
270.0806,426,1416.327869
333.7497,162,1420.250783
311.31348,215,1420.262596
295.06598,235,1420.262638
329.34418,189,1420.277851
310.8423,161,1420.342599
352.61072,206,1420.355489
351.98633,184,1420.389297
291.51566,227,1420.405167
138.88799,1000,1420.427935
318.3359,186,1420.448107
346.41656,152,1420.449979
308.66492,205,1420.472372
337.8505,218,1420.489558
321.50183,200,1420.49594
292.16953,207,1420.516841
293.29156,248,1420.540854
343.07663,218,1420.547169
354.2666,131,1420.569549
351.67743,196,1420.59643
274.70068,395,1420.633301
325.69708,208,1420.64765
289.46814,160,1420.672746
315.0468,186,1420.682818
309.36404,193,1420.690537
348.84457,163,1420.701236
346.88507,220,1420.702746
285.8469,178,1420.713785
314.0223,216,1420.788974
345.17807,159,1420.797199
176.82181,1000,1420.825868
327.00684,187,1420.871641
306.61652,242,1420.874893
322.25647,130,1420.87881
278.8693,158,1420.883035
298.86337,282,1420.896153
328.38156,188,1420.910159
309.3143,201,1420.941997
310.94196,195,1420.945721
310.46762,242,1420.951724
317.61157,206,1420.961215
342.53802,140,1420.967046
308.40927,157,1421.021847
307.4167,193,1421.037966
352.78287,152,1421.069075
284.42975,174,1421.08774
349.85065,169,1421.087775
325.25293,165,1421.148585
358.46564,204,1421.163706
288.38785,226,1421.177402
328.211,203,1421.202855
327.22797,216,1421.224995
288.0601,212,1421.232371
302.86108,193,1421.264837
334.70117,153,1421.281446
284.09308,169,1421.284239
287.92084,164,1421.297471
314.76633,215,1421.31138
323.57788,144,1421.333276
66.19562,1000,1421.333313
299.64716,141,1421.344337
325.8286,178,1421.40182
313.635,170,1421.436381
280.82324,187,1421.465177
323.6032,151,1421.472695
330.4898,484,1421.480257
302.76947,233,1421.493463
277.5614,196,1425.411035
351.2356,166,1425.422956
329.15326,222,1425.427912
317.20032,202,1425.432901
286.73926,197,1425.442581
293.5047,187,1425.461856
355.07474,206,1425.474353
173.43262,1000,1425.479351
345.37585,190,1425.555161
316.72656,162,1425.565034
317.88156,197,1425.59274
302.60074,207,1425.611902
310.9099,156,1425.630701
324.8957,175,1425.642366
342.9333,226,1425.657416
319.93826,312,1425.674069
356.72305,203,1425.674124
333.08032,219,1425.682703
146.88394,1000,1425.682744
304.49542,202,1425.682755
306.46335,210,1425.729057
312.15045,211,1425.735044
296.70764,151,1425.7491
340.2823,242,1425.755263
322.62128,220,1425.82304
294.02026,157,1425.832154
319.03076,181,1425.832192
297.7892,175,1425.843493
318.73645,215,1425.854165
320.05988,167,1425.874791
309.60397,181,1425.876262
304.73706,175,1425.893457
280.00934,192,1425.9057
303.66135,185,1425.905745
338.99365,196,1425.919769
322.90155,159,1425.923792
296.80554,188,1425.989007
307.87415,196,1425.993041
329.8108,154,1426.017511
303.25177,242,1426.035629
318.4386,201,1426.082678
312.01318,184,1426.084109
78.84008,1000,1426.088182
320.877,134,1426.092073
292.41776,182,1426.104154
318.47678,168,1426.116319
283.50336,228,1426.128337
306.05453,207,1426.133236
291.74847,164,1426.187477
316.23486,252,1426.218035
317.8285,198,1426.235142
310.3235,289,1426.274915
322.88757,162,1426.279862
62.599503,177,1426.305579
306.95837,164,1426.316052
344.46716,233,1426.319899
327.56433,218,1426.352708
334.92294,184,1426.354226
307.45123,219,1426.371431
302.677,262,1426.407831
311.6515,181,1426.411843
327.19598,248,1426.439301
349.44635,141,1426.452517
326.82935,214,1426.498817
332.84497,241,1426.515564
309.0742,168,1426.530609
297.64227,180,1426.542673
347.60864,155,1426.549695
302.78973,210,1426.571116
297.671,193,1426.594227
335.05176,198,1426.618652
336.27203,170,1426.621389
340.36758,280,1426.630754
304.02643,660,1426.652322
321.34048,224,1430.567115
313.9638,208,1430.572372
303.19522,160,1430.604363
302.86774,225,1430.6085
280.36517,194,1430.618738
348.5412,195,1430.635941
348.80426,186,1430.648741
314.97275,186,1430.655077
333.25696,208,1430.704628
327.15662,171,1430.711451
326.19366,170,1430.719119
358.31738,189,1430.731364
308.62213,166,1430.735064
306.5875,141,1430.744379
277.7984,244,1430.770878
362.3957,137,1430.773535
326.18817,163,1430.811776
282.40845,154,1430.844656
345.8014,175,1430.851972
53.464127,213,1430.881562
291.85632,219,1430.919833
328.50586,155,1430.922456
338.07263,169,1430.942461
287.77698,191,1430.946386
321.5674,198,1430.948994
276.1618,213,1430.98056
299.5683,203,1430.994198
299.9732,179,1430.995758
304.6286,158,1431.006989
162.95166,1000,1431.011194
287.0413,195,1431.015022
282.3348,160,1431.054041
338.7066,154,1431.07568
307.4148,148,1431.107947
93.3375,1000,1431.134463
311.08118,161,1431.146564
331.17508,209,1431.180736
310.0586,157,1431.191169
354.69812,171,1431.194932
303.10144,290,1431.206455
360.3165,141,1431.228689
277.82306,180,1431.236394
305.22076,186,1431.240262
295.93463,235,1431.241826
310.50195,146,1431.258013
344.60144,136,1431.313954
305.03656,261,1431.322391
297.87347,205,1431.388802
320.55225,238,1431.404313
324.91632,178,1431.414392
351.21118,149,1431.414433
342.41226,176,1431.415888
333.02112,322,1431.417411
336.13992,202,1431.433479
322.63425,167,1431.447465
313.13,194,1431.45301
300.04352,173,1431.459363
301.4781,227,1431.526101
360.84802,174,1431.533303
312.492,190,1431.563164
299.9679,262,1431.587462
323.7307,150,1431.594827
291.12265,170,1431.629622
318.49353,209,1431.653027
300.25552,189,1431.653085
339.41046,195,1431.665078
291.5852,218,1431.708338
349.3023,212,1431.712311
344.0462,159,1431.726955
317.816,262,1431.781228
317.75558,156,1431.784008
337.45618,169,1431.805773
289.6408,220,1431.810089
296.2193,205,1435.670022
137.42897,1000,1435.675049
314.70984,163,1435.685571
289.12244,160,1435.715658
315.7777,333,1435.726531
323.50128,160,1435.7597
325.06885,205,1435.761225
346.2221,250,1435.817047
298.77875,163,1435.838984
309.61786,209,1435.840582
286.79474,158,1435.874774
293.0905,250,1435.87888
343.44632,156,1435.882628
279.78836,198,1435.910892
323.39087,208,1435.919908
-14.646889,154,1435.921447
304.05945,214,1435.942573
311.90833,199,1435.967383
334.4233,275,1435.978681
300.36606,182,1435.99039
314.67432,206,1436.01975
351.61255,163,1436.044062
140.4405,1000,1436.056011
326.37708,177,1436.061788
341.22443,157,1436.072752
318.39243,177,1436.103179
274.2621,192,1436.117253
303.4038,160,1436.120076
306.12274,250,1436.131025
326.18335,189,1436.145321
328.72113,158,1436.173781
317.9799,206,1436.176643
347.55005,151,1436.178375
335.36725,174,1436.183517
333.62057,139,1436.231441
288.99365,240,1436.23765
311.60062,198,1436.268532
317.93954,144,1436.284465
337.60092,165,1436.327157
312.3102,171,1436.332546
319.33896,242,1436.347939
337.36707,177,1436.37068
319.12152,243,1436.376937
289.80585,176,1436.397176
292.57837,190,1436.418051
339.41724,142,1436.422786
352.03668,193,1436.42431
294.4165,241,1436.438779
349.7345,215,1436.458327
349.7527,185,1436.47172
351.7343,164,1436.495894
330.57776,176,1436.495941
296.6592,136,1436.526622
81.900375,1000,1436.532046
309.76752,144,1436.563309
329.2898,201,1436.593171
339.13263,157,1436.620545
326.20178,231,1436.626255
299.93967,161,1436.6303
315.21292,148,1436.647961
302.45135,162,1436.678053
331.40866,248,1436.688133
57.284622,140,1436.707787
302.52002,156,1436.722613
307.45636,180,1436.724536
287.61234,230,1436.732564
342.5124,207,1436.75767
332.0442,148,1436.808394
334.75906,156,1436.823546
318.7339,199,1436.843613
322.57355,224,1436.84626
335.21564,153,1436.879983
314.47946,165,1436.885282
316.98828,156,1436.901536
279.97137,221,1436.905354
326.85147,164,1436.929188
313.6825,162,1436.934403
330.17664,200,1441.040276
326.26678,148,1441.065597
343.82422,190,1441.070236
352.56583,150,1441.108262
296.216,173,1441.142058
332.80832,140,1441.163243
324.2425,188,1441.218351
333.46854,265,1441.232596
-194.2042,406,1441.235344
298.984,225,1441.246105
350.7502,159,1441.251652
299.96378,201,1441.259847
250.04037,241,1441.263099
309.04514,184,1441.302274
293.21985,184,1441.338098
299.7823,171,1441.354106
175.19745,1000,1441.397523
355.18338,140,1441.408506
291.54388,160,1441.418032
372.16528,139,1441.420862
339.9472,139,1441.43566
344.4683,160,1441.452267
313.46048,302,1441.454243
330.80994,183,1441.465424
320.61694,158,1441.501783
325.04803,192,1441.504399
298.34766,162,1441.54288
320.14282,157,1441.552261
289.80475,156,1441.59341
363.63577,153,1441.610893
260.53427,496,1441.634888
318.79855,161,1441.636439
322.77698,191,1441.660522
318.43445,214,1441.67571
301.6673,148,1441.68454
295.2338,198,1441.701203
293.80267,210,1441.717678
323.82367,143,1441.732996
93.17708,1000,1441.738457
155.9912,1000,1441.763133
339.5492,187,1441.77887
310.3723,221,1441.780683
332.44238,264,1441.797447
337.92548,148,1441.823823
350.9519,179,1441.836822
306.33856,187,1441.871219
331.4503,150,1441.873874
304.50977,165,1441.884382
316.5741,188,1441.896408
303.82916,262,1441.92236
325.93344,200,1441.980986
303.6062,226,1441.982613
327.20828,159,1441.993758
356.1683,174,1441.995352
322.79727,239,1442.034409
304.89914,145,1442.052261
342.88177,235,1442.053834
329.6786,222,1442.094744
280.0119,274,1442.117363
308.0437,198,1442.12582
290.9329,215,1442.136575
313.36368,200,1442.166437
344.14133,157,1442.185335
325.94324,239,1442.189483
269.65607,196,1442.223608
333.9469,199,1442.281816
309.16763,239,1442.292157
330.5506,279,1446.200975
295.6357,223,1446.202578
21.126526,156,1446.234276
294.59796,215,1446.23601
182.49612,1000,1446.282678
351.40305,182,1446.287555
318.2979,217,1446.334724
313.9879,204,1446.351135
327.74094,143,1446.380368
346.88583,177,1446.384127
292.5376,310,1446.389053
309.91705,142,1446.415303
49.002766,111,1446.428749
323.63904,191,1446.44266
271.53558,204,1446.539554
319.51984,144,1446.562616
296.24353,201,1446.602085
316.531,180,1446.611572
304.48816,237,1446.632277
352.6006,205,1446.644513
357.9649,198,1446.662198
326.66614,199,1446.688744
306.66907,212,1446.691443
314.52527,143,1446.739554
321.201,199,1446.782936
342.57214,162,1446.802627
342.18304,146,1446.811702
51.16736,1000,1446.834444
319.89832,166,1446.849108
304.94727,162,1446.86096
333.50876,155,1446.878994
330.8977,225,1446.887695
313.25122,168,1446.89791
173.03282,1000,1446.952183
322.2163,151,1446.973175
334.3748,159,1447.009337
331.58594,220,1447.012303
329.19336,188,1447.037891
353.17535,142,1447.039429
318.25055,139,1447.056587
315.38385,194,1447.093974
351.50385,214,1447.104269
353.18463,179,1447.115665
324.91827,213,1447.167942
171.03607,1000,1447.175794
70.0789,204,1447.207992
298.62885,147,1447.22456
314.01935,149,1447.226148
43.04651,1000,1447.241395
328.00558,216,1447.2456
341.21228,160,1447.256185
166.69612,1000,1447.259196
300.51373,200,1447.26818
315.39508,210,1447.356194
272.25046,214,1447.370743
292.39618,209,1447.377884
88.261795,1000,1447.403732
-351.48294,946,1447.418168
292.61435,347,1447.445605
335.91992,229,1447.453596
332.77353,199,1447.45758
323.81335,231,1447.464003
321.88275,167,1447.468009
264.6923,206,1451.387733
304.1408,200,1451.398357
320.3137,204,1451.416241
317.0359,236,1451.425771
342.27322,150,1451.448822
308.77618,245,1451.452607
349.9497,239,1451.469117
335.35455,206,1451.533031
326.1194,209,1451.542172
318.89774,188,1451.543653
348.43158,193,1451.563029
348.4707,173,1451.604386
305.3493,194,1451.604434
329.4727,175,1451.617412
262.4865,203,1451.621816
310.28235,209,1451.634654
335.27197,140,1451.644391
302.4346,160,1451.649379
301.44632,188,1451.661556
347.8409,211,1451.68054
328.7309,147,1451.745658
311.59882,315,1451.7737
349.22137,155,1451.77879
285.7202,245,1451.780191
285.20215,150,1451.813967
318.24243,222,1451.832256
287.20618,162,1451.844096
323.50552,164,1451.849978
347.41602,184,1451.857079
348.69763,178,1451.877
313.8678,166,1451.877043
298.81363,146,1451.882885
312.69766,169,1451.891374
327.94482,231,1451.949387
293.25888,175,1451.964242
331.03397,330,1451.973502
341.91687,221,1452.048407
354.4901,177,1452.055618
339.4604,161,1452.072548
339.64496,181,1452.076372
336.14468,223,1452.085838
313.48572,173,1452.093017
327.2906,263,1452.096024
327.80432,185,1452.102287
287.15552,186,1452.119985
319.59656,271,1452.168372
281.05463,182,1452.18039
317.61224,266,1452.180434
324.80817,330,1452.191568
288.10535,189,1452.207772
328.88943,177,1452.29114
287.39276,249,1452.294344
287.27252,175,1452.304874
305.92416,183,1452.319322
334.31256,175,1452.326932
298.50513,158,1452.330789
327.6906,180,1452.335629
309.15295,151,1452.399291
311.98227,296,1452.432826
321.69183,197,1452.434449
298.96863,202,1452.450619
322.74066,127,1452.475871
355.35654,146,1452.475904
299.93878,303,1452.477395
331.5583,243,1452.490266
335.21198,178,1452.512722
336.87518,145,1452.514168
349.24805,152,1452.517955
306.89362,283,1452.530325
294.42566,165,1452.530362
345.2932,214,1452.567113
187.02768,973,1452.588709
336.6214,185,1452.624633
300.64612,146,1452.65293
323.19708,151,1452.661193
303.59393,204,1456.545563
345.78214,217,1456.561166
302.68427,214,1456.575245
306.7019,150,1456.576855
294.8681,203,1456.58827
306.19672,196,1456.594676
307.1019,191,1456.610882
323.33356,193,1456.618424
327.7032,170,1456.641447
56.233116,157,1456.649097
339.12573,209,1456.652666
297.21753,243,1456.677747
337.37598,143,1456.7036
312.1836,223,1456.768555
324.0265,234,1456.813477
329.32922,173,1456.815154
321.86713,213,1456.818096
350.14862,191,1456.819876
323.01404,197,1456.839288
337.1098,230,1456.868267
354.96652,142,1456.886672
295.71082,202,1456.909415
307.71317,183,1456.912077
316.95953,226,1456.929906
314.28946,257,1456.94391
335.96704,154,1456.964197
321.75848,294,1456.984397
279.96307,334,1456.986139
311.42822,141,1456.993572
344.8,164,1457.022782
92.95964,115,1457.028697
326.41827,137,1457.039039
333.90222,179,1457.06116
325.10602,218,1457.091569
106.26169,92,1457.098254
361.72754,139,1457.103409
298.396,283,1457.16488
310.66394,219,1457.178461
296.5999,206,1457.201301
294.63773,196,1457.208895
130.81375,1000,1457.227986
285.4516,258,1457.23353
309.31287,168,1457.239517
355.31647,153,1457.25374
321.22574,189,1457.258826
327.49335,138,1457.275844
316.64398,199,1457.34553
330.69165,161,1457.381558
286.7589,315,1457.384616
331.22247,240,1457.390974
313.14203,139,1457.412645
297.4215,166,1457.418975
339.25046,165,1457.436249
294.16312,224,1457.450171
297.2671,187,1457.467519
324.57208,181,1457.481745
307.1146,182,1457.487967
329.28577,177,1457.497833
319.32895,265,1457.533648
333.42758,163,1457.593485
349.66492,155,1457.604559
306.47754,177,1457.604603
340.78278,232,1457.635559
341.85223,188,1457.651042
320.7688,167,1457.656187
334.00616,225,1457.663539
294.5641,165,1457.671935
311.55194,195,1457.677012
297.82272,165,1457.685607
289.4018,167,1457.694114
323.6377,174,1457.71236
308.4776,161,1457.731207
305.84653,612,1457.747678
326.53192,162,1457.795139
351.42712,165,1457.810085
331.12292,170,1457.815959
328.57507,131,1457.817621
303.84695,186,1461.743125
309.54855,172,1461.760342
297.34894,163,1461.763026
44.351048,1000,1461.778955
338.6773,206,1461.796254
285.1704,223,1461.804564
292.47913,152,1461.812922
284.1622,192,1461.827566
278.164,212,1461.833781
72.98218,185,1461.838987
334.1944,235,1461.845186
284.9682,156,1461.882059
288.9475,196,1461.916264
269.5866,195,1461.935815
337.3153,216,1461.962789
322.74393,130,1461.97422
28.347916,125,1461.990718
304.49194,194,1462.005722
318.5787,183,1462.008606
308.39526,213,1462.011676
307.84387,202,1462.020304
293.9101,150,1462.030496
319.02533,163,1462.035571
283.8493,195,1462.043866
345.3872,158,1462.04789
326.10205,253,1462.125923
323.05048,151,1462.158513
281.99426,194,1462.165045
331.38794,223,1462.166837
151.09479,1000,1462.171365
335.16653,160,1462.213587
351.79547,144,1462.222795
330.67612,161,1462.258139
327.19144,208,1462.266199
291.16888,252,1462.267725
295.80402,197,1462.272109
325.42853,186,1462.275976
336.14023,207,1462.282234
321.24112,211,1462.297546
286.0611,207,1462.315744
283.82346,152,1462.372729
335.56824,183,1462.40493
344.4599,155,1462.42263
302.71176,191,1462.422684
330.13153,167,1462.449172
285.59753,170,1462.483944
293.58148,269,1462.483996
307.70627,143,1462.486593
326.74796,168,1462.493966
328.9516,185,1462.523517
289.62476,269,1462.5272
283.2729,198,1462.53319
343.1485,151,1462.565675
275.4449,201,1462.57533
296.48804,240,1462.578699
320.65027,144,1462.603948
313.41428,170,1462.619163
290.02405,167,1462.632328
310.75507,167,1462.696112
335.31705,167,1462.699248
336.55112,170,1462.709398
328.10748,219,1462.725477
358.02567,168,1462.747261
317.30673,177,1462.754249
294.55695,150,1462.759284
34.137253,150,1462.772991
338.84003,197,1462.777538
299.87222,232,1462.781497
334.00116,139,1462.787131
338.49463,176,1462.803686
337.03116,160,1462.839441
338.7331,233,1462.917906
326.72668,185,1462.94134
321.2051,153,1462.965405
286.73975,214,1462.966857
335.98096,226,1462.980348
330.8426,168,1462.994658
338.10077,216,1462.997881
302.0025,194,1463.002923
339.6166,186,1463.005616
297.17374,200,1466.904651
318.40244,228,1466.909964
326.67438,233,1466.96516
295.55713,208,1466.971627
290.59634,156,1467.006426
341.90186,151,1467.027473
314.7448,197,1467.034701
309.73785,139,1467.041191
289.35703,156,1467.065657
306.4402,180,1467.086128
297.36462,202,1467.086162
289.73584,175,1467.08999
348.60693,202,1467.099441
114.92117,1000,1467.125118
284.2095,226,1467.175242
295.9865,230,1467.184512
355.30408,143,1467.20485
336.23734,162,1467.221226
313.2271,213,1467.265057
285.7416,248,1467.265102
306.54626,251,1467.275594
302.4262,201,1467.283906
329.13287,161,1467.286754
300.23654,162,1467.297544
322.1084,191,1467.297574
323.0487,208,1467.339234
175.50009,1000,1467.391779
351.01,166,1467.408046
293.2063,157,1467.413081
347.40765,200,1467.429087
266.009,257,1467.436728
352.28003,155,1467.455824
308.5849,232,1467.461115
314.67035,151,1467.461147
328.68692,172,1467.494134
348.52435,173,1467.497967
314.73566,202,1467.511634
310.25763,164,1467.540011
321.8332,200,1467.541728
317.59933,166,1467.595669
283.58026,255,1467.60875
306.37497,162,1467.612655
312.54858,168,1467.636546
307.11728,153,1467.642773
331.09372,198,1467.652403
319.06683,176,1467.653774
280.73193,181,1467.684235
320.0351,196,1467.70299
345.0577,178,1467.718369
293.6712,185,1467.72321
74.3718,120,1467.756988
333.53766,186,1467.770066
300.69592,158,1467.791442
324.19556,205,1467.794248
274.86154,959,1467.80703
334.41998,157,1467.808769
316.78644,256,1467.828378
326.11835,178,1467.873194
295.19955,163,1467.923219
276.0198,171,1467.928104
257.68524,238,1467.93655
338.64426,194,1467.940314
331.57956,171,1467.983011
348.74567,167,1467.999295
304.09625,296,1468.004343
315.2843,172,1468.022591
342.2298,189,1468.031016
291.05713,293,1468.049503
324.97147,236,1468.055546
311.4792,202,1468.085346
343.01654,187,1468.114445
330.12848,156,1468.140218
331.0845,269,1468.149057
309.25064,185,1472.053644
217.42941,889,1472.064056
281.9126,158,1472.082541
317.00885,145,1472.090675
294.56006,170,1472.113001
324.56836,171,1472.137441
346.43463,276,1472.151289
311.6499,293,1472.169079
317.479,181,1472.184862
322.06165,235,1472.222489
313.601,280,1472.226369
252.84135,295,1472.230015
349.25592,190,1472.255489
307.25137,170,1472.261493
347.5761,141,1472.263087
320.72687,229,1472.272763
335.6854,216,1472.281676
335.70697,188,1472.297242
280.51254,179,1472.333844
314.1989,221,1472.352651
332.6873,193,1472.376601
308.62054,187,1472.382558
321.72913,146,1472.406856
347.34998,148,1472.438471
331.3806,185,1472.450154
302.8413,164,1472.48218
296.88446,173,1472.486291
319.22498,191,1472.502068
301.0643,196,1472.507468
297.04968,276,1472.513038
302.3662,293,1472.549674
348.8803,146,1472.562103
302.4458,247,1472.603247
334.76492,194,1472.626548
326.38873,143,1472.631429
311.81375,239,1472.650995
323.4037,138,1472.654596
295.3156,175,1472.657312
270.0313,207,1472.664572
326.72437,184,1472.714179
298.40887,189,1472.734763
320.91348,167,1472.753564
330.51813,204,1472.75745
166.98999,1000,1472.77163
99.45077,126,1472.779495
288.04678,181,1472.782268
339.61005,134,1472.794147
321.66562,250,1472.821742
349.65875,183,1472.830191
345.1692,174,1472.87055
297.3098,174,1472.874237
60.485573,132,1472.939925
295.04193,232,1472.947444
350.03137,179,1472.961518
307.5064,177,1472.979845
34.297726,97,1472.992373
340.09955,186,1472.995174
278.1535,170,1472.998135
278.9917,169,1472.99967
303.1415,154,1473.025057
313.872,186,1473.032368
319.84818,270,1473.057579
307.17438,318,1473.068215
323.23782,183,1473.103446
304.5043,637,1473.129925
322.04245,137,1473.13262
331.7119,125,1473.151212
304.82782,167,1473.18767
294.2868,215,1473.209381
351.42773,160,1473.229795
336.53375,201,1473.245183
298.29077,180,1473.246832
329.12488,247,1473.257845
302.3183,250,1477.144555
350.65497,177,1477.186343
320.69128,235,1477.192596
320.01602,186,1477.200136
323.23743,237,1477.23311
308.29962,146,1477.247519
343.20383,156,1477.275237
306.40857,149,1477.277217
289.49518,190,1477.281159
331.30667,258,1477.306211
149.71669,1000,1477.313771
332.10123,191,1477.32549
293.65686,355,1477.339296
311.66934,158,1477.35312
301.6902,272,1477.378169
314.6685,173,1477.420832
332.57645,171,1477.46326
333.77545,168,1477.474627
340.3208,220,1477.483375
334.4224,158,1477.491353
290.68378,175,1477.515476
337.5184,148,1477.516935
272.29883,243,1477.52165
327.3877,204,1477.554824
308.97476,180,1477.56515
282.47375,180,1477.574796
306.6493,196,1477.6245
330.36304,250,1477.63707
314.1097,205,1477.674744
343.96072,192,1477.713078
318.06552,202,1477.71471
324.2453,183,1477.719014
31.564133,126,1477.73194
317.54727,205,1477.769561
318.78226,176,1477.772268
336.0947,214,1477.786642
330.62802,251,1477.797449
302.50958,236,1477.808604
320.82773,160,1477.834756
318.59564,177,1477.844555
267.0863,246,1477.868642
334.0315,151,1477.914672
6.428229,1000,1477.91977
297.95206,164,1477.919807
351.72845,185,1477.941813
364.56342,143,1477.948615
35.026634,145,1477.974786
336.29462,239,1478.008338
341.17334,210,1478.027175
338.6518,200,1478.030961
343.82993,178,1478.050871
321.5866,203,1478.056562
104.08032,99,1478.069798
195.04749,1000,1478.086534
334.3548,184,1478.095812
337.9342,150,1478.107538
335.1845,162,1478.122561
296.37128,176,1478.134962
303.77325,267,1478.175183
319.74298,196,1478.189307
363.87988,148,1478.195574
359.28247,145,1478.239422
353.94067,144,1478.277143
304.05487,181,1478.280952
308.56537,181,1478.314503
322.5099,229,1478.319416
330.7386,208,1478.331511
278.10687,255,1478.346581
336.0431,187,1478.368187
335.8813,199,1478.370782
306.43378,212,1478.372386
320.60394,196,1482.309927
321.39517,203,1482.314447
339.71045,175,1482.331379
287.0867,249,1482.358824
295.9914,179,1482.377795
320.03552,191,1482.388358
317.00446,163,1482.391087
347.21664,198,1482.453025
134.67033,1000,1482.477522
260.47107,230,1482.481371
308.10248,139,1482.506057
320.2917,217,1482.518737
338.95734,235,1482.541727
316.37708,189,1482.551309
333.28168,191,1482.556188
284.40347,250,1482.557674
295.7992,271,1482.56297
313.45584,159,1482.578126
289.4796,174,1482.578169
339.1593,167,1482.600037
298.35004,140,1482.630154
224.9308,879,1482.646967
314.31757,152,1482.675148
313.93878,176,1482.702508
329.83545,268,1482.731378
288.21686,170,1482.735319
289.34894,157,1482.763289
322.27957,144,1482.763376
303.23993,170,1482.768678
332.45395,215,1482.781627
301.50354,178,1482.78426
331.18787,177,1482.784294
333.71744,189,1482.819448
322.2273,153,1482.840218
311.52734,191,1482.843078
325.62225,168,1482.844646
286.60764,256,1482.867424
322.997,141,1482.882526
110.62735,86,1482.892823
319.03717,172,1482.894209
315.2581,163,1482.963476
106.83314,83,1482.982291
338.1753,176,1483.000741
267.82068,179,1483.002313
344.62082,219,1483.005364
324.54602,223,1483.01388
284.6344,205,1483.017756
311.96594,174,1483.033759
354.87134,155,1483.035241
334.7953,166,1483.046985
342.80743,247,1483.074931
273.7536,191,1483.077873
314.24796,162,1483.095704
322.70996,164,1483.097672
177.84842,1000,1483.107527
313.21002,228,1483.154664
293.9071,184,1483.20159
315.60773,169,1483.219813
290.71597,163,1483.228643
292.80798,177,1483.234639
353.80768,166,1483.250157
323.26944,143,1483.26425
311.34277,206,1483.30209
314.6995,168,1483.310474
313.60962,242,1483.313076
329.60303,266,1483.322764
333.2755,197,1483.329979
302.94122,188,1483.337823
299.26685,203,1483.365463
288.89236,156,1483.398405
318.11163,195,1483.401052
301.20392,285,1483.414847
318.02515,163,1483.467572
323.68057,192,1483.474336
333.07007,197,1483.475832
293.02548,188,1483.485171
319.9835,225,1483.501782
357.24164,157,1483.506701
326.36362,168,1483.525333
325.51416,157,1483.52801
303.6802,207,1483.562955
327.1431,216,1487.516158
296.8515,198,1487.521679
341.64368,142,1487.555285
336.37653,194,1487.566879
332.51035,148,1487.572512
330.64575,210,1487.572552
340.6372,214,1487.58026
315.48523,147,1487.596844
-175.10672,540,1487.608175
337.88113,173,1487.633087
342.73578,191,1487.634898
314.8235,168,1487.64561
324.4765,143,1487.649442
343.29715,226,1487.665903
326.60803,203,1487.686642
331.328,153,1487.754052
306.0249,153,1487.766484
325.4375,170,1487.806625
324.6027,229,1487.80668
291.13403,245,1487.822166
315.17758,206,1487.827203
330.79706,180,1487.830925
325.5629,244,1487.857865
306.56006,187,1487.876404
291.02917,155,1487.878179
314.88074,252,1487.883186
333.52234,177,1487.885693
314.26807,217,1487.902492
326.15985,211,1487.911922
328.37836,232,1487.922625
335.7181,173,1487.981627
-251.99078,85,1487.990628
309.1844,168,1488.017897
326.6385,155,1488.027095
283.73206,166,1488.032367
309.8289,185,1488.041338
311.41415,165,1488.068615
318.34018,168,1488.096859
348.05072,156,1488.110105
333.649,227,1488.122422
321.14563,183,1488.125057
326.6562,302,1488.144986
354.05005,172,1488.149913
342.18506,185,1488.15508
283.83978,254,1488.203986
78.67232,140,1488.212973
318.81082,184,1488.233743
338.1933,152,1488.239223
337.83038,216,1488.265421
309.68878,212,1488.300428
285.89194,183,1488.305583
345.25446,238,1488.328264
299.36615,165,1488.33104
343.3543,168,1488.357734
334.12317,190,1488.365034
321.77338,221,1488.380361
347.753,180,1488.383177
297.04996,270,1488.446778
319.57507,240,1488.449489
310.756,173,1488.456372
44.87858,114,1488.470794
337.56085,213,1488.473603
200.84265,1000,1488.493069
315.92712,163,1488.508573
355.30823,146,1488.534877
307.84125,193,1488.541717
316.44458,249,1488.545423
332.35126,265,1488.546912
342.4803,263,1488.592278
329.65668,195,1488.619251
320.9823,242,1488.624184
311.27594,154,1488.637251
299.88574,177,1488.663423
299.60278,178,1488.685827
299.53232,195,1488.691977
320.407,260,1488.695006
329.9823,150,1488.721279
311.90817,304,1488.734144
318.6762,202,1488.738121
292.18085,204,1488.756255
315.1429,178,1488.763848
294.9207,211,1492.616657
326.2202,166,1492.618135
298.81442,163,1492.642112
325.69724,149,1492.643666
321.02124,227,1492.6453
324.9743,136,1492.653914
279.0505,308,1492.673595
347.21368,193,1492.684432
288.10736,163,1492.762902
304.85565,208,1492.773774
281.7135,182,1492.78358
317.7331,230,1492.794591
321.10992,133,1492.807765
341.77304,185,1492.817024
308.15753,222,1492.823294
315.3095,204,1492.837306
307.45343,180,1492.844686
306.91742,165,1492.851805
315.55267,205,1492.873834
293.8421,313,1492.907897
322.0556,183,1492.912748
334.16275,217,1492.925764
315.63336,134,1492.943604
317.17902,160,1492.983977
262.33337,249,1492.984034
309.85986,177,1493.035512
318.66876,159,1493.046798
325.03873,144,1493.050808
297.73352,186,1493.072107
281.74133,205,1493.075868
357.9123,148,1493.105949
329.7981,162,1493.107597
315.75473,242,1493.107625
304.94238,162,1493.112392
319.15225,165,1493.144175
294.82068,310,1493.14794
263.34647,190,1493.212627
308.093,170,1493.238589
350.1886,164,1493.242501
289.87592,173,1493.315239
314.7687,180,1493.32329
275.52032,287,1493.331955
345.04413,190,1493.341004
318.43835,202,1493.351107
306.1552,243,1493.367918
286.2421,255,1493.386975
326.09412,223,1493.420523
-225.19926,629,1493.420574
308.04816,179,1493.460984
270.9167,279,1493.486174
333.46304,227,1493.494368
304.57776,166,1493.520838
303.08762,154,1493.522338
308.0329,151,1493.551594
324.40747,165,1493.554367
307.03256,265,1493.569469
286.4261,206,1493.57859
327.77838,138,1493.589169
110.95733,126,1493.637807
334.7079,225,1493.660379
345.32693,187,1493.690371
303.7081,286,1493.694133
323.4942,145,1493.732436
339.27527,175,1493.737736
330.62848,203,1493.743624
341.6867,192,1493.758791
300.77805,156,1493.770183
332.20602,171,1493.781126
300.9284,188,1493.822394
309.79495,224,1493.833733
287.56512,180,1493.861962
306.74493,363,1493.866891
300.77045,171,1493.874781
300.64862,180,1497.792655
264.9892,712,1497.803344
330.18988,159,1497.819267
312.5635,207,1497.829967
328.1778,195,1497.859365
316.10364,203,1497.864438
332.99194,136,1497.870557
343.5349,207,1497.895415
136.92348,1000,1497.906751
327.095,161,1497.911987
95.266045,1000,1497.949263
310.57477,266,1497.984391
343.576,156,1497.992006
352.72833,192,1497.996836
304.67645,198,1497.996873
335.25623,164,1498.011767
267.263,223,1498.022981
266.11163,193,1498.078931
342.1292,210,1498.08964
54.195473,111,1498.092397
342.83685,182,1498.093841
313.46985,178,1498.093869
310.36005,154,1498.096632
342.88797,170,1498.131141
316.3687,195,1498.156023
305.2015,232,1498.167228
335.7805,175,1498.216414
280.11902,175,1498.235379
296.28052,191,1498.240878
335.9858,191,1498.240914
295.1079,179,1498.251463
308.378,148,1498.281641
275.4065,236,1498.287758
320.91864,178,1498.316036
294.10895,178,1498.320307
329.5956,189,1498.334867
286.67194,206,1498.344397
325.03162,185,1498.371817
291.93298,173,1498.385861
340.06647,169,1498.389788
326.83844,236,1498.403626
316.84705,182,1498.474684
339.5866,190,1498.496501
320.66608,143,1498.514969
286.64697,216,1498.517858
355.15436,140,1498.520688
313.83405,198,1498.533777
307.86765,261,1498.547497
301.05884,187,1498.552257
-223.55807,709,1498.559607
318.57727,193,1498.564002
321.97308,265,1498.572365
354.265,179,1498.609555
298.37723,194,1498.625664
320.5414,209,1498.632764
331.94995,297,1498.660774
275.0904,245,1498.701765
341.64496,160,1498.719107
344.46313,167,1498.763793
312.1093,207,1498.774731
339.29358,185,1498.780925
350.84583,173,1498.782634
311.22015,245,1498.782665
276.96497,225,1498.798792
273.23157,237,1498.831009
302.13843,221,1498.838456
354.88885,184,1498.85645
256.3102,233,1498.866436
316.42694,187,1498.867877
320.7937,215,1498.879194
335.85867,152,1498.908381
314.30698,203,1498.915082
312.24313,183,1498.93271
334.2286,137,1498.949852
349.80313,162,1498.961647
319.45386,154,1498.969624
323.5477,162,1498.97261
291.94812,180,1498.999849
306.61768,163,1499.02635
329.97906,163,1502.915109
352.80142,148,1502.919989
341.14474,212,1502.920015
292.84692,183,1502.950731
315.488,147,1502.9748
324.9489,207,1502.980774
318.10074,236,1502.98917
334.69824,152,1503.021847
321.29324,216,1503.034635
279.18317,176,1503.04811
319.15552,196,1503.052185
315.1931,203,1503.073819
48.49893,266,1503.105415
318.31024,157,1503.117152
341.2417,168,1503.130203
342.20563,178,1503.137877
307.74234,244,1503.164491
303.38916,226,1503.170757
328.37582,185,1503.209629
311.85718,184,1503.217376
312.07217,153,1503.239373
352.95428,178,1503.243351
363.8839,158,1503.249529
322.5808,158,1503.271196
112.42496,87,1503.273937
295.30264,194,1503.277723
325.58823,151,1503.304181
317.91412,151,1503.317271
317.91333,159,1503.335473
63.938618,86,1503.378589
46.957077,857,1503.420067
332.8155,256,1503.421573
323.9967,196,1503.452521
321.41132,232,1503.459901
318.87628,196,1503.461965
314.6989,170,1503.462043
319.68268,192,1503.483748
320.64984,204,1503.495289
322.56903,206,1503.531079
316.83304,156,1503.53306
314.19873,222,1503.598965
302.95685,195,1503.626922
293.5205,300,1503.655236
352.2738,159,1503.664865
297.98203,147,1503.670821
307.2566,221,1503.701238
310.1533,177,1503.752882
296.3124,206,1503.755465
331.71725,241,1503.759772
312.60272,238,1503.764059
286.48425,259,1503.78859
290.50586,152,1503.854434
329.89105,157,1503.895893
303.95694,250,1503.908249
264.042,218,1503.926072
314.9165,258,1503.947146
340.22125,156,1503.950891
306.70966,169,1503.971751
318.58105,223,1504.029772
310.54605,210,1504.046992
300.66806,245,1504.05776
329.9378,195,1504.095262
204.9088,920,1504.100254
334.0105,169,1504.160994
288.76013,204,1504.179928
318.08014,260,1508.141387
144.54156,1000,1508.144382
314.44,152,1508.15998
308.968,171,1508.165177
312.77155,218,1508.16669
344.92886,176,1508.199777
-292.02438,339,1508.253542
156.23965,826,1508.259837
341.60367,154,1508.27813
321.83298,158,1508.29893
80.79831,109,1508.301669
296.41193,235,1508.314498
320.15857,157,1508.340773
354.38837,153,1508.390507
292.18442,199,1508.409857
323.12823,228,1508.440815
314.2299,264,1508.469568
320.22916,162,1508.502844
298.53387,177,1508.536602
313.26294,241,1508.55699
284.77567,176,1508.563477
27.325377,1000,1508.598006
272.42078,253,1508.617928
348.29474,173,1508.631703
274.45056,321,1508.661647
19.341558,1000,1508.703949
326.28973,200,1508.723566
306.49088,225,1508.727775
297.34772,165,1508.744733
288.73254,587,1508.752073
318.77368,167,1508.772157
360.96265,146,1508.780404
297.98944,358,1508.8386
114.47969,1000,1508.838653
353.21753,181,1508.841328
340.04526,150,1508.846246
276.89334,278,1508.851274
308.50854,193,1508.86972
305.02173,261,1508.881896
327.5419,179,1508.966358
303.57895,222,1508.97908
309.46252,198,1508.998628
338.24384,199,1509.019365
317.23895,247,1509.034841
357.13586,147,1509.036358
311.7189,255,1509.041975
317.22412,214,1509.046856
306.59436,168,1509.057402
294.19772,187,1509.074053
303.94675,190,1509.080971
336.76532,199,1509.089262
164.79951,1000,1509.122437
344.77158,166,1509.175961
285.19843,165,1509.186671
294.47076,151,1509.188977
325.93933,164,1509.252553
332.0918,184,1509.255195
335.88513,141,1509.271343
332.4214,153,1509.278101
316.2998,198,1509.289849
271.2528,193,1509.293955
297.80884,177,1509.302154
328.9773,194,1509.30707
-110.40663,848,1509.350549
297.43933,181,1509.360368
323.61624,397,1509.396371
351.08435,168,1513.341078
309.41183,296,1513.348993
286.261,211,1513.382665
342.3939,226,1513.410402
318.68542,151,1513.425723
295.40625,188,1513.42577
337.4448,122,1513.431976
354.54816,162,1513.445111
329.21005,199,1513.456394
305.14227,188,1513.46622
310.51776,241,1513.490548
325.17325,214,1513.494313
329.61493,231,1513.502722
359.30066,184,1513.518621
294.36963,184,1513.56617
298.5791,203,1513.570741
350.06195,157,1513.621843
293.5976,194,1513.623447
309.7887,197,1513.655865
319.9574,178,1513.686683
294.2317,189,1513.692055
318.87756,218,1513.717623
312.06824,184,1513.720434
347.45483,176,1513.72302
331.95206,165,1513.725879
301.5813,192,1513.735336
332.4225,146,1513.756613
309.81952,281,1513.782641
107.29768,140,1513.798951
326.1988,206,1513.828507
342.12878,182,1513.851268
311.3576,162,1513.86206
274.0383,356,1513.873916
321.38672,153,1513.886921
312.32785,136,1513.909453
339.94562,172,1513.942218
306.97275,203,1513.976503
329.4724,238,1513.990911
40.975445,86,1513.997026
305.99683,224,1514.005673
328.07602,225,1514.014312
286.3192,200,1514.014365
351.01898,146,1514.018548
283.2259,198,1514.040036
369.2668,157,1514.064777
151.78503,1000,1514.072309
326.25067,234,1514.099133
322.46088,219,1514.132516
323.95453,159,1514.14555
321.68152,193,1514.154886
285.62085,147,1514.177999
267.7566,246,1514.187857
263.8988,191,1514.218813
325.28253,159,1514.240183
304.71417,185,1514.247374
314.59528,191,1514.258816
318.19604,219,1514.289726
284.46454,246,1514.316825
347.47937,253,1514.316886
311.6027,149,1514.319446
332.07788,197,1514.347754
328.03223,241,1514.369079
337.24057,179,1514.380018
71.51005,114,1514.384184
317.89667,174,1514.407026
342.61694,217,1514.419805
336.43744,209,1514.440771
301.398,196,1514.505285
325.64148,158,1514.518856
314.49915,168,1514.528755
311.46625,191,1514.530176
204.68756,376,1514.544039
338.92014,187,1514.58215
329.8243,223,1514.597595
295.99335,307,1514.60543
54.53323,1000,1514.609437
330.69263,202,1518.478143
305.90833,201,1518.490762
306.81232,180,1518.492396
294.78403,146,1518.545992
312.69366,265,1518.571434
327.04657,239,1518.574022
329.0891,167,1518.58537
304.64496,177,1518.608478
331.14227,179,1518.612211
339.0041,175,1518.622846
67.566345,133,1518.654705
339.88437,164,1518.667074
317.72723,183,1518.66867
303.59036,157,1518.685946
319.0583,195,1518.698261
294.5171,203,1518.72022
102.7487,88,1518.722229
310.02228,141,1518.722277
88.81583,133,1518.785636
275.15753,255,1518.795539
314.16876,171,1518.819183
360.7243,147,1518.836844
286.9302,154,1518.857434
310.10132,232,1518.862434
325.02466,159,1518.865036
323.58118,227,1518.866431
290.51282,155,1518.87739
339.21704,168,1518.925435
290.55902,186,1518.926878
310.57263,143,1518.969503
330.95535,206,1518.972107
361.0379,198,1519.02427
115.18854,91,1519.034656
306.31332,150,1519.04294
309.629,147,1519.042972
352.61127,143,1519.04918
339.12347,184,1519.059298
291.9475,198,1519.05933
334.37463,181,1519.083243
109.65448,102,1519.095021
327.1226,239,1519.146186
321.17377,184,1519.149054
319.59412,130,1519.202251
317.7129,146,1519.221185
298.4021,164,1519.226415
305.79044,416,1519.227911
284.09335,168,1519.240091
323.16675,154,1519.246988
303.59186,172,1519.260398
318.18277,170,1519.291252
306.31985,194,1519.296338
283.61972,270,1519.298973
28.830679,1000,1519.338932
337.75073,171,1519.35748
298.08014,195,1519.386323
303.04178,156,1519.394273
27.816216,147,1519.420225
38.548615,106,1519.421903
320.22604,174,1519.441145
314.54678,153,1519.447024
317.10733,185,1519.453384
318.28708,300,1519.46363
-215.46167,182,1519.473025
235.47481,752,1519.494916
41.24831,1000,1519.529039
320.50763,257,1519.536907
345.9933,161,1519.538486
312.5755,206,1519.551295
320.21988,235,1519.587271
361.68143,190,1519.594468
50.418808,174,1519.602355
354.54968,169,1519.630234
306.65228,169,1519.631762
307.26172,201,1519.642406
301.0003,182,1519.674565
294.49094,165,1519.701855
299.94467,210,1519.704621
301.7446,213,1519.736218
324.96124,228,1519.737826
307.09122,192,1523.698307
303.61694,200,1523.716209
290.85153,162,1523.7178
319.33203,154,1523.754355
352.3036,231,1523.75979
333.99496,201,1523.785739
297.32788,142,1523.811691
318.07867,249,1523.84023
303.83405,210,1523.879137
327.80072,236,1523.88098
328.9613,247,1523.882615
331.40588,187,1523.916435
311.5617,214,1523.953816
287.58716,247,1523.962823
304.45697,151,1523.968576
325.1648,184,1523.970273
290.9945,208,1524.002815
312.1113,143,1524.011431
309.56198,168,1524.021325
304.01086,218,1524.057679
57.185978,94,1524.096461
317.05975,187,1524.101328
324.45078,141,1524.109607
354.33353,172,1524.114445
336.44354,206,1524.155163
299.64893,153,1524.161939
285.5688,172,1524.179398
319.12,173,1524.195391
287.65985,246,1524.205371
303.25793,167,1524.265585
269.88763,203,1524.280783
272.45245,216,1524.2837
322.78955,169,1524.315221
306.9121,178,1524.335531
277.63647,190,1524.337427
334.29468,254,1524.340192
355.3731,149,1524.349029
350.6425,142,1524.363646
321.2364,206,1524.434498
278.49268,188,1524.443339
74.066605,140,1524.455536
279.47934,281,1524.478502
292.01837,230,1524.507233
359.32098,153,1524.518081
340.6875,153,1524.54092
335.89166,206,1524.549233
-185.37483,657,1524.567627
287.45285,178,1524.56939
275.52133,172,1524.574829
328.4426,130,1524.599116
313.49176,186,1524.607174
335.74228,258,1524.619665
343.49548,148,1524.643463
320.39966,127,1524.667031
320.76855,255,1524.667078
296.89954,155,1524.674283
144.9795,1000,1524.688583
317.01907,226,1524.727724
340.90372,136,1524.744188
292.76947,183,1524.747104
307.41302,159,1524.768766
336.15372,136,1524.770253
354.83746,166,1524.776323
52.864906,1000,1524.780245
315.8526,195,1524.794668
294.11697,147,1524.801901
322.3501,149,1524.82996
287.8216,188,1524.842005
350.39764,253,1524.859825
43.18882,102,1524.875943
305.76147,172,1524.903734
318.79858,136,1524.913098
358.63922,136,1524.944135
283.87082,225,1524.954094
321.31894,153,1524.957921
351.87543,159,1524.967567
301.71567,193,1524.969111
321.92883,246,1524.973952
305.77094,152,1524.983451
313.0324,155,1528.893857
306.01556,204,1528.928988
352.89142,168,1528.940316
289.29645,185,1528.944123
328.90076,153,1528.971019
334.5506,147,1529.004208
327.1869,210,1529.012235
342.26212,132,1529.024807
338.88153,179,1529.057577
297.67603,191,1529.083128
306.51877,242,1529.091483
289.58167,222,1529.108524
291.57928,224,1529.129982
301.77637,190,1529.134818
302.26797,239,1529.142179
311.66833,156,1529.164973
320.0976,202,1529.198507
340.3144,229,1529.228112
327.43103,172,1529.239239
281.5232,213,1529.269304
328.85373,274,1529.273319
313.87555,156,1529.285691
347.73557,148,1529.293914
293.76373,209,1529.320151
288.3192,199,1529.332234
303.5133,151,1529.354406
338.35706,186,1529.362081
288.09125,200,1529.385005
334.8031,137,1529.403039
342.92627,183,1529.431585
310.44293,237,1529.442196
297.15872,152,1529.485094
295.56458,182,1529.503251
292.9813,395,1529.507004
309.7926,149,1529.521197
358.38257,223,1529.521237
340.34366,136,1529.557327
348.33154,169,1529.568536
308.7633,207,1529.580821
296.96396,150,1529.590946
346.89896,249,1529.600815
335.73645,125,1529.641819
352.83194,178,1529.662367
321.34265,227,1529.711324
326.5165,181,1529.744643
320.05475,210,1529.768147
335.41376,204,1529.773405
324.36752,151,1529.777629
290.563,221,1529.779441
-18.565502,113,1529.78218
112.27818,1000,1529.793641
345.46793,207,1529.838948
305.6031,156,1529.85665
297.44434,213,1529.865875
154.39044,1000,1529.904132
264.56693,272,1529.90581
272.05225,297,1529.926107
317.10797,148,1529.959344
302.19867,148,1529.96434
330.4135,218,1529.9857
345.32178,164,1529.987235
323.83142,200,1529.996626
309.19086,189,1530.028626
331.99988,205,1530.033461
340.8969,231,1530.057504
314.43405,176,1530.074725
340.2412,196,1530.080979
319.0431,177,1530.085437
322.463,158,1530.10257
329.39984,188,1530.136863
310.22858,151,1530.143795
332.99548,178,1530.145331
304.51392,141,1534.085924
350.39874,164,1534.124998
288.0883,215,1534.15671
339.09268,203,1534.164819
320.7833,181,1534.17919
318.5453,172,1534.196282
30.451893,102,1534.198924
346.2791,163,1534.215121
309.28702,177,1534.222943
337.00626,171,1534.242843
324.52927,151,1534.261797
310.19257,247,1534.267143
319.6173,213,1534.273159
321.9745,135,1534.291619
340.4427,177,1534.305245
356.34998,146,1534.338438
309.33667,266,1534.392804
298.18802,177,1534.413906
320.47882,203,1534.431231
305.2935,144,1534.439777
124.6891,1000,1534.443788
323.786,237,1534.458075
314.21075,138,1534.462942
308.60315,162,1534.472395
325.3552,208,1534.478446
311.05408,229,1534.482291
319.37137,227,1534.494892
345.13495,211,1534.502542
316.62134,167,1534.513623
340.81195,205,1534.521101
140.49365,1000,1534.536891
355.87848,133,1534.597602
278.59244,221,1534.612551
314.9016,159,1534.61399
18.281086,131,1534.643372
305.3922,204,1534.649853
287.0279,161,1534.659795
312.9774,203,1534.695948
298.9671,180,1534.702041
318.7538,201,1534.719014
346.6847,154,1534.731704
350.9721,188,1534.766978
321.96014,222,1534.772278
306.42487,219,1534.788817
317.67682,270,1534.792414
343.276,162,1534.810671
348.17896,250,1534.835599
305.45905,151,1534.855977
336.55585,204,1534.876594
306.39038,208,1534.882663
311.2519,181,1534.884417
335.09674,189,1534.888294
303.71204,179,1534.928503
141.30728,82,1534.934544
368.88367,129,1534.966411
306.0271,145,1534.968107
304.4547,193,1534.97663
325.7949,212,1534.988653
333.7099,249,1535.013849
348.07642,200,1535.01587
299.77368,183,1535.015918
325.01007,233,1535.06233
311.23364,189,1535.095685
351.1944,144,1535.112722
330.8216,153,1535.128951
353.69427,220,1535.156379
330.3108,235,1535.179954
286.04822,184,1535.198493
300.28635,256,1535.203622
319.05872,187,1535.209966
352.83728,167,1535.221217
314.44278,278,1535.224219
96.53999,107,1535.227219
330.5442,218,1535.243221
348.97473,184,1535.245083
322.7693,133,1535.276306
342.27982,213,1535.280472
326.922,262,1535.315402
